solid OpenSCAD_Model
  facet normal 1 0 0
    outer loop
      vertex 50 71 23
      vertex 50 68.1 11.5
      vertex 50 71 -2.28882e-07
    endloop
  endfacet
  facet normal 1 0 0
    outer loop
      vertex 50 71 23
      vertex 50 68.0064 12.6889
      vertex 50 68.1 11.5
    endloop
  endfacet
  facet normal 1 0 0
    outer loop
      vertex 50 71 23
      vertex 50 67.728 13.8485
      vertex 50 68.0064 12.6889
    endloop
  endfacet
  facet normal 1 0 0
    outer loop
      vertex 50 71 23
      vertex 50 67.2716 14.9503
      vertex 50 67.728 13.8485
    endloop
  endfacet
  facet normal 1 0 0
    outer loop
      vertex 50 71 23
      vertex 50 66.6485 15.9672
      vertex 50 67.2716 14.9503
    endloop
  endfacet
  facet normal 1 0 0
    outer loop
      vertex 50 71 23
      vertex 50 65.874 16.874
      vertex 50 66.6485 15.9672
    endloop
  endfacet
  facet normal 1 0 0
    outer loop
      vertex 50 71 23
      vertex 50 62.508 20.24
      vertex 50 65.874 16.874
    endloop
  endfacet
  facet normal 1 0 0
    outer loop
      vertex 50 71 23
      vertex 50 58.492 20.24
      vertex 50 62.508 20.24
    endloop
  endfacet
  facet normal 1 0 0
    outer loop
      vertex 50 52.9936 12.6889
      vertex 50 18.1 11.5
      vertex 50 52.9 11.5
    endloop
  endfacet
  facet normal 1 0 0
    outer loop
      vertex 50 18.0064 12.6889
      vertex 50 52.9936 12.6889
      vertex 50 53.272 13.8485
    endloop
  endfacet
  facet normal 1 0 0
    outer loop
      vertex 50 17.728 13.8485
      vertex 50 53.272 13.8485
      vertex 50 53.7284 14.9503
    endloop
  endfacet
  facet normal 1 0 0
    outer loop
      vertex 50 17.2716 14.9503
      vertex 50 53.7284 14.9503
      vertex 50 54.3515 15.9672
    endloop
  endfacet
  facet normal 1 0 0
    outer loop
      vertex 50 16.6485 15.9672
      vertex 50 54.3515 15.9672
      vertex 50 55.126 16.874
    endloop
  endfacet
  facet normal 1 0 0
    outer loop
      vertex 50 15.874 16.874
      vertex 50 55.126 16.874
      vertex 50 58.492 20.24
    endloop
  endfacet
  facet normal 1 0 0
    outer loop
      vertex 50 12.508 20.24
      vertex 50 58.492 20.24
      vertex 50 71 23
    endloop
  endfacet
  facet normal 1 0 0
    outer loop
      vertex 50 52.9936 12.6889
      vertex 50 18.0064 12.6889
      vertex 50 18.1 11.5
    endloop
  endfacet
  facet normal 1 0 0
    outer loop
      vertex 50 53.272 13.8485
      vertex 50 17.728 13.8485
      vertex 50 18.0064 12.6889
    endloop
  endfacet
  facet normal 1 0 0
    outer loop
      vertex 50 53.7284 14.9503
      vertex 50 17.2716 14.9503
      vertex 50 17.728 13.8485
    endloop
  endfacet
  facet normal 1 0 0
    outer loop
      vertex 50 54.3515 15.9672
      vertex 50 16.6485 15.9672
      vertex 50 17.2716 14.9503
    endloop
  endfacet
  facet normal 1 0 0
    outer loop
      vertex 50 55.126 16.874
      vertex 50 15.874 16.874
      vertex 50 16.6485 15.9672
    endloop
  endfacet
  facet normal 1 0 0
    outer loop
      vertex 50 58.492 20.24
      vertex 50 12.508 20.24
      vertex 50 15.874 16.874
    endloop
  endfacet
  facet normal 1 -0 0
    outer loop
      vertex 50 0 23
      vertex 50 12.508 20.24
      vertex 50 71 23
    endloop
  endfacet
  facet normal 1 0 0
    outer loop
      vertex 50 2.99358 12.6889
      vertex 50 0 23
      vertex 50 2.90001 11.5
    endloop
  endfacet
  facet normal 1 0 0
    outer loop
      vertex 50 3.27197 13.8485
      vertex 50 0 23
      vertex 50 2.99358 12.6889
    endloop
  endfacet
  facet normal 1 0 0
    outer loop
      vertex 50 3.72836 14.9503
      vertex 50 0 23
      vertex 50 3.27197 13.8485
    endloop
  endfacet
  facet normal 1 0 0
    outer loop
      vertex 50 4.35147 15.9672
      vertex 50 0 23
      vertex 50 3.72836 14.9503
    endloop
  endfacet
  facet normal 1 0 0
    outer loop
      vertex 50 5.12599 16.874
      vertex 50 0 23
      vertex 50 4.35147 15.9672
    endloop
  endfacet
  facet normal 1 0 0
    outer loop
      vertex 50 8.49197 20.24
      vertex 50 0 23
      vertex 50 5.12599 16.874
    endloop
  endfacet
  facet normal 1 0 0
    outer loop
      vertex 50 12.508 20.24
      vertex 50 0 23
      vertex 50 8.49197 20.24
    endloop
  endfacet
  facet normal 1 -0 0
    outer loop
      vertex 50 68.0064 10.3111
      vertex 50 71 -2.28882e-07
      vertex 50 68.1 11.5
    endloop
  endfacet
  facet normal 1 -0 0
    outer loop
      vertex 50 67.728 9.15147
      vertex 50 71 -2.28882e-07
      vertex 50 68.0064 10.3111
    endloop
  endfacet
  facet normal 1 -0 0
    outer loop
      vertex 50 67.2716 8.04968
      vertex 50 71 -2.28882e-07
      vertex 50 67.728 9.15147
    endloop
  endfacet
  facet normal 1 -0 0
    outer loop
      vertex 50 66.6485 7.03284
      vertex 50 71 -2.28882e-07
      vertex 50 67.2716 8.04968
    endloop
  endfacet
  facet normal 1 -0 0
    outer loop
      vertex 50 65.874 6.12599
      vertex 50 71 -2.28882e-07
      vertex 50 66.6485 7.03284
    endloop
  endfacet
  facet normal 1 -0 0
    outer loop
      vertex 50 64.9672 5.35147
      vertex 50 71 -2.28882e-07
      vertex 50 65.874 6.12599
    endloop
  endfacet
  facet normal 1 -0 0
    outer loop
      vertex 50 63.9503 4.72836
      vertex 50 71 -2.28882e-07
      vertex 50 64.9672 5.35147
    endloop
  endfacet
  facet normal 1 -0 0
    outer loop
      vertex 50 62.8485 4.27197
      vertex 50 71 -2.28882e-07
      vertex 50 63.9503 4.72836
    endloop
  endfacet
  facet normal 1 -0 0
    outer loop
      vertex 50 61.6889 3.99358
      vertex 50 71 -2.28882e-07
      vertex 50 62.8485 4.27197
    endloop
  endfacet
  facet normal 1 -0 0
    outer loop
      vertex 50 60.5 3.90001
      vertex 50 71 -2.28882e-07
      vertex 50 61.6889 3.99358
    endloop
  endfacet
  facet normal 1 0 0
    outer loop
      vertex 50 59.3111 3.99358
      vertex 50 71 -2.28882e-07
      vertex 50 60.5 3.90001
    endloop
  endfacet
  facet normal 1 0 0
    outer loop
      vertex 50 58.1515 4.27197
      vertex 50 71 -2.28882e-07
      vertex 50 59.3111 3.99358
    endloop
  endfacet
  facet normal 1 -0 0
    outer loop
      vertex 50 18.1 11.5
      vertex 50 52.9936 10.3111
      vertex 50 52.9 11.5
    endloop
  endfacet
  facet normal 1 0 0
    outer loop
      vertex 50 18.0064 10.3111
      vertex 50 52.9936 10.3111
      vertex 50 18.1 11.5
    endloop
  endfacet
  facet normal 1 0 0
    outer loop
      vertex 50 52.9936 10.3111
      vertex 50 18.0064 10.3111
      vertex 50 53.272 9.15147
    endloop
  endfacet
  facet normal 1 0 0
    outer loop
      vertex 50 17.728 9.15147
      vertex 50 53.272 9.15147
      vertex 50 18.0064 10.3111
    endloop
  endfacet
  facet normal 1 0 0
    outer loop
      vertex 50 53.272 9.15147
      vertex 50 17.728 9.15147
      vertex 50 53.7284 8.04968
    endloop
  endfacet
  facet normal 1 0 0
    outer loop
      vertex 50 17.2716 8.04968
      vertex 50 53.7284 8.04968
      vertex 50 17.728 9.15147
    endloop
  endfacet
  facet normal 1 0 0
    outer loop
      vertex 50 53.7284 8.04968
      vertex 50 17.2716 8.04968
      vertex 50 54.3515 7.03284
    endloop
  endfacet
  facet normal 1 0 0
    outer loop
      vertex 50 16.6485 7.03284
      vertex 50 54.3515 7.03284
      vertex 50 17.2716 8.04968
    endloop
  endfacet
  facet normal 1 0 0
    outer loop
      vertex 50 54.3515 7.03284
      vertex 50 16.6485 7.03284
      vertex 50 55.126 6.12599
    endloop
  endfacet
  facet normal 1 0 0
    outer loop
      vertex 50 15.874 6.12599
      vertex 50 55.126 6.12599
      vertex 50 16.6485 7.03284
    endloop
  endfacet
  facet normal 1 0 0
    outer loop
      vertex 50 55.126 6.12599
      vertex 50 15.874 6.12599
      vertex 50 56.0328 5.35147
    endloop
  endfacet
  facet normal 1 0 0
    outer loop
      vertex 50 14.9672 5.35147
      vertex 50 56.0328 5.35147
      vertex 50 15.874 6.12599
    endloop
  endfacet
  facet normal 1 0 0
    outer loop
      vertex 50 56.0328 5.35147
      vertex 50 14.9672 5.35147
      vertex 50 57.0497 4.72836
    endloop
  endfacet
  facet normal 1 0 0
    outer loop
      vertex 50 13.9503 4.72836
      vertex 50 57.0497 4.72836
      vertex 50 14.9672 5.35147
    endloop
  endfacet
  facet normal 1 0 0
    outer loop
      vertex 50 57.0497 4.72836
      vertex 50 13.9503 4.72836
      vertex 50 58.1515 4.27197
    endloop
  endfacet
  facet normal 1 0 0
    outer loop
      vertex 50 12.8485 4.27197
      vertex 50 58.1515 4.27197
      vertex 50 13.9503 4.72836
    endloop
  endfacet
  facet normal 1 0 0
    outer loop
      vertex 50 58.1515 4.27197
      vertex 50 12.8485 4.27197
      vertex 50 71 -2.28882e-07
    endloop
  endfacet
  facet normal 1 0 0
    outer loop
      vertex 50 0 -2.28882e-07
      vertex 50 12.8485 4.27197
      vertex 50 11.6889 3.99358
    endloop
  endfacet
  facet normal 1 0 0
    outer loop
      vertex 50 0 -2.28882e-07
      vertex 50 11.6889 3.99358
      vertex 50 10.5 3.90001
    endloop
  endfacet
  facet normal 1 0 0
    outer loop
      vertex 50 0 -2.28882e-07
      vertex 50 2.90001 11.5
      vertex 50 0 23
    endloop
  endfacet
  facet normal 1 0 0
    outer loop
      vertex 50 12.8485 4.27197
      vertex 50 0 -2.28882e-07
      vertex 50 71 -2.28882e-07
    endloop
  endfacet
  facet normal 1 0 0
    outer loop
      vertex 50 9.31111 3.99358
      vertex 50 0 -2.28882e-07
      vertex 50 10.5 3.90001
    endloop
  endfacet
  facet normal 1 0 0
    outer loop
      vertex 50 8.15147 4.27197
      vertex 50 0 -2.28882e-07
      vertex 50 9.31111 3.99358
    endloop
  endfacet
  facet normal 1 0 0
    outer loop
      vertex 50 7.04968 4.72836
      vertex 50 0 -2.28882e-07
      vertex 50 8.15147 4.27197
    endloop
  endfacet
  facet normal 1 0 0
    outer loop
      vertex 50 6.03284 5.35147
      vertex 50 0 -2.28882e-07
      vertex 50 7.04968 4.72836
    endloop
  endfacet
  facet normal 1 0 0
    outer loop
      vertex 50 5.12599 6.12599
      vertex 50 0 -2.28882e-07
      vertex 50 6.03284 5.35147
    endloop
  endfacet
  facet normal 1 0 0
    outer loop
      vertex 50 4.35147 7.03284
      vertex 50 0 -2.28882e-07
      vertex 50 5.12599 6.12599
    endloop
  endfacet
  facet normal 1 0 0
    outer loop
      vertex 50 3.72836 8.04968
      vertex 50 0 -2.28882e-07
      vertex 50 4.35147 7.03284
    endloop
  endfacet
  facet normal 1 0 0
    outer loop
      vertex 50 3.27197 9.15147
      vertex 50 0 -2.28882e-07
      vertex 50 3.72836 8.04968
    endloop
  endfacet
  facet normal 1 0 0
    outer loop
      vertex 50 2.99358 10.3111
      vertex 50 0 -2.28882e-07
      vertex 50 3.27197 9.15147
    endloop
  endfacet
  facet normal 1 0 0
    outer loop
      vertex 50 2.90001 11.5
      vertex 50 0 -2.28882e-07
      vertex 50 2.99358 10.3111
    endloop
  endfacet
  facet normal 0 0 1
    outer loop
      vertex 50 71 23
      vertex 37.3 35.5 23
      vertex 50 0 23
    endloop
  endfacet
  facet normal 0 0 1
    outer loop
      vertex 50 71 23
      vertex 37.2408 36.7056 23
      vertex 37.3 35.5 23
    endloop
  endfacet
  facet normal 0 0 1
    outer loop
      vertex 50 71 23
      vertex 37.0637 37.8996 23
      vertex 37.2408 36.7056 23
    endloop
  endfacet
  facet normal 0 0 1
    outer loop
      vertex 50 71 23
      vertex 36.7704 39.0705 23
      vertex 37.0637 37.8996 23
    endloop
  endfacet
  facet normal 0 0 1
    outer loop
      vertex 50 71 23
      vertex 36.3637 40.207 23
      vertex 36.7704 39.0705 23
    endloop
  endfacet
  facet normal 0 0 1
    outer loop
      vertex 50 71 23
      vertex 35.8476 41.2982 23
      vertex 36.3637 40.207 23
    endloop
  endfacet
  facet normal 0 0 1
    outer loop
      vertex 50 71 23
      vertex 35.2271 42.3335 23
      vertex 35.8476 41.2982 23
    endloop
  endfacet
  facet normal 0 0 1
    outer loop
      vertex 50 71 23
      vertex 34.508 43.303 23
      vertex 35.2271 42.3335 23
    endloop
  endfacet
  facet normal 0 0 1
    outer loop
      vertex 50 71 23
      vertex 33.6974 44.1974 23
      vertex 34.508 43.303 23
    endloop
  endfacet
  facet normal 0 0 1
    outer loop
      vertex 50 71 23
      vertex 32.803 45.008 23
      vertex 33.6974 44.1974 23
    endloop
  endfacet
  facet normal 0 0 1
    outer loop
      vertex 50 71 23
      vertex 31.8335 45.7271 23
      vertex 32.803 45.008 23
    endloop
  endfacet
  facet normal 0 0 1
    outer loop
      vertex 50 71 23
      vertex 30.7982 46.3476 23
      vertex 31.8335 45.7271 23
    endloop
  endfacet
  facet normal 0 0 1
    outer loop
      vertex 50 71 23
      vertex 29.707 46.8637 23
      vertex 30.7982 46.3476 23
    endloop
  endfacet
  facet normal 0 0 1
    outer loop
      vertex 50 71 23
      vertex 28.5705 47.2704 23
      vertex 29.707 46.8637 23
    endloop
  endfacet
  facet normal 0 0 1
    outer loop
      vertex 50 71 23
      vertex 27.3996 47.5637 23
      vertex 28.5705 47.2704 23
    endloop
  endfacet
  facet normal 0 0 1
    outer loop
      vertex 50 71 23
      vertex 26.2056 47.7408 23
      vertex 27.3996 47.5637 23
    endloop
  endfacet
  facet normal 0 0 1
    outer loop
      vertex 50 71 23
      vertex 25 47.8 23
      vertex 26.2056 47.7408 23
    endloop
  endfacet
  facet normal -0 0 1
    outer loop
      vertex 0 71 23
      vertex 25 47.8 23
      vertex 50 71 23
    endloop
  endfacet
  facet normal 0 0 1
    outer loop
      vertex 25 47.8 23
      vertex 0 71 23
      vertex 23.7944 47.7408 23
    endloop
  endfacet
  facet normal 0 0 1
    outer loop
      vertex 23.7944 47.7408 23
      vertex 0 71 23
      vertex 22.6004 47.5637 23
    endloop
  endfacet
  facet normal 0 0 1
    outer loop
      vertex 22.6004 47.5637 23
      vertex 0 71 23
      vertex 21.4295 47.2704 23
    endloop
  endfacet
  facet normal 0 0 1
    outer loop
      vertex 21.4295 47.2704 23
      vertex 0 71 23
      vertex 20.293 46.8637 23
    endloop
  endfacet
  facet normal 0 0 1
    outer loop
      vertex 20.293 46.8637 23
      vertex 0 71 23
      vertex 19.2018 46.3476 23
    endloop
  endfacet
  facet normal 0 0 1
    outer loop
      vertex 19.2018 46.3476 23
      vertex 0 71 23
      vertex 18.1665 45.7271 23
    endloop
  endfacet
  facet normal 0 0 1
    outer loop
      vertex 18.1665 45.7271 23
      vertex 0 71 23
      vertex 17.197 45.008 23
    endloop
  endfacet
  facet normal 0 0 1
    outer loop
      vertex 0 71 23
      vertex 16.3026 44.1974 23
      vertex 17.197 45.008 23
    endloop
  endfacet
  facet normal 0 0 1
    outer loop
      vertex 0 71 23
      vertex 15.492 43.303 23
      vertex 16.3026 44.1974 23
    endloop
  endfacet
  facet normal 0 0 1
    outer loop
      vertex 0 37.5 23
      vertex 15.492 43.303 23
      vertex 0 71 23
    endloop
  endfacet
  facet normal 0 0 1
    outer loop
      vertex 15.492 43.303 23
      vertex 0 37.5 23
      vertex 14.7729 42.3335 23
    endloop
  endfacet
  facet normal 0 0 1
    outer loop
      vertex 14.7729 42.3335 23
      vertex 0 37.5 23
      vertex 14.1524 41.2982 23
    endloop
  endfacet
  facet normal 0 0 1
    outer loop
      vertex 14.1524 41.2982 23
      vertex 0 37.5 23
      vertex 13.6363 40.207 23
    endloop
  endfacet
  facet normal 0 0 1
    outer loop
      vertex 13.6363 40.207 23
      vertex 0 37.5 23
      vertex 13.2296 39.0705 23
    endloop
  endfacet
  facet normal 0 0 1
    outer loop
      vertex 13.2296 39.0705 23
      vertex 0 37.5 23
      vertex 12.9363 37.8996 23
    endloop
  endfacet
  facet normal 0 0 1
    outer loop
      vertex 12.9363 37.8996 23
      vertex 0 37.5 23
      vertex 12.8771 37.5 23
    endloop
  endfacet
  facet normal -0 0 1
    outer loop
      vertex 37.2408 34.2944 23
      vertex 50 0 23
      vertex 37.3 35.5 23
    endloop
  endfacet
  facet normal -0 0 1
    outer loop
      vertex 37.0637 33.1004 23
      vertex 50 0 23
      vertex 37.2408 34.2944 23
    endloop
  endfacet
  facet normal -0 0 1
    outer loop
      vertex 36.7704 31.9295 23
      vertex 50 0 23
      vertex 37.0637 33.1004 23
    endloop
  endfacet
  facet normal -0 0 1
    outer loop
      vertex 36.3637 30.793 23
      vertex 50 0 23
      vertex 36.7704 31.9295 23
    endloop
  endfacet
  facet normal -0 0 1
    outer loop
      vertex 35.8476 29.7018 23
      vertex 50 0 23
      vertex 36.3637 30.793 23
    endloop
  endfacet
  facet normal -0 0 1
    outer loop
      vertex 35.2271 28.6665 23
      vertex 50 0 23
      vertex 35.8476 29.7018 23
    endloop
  endfacet
  facet normal -0 0 1
    outer loop
      vertex 34.508 27.697 23
      vertex 50 0 23
      vertex 35.2271 28.6665 23
    endloop
  endfacet
  facet normal -0 0 1
    outer loop
      vertex 33.6974 26.8026 23
      vertex 50 0 23
      vertex 34.508 27.697 23
    endloop
  endfacet
  facet normal -0 0 1
    outer loop
      vertex 32.803 25.992 23
      vertex 50 0 23
      vertex 33.6974 26.8026 23
    endloop
  endfacet
  facet normal -0 0 1
    outer loop
      vertex 31.8335 25.2729 23
      vertex 50 0 23
      vertex 32.803 25.992 23
    endloop
  endfacet
  facet normal -0 0 1
    outer loop
      vertex 30.7982 24.6524 23
      vertex 50 0 23
      vertex 31.8335 25.2729 23
    endloop
  endfacet
  facet normal -0 0 1
    outer loop
      vertex 29.707 24.1363 23
      vertex 50 0 23
      vertex 30.7982 24.6524 23
    endloop
  endfacet
  facet normal -0 0 1
    outer loop
      vertex 28.5705 23.7296 23
      vertex 50 0 23
      vertex 29.707 24.1363 23
    endloop
  endfacet
  facet normal -0 0 1
    outer loop
      vertex 27.3996 23.4363 23
      vertex 50 0 23
      vertex 28.5705 23.7296 23
    endloop
  endfacet
  facet normal -0 0 1
    outer loop
      vertex 26.2056 23.2592 23
      vertex 50 0 23
      vertex 27.3996 23.4363 23
    endloop
  endfacet
  facet normal -0 0 1
    outer loop
      vertex 25 23.2 23
      vertex 50 0 23
      vertex 26.2056 23.2592 23
    endloop
  endfacet
  facet normal 0 0 1
    outer loop
      vertex 0 0 23
      vertex 25 23.2 23
      vertex 23.7944 23.2592 23
    endloop
  endfacet
  facet normal 0 0 1
    outer loop
      vertex 0 0 23
      vertex 23.7944 23.2592 23
      vertex 22.6004 23.4363 23
    endloop
  endfacet
  facet normal 0 0 1
    outer loop
      vertex 0 0 23
      vertex 22.6004 23.4363 23
      vertex 21.4295 23.7296 23
    endloop
  endfacet
  facet normal 0 0 1
    outer loop
      vertex 0 0 23
      vertex 21.4295 23.7296 23
      vertex 20.293 24.1363 23
    endloop
  endfacet
  facet normal 0 0 1
    outer loop
      vertex 0 0 23
      vertex 20.293 24.1363 23
      vertex 19.2018 24.6524 23
    endloop
  endfacet
  facet normal 0 0 1
    outer loop
      vertex 0 0 23
      vertex 19.2018 24.6524 23
      vertex 18.1665 25.2729 23
    endloop
  endfacet
  facet normal 0 0 1
    outer loop
      vertex 0 0 23
      vertex 18.1665 25.2729 23
      vertex 17.197 25.992 23
    endloop
  endfacet
  facet normal -0 0 1
    outer loop
      vertex 0 33.5 23
      vertex 12.9363 33.1004 23
      vertex 12.8771 33.5 23
    endloop
  endfacet
  facet normal 0 0 1
    outer loop
      vertex 0 33.5 23
      vertex 13.2296 31.9295 23
      vertex 12.9363 33.1004 23
    endloop
  endfacet
  facet normal 0 0 1
    outer loop
      vertex 0 33.5 23
      vertex 13.6363 30.793 23
      vertex 13.2296 31.9295 23
    endloop
  endfacet
  facet normal 0 0 1
    outer loop
      vertex 0 33.5 23
      vertex 14.1524 29.7018 23
      vertex 13.6363 30.793 23
    endloop
  endfacet
  facet normal 0 0 1
    outer loop
      vertex 0 33.5 23
      vertex 14.7729 28.6665 23
      vertex 14.1524 29.7018 23
    endloop
  endfacet
  facet normal 0 0 1
    outer loop
      vertex 0 33.5 23
      vertex 15.492 27.697 23
      vertex 14.7729 28.6665 23
    endloop
  endfacet
  facet normal 0 0 1
    outer loop
      vertex 0 0 23
      vertex 15.492 27.697 23
      vertex 0 33.5 23
    endloop
  endfacet
  facet normal 0 0 1
    outer loop
      vertex 15.492 27.697 23
      vertex 0 0 23
      vertex 16.3026 26.8026 23
    endloop
  endfacet
  facet normal 0 0 1
    outer loop
      vertex 16.3026 26.8026 23
      vertex 0 0 23
      vertex 17.197 25.992 23
    endloop
  endfacet
  facet normal 0 0 1
    outer loop
      vertex 25 23.2 23
      vertex 0 0 23
      vertex 50 0 23
    endloop
  endfacet
  facet normal 0 0 -1
    outer loop
      vertex 10.292 54.1583 -2.28882e-07
      vertex 39.708 54.1583 -2.28882e-07
      vertex 10.379 53.9481 -2.28882e-07
    endloop
  endfacet
  facet normal 0 0 -1
    outer loop
      vertex 39.708 66.8417 -2.28882e-07
      vertex 10.4321 67.2732 -2.28882e-07
      vertex 10.45 67.5 -2.28882e-07
    endloop
  endfacet
  facet normal 0 0 -1
    outer loop
      vertex 39.708 54.1583 -2.28882e-07
      vertex 10.292 54.1583 -2.28882e-07
      vertex 39.708 66.8417 -2.28882e-07
    endloop
  endfacet
  facet normal 0 0 -1
    outer loop
      vertex 39.708 66.8417 -2.28882e-07
      vertex 10.379 67.0519 -2.28882e-07
      vertex 10.4321 67.2732 -2.28882e-07
    endloop
  endfacet
  facet normal 0 0 -1
    outer loop
      vertex 10.292 66.8417 -2.28882e-07
      vertex 39.708 66.8417 -2.28882e-07
      vertex 10.292 54.1583 -2.28882e-07
    endloop
  endfacet
  facet normal 0 0 -1
    outer loop
      vertex 39.708 66.8417 -2.28882e-07
      vertex 10.292 66.8417 -2.28882e-07
      vertex 10.379 67.0519 -2.28882e-07
    endloop
  endfacet
  facet normal 0 0 -1
    outer loop
      vertex 10.1731 54.3523 -2.28882e-07
      vertex 10.292 66.8417 -2.28882e-07
      vertex 10.292 54.1583 -2.28882e-07
    endloop
  endfacet
  facet normal 0 0 -1
    outer loop
      vertex 10.1731 54.3523 -2.28882e-07
      vertex 10.1731 66.6477 -2.28882e-07
      vertex 10.292 66.8417 -2.28882e-07
    endloop
  endfacet
  facet normal 0 0 -1
    outer loop
      vertex 10.0253 54.5253 -2.28882e-07
      vertex 10.1731 66.6477 -2.28882e-07
      vertex 10.1731 54.3523 -2.28882e-07
    endloop
  endfacet
  facet normal 0 0 -1
    outer loop
      vertex 10.0253 54.5253 -2.28882e-07
      vertex 10.0253 66.4747 -2.28882e-07
      vertex 10.1731 66.6477 -2.28882e-07
    endloop
  endfacet
  facet normal 0 0 -1
    outer loop
      vertex 9.85229 54.6731 -2.28882e-07
      vertex 10.0253 66.4747 -2.28882e-07
      vertex 10.0253 54.5253 -2.28882e-07
    endloop
  endfacet
  facet normal 0 0 -1
    outer loop
      vertex 9.85229 54.6731 -2.28882e-07
      vertex 9.85229 66.3269 -2.28882e-07
      vertex 10.0253 66.4747 -2.28882e-07
    endloop
  endfacet
  facet normal 0 0 -1
    outer loop
      vertex 9.65829 54.792 -2.28882e-07
      vertex 9.85229 66.3269 -2.28882e-07
      vertex 9.85229 54.6731 -2.28882e-07
    endloop
  endfacet
  facet normal 0 0 -1
    outer loop
      vertex 9.65829 54.792 -2.28882e-07
      vertex 9.65829 66.208 -2.28882e-07
      vertex 9.85229 66.3269 -2.28882e-07
    endloop
  endfacet
  facet normal 0 0 -1
    outer loop
      vertex 9.44808 54.879 -2.28882e-07
      vertex 9.65829 66.208 -2.28882e-07
      vertex 9.65829 54.792 -2.28882e-07
    endloop
  endfacet
  facet normal 0 0 -1
    outer loop
      vertex 9.44808 54.879 -2.28882e-07
      vertex 9.44808 66.121 -2.28882e-07
      vertex 9.65829 66.208 -2.28882e-07
    endloop
  endfacet
  facet normal 0 0 -1
    outer loop
      vertex 9.22683 54.9321 -2.28882e-07
      vertex 9.44808 66.121 -2.28882e-07
      vertex 9.44808 54.879 -2.28882e-07
    endloop
  endfacet
  facet normal 0 0 -1
    outer loop
      vertex 9.22683 54.9321 -2.28882e-07
      vertex 9.22683 66.0678 -2.28882e-07
      vertex 9.44808 66.121 -2.28882e-07
    endloop
  endfacet
  facet normal 0 0 -1
    outer loop
      vertex 9 54.95 -2.28882e-07
      vertex 9.22683 66.0678 -2.28882e-07
      vertex 9.22683 54.9321 -2.28882e-07
    endloop
  endfacet
  facet normal 0 0 -1
    outer loop
      vertex 9 54.95 -2.28882e-07
      vertex 9 66.05 -2.28882e-07
      vertex 9.22683 66.0678 -2.28882e-07
    endloop
  endfacet
  facet normal 0 0 -1
    outer loop
      vertex 8.77317 54.9321 -2.28882e-07
      vertex 9 66.05 -2.28882e-07
      vertex 9 54.95 -2.28882e-07
    endloop
  endfacet
  facet normal 0 0 -1
    outer loop
      vertex 8.77317 54.9321 -2.28882e-07
      vertex 8.77317 66.0678 -2.28882e-07
      vertex 9 66.05 -2.28882e-07
    endloop
  endfacet
  facet normal 0 0 -1
    outer loop
      vertex 8.55193 54.879 -2.28882e-07
      vertex 8.77317 66.0678 -2.28882e-07
      vertex 8.77317 54.9321 -2.28882e-07
    endloop
  endfacet
  facet normal 0 0 -1
    outer loop
      vertex 8.55193 54.879 -2.28882e-07
      vertex 8.55193 66.121 -2.28882e-07
      vertex 8.77317 66.0678 -2.28882e-07
    endloop
  endfacet
  facet normal 0 0 -1
    outer loop
      vertex 8.34171 54.792 -2.28882e-07
      vertex 8.55193 66.121 -2.28882e-07
      vertex 8.55193 54.879 -2.28882e-07
    endloop
  endfacet
  facet normal 0 0 -1
    outer loop
      vertex 8.34171 54.792 -2.28882e-07
      vertex 8.34171 66.208 -2.28882e-07
      vertex 8.55193 66.121 -2.28882e-07
    endloop
  endfacet
  facet normal 0 0 -1
    outer loop
      vertex 8.14771 54.6731 -2.28882e-07
      vertex 8.34171 66.208 -2.28882e-07
      vertex 8.34171 54.792 -2.28882e-07
    endloop
  endfacet
  facet normal 0 0 -1
    outer loop
      vertex 8.14771 54.6731 -2.28882e-07
      vertex 8.14771 66.3269 -2.28882e-07
      vertex 8.34171 66.208 -2.28882e-07
    endloop
  endfacet
  facet normal 0 0 -1
    outer loop
      vertex 7.9747 54.5253 -2.28882e-07
      vertex 8.14771 66.3269 -2.28882e-07
      vertex 8.14771 54.6731 -2.28882e-07
    endloop
  endfacet
  facet normal 0 0 -1
    outer loop
      vertex 7.9747 54.5253 -2.28882e-07
      vertex 7.9747 66.4747 -2.28882e-07
      vertex 8.14771 66.3269 -2.28882e-07
    endloop
  endfacet
  facet normal 0 0 -1
    outer loop
      vertex 7.82693 54.3523 -2.28882e-07
      vertex 7.9747 66.4747 -2.28882e-07
      vertex 7.9747 54.5253 -2.28882e-07
    endloop
  endfacet
  facet normal 0 0 -1
    outer loop
      vertex 7.82693 54.3523 -2.28882e-07
      vertex 7.82693 66.6477 -2.28882e-07
      vertex 7.9747 66.4747 -2.28882e-07
    endloop
  endfacet
  facet normal 0 0 -1
    outer loop
      vertex 0 71 -2.28882e-07
      vertex 7.82693 54.3523 -2.28882e-07
      vertex 7.70804 54.1583 -2.28882e-07
    endloop
  endfacet
  facet normal 0 0 -1
    outer loop
      vertex 7.82693 54.3523 -2.28882e-07
      vertex 0 71 -2.28882e-07
      vertex 7.82693 66.6477 -2.28882e-07
    endloop
  endfacet
  facet normal 0 0 -1
    outer loop
      vertex 0 71 -2.28882e-07
      vertex 7.70804 54.1583 -2.28882e-07
      vertex 7.62097 53.9481 -2.28882e-07
    endloop
  endfacet
  facet normal 0 0 -1
    outer loop
      vertex 7.82693 66.6477 -2.28882e-07
      vertex 0 71 -2.28882e-07
      vertex 7.70804 66.8417 -2.28882e-07
    endloop
  endfacet
  facet normal 0 0 -1
    outer loop
      vertex 0 71 -2.28882e-07
      vertex 7.62097 53.9481 -2.28882e-07
      vertex 7.56785 53.7268 -2.28882e-07
    endloop
  endfacet
  facet normal 0 0 -1
    outer loop
      vertex 7.70804 66.8417 -2.28882e-07
      vertex 0 71 -2.28882e-07
      vertex 7.62097 67.0519 -2.28882e-07
    endloop
  endfacet
  facet normal 0 0 -1
    outer loop
      vertex 0 71 -2.28882e-07
      vertex 7.56785 53.7268 -2.28882e-07
      vertex 7.55 53.5 -2.28882e-07
    endloop
  endfacet
  facet normal 0 0 -1
    outer loop
      vertex 7.62097 67.0519 -2.28882e-07
      vertex 0 71 -2.28882e-07
      vertex 7.56785 67.2732 -2.28882e-07
    endloop
  endfacet
  facet normal 0 0 -1
    outer loop
      vertex 42.379 53.9481 -2.28882e-07
      vertex 50 71 -2.28882e-07
      vertex 42.4321 53.7268 -2.28882e-07
    endloop
  endfacet
  facet normal 0 0 -1
    outer loop
      vertex 50 71 -2.28882e-07
      vertex 42.4321 67.2732 -2.28882e-07
      vertex 42.45 67.5 -2.28882e-07
    endloop
  endfacet
  facet normal 0 0 -1
    outer loop
      vertex 42.292 54.1583 -2.28882e-07
      vertex 50 71 -2.28882e-07
      vertex 42.379 53.9481 -2.28882e-07
    endloop
  endfacet
  facet normal 0 0 -1
    outer loop
      vertex 50 71 -2.28882e-07
      vertex 42.379 67.0519 -2.28882e-07
      vertex 42.4321 67.2732 -2.28882e-07
    endloop
  endfacet
  facet normal 0 0 -1
    outer loop
      vertex 42.1731 54.3523 -2.28882e-07
      vertex 50 71 -2.28882e-07
      vertex 42.292 54.1583 -2.28882e-07
    endloop
  endfacet
  facet normal 0 0 -1
    outer loop
      vertex 50 71 -2.28882e-07
      vertex 42.292 66.8417 -2.28882e-07
      vertex 42.379 67.0519 -2.28882e-07
    endloop
  endfacet
  facet normal 0 0 -1
    outer loop
      vertex 42.1731 66.6477 -2.28882e-07
      vertex 50 71 -2.28882e-07
      vertex 42.1731 54.3523 -2.28882e-07
    endloop
  endfacet
  facet normal 0 0 -1
    outer loop
      vertex 50 71 -2.28882e-07
      vertex 42.1731 66.6477 -2.28882e-07
      vertex 42.292 66.8417 -2.28882e-07
    endloop
  endfacet
  facet normal 0 0 -1
    outer loop
      vertex 42.0253 54.5253 -2.28882e-07
      vertex 42.1731 66.6477 -2.28882e-07
      vertex 42.1731 54.3523 -2.28882e-07
    endloop
  endfacet
  facet normal 0 0 -1
    outer loop
      vertex 42.0253 54.5253 -2.28882e-07
      vertex 42.0253 66.4747 -2.28882e-07
      vertex 42.1731 66.6477 -2.28882e-07
    endloop
  endfacet
  facet normal 0 0 -1
    outer loop
      vertex 41.8523 54.6731 -2.28882e-07
      vertex 42.0253 66.4747 -2.28882e-07
      vertex 42.0253 54.5253 -2.28882e-07
    endloop
  endfacet
  facet normal 0 0 -1
    outer loop
      vertex 41.8523 54.6731 -2.28882e-07
      vertex 41.8523 66.3269 -2.28882e-07
      vertex 42.0253 66.4747 -2.28882e-07
    endloop
  endfacet
  facet normal 0 0 -1
    outer loop
      vertex 41.6583 54.792 -2.28882e-07
      vertex 41.8523 66.3269 -2.28882e-07
      vertex 41.8523 54.6731 -2.28882e-07
    endloop
  endfacet
  facet normal 0 0 -1
    outer loop
      vertex 41.6583 54.792 -2.28882e-07
      vertex 41.6583 66.208 -2.28882e-07
      vertex 41.8523 66.3269 -2.28882e-07
    endloop
  endfacet
  facet normal 0 0 -1
    outer loop
      vertex 41.4481 54.879 -2.28882e-07
      vertex 41.6583 66.208 -2.28882e-07
      vertex 41.6583 54.792 -2.28882e-07
    endloop
  endfacet
  facet normal 0 0 -1
    outer loop
      vertex 41.4481 54.879 -2.28882e-07
      vertex 41.4481 66.121 -2.28882e-07
      vertex 41.6583 66.208 -2.28882e-07
    endloop
  endfacet
  facet normal 0 0 -1
    outer loop
      vertex 41.2268 54.9321 -2.28882e-07
      vertex 41.4481 66.121 -2.28882e-07
      vertex 41.4481 54.879 -2.28882e-07
    endloop
  endfacet
  facet normal 0 0 -1
    outer loop
      vertex 41.2268 54.9321 -2.28882e-07
      vertex 41.2268 66.0678 -2.28882e-07
      vertex 41.4481 66.121 -2.28882e-07
    endloop
  endfacet
  facet normal 0 0 -1
    outer loop
      vertex 41 54.95 -2.28882e-07
      vertex 41.2268 66.0678 -2.28882e-07
      vertex 41.2268 54.9321 -2.28882e-07
    endloop
  endfacet
  facet normal 0 0 -1
    outer loop
      vertex 41 54.95 -2.28882e-07
      vertex 41 66.05 -2.28882e-07
      vertex 41.2268 66.0678 -2.28882e-07
    endloop
  endfacet
  facet normal 0 0 -1
    outer loop
      vertex 40.7732 54.9321 -2.28882e-07
      vertex 41 66.05 -2.28882e-07
      vertex 41 54.95 -2.28882e-07
    endloop
  endfacet
  facet normal 0 0 -1
    outer loop
      vertex 40.7732 54.9321 -2.28882e-07
      vertex 40.7732 66.0678 -2.28882e-07
      vertex 41 66.05 -2.28882e-07
    endloop
  endfacet
  facet normal 0 0 -1
    outer loop
      vertex 40.5519 54.879 -2.28882e-07
      vertex 40.7732 66.0678 -2.28882e-07
      vertex 40.7732 54.9321 -2.28882e-07
    endloop
  endfacet
  facet normal 0 0 -1
    outer loop
      vertex 40.5519 54.879 -2.28882e-07
      vertex 40.5519 66.121 -2.28882e-07
      vertex 40.7732 66.0678 -2.28882e-07
    endloop
  endfacet
  facet normal 0 0 -1
    outer loop
      vertex 40.3417 54.792 -2.28882e-07
      vertex 40.5519 66.121 -2.28882e-07
      vertex 40.5519 54.879 -2.28882e-07
    endloop
  endfacet
  facet normal 0 0 -1
    outer loop
      vertex 40.3417 54.792 -2.28882e-07
      vertex 40.3417 66.208 -2.28882e-07
      vertex 40.5519 66.121 -2.28882e-07
    endloop
  endfacet
  facet normal 0 0 -1
    outer loop
      vertex 40.1477 54.6731 -2.28882e-07
      vertex 40.3417 66.208 -2.28882e-07
      vertex 40.3417 54.792 -2.28882e-07
    endloop
  endfacet
  facet normal 0 0 -1
    outer loop
      vertex 40.1477 54.6731 -2.28882e-07
      vertex 40.1477 66.3269 -2.28882e-07
      vertex 40.3417 66.208 -2.28882e-07
    endloop
  endfacet
  facet normal 0 0 -1
    outer loop
      vertex 39.9747 54.5253 -2.28882e-07
      vertex 40.1477 66.3269 -2.28882e-07
      vertex 40.1477 54.6731 -2.28882e-07
    endloop
  endfacet
  facet normal 0 0 -1
    outer loop
      vertex 39.9747 54.5253 -2.28882e-07
      vertex 39.9747 66.4747 -2.28882e-07
      vertex 40.1477 66.3269 -2.28882e-07
    endloop
  endfacet
  facet normal 0 0 -1
    outer loop
      vertex 39.8269 54.3523 -2.28882e-07
      vertex 39.9747 66.4747 -2.28882e-07
      vertex 39.9747 54.5253 -2.28882e-07
    endloop
  endfacet
  facet normal 0 0 -1
    outer loop
      vertex 39.8269 54.3523 -2.28882e-07
      vertex 39.8269 66.6477 -2.28882e-07
      vertex 39.9747 66.4747 -2.28882e-07
    endloop
  endfacet
  facet normal 0 0 -1
    outer loop
      vertex 39.708 54.1583 -2.28882e-07
      vertex 39.8269 66.6477 -2.28882e-07
      vertex 39.8269 54.3523 -2.28882e-07
    endloop
  endfacet
  facet normal 0 0 -1
    outer loop
      vertex 39.708 54.1583 -2.28882e-07
      vertex 39.708 66.8417 -2.28882e-07
      vertex 39.8269 66.6477 -2.28882e-07
    endloop
  endfacet
  facet normal 0 0 -1
    outer loop
      vertex 39.5679 53.7268 -2.28882e-07
      vertex 10.4321 53.7268 -2.28882e-07
      vertex 39.621 53.9481 -2.28882e-07
    endloop
  endfacet
  facet normal 0 0 -1
    outer loop
      vertex 10.379 53.9481 -2.28882e-07
      vertex 39.621 53.9481 -2.28882e-07
      vertex 10.4321 53.7268 -2.28882e-07
    endloop
  endfacet
  facet normal 0 0 -1
    outer loop
      vertex 10.4321 53.7268 -2.28882e-07
      vertex 39.5679 53.7268 -2.28882e-07
      vertex 10.45 53.5 -2.28882e-07
    endloop
  endfacet
  facet normal 0 0 -1
    outer loop
      vertex 39.621 53.9481 -2.28882e-07
      vertex 10.379 53.9481 -2.28882e-07
      vertex 39.708 54.1583 -2.28882e-07
    endloop
  endfacet
  facet normal 0 0 -1
    outer loop
      vertex 10.45 53.5 -2.28882e-07
      vertex 39.5679 53.7268 -2.28882e-07
      vertex 39.55 53.5 -2.28882e-07
    endloop
  endfacet
  facet normal 0 0 -1
    outer loop
      vertex 39.708 66.8417 -2.28882e-07
      vertex 10.45 67.5 -2.28882e-07
      vertex 39.621 67.0519 -2.28882e-07
    endloop
  endfacet
  facet normal 0 0 -1
    outer loop
      vertex 42.379 53.0519 -2.28882e-07
      vertex 50 71 -2.28882e-07
      vertex 50 0 -2.28882e-07
    endloop
  endfacet
  facet normal 0 0 -1
    outer loop
      vertex 50 71 -2.28882e-07
      vertex 42.4321 53.2732 -2.28882e-07
      vertex 42.45 53.5 -2.28882e-07
    endloop
  endfacet
  facet normal 0 0 -1
    outer loop
      vertex 50 71 -2.28882e-07
      vertex 42.379 53.0519 -2.28882e-07
      vertex 42.4321 53.2732 -2.28882e-07
    endloop
  endfacet
  facet normal 0 0 -1
    outer loop
      vertex 50 0 -2.28882e-07
      vertex 42.292 52.8417 -2.28882e-07
      vertex 42.379 53.0519 -2.28882e-07
    endloop
  endfacet
  facet normal 0 0 -1
    outer loop
      vertex 50 0 -2.28882e-07
      vertex 42.1731 52.6477 -2.28882e-07
      vertex 42.292 52.8417 -2.28882e-07
    endloop
  endfacet
  facet normal 0 0 -1
    outer loop
      vertex 50 0 -2.28882e-07
      vertex 42.0253 52.4747 -2.28882e-07
      vertex 42.1731 52.6477 -2.28882e-07
    endloop
  endfacet
  facet normal 0 0 -1
    outer loop
      vertex 50 0 -2.28882e-07
      vertex 41.8523 52.3269 -2.28882e-07
      vertex 42.0253 52.4747 -2.28882e-07
    endloop
  endfacet
  facet normal 0 0 -1
    outer loop
      vertex 50 0 -2.28882e-07
      vertex 41.6583 52.208 -2.28882e-07
      vertex 41.8523 52.3269 -2.28882e-07
    endloop
  endfacet
  facet normal 0 0 -1
    outer loop
      vertex 26.7119 34.9438 -2.28882e-07
      vertex 41.6583 52.208 -2.28882e-07
      vertex 50 0 -2.28882e-07
    endloop
  endfacet
  facet normal 0 0 -1
    outer loop
      vertex 41.6583 52.208 -2.28882e-07
      vertex 26.7119 34.9438 -2.28882e-07
      vertex 41.4481 52.121 -2.28882e-07
    endloop
  endfacet
  facet normal 0 -0 -1
    outer loop
      vertex 26.7778 35.2184 -2.28882e-07
      vertex 41.4481 52.121 -2.28882e-07
      vertex 26.7119 34.9438 -2.28882e-07
    endloop
  endfacet
  facet normal 0 0 -1
    outer loop
      vertex 41.4481 52.121 -2.28882e-07
      vertex 26.7778 35.2184 -2.28882e-07
      vertex 41.2268 52.0679 -2.28882e-07
    endloop
  endfacet
  facet normal 0 -0 -1
    outer loop
      vertex 26.8 35.5 -2.28882e-07
      vertex 41.2268 52.0679 -2.28882e-07
      vertex 26.7778 35.2184 -2.28882e-07
    endloop
  endfacet
  facet normal 0 0 -1
    outer loop
      vertex 41.2268 52.0679 -2.28882e-07
      vertex 26.8 35.5 -2.28882e-07
      vertex 41 52.05 -2.28882e-07
    endloop
  endfacet
  facet normal 0 0 -1
    outer loop
      vertex 26.7778 35.7816 -2.28882e-07
      vertex 41 52.05 -2.28882e-07
      vertex 26.8 35.5 -2.28882e-07
    endloop
  endfacet
  facet normal -0 0 -1
    outer loop
      vertex 41 52.05 -2.28882e-07
      vertex 26.7778 35.7816 -2.28882e-07
      vertex 40.7732 52.0679 -2.28882e-07
    endloop
  endfacet
  facet normal 0 0 -1
    outer loop
      vertex 26.7119 36.0562 -2.28882e-07
      vertex 40.7732 52.0679 -2.28882e-07
      vertex 26.7778 35.7816 -2.28882e-07
    endloop
  endfacet
  facet normal -0 0 -1
    outer loop
      vertex 40.7732 52.0679 -2.28882e-07
      vertex 26.7119 36.0562 -2.28882e-07
      vertex 40.5519 52.121 -2.28882e-07
    endloop
  endfacet
  facet normal -0 0 -1
    outer loop
      vertex 40.5519 52.121 -2.28882e-07
      vertex 26.6038 36.3172 -2.28882e-07
      vertex 40.3417 52.208 -2.28882e-07
    endloop
  endfacet
  facet normal 0 0 -1
    outer loop
      vertex 26.4562 36.558 -2.28882e-07
      vertex 40.3417 52.208 -2.28882e-07
      vertex 26.6038 36.3172 -2.28882e-07
    endloop
  endfacet
  facet normal 0 0 -1
    outer loop
      vertex 26.058 36.9562 -2.28882e-07
      vertex 39.9747 52.4747 -2.28882e-07
      vertex 26.2728 36.7728 -2.28882e-07
    endloop
  endfacet
  facet normal -0 0 -1
    outer loop
      vertex 40.1477 52.3269 -2.28882e-07
      vertex 26.2728 36.7728 -2.28882e-07
      vertex 39.9747 52.4747 -2.28882e-07
    endloop
  endfacet
  facet normal -0 0 -1
    outer loop
      vertex 40.3417 52.208 -2.28882e-07
      vertex 26.4562 36.558 -2.28882e-07
      vertex 40.1477 52.3269 -2.28882e-07
    endloop
  endfacet
  facet normal 0 0 -1
    outer loop
      vertex 26.2728 36.7728 -2.28882e-07
      vertex 40.1477 52.3269 -2.28882e-07
      vertex 26.4562 36.558 -2.28882e-07
    endloop
  endfacet
  facet normal 0 0 -1
    outer loop
      vertex 26.6038 36.3172 -2.28882e-07
      vertex 40.5519 52.121 -2.28882e-07
      vertex 26.7119 36.0562 -2.28882e-07
    endloop
  endfacet
  facet normal 0 0 -1
    outer loop
      vertex 50 0 -2.28882e-07
      vertex 26.6038 34.6828 -2.28882e-07
      vertex 26.7119 34.9438 -2.28882e-07
    endloop
  endfacet
  facet normal 0 0 -1
    outer loop
      vertex 50 0 -2.28882e-07
      vertex 26.4562 34.442 -2.28882e-07
      vertex 26.6038 34.6828 -2.28882e-07
    endloop
  endfacet
  facet normal 0 0 -1
    outer loop
      vertex 50 0 -2.28882e-07
      vertex 26.2728 34.2272 -2.28882e-07
      vertex 26.4562 34.442 -2.28882e-07
    endloop
  endfacet
  facet normal 0 0 -1
    outer loop
      vertex 50 0 -2.28882e-07
      vertex 26.058 34.0438 -2.28882e-07
      vertex 26.2728 34.2272 -2.28882e-07
    endloop
  endfacet
  facet normal 0 0 -1
    outer loop
      vertex 50 0 -2.28882e-07
      vertex 25.8172 33.8962 -2.28882e-07
      vertex 26.058 34.0438 -2.28882e-07
    endloop
  endfacet
  facet normal 0 0 -1
    outer loop
      vertex 50 0 -2.28882e-07
      vertex 25.5562 33.7881 -2.28882e-07
      vertex 25.8172 33.8962 -2.28882e-07
    endloop
  endfacet
  facet normal 0 0 -1
    outer loop
      vertex 50 0 -2.28882e-07
      vertex 25.2816 33.7222 -2.28882e-07
      vertex 25.5562 33.7881 -2.28882e-07
    endloop
  endfacet
  facet normal 0 0 -1
    outer loop
      vertex 50 0 -2.28882e-07
      vertex 25 33.7 -2.28882e-07
      vertex 25.2816 33.7222 -2.28882e-07
    endloop
  endfacet
  facet normal 0 0 -1
    outer loop
      vertex 0 0 -2.28882e-07
      vertex 25 33.7 -2.28882e-07
      vertex 50 0 -2.28882e-07
    endloop
  endfacet
  facet normal -0 0 -1
    outer loop
      vertex 25 33.7 -2.28882e-07
      vertex 0 0 -2.28882e-07
      vertex 24.7184 33.7222 -2.28882e-07
    endloop
  endfacet
  facet normal -0 0 -1
    outer loop
      vertex 24.7184 33.7222 -2.28882e-07
      vertex 0 0 -2.28882e-07
      vertex 24.4438 33.7881 -2.28882e-07
    endloop
  endfacet
  facet normal -0 0 -1
    outer loop
      vertex 24.4438 33.7881 -2.28882e-07
      vertex 0 0 -2.28882e-07
      vertex 24.1828 33.8962 -2.28882e-07
    endloop
  endfacet
  facet normal -0 0 -1
    outer loop
      vertex 24.1828 33.8962 -2.28882e-07
      vertex 0 0 -2.28882e-07
      vertex 23.942 34.0438 -2.28882e-07
    endloop
  endfacet
  facet normal -0 0 -1
    outer loop
      vertex 23.942 34.0438 -2.28882e-07
      vertex 0 0 -2.28882e-07
      vertex 23.7272 34.2272 -2.28882e-07
    endloop
  endfacet
  facet normal 0 0 -1
    outer loop
      vertex 8.77317 52.0679 -2.28882e-07
      vertex 23.2 35.5 -2.28882e-07
      vertex 23.2222 35.2184 -2.28882e-07
    endloop
  endfacet
  facet normal 0 0 -1
    outer loop
      vertex 8.55193 52.121 -2.28882e-07
      vertex 23.2222 35.2184 -2.28882e-07
      vertex 23.2881 34.9438 -2.28882e-07
    endloop
  endfacet
  facet normal 0 0 -1
    outer loop
      vertex 0 0 -2.28882e-07
      vertex 23.2881 34.9438 -2.28882e-07
      vertex 23.3962 34.6828 -2.28882e-07
    endloop
  endfacet
  facet normal 0 0 -1
    outer loop
      vertex 0 0 -2.28882e-07
      vertex 23.3962 34.6828 -2.28882e-07
      vertex 23.5438 34.442 -2.28882e-07
    endloop
  endfacet
  facet normal 0 0 -1
    outer loop
      vertex 23.2 35.5 -2.28882e-07
      vertex 10.4321 53.2732 -2.28882e-07
      vertex 10.45 53.5 -2.28882e-07
    endloop
  endfacet
  facet normal 0 0 -1
    outer loop
      vertex 23.2 35.5 -2.28882e-07
      vertex 10.379 53.0519 -2.28882e-07
      vertex 10.4321 53.2732 -2.28882e-07
    endloop
  endfacet
  facet normal 0 0 -1
    outer loop
      vertex 23.2 35.5 -2.28882e-07
      vertex 10.292 52.8417 -2.28882e-07
      vertex 10.379 53.0519 -2.28882e-07
    endloop
  endfacet
  facet normal 0 0 -1
    outer loop
      vertex 23.2 35.5 -2.28882e-07
      vertex 10.1731 52.6477 -2.28882e-07
      vertex 10.292 52.8417 -2.28882e-07
    endloop
  endfacet
  facet normal 0 0 -1
    outer loop
      vertex 23.2 35.5 -2.28882e-07
      vertex 10.0253 52.4747 -2.28882e-07
      vertex 10.1731 52.6477 -2.28882e-07
    endloop
  endfacet
  facet normal 0 0 -1
    outer loop
      vertex 23.2 35.5 -2.28882e-07
      vertex 9.85229 52.3269 -2.28882e-07
      vertex 10.0253 52.4747 -2.28882e-07
    endloop
  endfacet
  facet normal 0 0 -1
    outer loop
      vertex 23.2 35.5 -2.28882e-07
      vertex 9.65829 52.208 -2.28882e-07
      vertex 9.85229 52.3269 -2.28882e-07
    endloop
  endfacet
  facet normal -0 0 -1
    outer loop
      vertex 23.7272 34.2272 -2.28882e-07
      vertex 0 0 -2.28882e-07
      vertex 23.5438 34.442 -2.28882e-07
    endloop
  endfacet
  facet normal -0 0 -1
    outer loop
      vertex 23.2881 34.9438 -2.28882e-07
      vertex 0 0 -2.28882e-07
      vertex 8.34171 52.208 -2.28882e-07
    endloop
  endfacet
  facet normal 0 0 -1
    outer loop
      vertex 23.2 35.5 -2.28882e-07
      vertex 9.44808 52.121 -2.28882e-07
      vertex 9.65829 52.208 -2.28882e-07
    endloop
  endfacet
  facet normal 0 0 -1
    outer loop
      vertex 23.2 35.5 -2.28882e-07
      vertex 9.22683 52.0679 -2.28882e-07
      vertex 9.44808 52.121 -2.28882e-07
    endloop
  endfacet
  facet normal 0 0 -1
    outer loop
      vertex 23.2 35.5 -2.28882e-07
      vertex 9 52.05 -2.28882e-07
      vertex 9.22683 52.0679 -2.28882e-07
    endloop
  endfacet
  facet normal 0 0 -1
    outer loop
      vertex 23.2 35.5 -2.28882e-07
      vertex 8.77317 52.0679 -2.28882e-07
      vertex 9 52.05 -2.28882e-07
    endloop
  endfacet
  facet normal 0 0 -1
    outer loop
      vertex 23.2222 35.2184 -2.28882e-07
      vertex 8.55193 52.121 -2.28882e-07
      vertex 8.77317 52.0679 -2.28882e-07
    endloop
  endfacet
  facet normal 0 0 -1
    outer loop
      vertex 23.2881 34.9438 -2.28882e-07
      vertex 8.34171 52.208 -2.28882e-07
      vertex 8.55193 52.121 -2.28882e-07
    endloop
  endfacet
  facet normal -0 0 -1
    outer loop
      vertex 8.34171 52.208 -2.28882e-07
      vertex 0 0 -2.28882e-07
      vertex 8.14771 52.3269 -2.28882e-07
    endloop
  endfacet
  facet normal -0 0 -1
    outer loop
      vertex 8.14771 52.3269 -2.28882e-07
      vertex 0 0 -2.28882e-07
      vertex 7.9747 52.4747 -2.28882e-07
    endloop
  endfacet
  facet normal 0 0 -1
    outer loop
      vertex 7.56785 53.2732 -2.28882e-07
      vertex 0 71 -2.28882e-07
      vertex 7.55 53.5 -2.28882e-07
    endloop
  endfacet
  facet normal 0 0 -1
    outer loop
      vertex 7.62097 53.0519 -2.28882e-07
      vertex 0 71 -2.28882e-07
      vertex 7.56785 53.2732 -2.28882e-07
    endloop
  endfacet
  facet normal 0 0 -1
    outer loop
      vertex 0 71 -2.28882e-07
      vertex 7.62097 53.0519 -2.28882e-07
      vertex 0 0 -2.28882e-07
    endloop
  endfacet
  facet normal -0 0 -1
    outer loop
      vertex 7.70804 52.8417 -2.28882e-07
      vertex 0 0 -2.28882e-07
      vertex 7.62097 53.0519 -2.28882e-07
    endloop
  endfacet
  facet normal -0 0 -1
    outer loop
      vertex 7.82693 52.6477 -2.28882e-07
      vertex 0 0 -2.28882e-07
      vertex 7.70804 52.8417 -2.28882e-07
    endloop
  endfacet
  facet normal -0 0 -1
    outer loop
      vertex 7.9747 52.4747 -2.28882e-07
      vertex 0 0 -2.28882e-07
      vertex 7.82693 52.6477 -2.28882e-07
    endloop
  endfacet
  facet normal 0 0 -1
    outer loop
      vertex 42.4321 53.7268 -2.28882e-07
      vertex 50 71 -2.28882e-07
      vertex 42.45 53.5 -2.28882e-07
    endloop
  endfacet
  facet normal 0 0 -1
    outer loop
      vertex 42.4321 67.7268 -2.28882e-07
      vertex 50 71 -2.28882e-07
      vertex 42.45 67.5 -2.28882e-07
    endloop
  endfacet
  facet normal 0 0 -1
    outer loop
      vertex 42.379 67.9481 -2.28882e-07
      vertex 50 71 -2.28882e-07
      vertex 42.4321 67.7268 -2.28882e-07
    endloop
  endfacet
  facet normal 0 0 -1
    outer loop
      vertex 42.292 68.1583 -2.28882e-07
      vertex 50 71 -2.28882e-07
      vertex 42.379 67.9481 -2.28882e-07
    endloop
  endfacet
  facet normal 0 0 -1
    outer loop
      vertex 42.1731 68.3523 -2.28882e-07
      vertex 50 71 -2.28882e-07
      vertex 42.292 68.1583 -2.28882e-07
    endloop
  endfacet
  facet normal 0 0 -1
    outer loop
      vertex 42.0253 68.5253 -2.28882e-07
      vertex 50 71 -2.28882e-07
      vertex 42.1731 68.3523 -2.28882e-07
    endloop
  endfacet
  facet normal 0 0 -1
    outer loop
      vertex 41.8523 68.6731 -2.28882e-07
      vertex 50 71 -2.28882e-07
      vertex 42.0253 68.5253 -2.28882e-07
    endloop
  endfacet
  facet normal 0 0 -1
    outer loop
      vertex 41.6583 68.792 -2.28882e-07
      vertex 50 71 -2.28882e-07
      vertex 41.8523 68.6731 -2.28882e-07
    endloop
  endfacet
  facet normal 0 0 -1
    outer loop
      vertex 41.4481 68.879 -2.28882e-07
      vertex 50 71 -2.28882e-07
      vertex 41.6583 68.792 -2.28882e-07
    endloop
  endfacet
  facet normal 0 0 -1
    outer loop
      vertex 41.2268 68.9321 -2.28882e-07
      vertex 50 71 -2.28882e-07
      vertex 41.4481 68.879 -2.28882e-07
    endloop
  endfacet
  facet normal 0 0 -1
    outer loop
      vertex 41 68.95 -2.28882e-07
      vertex 50 71 -2.28882e-07
      vertex 41.2268 68.9321 -2.28882e-07
    endloop
  endfacet
  facet normal 0 0 -1
    outer loop
      vertex 40.7732 68.9321 -2.28882e-07
      vertex 50 71 -2.28882e-07
      vertex 41 68.95 -2.28882e-07
    endloop
  endfacet
  facet normal -0 0 -1
    outer loop
      vertex 39.9747 52.4747 -2.28882e-07
      vertex 26.058 36.9562 -2.28882e-07
      vertex 39.8269 52.6477 -2.28882e-07
    endloop
  endfacet
  facet normal 0 0 -1
    outer loop
      vertex 25.8172 37.1038 -2.28882e-07
      vertex 39.8269 52.6477 -2.28882e-07
      vertex 26.058 36.9562 -2.28882e-07
    endloop
  endfacet
  facet normal -0 0 -1
    outer loop
      vertex 39.8269 52.6477 -2.28882e-07
      vertex 25.8172 37.1038 -2.28882e-07
      vertex 39.708 52.8417 -2.28882e-07
    endloop
  endfacet
  facet normal 0 0 -1
    outer loop
      vertex 25.5562 37.2119 -2.28882e-07
      vertex 39.708 52.8417 -2.28882e-07
      vertex 25.8172 37.1038 -2.28882e-07
    endloop
  endfacet
  facet normal -0 0 -1
    outer loop
      vertex 39.708 52.8417 -2.28882e-07
      vertex 25.5562 37.2119 -2.28882e-07
      vertex 39.621 53.0519 -2.28882e-07
    endloop
  endfacet
  facet normal 0 0 -1
    outer loop
      vertex 25.2816 37.2778 -2.28882e-07
      vertex 39.621 53.0519 -2.28882e-07
      vertex 25.5562 37.2119 -2.28882e-07
    endloop
  endfacet
  facet normal -0 0 -1
    outer loop
      vertex 39.621 53.0519 -2.28882e-07
      vertex 25.2816 37.2778 -2.28882e-07
      vertex 39.5679 53.2732 -2.28882e-07
    endloop
  endfacet
  facet normal 0 0 -1
    outer loop
      vertex 25 37.3 -2.28882e-07
      vertex 39.5679 53.2732 -2.28882e-07
      vertex 25.2816 37.2778 -2.28882e-07
    endloop
  endfacet
  facet normal 0 0 -1
    outer loop
      vertex 10.45 53.5 -2.28882e-07
      vertex 39.5679 53.2732 -2.28882e-07
      vertex 25 37.3 -2.28882e-07
    endloop
  endfacet
  facet normal 0 0 -1
    outer loop
      vertex 39.621 67.0519 -2.28882e-07
      vertex 10.45 67.5 -2.28882e-07
      vertex 39.5679 67.2732 -2.28882e-07
    endloop
  endfacet
  facet normal 0 0 -1
    outer loop
      vertex 39.5679 67.2732 -2.28882e-07
      vertex 10.45 67.5 -2.28882e-07
      vertex 39.55 67.5 -2.28882e-07
    endloop
  endfacet
  facet normal 0 0 -1
    outer loop
      vertex 39.55 67.5 -2.28882e-07
      vertex 10.45 67.5 -2.28882e-07
      vertex 39.5679 67.7268 -2.28882e-07
    endloop
  endfacet
  facet normal 0 0 -1
    outer loop
      vertex 39.5679 53.2732 -2.28882e-07
      vertex 10.45 53.5 -2.28882e-07
      vertex 39.55 53.5 -2.28882e-07
    endloop
  endfacet
  facet normal 0 0 -1
    outer loop
      vertex 10.45 53.5 -2.28882e-07
      vertex 25 37.3 -2.28882e-07
      vertex 24.7184 37.2778 -2.28882e-07
    endloop
  endfacet
  facet normal 0 0 -1
    outer loop
      vertex 10.45 53.5 -2.28882e-07
      vertex 24.7184 37.2778 -2.28882e-07
      vertex 24.4438 37.2119 -2.28882e-07
    endloop
  endfacet
  facet normal 0 0 -1
    outer loop
      vertex 10.45 53.5 -2.28882e-07
      vertex 24.4438 37.2119 -2.28882e-07
      vertex 24.1828 37.1038 -2.28882e-07
    endloop
  endfacet
  facet normal 0 0 -1
    outer loop
      vertex 10.45 53.5 -2.28882e-07
      vertex 24.1828 37.1038 -2.28882e-07
      vertex 23.942 36.9562 -2.28882e-07
    endloop
  endfacet
  facet normal 0 0 -1
    outer loop
      vertex 10.45 53.5 -2.28882e-07
      vertex 23.942 36.9562 -2.28882e-07
      vertex 23.7272 36.7728 -2.28882e-07
    endloop
  endfacet
  facet normal 0 0 -1
    outer loop
      vertex 10.45 53.5 -2.28882e-07
      vertex 23.7272 36.7728 -2.28882e-07
      vertex 23.5438 36.558 -2.28882e-07
    endloop
  endfacet
  facet normal 0 0 -1
    outer loop
      vertex 10.45 53.5 -2.28882e-07
      vertex 23.5438 36.558 -2.28882e-07
      vertex 23.3962 36.3172 -2.28882e-07
    endloop
  endfacet
  facet normal 0 0 -1
    outer loop
      vertex 10.45 53.5 -2.28882e-07
      vertex 23.2222 35.7816 -2.28882e-07
      vertex 23.2 35.5 -2.28882e-07
    endloop
  endfacet
  facet normal 0 0 -1
    outer loop
      vertex 10.45 53.5 -2.28882e-07
      vertex 23.2881 36.0562 -2.28882e-07
      vertex 23.2222 35.7816 -2.28882e-07
    endloop
  endfacet
  facet normal 0 0 -1
    outer loop
      vertex 10.45 53.5 -2.28882e-07
      vertex 23.3962 36.3172 -2.28882e-07
      vertex 23.2881 36.0562 -2.28882e-07
    endloop
  endfacet
  facet normal 0 0 -1
    outer loop
      vertex 10.4321 67.7268 -2.28882e-07
      vertex 39.5679 67.7268 -2.28882e-07
      vertex 10.45 67.5 -2.28882e-07
    endloop
  endfacet
  facet normal 0 0 -1
    outer loop
      vertex 39.5679 67.7268 -2.28882e-07
      vertex 10.4321 67.7268 -2.28882e-07
      vertex 39.621 67.9481 -2.28882e-07
    endloop
  endfacet
  facet normal 0 0 -1
    outer loop
      vertex 10.379 67.9481 -2.28882e-07
      vertex 39.621 67.9481 -2.28882e-07
      vertex 10.4321 67.7268 -2.28882e-07
    endloop
  endfacet
  facet normal 0 0 -1
    outer loop
      vertex 39.621 67.9481 -2.28882e-07
      vertex 10.379 67.9481 -2.28882e-07
      vertex 39.708 68.1583 -2.28882e-07
    endloop
  endfacet
  facet normal 0 0 -1
    outer loop
      vertex 10.292 68.1583 -2.28882e-07
      vertex 39.708 68.1583 -2.28882e-07
      vertex 10.379 67.9481 -2.28882e-07
    endloop
  endfacet
  facet normal 0 0 -1
    outer loop
      vertex 39.708 68.1583 -2.28882e-07
      vertex 10.292 68.1583 -2.28882e-07
      vertex 39.8269 68.3523 -2.28882e-07
    endloop
  endfacet
  facet normal 0 0 -1
    outer loop
      vertex 10.1731 68.3523 -2.28882e-07
      vertex 39.8269 68.3523 -2.28882e-07
      vertex 10.292 68.1583 -2.28882e-07
    endloop
  endfacet
  facet normal 0 0 -1
    outer loop
      vertex 39.8269 68.3523 -2.28882e-07
      vertex 10.1731 68.3523 -2.28882e-07
      vertex 39.9747 68.5253 -2.28882e-07
    endloop
  endfacet
  facet normal 0 0 -1
    outer loop
      vertex 10.0253 68.5253 -2.28882e-07
      vertex 39.9747 68.5253 -2.28882e-07
      vertex 10.1731 68.3523 -2.28882e-07
    endloop
  endfacet
  facet normal 0 0 -1
    outer loop
      vertex 39.9747 68.5253 -2.28882e-07
      vertex 10.0253 68.5253 -2.28882e-07
      vertex 40.1477 68.6731 -2.28882e-07
    endloop
  endfacet
  facet normal 0 0 -1
    outer loop
      vertex 9.85229 68.6731 -2.28882e-07
      vertex 40.1477 68.6731 -2.28882e-07
      vertex 10.0253 68.5253 -2.28882e-07
    endloop
  endfacet
  facet normal 0 0 -1
    outer loop
      vertex 40.1477 68.6731 -2.28882e-07
      vertex 9.85229 68.6731 -2.28882e-07
      vertex 40.3417 68.792 -2.28882e-07
    endloop
  endfacet
  facet normal 0 0 -1
    outer loop
      vertex 9.65829 68.792 -2.28882e-07
      vertex 40.3417 68.792 -2.28882e-07
      vertex 9.85229 68.6731 -2.28882e-07
    endloop
  endfacet
  facet normal 0 0 -1
    outer loop
      vertex 40.3417 68.792 -2.28882e-07
      vertex 9.65829 68.792 -2.28882e-07
      vertex 40.5519 68.879 -2.28882e-07
    endloop
  endfacet
  facet normal 0 0 -1
    outer loop
      vertex 9.44808 68.879 -2.28882e-07
      vertex 40.5519 68.879 -2.28882e-07
      vertex 9.65829 68.792 -2.28882e-07
    endloop
  endfacet
  facet normal 0 0 -1
    outer loop
      vertex 40.5519 68.879 -2.28882e-07
      vertex 9.44808 68.879 -2.28882e-07
      vertex 40.7732 68.9321 -2.28882e-07
    endloop
  endfacet
  facet normal 0 0 -1
    outer loop
      vertex 9.22683 68.9321 -2.28882e-07
      vertex 40.7732 68.9321 -2.28882e-07
      vertex 9.44808 68.879 -2.28882e-07
    endloop
  endfacet
  facet normal 0 0 -1
    outer loop
      vertex 40.7732 68.9321 -2.28882e-07
      vertex 9.22683 68.9321 -2.28882e-07
      vertex 50 71 -2.28882e-07
    endloop
  endfacet
  facet normal 0 0 -1
    outer loop
      vertex 0 71 -2.28882e-07
      vertex 9.22683 68.9321 -2.28882e-07
      vertex 9 68.95 -2.28882e-07
    endloop
  endfacet
  facet normal 0 0 -1
    outer loop
      vertex 7.56785 67.2732 -2.28882e-07
      vertex 0 71 -2.28882e-07
      vertex 7.55 67.5 -2.28882e-07
    endloop
  endfacet
  facet normal 0 0 -1
    outer loop
      vertex 9.22683 68.9321 -2.28882e-07
      vertex 0 71 -2.28882e-07
      vertex 50 71 -2.28882e-07
    endloop
  endfacet
  facet normal 0 0 -1
    outer loop
      vertex 8.77317 68.9321 -2.28882e-07
      vertex 0 71 -2.28882e-07
      vertex 9 68.95 -2.28882e-07
    endloop
  endfacet
  facet normal 0 0 -1
    outer loop
      vertex 8.55193 68.879 -2.28882e-07
      vertex 0 71 -2.28882e-07
      vertex 8.77317 68.9321 -2.28882e-07
    endloop
  endfacet
  facet normal 0 0 -1
    outer loop
      vertex 8.34171 68.792 -2.28882e-07
      vertex 0 71 -2.28882e-07
      vertex 8.55193 68.879 -2.28882e-07
    endloop
  endfacet
  facet normal 0 0 -1
    outer loop
      vertex 8.14771 68.6731 -2.28882e-07
      vertex 0 71 -2.28882e-07
      vertex 8.34171 68.792 -2.28882e-07
    endloop
  endfacet
  facet normal 0 0 -1
    outer loop
      vertex 7.9747 68.5253 -2.28882e-07
      vertex 0 71 -2.28882e-07
      vertex 8.14771 68.6731 -2.28882e-07
    endloop
  endfacet
  facet normal 0 0 -1
    outer loop
      vertex 7.82693 68.3523 -2.28882e-07
      vertex 0 71 -2.28882e-07
      vertex 7.9747 68.5253 -2.28882e-07
    endloop
  endfacet
  facet normal 0 0 -1
    outer loop
      vertex 7.70804 68.1583 -2.28882e-07
      vertex 0 71 -2.28882e-07
      vertex 7.82693 68.3523 -2.28882e-07
    endloop
  endfacet
  facet normal 0 0 -1
    outer loop
      vertex 7.62097 67.9481 -2.28882e-07
      vertex 0 71 -2.28882e-07
      vertex 7.70804 68.1583 -2.28882e-07
    endloop
  endfacet
  facet normal 0 0 -1
    outer loop
      vertex 7.56785 67.7268 -2.28882e-07
      vertex 0 71 -2.28882e-07
      vertex 7.62097 67.9481 -2.28882e-07
    endloop
  endfacet
  facet normal 0 0 -1
    outer loop
      vertex 7.55 67.5 -2.28882e-07
      vertex 0 71 -2.28882e-07
      vertex 7.56785 67.7268 -2.28882e-07
    endloop
  endfacet
  facet normal -1 0 0
    outer loop
      vertex 0 71 -2.28882e-07
      vertex 0 68.1 11.5
      vertex 0 71 23
    endloop
  endfacet
  facet normal -1 0 0
    outer loop
      vertex 0 71 -2.28882e-07
      vertex 0 68.0064 10.3111
      vertex 0 68.1 11.5
    endloop
  endfacet
  facet normal -1 0 0
    outer loop
      vertex 0 71 -2.28882e-07
      vertex 0 67.728 9.15147
      vertex 0 68.0064 10.3111
    endloop
  endfacet
  facet normal -1 0 0
    outer loop
      vertex 0 71 -2.28882e-07
      vertex 0 67.2716 8.04968
      vertex 0 67.728 9.15147
    endloop
  endfacet
  facet normal -1 0 0
    outer loop
      vertex 0 71 -2.28882e-07
      vertex 0 66.6485 7.03284
      vertex 0 67.2716 8.04968
    endloop
  endfacet
  facet normal -1 0 0
    outer loop
      vertex 0 71 -2.28882e-07
      vertex 0 65.874 6.12599
      vertex 0 66.6485 7.03284
    endloop
  endfacet
  facet normal -1 0 0
    outer loop
      vertex 0 71 -2.28882e-07
      vertex 0 64.9672 5.35147
      vertex 0 65.874 6.12599
    endloop
  endfacet
  facet normal -1 0 0
    outer loop
      vertex 0 71 -2.28882e-07
      vertex 0 63.9503 4.72836
      vertex 0 64.9672 5.35147
    endloop
  endfacet
  facet normal -1 0 0
    outer loop
      vertex 0 71 -2.28882e-07
      vertex 0 62.8485 4.27197
      vertex 0 63.9503 4.72836
    endloop
  endfacet
  facet normal -1 0 0
    outer loop
      vertex 0 71 -2.28882e-07
      vertex 0 61.6889 3.99358
      vertex 0 62.8485 4.27197
    endloop
  endfacet
  facet normal -1 0 0
    outer loop
      vertex 0 71 -2.28882e-07
      vertex 0 60.5 3.90001
      vertex 0 61.6889 3.99358
    endloop
  endfacet
  facet normal -1 0 0
    outer loop
      vertex 0 71 -2.28882e-07
      vertex 0 59.3111 3.99358
      vertex 0 60.5 3.90001
    endloop
  endfacet
  facet normal -1 0 0
    outer loop
      vertex 0 37.5 4
      vertex 0 59.3111 3.99358
      vertex 0 71 -2.28882e-07
    endloop
  endfacet
  facet normal -1 -0 0
    outer loop
      vertex 0 52.9936 10.3111
      vertex 0 37.5 4
      vertex 0 52.9 11.5
    endloop
  endfacet
  facet normal -1 -0 0
    outer loop
      vertex 0 53.272 9.15147
      vertex 0 37.5 4
      vertex 0 52.9936 10.3111
    endloop
  endfacet
  facet normal -1 -0 0
    outer loop
      vertex 0 53.7284 8.04968
      vertex 0 37.5 4
      vertex 0 53.272 9.15147
    endloop
  endfacet
  facet normal -1 -0 0
    outer loop
      vertex 0 54.3515 7.03284
      vertex 0 37.5 4
      vertex 0 53.7284 8.04968
    endloop
  endfacet
  facet normal -1 -0 0
    outer loop
      vertex 0 55.126 6.12599
      vertex 0 37.5 4
      vertex 0 54.3515 7.03284
    endloop
  endfacet
  facet normal -1 -0 0
    outer loop
      vertex 0 56.0328 5.35147
      vertex 0 37.5 4
      vertex 0 55.126 6.12599
    endloop
  endfacet
  facet normal -1 -0 0
    outer loop
      vertex 0 57.0497 4.72836
      vertex 0 37.5 4
      vertex 0 56.0328 5.35147
    endloop
  endfacet
  facet normal -1 -0 0
    outer loop
      vertex 0 58.1515 4.27197
      vertex 0 37.5 4
      vertex 0 57.0497 4.72836
    endloop
  endfacet
  facet normal -1 0 0
    outer loop
      vertex 0 59.3111 3.99358
      vertex 0 37.5 4
      vertex 0 58.1515 4.27197
    endloop
  endfacet
  facet normal -1 0 0
    outer loop
      vertex 0 71 -2.28882e-07
      vertex 0 33.5 4
      vertex 0 37.5 4
    endloop
  endfacet
  facet normal -1 0 0
    outer loop
      vertex 0 18.0064 12.6889
      vertex 0 33.5 4
      vertex 0 18.1 11.5
    endloop
  endfacet
  facet normal -1 0 0
    outer loop
      vertex 0 33.5 4
      vertex 0 18.0064 10.3111
      vertex 0 18.1 11.5
    endloop
  endfacet
  facet normal -1 0 0
    outer loop
      vertex 0 33.5 4
      vertex 0 17.728 9.15147
      vertex 0 18.0064 10.3111
    endloop
  endfacet
  facet normal -1 0 0
    outer loop
      vertex 0 33.5 4
      vertex 0 17.2716 8.04968
      vertex 0 17.728 9.15147
    endloop
  endfacet
  facet normal -1 0 0
    outer loop
      vertex 0 33.5 4
      vertex 0 16.6485 7.03284
      vertex 0 17.2716 8.04968
    endloop
  endfacet
  facet normal -1 0 0
    outer loop
      vertex 0 33.5 4
      vertex 0 15.874 6.12599
      vertex 0 16.6485 7.03284
    endloop
  endfacet
  facet normal -1 0 0
    outer loop
      vertex 0 33.5 4
      vertex 0 14.9672 5.35147
      vertex 0 15.874 6.12599
    endloop
  endfacet
  facet normal -1 0 0
    outer loop
      vertex 0 0 -2.28882e-07
      vertex 0 33.5 4
      vertex 0 71 -2.28882e-07
    endloop
  endfacet
  facet normal -1 0 0
    outer loop
      vertex 0 33.5 4
      vertex 0 13.9503 4.72836
      vertex 0 14.9672 5.35147
    endloop
  endfacet
  facet normal -1 0 0
    outer loop
      vertex 0 33.5 4
      vertex 0 12.8485 4.27197
      vertex 0 13.9503 4.72836
    endloop
  endfacet
  facet normal -1 0 -0
    outer loop
      vertex 0 11.6889 3.99358
      vertex 0 33.5 4
      vertex 0 0 -2.28882e-07
    endloop
  endfacet
  facet normal -1 -0 0
    outer loop
      vertex 0 33.5 4
      vertex 0 11.6889 3.99358
      vertex 0 12.8485 4.27197
    endloop
  endfacet
  facet normal -1 -0 0
    outer loop
      vertex 0 2.99358 10.3111
      vertex 0 0 -2.28882e-07
      vertex 0 2.90001 11.5
    endloop
  endfacet
  facet normal -1 -0 0
    outer loop
      vertex 0 3.27197 9.15147
      vertex 0 0 -2.28882e-07
      vertex 0 2.99358 10.3111
    endloop
  endfacet
  facet normal -1 -0 0
    outer loop
      vertex 0 3.72836 8.04968
      vertex 0 0 -2.28882e-07
      vertex 0 3.27197 9.15147
    endloop
  endfacet
  facet normal -1 -0 0
    outer loop
      vertex 0 4.35147 7.03284
      vertex 0 0 -2.28882e-07
      vertex 0 3.72836 8.04968
    endloop
  endfacet
  facet normal -1 -0 0
    outer loop
      vertex 0 5.12599 6.12599
      vertex 0 0 -2.28882e-07
      vertex 0 4.35147 7.03284
    endloop
  endfacet
  facet normal -1 -0 0
    outer loop
      vertex 0 6.03284 5.35147
      vertex 0 0 -2.28882e-07
      vertex 0 5.12599 6.12599
    endloop
  endfacet
  facet normal -1 -0 0
    outer loop
      vertex 0 7.04968 4.72836
      vertex 0 0 -2.28882e-07
      vertex 0 6.03284 5.35147
    endloop
  endfacet
  facet normal -1 -0 0
    outer loop
      vertex 0 8.15147 4.27197
      vertex 0 0 -2.28882e-07
      vertex 0 7.04968 4.72836
    endloop
  endfacet
  facet normal -1 -0 0
    outer loop
      vertex 0 9.31111 3.99358
      vertex 0 0 -2.28882e-07
      vertex 0 8.15147 4.27197
    endloop
  endfacet
  facet normal -1 -0 0
    outer loop
      vertex 0 10.5 3.90001
      vertex 0 0 -2.28882e-07
      vertex 0 9.31111 3.99358
    endloop
  endfacet
  facet normal -1 0 0
    outer loop
      vertex 0 11.6889 3.99358
      vertex 0 0 -2.28882e-07
      vertex 0 10.5 3.90001
    endloop
  endfacet
  facet normal -1 0 0
    outer loop
      vertex 0 68.0064 12.6889
      vertex 0 71 23
      vertex 0 68.1 11.5
    endloop
  endfacet
  facet normal -1 0 0
    outer loop
      vertex 0 67.728 13.8485
      vertex 0 71 23
      vertex 0 68.0064 12.6889
    endloop
  endfacet
  facet normal -1 0 0
    outer loop
      vertex 0 67.2716 14.9503
      vertex 0 71 23
      vertex 0 67.728 13.8485
    endloop
  endfacet
  facet normal -1 0 0
    outer loop
      vertex 0 66.6485 15.9672
      vertex 0 71 23
      vertex 0 67.2716 14.9503
    endloop
  endfacet
  facet normal -1 0 0
    outer loop
      vertex 0 65.874 16.874
      vertex 0 71 23
      vertex 0 66.6485 15.9672
    endloop
  endfacet
  facet normal -1 0 0
    outer loop
      vertex 0 62.508 20.24
      vertex 0 71 23
      vertex 0 65.874 16.874
    endloop
  endfacet
  facet normal -1 0 0
    outer loop
      vertex 0 58.492 20.24
      vertex 0 71 23
      vertex 0 62.508 20.24
    endloop
  endfacet
  facet normal -1 0 0
    outer loop
      vertex 0 37.5 4
      vertex 0 52.9936 12.6889
      vertex 0 52.9 11.5
    endloop
  endfacet
  facet normal -1 0 0
    outer loop
      vertex 0 37.5 23
      vertex 0 52.9936 12.6889
      vertex 0 37.5 4
    endloop
  endfacet
  facet normal -1 0 0
    outer loop
      vertex 0 52.9936 12.6889
      vertex 0 37.5 23
      vertex 0 53.272 13.8485
    endloop
  endfacet
  facet normal -1 0 0
    outer loop
      vertex 0 53.272 13.8485
      vertex 0 37.5 23
      vertex 0 53.7284 14.9503
    endloop
  endfacet
  facet normal -1 0 0
    outer loop
      vertex 0 53.7284 14.9503
      vertex 0 37.5 23
      vertex 0 54.3515 15.9672
    endloop
  endfacet
  facet normal -1 0 0
    outer loop
      vertex 0 54.3515 15.9672
      vertex 0 37.5 23
      vertex 0 55.126 16.874
    endloop
  endfacet
  facet normal -1 0 0
    outer loop
      vertex 0 58.492 20.24
      vertex 0 37.5 23
      vertex 0 71 23
    endloop
  endfacet
  facet normal -1 0 0
    outer loop
      vertex 0 55.126 16.874
      vertex 0 37.5 23
      vertex 0 58.492 20.24
    endloop
  endfacet
  facet normal -1 0 0
    outer loop
      vertex 0 33.5 4
      vertex 0 18.0064 12.6889
      vertex 0 33.5 23
    endloop
  endfacet
  facet normal -1 0 0
    outer loop
      vertex 0 17.728 13.8485
      vertex 0 33.5 23
      vertex 0 18.0064 12.6889
    endloop
  endfacet
  facet normal -1 0 0
    outer loop
      vertex 0 17.2716 14.9503
      vertex 0 33.5 23
      vertex 0 17.728 13.8485
    endloop
  endfacet
  facet normal -1 0 0
    outer loop
      vertex 0 16.6485 15.9672
      vertex 0 33.5 23
      vertex 0 17.2716 14.9503
    endloop
  endfacet
  facet normal -1 0 0
    outer loop
      vertex 0 15.874 16.874
      vertex 0 33.5 23
      vertex 0 16.6485 15.9672
    endloop
  endfacet
  facet normal -1 0 0
    outer loop
      vertex 0 12.508 20.24
      vertex 0 33.5 23
      vertex 0 15.874 16.874
    endloop
  endfacet
  facet normal -1 0 0
    outer loop
      vertex 0 0 23
      vertex 0 12.508 20.24
      vertex 0 8.49197 20.24
    endloop
  endfacet
  facet normal -1 0 0
    outer loop
      vertex 0 0 23
      vertex 0 2.90001 11.5
      vertex 0 0 -2.28882e-07
    endloop
  endfacet
  facet normal -1 0 0
    outer loop
      vertex 0 12.508 20.24
      vertex 0 0 23
      vertex 0 33.5 23
    endloop
  endfacet
  facet normal -1 0 0
    outer loop
      vertex 0 5.12599 16.874
      vertex 0 0 23
      vertex 0 8.49197 20.24
    endloop
  endfacet
  facet normal -1 0 0
    outer loop
      vertex 0 4.35147 15.9672
      vertex 0 0 23
      vertex 0 5.12599 16.874
    endloop
  endfacet
  facet normal -1 0 0
    outer loop
      vertex 0 3.72836 14.9503
      vertex 0 0 23
      vertex 0 4.35147 15.9672
    endloop
  endfacet
  facet normal -1 0 0
    outer loop
      vertex 0 3.27197 13.8485
      vertex 0 0 23
      vertex 0 3.72836 14.9503
    endloop
  endfacet
  facet normal -1 0 0
    outer loop
      vertex 0 2.99358 12.6889
      vertex 0 0 23
      vertex 0 3.27197 13.8485
    endloop
  endfacet
  facet normal -1 0 0
    outer loop
      vertex 0 2.90001 11.5
      vertex 0 0 23
      vertex 0 2.99358 12.6889
    endloop
  endfacet
  facet normal 0 1 -0
    outer loop
      vertex 50 71 -2.28882e-07
      vertex 0 71 23
      vertex 50 71 23
    endloop
  endfacet
  facet normal 0 1 0
    outer loop
      vertex 0 71 23
      vertex 50 71 -2.28882e-07
      vertex 0 71 -2.28882e-07
    endloop
  endfacet
  facet normal 0 -1 0
    outer loop
      vertex 0 0 -2.28882e-07
      vertex 50 0 23
      vertex 0 0 23
    endloop
  endfacet
  facet normal 0 -1 -0
    outer loop
      vertex 50 0 23
      vertex 0 0 -2.28882e-07
      vertex 50 0 -2.28882e-07
    endloop
  endfacet
  facet normal 0.989178 0.14672 0
    outer loop
      vertex 37.2408 36.7056 25.01
      vertex 37.0637 37.8996 23
      vertex 37.0637 37.8996 25.01
    endloop
  endfacet
  facet normal 0.989178 0.14672 0
    outer loop
      vertex 37.0637 37.8996 23
      vertex 37.2408 36.7056 25.01
      vertex 37.2408 36.7056 23
    endloop
  endfacet
  facet normal 0.242984 -0.97003 0
    outer loop
      vertex 27.3996 23.4363 23
      vertex 28.5705 23.7296 25.01
      vertex 27.3996 23.4363 25.01
    endloop
  endfacet
  facet normal 0.242984 -0.97003 0
    outer loop
      vertex 28.5705 23.7296 25.01
      vertex 27.3996 23.4363 23
      vertex 28.5705 23.7296 23
    endloop
  endfacet
  facet normal -0.97003 0.242984 0
    outer loop
      vertex 12.9363 37.8996 23
      vertex 13.2296 39.0705 25.01
      vertex 13.2296 39.0705 23
    endloop
  endfacet
  facet normal -0.97003 0.242984 0
    outer loop
      vertex 13.2296 39.0705 25.01
      vertex 12.9363 37.8996 23
      vertex 12.9363 37.8996 25.01
    endloop
  endfacet
  facet normal 0.14672 -0.989178 0
    outer loop
      vertex 26.2056 23.2592 23
      vertex 27.3996 23.4363 25.01
      vertex 26.2056 23.2592 25.01
    endloop
  endfacet
  facet normal 0.14672 -0.989178 0
    outer loop
      vertex 27.3996 23.4363 25.01
      vertex 26.2056 23.2592 23
      vertex 27.3996 23.4363 23
    endloop
  endfacet
  facet normal -0.242984 -0.97003 0
    outer loop
      vertex 21.4295 23.7296 23
      vertex 22.6004 23.4363 25.01
      vertex 21.4295 23.7296 25.01
    endloop
  endfacet
  facet normal -0.242984 -0.97003 -0
    outer loop
      vertex 22.6004 23.4363 25.01
      vertex 21.4295 23.7296 23
      vertex 22.6004 23.4363 23
    endloop
  endfacet
  facet normal 0.80318 0.595737 0
    outer loop
      vertex 35.2271 42.3335 25.01
      vertex 34.508 43.303 23
      vertex 34.508 43.303 25.01
    endloop
  endfacet
  facet normal 0.80318 0.595737 0
    outer loop
      vertex 34.508 43.303 23
      vertex 35.2271 42.3335 25.01
      vertex 35.2271 42.3335 23
    endloop
  endfacet
  facet normal -0.336929 0.94153 0
    outer loop
      vertex 21.4295 47.2704 23
      vertex 20.293 46.8637 25.01
      vertex 21.4295 47.2704 25.01
    endloop
  endfacet
  facet normal -0.336929 0.94153 0
    outer loop
      vertex 20.293 46.8637 25.01
      vertex 21.4295 47.2704 23
      vertex 20.293 46.8637 23
    endloop
  endfacet
  facet normal 0.989178 -0.14672 0
    outer loop
      vertex 37.0637 33.1004 25.01
      vertex 37.2408 34.2944 23
      vertex 37.2408 34.2944 25.01
    endloop
  endfacet
  facet normal 0.989178 -0.14672 0
    outer loop
      vertex 37.2408 34.2944 23
      vertex 37.0637 33.1004 25.01
      vertex 37.0637 33.1004 23
    endloop
  endfacet
  facet normal -0.595737 0.80318 0
    outer loop
      vertex 18.1665 45.7271 23
      vertex 17.197 45.008 25.01
      vertex 18.1665 45.7271 25.01
    endloop
  endfacet
  facet normal -0.595737 0.80318 0
    outer loop
      vertex 17.197 45.008 25.01
      vertex 18.1665 45.7271 23
      vertex 17.197 45.008 23
    endloop
  endfacet
  facet normal 0.80318 -0.595737 0
    outer loop
      vertex 34.508 27.697 25.01
      vertex 35.2271 28.6665 23
      vertex 35.2271 28.6665 25.01
    endloop
  endfacet
  facet normal 0.80318 -0.595737 0
    outer loop
      vertex 35.2271 28.6665 23
      vertex 34.508 27.697 25.01
      vertex 34.508 27.697 23
    endloop
  endfacet
  facet normal 0.740966 0.671542 0
    outer loop
      vertex 34.508 43.303 25.01
      vertex 33.6974 44.1974 23
      vertex 33.6974 44.1974 25.01
    endloop
  endfacet
  facet normal 0.740966 0.671542 0
    outer loop
      vertex 33.6974 44.1974 23
      vertex 34.508 43.303 25.01
      vertex 34.508 43.303 23
    endloop
  endfacet
  facet normal -0.0490451 0.998797 0
    outer loop
      vertex 25 47.8 23
      vertex 23.7944 47.7408 25.01
      vertex 25 47.8 25.01
    endloop
  endfacet
  facet normal -0.0490451 0.998797 0
    outer loop
      vertex 23.7944 47.7408 25.01
      vertex 25 47.8 23
      vertex 23.7944 47.7408 23
    endloop
  endfacet
  facet normal 0.998797 -0.0490451 0
    outer loop
      vertex 37.2408 34.2944 25.01
      vertex 37.3 35.5 23
      vertex 37.3 35.5 25.01
    endloop
  endfacet
  facet normal 0.998797 -0.0490451 0
    outer loop
      vertex 37.3 35.5 23
      vertex 37.2408 34.2944 25.01
      vertex 37.2408 34.2944 23
    endloop
  endfacet
  facet normal -0.14672 0.989178 0
    outer loop
      vertex 23.7944 47.7408 23
      vertex 22.6004 47.5637 25.01
      vertex 23.7944 47.7408 25.01
    endloop
  endfacet
  facet normal -0.14672 0.989178 0
    outer loop
      vertex 22.6004 47.5637 25.01
      vertex 23.7944 47.7408 23
      vertex 22.6004 47.5637 23
    endloop
  endfacet
  facet normal 0.998797 0.0490451 0
    outer loop
      vertex 37.3 35.5 25.01
      vertex 37.2408 36.7056 23
      vertex 37.2408 36.7056 25.01
    endloop
  endfacet
  facet normal 0.998797 0.0490451 0
    outer loop
      vertex 37.2408 36.7056 23
      vertex 37.3 35.5 25.01
      vertex 37.3 35.5 23
    endloop
  endfacet
  facet normal 0.336929 0.94153 -0
    outer loop
      vertex 29.707 46.8637 23
      vertex 28.5705 47.2704 25.01
      vertex 29.707 46.8637 25.01
    endloop
  endfacet
  facet normal 0.336929 0.94153 0
    outer loop
      vertex 28.5705 47.2704 25.01
      vertex 29.707 46.8637 23
      vertex 28.5705 47.2704 23
    endloop
  endfacet
  facet normal -0.514081 -0.857741 0
    outer loop
      vertex 18.1665 25.2729 23
      vertex 19.2018 24.6524 25.01
      vertex 18.1665 25.2729 25.01
    endloop
  endfacet
  facet normal -0.514081 -0.857741 -0
    outer loop
      vertex 19.2018 24.6524 25.01
      vertex 18.1665 25.2729 23
      vertex 19.2018 24.6524 23
    endloop
  endfacet
  facet normal -0.989203 0.146549 0
    outer loop
      vertex 12.8771 37.5 23
      vertex 12.9363 37.8996 25.01
      vertex 12.9363 37.8996 23
    endloop
  endfacet
  facet normal -0.989203 0.146549 0
    outer loop
      vertex 12.9363 37.8996 25.01
      vertex 12.8771 37.5 23
      vertex 12.8771 37.5 25.01
    endloop
  endfacet
  facet normal 0.671542 -0.740966 0
    outer loop
      vertex 32.803 25.992 23
      vertex 33.6974 26.8026 25.01
      vertex 32.803 25.992 25.01
    endloop
  endfacet
  facet normal 0.671542 -0.740966 0
    outer loop
      vertex 33.6974 26.8026 25.01
      vertex 32.803 25.992 23
      vertex 33.6974 26.8026 23
    endloop
  endfacet
  facet normal -0.0490451 -0.998797 0
    outer loop
      vertex 23.7944 23.2592 23
      vertex 25 23.2 25.01
      vertex 23.7944 23.2592 25.01
    endloop
  endfacet
  facet normal -0.0490451 -0.998797 -0
    outer loop
      vertex 25 23.2 25.01
      vertex 23.7944 23.2592 23
      vertex 25 23.2 23
    endloop
  endfacet
  facet normal 0.903989 -0.427556 0
    outer loop
      vertex 35.8476 29.7018 25.01
      vertex 36.3637 30.793 23
      vertex 36.3637 30.793 25.01
    endloop
  endfacet
  facet normal 0.903989 -0.427556 0
    outer loop
      vertex 36.3637 30.793 23
      vertex 35.8476 29.7018 25.01
      vertex 35.8476 29.7018 23
    endloop
  endfacet
  facet normal 0 0 1
    outer loop
      vertex 35.3 35.5 25.01
      vertex 37.3 35.5 25.01
      vertex 37.2408 36.7056 25.01
    endloop
  endfacet
  facet normal 0 0 1
    outer loop
      vertex 35.2504 36.5096 25.01
      vertex 37.2408 36.7056 25.01
      vertex 37.0637 37.8996 25.01
    endloop
  endfacet
  facet normal 0 0 1
    outer loop
      vertex 37.3 35.5 25.01
      vertex 35.3 35.5 25.01
      vertex 37.2408 34.2944 25.01
    endloop
  endfacet
  facet normal 0 0 1
    outer loop
      vertex 35.1021 37.5094 25.01
      vertex 37.0637 37.8996 25.01
      vertex 36.7704 39.0705 25.01
    endloop
  endfacet
  facet normal -0 0 1
    outer loop
      vertex 35.2504 34.4904 25.01
      vertex 37.2408 34.2944 25.01
      vertex 35.3 35.5 25.01
    endloop
  endfacet
  facet normal 0 0 1
    outer loop
      vertex 34.8565 38.4899 25.01
      vertex 36.7704 39.0705 25.01
      vertex 36.3637 40.207 25.01
    endloop
  endfacet
  facet normal 0 0 1
    outer loop
      vertex 37.2408 34.2944 25.01
      vertex 35.2504 34.4904 25.01
      vertex 37.0637 33.1004 25.01
    endloop
  endfacet
  facet normal 0 0 1
    outer loop
      vertex 34.516 39.4416 25.01
      vertex 36.3637 40.207 25.01
      vertex 35.8476 41.2982 25.01
    endloop
  endfacet
  facet normal -0 0 1
    outer loop
      vertex 35.1021 33.4906 25.01
      vertex 37.0637 33.1004 25.01
      vertex 35.2504 34.4904 25.01
    endloop
  endfacet
  facet normal 0 0 1
    outer loop
      vertex 37.0637 33.1004 25.01
      vertex 35.1021 33.4906 25.01
      vertex 36.7704 31.9295 25.01
    endloop
  endfacet
  facet normal 0 0 1
    outer loop
      vertex 37.2408 36.7056 25.01
      vertex 35.2504 36.5096 25.01
      vertex 35.3 35.5 25.01
    endloop
  endfacet
  facet normal 0 0 1
    outer loop
      vertex 34.0838 40.3554 25.01
      vertex 35.8476 41.2982 25.01
      vertex 35.2271 42.3335 25.01
    endloop
  endfacet
  facet normal 0 0 1
    outer loop
      vertex 37.0637 37.8996 25.01
      vertex 35.1021 37.5094 25.01
      vertex 35.2504 36.5096 25.01
    endloop
  endfacet
  facet normal 0 0 1
    outer loop
      vertex 36.7704 39.0705 25.01
      vertex 34.8565 38.4899 25.01
      vertex 35.1021 37.5094 25.01
    endloop
  endfacet
  facet normal 0 0 1
    outer loop
      vertex 36.3637 40.207 25.01
      vertex 34.516 39.4416 25.01
      vertex 34.8565 38.4899 25.01
    endloop
  endfacet
  facet normal 0 0 1
    outer loop
      vertex 33.5641 41.2224 25.01
      vertex 35.2271 42.3335 25.01
      vertex 34.508 43.303 25.01
    endloop
  endfacet
  facet normal 0 0 1
    outer loop
      vertex 35.8476 41.2982 25.01
      vertex 34.0838 40.3554 25.01
      vertex 34.516 39.4416 25.01
    endloop
  endfacet
  facet normal 0 0 1
    outer loop
      vertex 32.962 42.0342 25.01
      vertex 34.508 43.303 25.01
      vertex 33.6974 44.1974 25.01
    endloop
  endfacet
  facet normal 0 0 1
    outer loop
      vertex 35.2271 42.3335 25.01
      vertex 33.5641 41.2224 25.01
      vertex 34.0838 40.3554 25.01
    endloop
  endfacet
  facet normal 0 0 1
    outer loop
      vertex 34.508 43.303 25.01
      vertex 32.962 42.0342 25.01
      vertex 33.5641 41.2224 25.01
    endloop
  endfacet
  facet normal 0 0 1
    outer loop
      vertex 32.2832 42.7832 25.01
      vertex 33.6974 44.1974 25.01
      vertex 32.803 45.008 25.01
    endloop
  endfacet
  facet normal 0 0 1
    outer loop
      vertex 33.6974 44.1974 25.01
      vertex 32.2832 42.7832 25.01
      vertex 32.962 42.0342 25.01
    endloop
  endfacet
  facet normal 0 0 1
    outer loop
      vertex 31.5343 43.462 25.01
      vertex 32.803 45.008 25.01
      vertex 31.8335 45.7271 25.01
    endloop
  endfacet
  facet normal 0 0 1
    outer loop
      vertex 32.803 45.008 25.01
      vertex 31.5343 43.462 25.01
      vertex 32.2832 42.7832 25.01
    endloop
  endfacet
  facet normal 0 0 1
    outer loop
      vertex 30.7224 44.0641 25.01
      vertex 31.8335 45.7271 25.01
      vertex 30.7982 46.3476 25.01
    endloop
  endfacet
  facet normal 0 0 1
    outer loop
      vertex 31.8335 45.7271 25.01
      vertex 30.7224 44.0641 25.01
      vertex 31.5343 43.462 25.01
    endloop
  endfacet
  facet normal 0 0 1
    outer loop
      vertex 30.7982 46.3476 25.01
      vertex 29.8554 44.5838 25.01
      vertex 30.7224 44.0641 25.01
    endloop
  endfacet
  facet normal 0 0 1
    outer loop
      vertex 29.707 46.8637 25.01
      vertex 29.8554 44.5838 25.01
      vertex 30.7982 46.3476 25.01
    endloop
  endfacet
  facet normal 0 0 1
    outer loop
      vertex 29.707 46.8637 25.01
      vertex 28.9416 45.016 25.01
      vertex 29.8554 44.5838 25.01
    endloop
  endfacet
  facet normal 0 0 1
    outer loop
      vertex 28.5705 47.2704 25.01
      vertex 28.9416 45.016 25.01
      vertex 29.707 46.8637 25.01
    endloop
  endfacet
  facet normal 0 0 1
    outer loop
      vertex 28.5705 47.2704 25.01
      vertex 27.9899 45.3565 25.01
      vertex 28.9416 45.016 25.01
    endloop
  endfacet
  facet normal 0 0 1
    outer loop
      vertex 27.3996 47.5637 25.01
      vertex 27.9899 45.3565 25.01
      vertex 28.5705 47.2704 25.01
    endloop
  endfacet
  facet normal 0 0 1
    outer loop
      vertex 27.3996 47.5637 25.01
      vertex 27.0094 45.6021 25.01
      vertex 27.9899 45.3565 25.01
    endloop
  endfacet
  facet normal 0 0 1
    outer loop
      vertex 26.2056 47.7408 25.01
      vertex 27.0094 45.6021 25.01
      vertex 27.3996 47.5637 25.01
    endloop
  endfacet
  facet normal 0 0 1
    outer loop
      vertex 26.2056 47.7408 25.01
      vertex 26.0096 45.7504 25.01
      vertex 27.0094 45.6021 25.01
    endloop
  endfacet
  facet normal 0 0 1
    outer loop
      vertex 25 47.8 25.01
      vertex 26.0096 45.7504 25.01
      vertex 26.2056 47.7408 25.01
    endloop
  endfacet
  facet normal 0 0 1
    outer loop
      vertex 25 47.8 25.01
      vertex 25 45.8 25.01
      vertex 26.0096 45.7504 25.01
    endloop
  endfacet
  facet normal 0 0 1
    outer loop
      vertex 25 47.8 25.01
      vertex 23.9904 45.7504 25.01
      vertex 25 45.8 25.01
    endloop
  endfacet
  facet normal -0 0 1
    outer loop
      vertex 23.7944 47.7408 25.01
      vertex 23.9904 45.7504 25.01
      vertex 25 47.8 25.01
    endloop
  endfacet
  facet normal 0 0 1
    outer loop
      vertex 23.7944 47.7408 25.01
      vertex 22.9906 45.6021 25.01
      vertex 23.9904 45.7504 25.01
    endloop
  endfacet
  facet normal -0 0 1
    outer loop
      vertex 22.6004 47.5637 25.01
      vertex 22.9906 45.6021 25.01
      vertex 23.7944 47.7408 25.01
    endloop
  endfacet
  facet normal 0 0 1
    outer loop
      vertex 22.6004 47.5637 25.01
      vertex 22.0101 45.3565 25.01
      vertex 22.9906 45.6021 25.01
    endloop
  endfacet
  facet normal -0 0 1
    outer loop
      vertex 21.4295 47.2704 25.01
      vertex 22.0101 45.3565 25.01
      vertex 22.6004 47.5637 25.01
    endloop
  endfacet
  facet normal 0 0 1
    outer loop
      vertex 21.4295 47.2704 25.01
      vertex 21.0584 45.016 25.01
      vertex 22.0101 45.3565 25.01
    endloop
  endfacet
  facet normal -0 0 1
    outer loop
      vertex 20.293 46.8637 25.01
      vertex 21.0584 45.016 25.01
      vertex 21.4295 47.2704 25.01
    endloop
  endfacet
  facet normal 0 0 1
    outer loop
      vertex 20.293 46.8637 25.01
      vertex 20.1446 44.5838 25.01
      vertex 21.0584 45.016 25.01
    endloop
  endfacet
  facet normal -0 0 1
    outer loop
      vertex 19.2018 46.3476 25.01
      vertex 20.1446 44.5838 25.01
      vertex 20.293 46.8637 25.01
    endloop
  endfacet
  facet normal 0 0 1
    outer loop
      vertex 20.1446 44.5838 25.01
      vertex 19.2018 46.3476 25.01
      vertex 19.2776 44.0641 25.01
    endloop
  endfacet
  facet normal -0 0 1
    outer loop
      vertex 18.1665 45.7271 25.01
      vertex 19.2776 44.0641 25.01
      vertex 19.2018 46.3476 25.01
    endloop
  endfacet
  facet normal 0 0 1
    outer loop
      vertex 19.2776 44.0641 25.01
      vertex 18.1665 45.7271 25.01
      vertex 18.4657 43.462 25.01
    endloop
  endfacet
  facet normal -0 0 1
    outer loop
      vertex 17.197 45.008 25.01
      vertex 18.4657 43.462 25.01
      vertex 18.1665 45.7271 25.01
    endloop
  endfacet
  facet normal 0 0 1
    outer loop
      vertex 18.4657 43.462 25.01
      vertex 17.197 45.008 25.01
      vertex 17.7168 42.7832 25.01
    endloop
  endfacet
  facet normal -0 0 1
    outer loop
      vertex 16.3026 44.1974 25.01
      vertex 17.7168 42.7832 25.01
      vertex 17.197 45.008 25.01
    endloop
  endfacet
  facet normal 0 0 1
    outer loop
      vertex 17.7168 42.7832 25.01
      vertex 16.3026 44.1974 25.01
      vertex 17.038 42.0342 25.01
    endloop
  endfacet
  facet normal -0 0 1
    outer loop
      vertex 15.492 43.303 25.01
      vertex 17.038 42.0342 25.01
      vertex 16.3026 44.1974 25.01
    endloop
  endfacet
  facet normal 0 0 1
    outer loop
      vertex 17.038 42.0342 25.01
      vertex 15.492 43.303 25.01
      vertex 16.4359 41.2224 25.01
    endloop
  endfacet
  facet normal -0 0 1
    outer loop
      vertex 14.7729 42.3335 25.01
      vertex 16.4359 41.2224 25.01
      vertex 15.492 43.303 25.01
    endloop
  endfacet
  facet normal 0 0 1
    outer loop
      vertex 16.4359 41.2224 25.01
      vertex 14.7729 42.3335 25.01
      vertex 15.9162 40.3554 25.01
    endloop
  endfacet
  facet normal -0 0 1
    outer loop
      vertex 14.1524 41.2982 25.01
      vertex 15.9162 40.3554 25.01
      vertex 14.7729 42.3335 25.01
    endloop
  endfacet
  facet normal 0 0 1
    outer loop
      vertex 15.9162 40.3554 25.01
      vertex 14.1524 41.2982 25.01
      vertex 15.484 39.4416 25.01
    endloop
  endfacet
  facet normal -0 0 1
    outer loop
      vertex 13.6363 40.207 25.01
      vertex 15.484 39.4416 25.01
      vertex 14.1524 41.2982 25.01
    endloop
  endfacet
  facet normal 0 0 1
    outer loop
      vertex 15.484 39.4416 25.01
      vertex 13.6363 40.207 25.01
      vertex 15.1435 38.4899 25.01
    endloop
  endfacet
  facet normal -0 0 1
    outer loop
      vertex 13.2296 39.0705 25.01
      vertex 15.1435 38.4899 25.01
      vertex 13.6363 40.207 25.01
    endloop
  endfacet
  facet normal 0 0 1
    outer loop
      vertex 15.1435 38.4899 25.01
      vertex 13.2296 39.0705 25.01
      vertex 14.8979 37.5094 25.01
    endloop
  endfacet
  facet normal -0 0 1
    outer loop
      vertex 12.9363 37.8996 25.01
      vertex 14.8979 37.5094 25.01
      vertex 13.2296 39.0705 25.01
    endloop
  endfacet
  facet normal 0 0 1
    outer loop
      vertex 14.8979 37.5094 25.01
      vertex 12.9363 37.8996 25.01
      vertex 14.8965 37.5 25.01
    endloop
  endfacet
  facet normal 0 0 1
    outer loop
      vertex 14.8965 37.5 25.01
      vertex 12.9363 37.8996 25.01
      vertex 12.8771 37.5 25.01
    endloop
  endfacet
  facet normal -0 0 1
    outer loop
      vertex 34.8565 32.5101 25.01
      vertex 36.7704 31.9295 25.01
      vertex 35.1021 33.4906 25.01
    endloop
  endfacet
  facet normal 0 0 1
    outer loop
      vertex 36.7704 31.9295 25.01
      vertex 34.8565 32.5101 25.01
      vertex 36.3637 30.793 25.01
    endloop
  endfacet
  facet normal -0 0 1
    outer loop
      vertex 34.516 31.5584 25.01
      vertex 36.3637 30.793 25.01
      vertex 34.8565 32.5101 25.01
    endloop
  endfacet
  facet normal 0 0 1
    outer loop
      vertex 36.3637 30.793 25.01
      vertex 34.516 31.5584 25.01
      vertex 35.8476 29.7018 25.01
    endloop
  endfacet
  facet normal -0 0 1
    outer loop
      vertex 34.0838 30.6446 25.01
      vertex 35.8476 29.7018 25.01
      vertex 34.516 31.5584 25.01
    endloop
  endfacet
  facet normal 0 0 1
    outer loop
      vertex 35.8476 29.7018 25.01
      vertex 34.0838 30.6446 25.01
      vertex 35.2271 28.6665 25.01
    endloop
  endfacet
  facet normal -0 0 1
    outer loop
      vertex 33.5641 29.7776 25.01
      vertex 35.2271 28.6665 25.01
      vertex 34.0838 30.6446 25.01
    endloop
  endfacet
  facet normal 0 0 1
    outer loop
      vertex 35.2271 28.6665 25.01
      vertex 33.5641 29.7776 25.01
      vertex 34.508 27.697 25.01
    endloop
  endfacet
  facet normal -0 0 1
    outer loop
      vertex 32.962 28.9657 25.01
      vertex 34.508 27.697 25.01
      vertex 33.5641 29.7776 25.01
    endloop
  endfacet
  facet normal 0 0 1
    outer loop
      vertex 34.508 27.697 25.01
      vertex 32.962 28.9657 25.01
      vertex 33.6974 26.8026 25.01
    endloop
  endfacet
  facet normal -0 0 1
    outer loop
      vertex 32.2832 28.2168 25.01
      vertex 33.6974 26.8026 25.01
      vertex 32.962 28.9657 25.01
    endloop
  endfacet
  facet normal 0 0 1
    outer loop
      vertex 33.6974 26.8026 25.01
      vertex 32.2832 28.2168 25.01
      vertex 32.803 25.992 25.01
    endloop
  endfacet
  facet normal -0 0 1
    outer loop
      vertex 31.5343 27.538 25.01
      vertex 32.803 25.992 25.01
      vertex 32.2832 28.2168 25.01
    endloop
  endfacet
  facet normal 0 0 1
    outer loop
      vertex 32.803 25.992 25.01
      vertex 31.5343 27.538 25.01
      vertex 31.8335 25.2729 25.01
    endloop
  endfacet
  facet normal -0 0 1
    outer loop
      vertex 30.7224 26.9359 25.01
      vertex 31.8335 25.2729 25.01
      vertex 31.5343 27.538 25.01
    endloop
  endfacet
  facet normal 0 0 1
    outer loop
      vertex 31.8335 25.2729 25.01
      vertex 30.7224 26.9359 25.01
      vertex 30.7982 24.6524 25.01
    endloop
  endfacet
  facet normal -0 0 1
    outer loop
      vertex 29.8554 26.4162 25.01
      vertex 30.7982 24.6524 25.01
      vertex 30.7224 26.9359 25.01
    endloop
  endfacet
  facet normal 0 0 1
    outer loop
      vertex 29.8554 26.4162 25.01
      vertex 29.707 24.1363 25.01
      vertex 30.7982 24.6524 25.01
    endloop
  endfacet
  facet normal -0 0 1
    outer loop
      vertex 28.9416 25.984 25.01
      vertex 29.707 24.1363 25.01
      vertex 29.8554 26.4162 25.01
    endloop
  endfacet
  facet normal 0 0 1
    outer loop
      vertex 28.9416 25.984 25.01
      vertex 28.5705 23.7296 25.01
      vertex 29.707 24.1363 25.01
    endloop
  endfacet
  facet normal -0 0 1
    outer loop
      vertex 27.9899 25.6435 25.01
      vertex 28.5705 23.7296 25.01
      vertex 28.9416 25.984 25.01
    endloop
  endfacet
  facet normal 0 0 1
    outer loop
      vertex 27.9899 25.6435 25.01
      vertex 27.3996 23.4363 25.01
      vertex 28.5705 23.7296 25.01
    endloop
  endfacet
  facet normal -0 0 1
    outer loop
      vertex 27.0094 25.3979 25.01
      vertex 27.3996 23.4363 25.01
      vertex 27.9899 25.6435 25.01
    endloop
  endfacet
  facet normal 0 0 1
    outer loop
      vertex 27.0094 25.3979 25.01
      vertex 26.2056 23.2592 25.01
      vertex 27.3996 23.4363 25.01
    endloop
  endfacet
  facet normal -0 0 1
    outer loop
      vertex 26.0096 25.2496 25.01
      vertex 26.2056 23.2592 25.01
      vertex 27.0094 25.3979 25.01
    endloop
  endfacet
  facet normal -0 0 1
    outer loop
      vertex 25 25.2 25.01
      vertex 26.2056 23.2592 25.01
      vertex 26.0096 25.2496 25.01
    endloop
  endfacet
  facet normal 0 0 1
    outer loop
      vertex 25 25.2 25.01
      vertex 25 23.2 25.01
      vertex 26.2056 23.2592 25.01
    endloop
  endfacet
  facet normal 0 0 1
    outer loop
      vertex 23.9904 25.2496 25.01
      vertex 25 23.2 25.01
      vertex 25 25.2 25.01
    endloop
  endfacet
  facet normal 0 0 1
    outer loop
      vertex 23.9904 25.2496 25.01
      vertex 23.7944 23.2592 25.01
      vertex 25 23.2 25.01
    endloop
  endfacet
  facet normal 0 0 1
    outer loop
      vertex 22.9906 25.3979 25.01
      vertex 23.7944 23.2592 25.01
      vertex 23.9904 25.2496 25.01
    endloop
  endfacet
  facet normal 0 0 1
    outer loop
      vertex 22.9906 25.3979 25.01
      vertex 22.6004 23.4363 25.01
      vertex 23.7944 23.2592 25.01
    endloop
  endfacet
  facet normal 0 0 1
    outer loop
      vertex 22.0101 25.6435 25.01
      vertex 22.6004 23.4363 25.01
      vertex 22.9906 25.3979 25.01
    endloop
  endfacet
  facet normal 0 0 1
    outer loop
      vertex 22.0101 25.6435 25.01
      vertex 21.4295 23.7296 25.01
      vertex 22.6004 23.4363 25.01
    endloop
  endfacet
  facet normal 0 0 1
    outer loop
      vertex 21.0584 25.984 25.01
      vertex 21.4295 23.7296 25.01
      vertex 22.0101 25.6435 25.01
    endloop
  endfacet
  facet normal 0 0 1
    outer loop
      vertex 21.0584 25.984 25.01
      vertex 20.293 24.1363 25.01
      vertex 21.4295 23.7296 25.01
    endloop
  endfacet
  facet normal 0 0 1
    outer loop
      vertex 20.1446 26.4162 25.01
      vertex 20.293 24.1363 25.01
      vertex 21.0584 25.984 25.01
    endloop
  endfacet
  facet normal 0 0 1
    outer loop
      vertex 19.2018 24.6524 25.01
      vertex 20.1446 26.4162 25.01
      vertex 19.2776 26.9359 25.01
    endloop
  endfacet
  facet normal 0 0 1
    outer loop
      vertex 20.1446 26.4162 25.01
      vertex 19.2018 24.6524 25.01
      vertex 20.293 24.1363 25.01
    endloop
  endfacet
  facet normal 0 0 1
    outer loop
      vertex 18.1665 25.2729 25.01
      vertex 19.2776 26.9359 25.01
      vertex 18.4657 27.538 25.01
    endloop
  endfacet
  facet normal 0 0 1
    outer loop
      vertex 19.2776 26.9359 25.01
      vertex 18.1665 25.2729 25.01
      vertex 19.2018 24.6524 25.01
    endloop
  endfacet
  facet normal 0 0 1
    outer loop
      vertex 17.197 25.992 25.01
      vertex 18.4657 27.538 25.01
      vertex 17.7168 28.2168 25.01
    endloop
  endfacet
  facet normal 0 0 1
    outer loop
      vertex 18.4657 27.538 25.01
      vertex 17.197 25.992 25.01
      vertex 18.1665 25.2729 25.01
    endloop
  endfacet
  facet normal 0 0 1
    outer loop
      vertex 16.3026 26.8026 25.01
      vertex 17.7168 28.2168 25.01
      vertex 17.038 28.9657 25.01
    endloop
  endfacet
  facet normal 0 0 1
    outer loop
      vertex 15.492 27.697 25.01
      vertex 17.038 28.9657 25.01
      vertex 16.4359 29.7776 25.01
    endloop
  endfacet
  facet normal 0 0 1
    outer loop
      vertex 17.7168 28.2168 25.01
      vertex 16.3026 26.8026 25.01
      vertex 17.197 25.992 25.01
    endloop
  endfacet
  facet normal 0 0 1
    outer loop
      vertex 14.7729 28.6665 25.01
      vertex 16.4359 29.7776 25.01
      vertex 15.9162 30.6446 25.01
    endloop
  endfacet
  facet normal 0 0 1
    outer loop
      vertex 17.038 28.9657 25.01
      vertex 15.492 27.697 25.01
      vertex 16.3026 26.8026 25.01
    endloop
  endfacet
  facet normal 0 0 1
    outer loop
      vertex 14.1524 29.7018 25.01
      vertex 15.9162 30.6446 25.01
      vertex 15.484 31.5584 25.01
    endloop
  endfacet
  facet normal 0 0 1
    outer loop
      vertex 13.6363 30.793 25.01
      vertex 15.484 31.5584 25.01
      vertex 15.1435 32.5101 25.01
    endloop
  endfacet
  facet normal 0 0 1
    outer loop
      vertex 13.2296 31.9295 25.01
      vertex 15.1435 32.5101 25.01
      vertex 14.8979 33.4906 25.01
    endloop
  endfacet
  facet normal 0 0 1
    outer loop
      vertex 12.9363 33.1004 25.01
      vertex 14.8979 33.4906 25.01
      vertex 14.8965 33.5 25.01
    endloop
  endfacet
  facet normal 0 0 1
    outer loop
      vertex 16.4359 29.7776 25.01
      vertex 14.7729 28.6665 25.01
      vertex 15.492 27.697 25.01
    endloop
  endfacet
  facet normal 0 0 1
    outer loop
      vertex 15.9162 30.6446 25.01
      vertex 14.1524 29.7018 25.01
      vertex 14.7729 28.6665 25.01
    endloop
  endfacet
  facet normal 0 0 1
    outer loop
      vertex 15.484 31.5584 25.01
      vertex 13.6363 30.793 25.01
      vertex 14.1524 29.7018 25.01
    endloop
  endfacet
  facet normal 0 0 1
    outer loop
      vertex 15.1435 32.5101 25.01
      vertex 13.2296 31.9295 25.01
      vertex 13.6363 30.793 25.01
    endloop
  endfacet
  facet normal 0 0 1
    outer loop
      vertex 14.8979 33.4906 25.01
      vertex 12.9363 33.1004 25.01
      vertex 13.2296 31.9295 25.01
    endloop
  endfacet
  facet normal 0 -0 1
    outer loop
      vertex 12.9363 33.1004 25.01
      vertex 14.8965 33.5 25.01
      vertex 12.8771 33.5 25.01
    endloop
  endfacet
  facet normal 0.903989 0.427556 0
    outer loop
      vertex 36.3637 40.207 25.01
      vertex 35.8476 41.2982 23
      vertex 35.8476 41.2982 25.01
    endloop
  endfacet
  facet normal 0.903989 0.427556 0
    outer loop
      vertex 35.8476 41.2982 23
      vertex 36.3637 40.207 25.01
      vertex 36.3637 40.207 23
    endloop
  endfacet
  facet normal -0.427556 -0.903989 0
    outer loop
      vertex 19.2018 24.6524 23
      vertex 20.293 24.1363 25.01
      vertex 19.2018 24.6524 25.01
    endloop
  endfacet
  facet normal -0.427556 -0.903989 -0
    outer loop
      vertex 20.293 24.1363 25.01
      vertex 19.2018 24.6524 23
      vertex 20.293 24.1363 23
    endloop
  endfacet
  facet normal 0.671542 0.740966 -0
    outer loop
      vertex 33.6974 44.1974 23
      vertex 32.803 45.008 25.01
      vertex 33.6974 44.1974 25.01
    endloop
  endfacet
  facet normal 0.671542 0.740966 0
    outer loop
      vertex 32.803 45.008 25.01
      vertex 33.6974 44.1974 23
      vertex 32.803 45.008 23
    endloop
  endfacet
  facet normal 0.97003 -0.242984 0
    outer loop
      vertex 36.7704 31.9295 25.01
      vertex 37.0637 33.1004 23
      vertex 37.0637 33.1004 25.01
    endloop
  endfacet
  facet normal 0.97003 -0.242984 0
    outer loop
      vertex 37.0637 33.1004 23
      vertex 36.7704 31.9295 25.01
      vertex 36.7704 31.9295 23
    endloop
  endfacet
  facet normal 0.97003 0.242984 0
    outer loop
      vertex 37.0637 37.8996 25.01
      vertex 36.7704 39.0705 23
      vertex 36.7704 39.0705 25.01
    endloop
  endfacet
  facet normal 0.97003 0.242984 0
    outer loop
      vertex 36.7704 39.0705 23
      vertex 37.0637 37.8996 25.01
      vertex 37.0637 37.8996 23
    endloop
  endfacet
  facet normal 0.94153 -0.336929 0
    outer loop
      vertex 36.3637 30.793 25.01
      vertex 36.7704 31.9295 23
      vertex 36.7704 31.9295 25.01
    endloop
  endfacet
  facet normal 0.94153 -0.336929 0
    outer loop
      vertex 36.7704 31.9295 23
      vertex 36.3637 30.793 25.01
      vertex 36.3637 30.793 23
    endloop
  endfacet
  facet normal -0.94153 -0.336929 0
    outer loop
      vertex 13.6363 30.793 23
      vertex 13.2296 31.9295 25.01
      vertex 13.2296 31.9295 23
    endloop
  endfacet
  facet normal -0.94153 -0.336929 0
    outer loop
      vertex 13.2296 31.9295 25.01
      vertex 13.6363 30.793 23
      vertex 13.6363 30.793 25.01
    endloop
  endfacet
  facet normal 0.427556 0.903989 -0
    outer loop
      vertex 30.7982 46.3476 23
      vertex 29.707 46.8637 25.01
      vertex 30.7982 46.3476 25.01
    endloop
  endfacet
  facet normal 0.427556 0.903989 0
    outer loop
      vertex 29.707 46.8637 25.01
      vertex 30.7982 46.3476 23
      vertex 29.707 46.8637 23
    endloop
  endfacet
  facet normal 0.514081 -0.857741 0
    outer loop
      vertex 30.7982 24.6524 23
      vertex 31.8335 25.2729 25.01
      vertex 30.7982 24.6524 25.01
    endloop
  endfacet
  facet normal 0.514081 -0.857741 0
    outer loop
      vertex 31.8335 25.2729 25.01
      vertex 30.7982 24.6524 23
      vertex 31.8335 25.2729 23
    endloop
  endfacet
  facet normal -0.857741 -0.514081 0
    outer loop
      vertex 14.7729 28.6665 23
      vertex 14.1524 29.7018 25.01
      vertex 14.1524 29.7018 23
    endloop
  endfacet
  facet normal -0.857741 -0.514081 0
    outer loop
      vertex 14.1524 29.7018 25.01
      vertex 14.7729 28.6665 23
      vertex 14.7729 28.6665 25.01
    endloop
  endfacet
  facet normal 0.514081 0.857741 -0
    outer loop
      vertex 31.8335 45.7271 23
      vertex 30.7982 46.3476 25.01
      vertex 31.8335 45.7271 25.01
    endloop
  endfacet
  facet normal 0.514081 0.857741 0
    outer loop
      vertex 30.7982 46.3476 25.01
      vertex 31.8335 45.7271 23
      vertex 30.7982 46.3476 23
    endloop
  endfacet
  facet normal 0.94153 0.336929 0
    outer loop
      vertex 36.7704 39.0705 25.01
      vertex 36.3637 40.207 23
      vertex 36.3637 40.207 25.01
    endloop
  endfacet
  facet normal 0.94153 0.336929 0
    outer loop
      vertex 36.3637 40.207 23
      vertex 36.7704 39.0705 25.01
      vertex 36.7704 39.0705 23
    endloop
  endfacet
  facet normal -0.427556 0.903989 0
    outer loop
      vertex 20.293 46.8637 23
      vertex 19.2018 46.3476 25.01
      vertex 20.293 46.8637 25.01
    endloop
  endfacet
  facet normal -0.427556 0.903989 0
    outer loop
      vertex 19.2018 46.3476 25.01
      vertex 20.293 46.8637 23
      vertex 19.2018 46.3476 23
    endloop
  endfacet
  facet normal 0.0490451 -0.998797 0
    outer loop
      vertex 25 23.2 23
      vertex 26.2056 23.2592 25.01
      vertex 25 23.2 25.01
    endloop
  endfacet
  facet normal 0.0490451 -0.998797 0
    outer loop
      vertex 26.2056 23.2592 25.01
      vertex 25 23.2 23
      vertex 26.2056 23.2592 23
    endloop
  endfacet
  facet normal 0.14672 0.989178 -0
    outer loop
      vertex 27.3996 47.5637 23
      vertex 26.2056 47.7408 25.01
      vertex 27.3996 47.5637 25.01
    endloop
  endfacet
  facet normal 0.14672 0.989178 0
    outer loop
      vertex 26.2056 47.7408 25.01
      vertex 27.3996 47.5637 23
      vertex 26.2056 47.7408 23
    endloop
  endfacet
  facet normal 0.0490451 0.998797 -0
    outer loop
      vertex 26.2056 47.7408 23
      vertex 25 47.8 25.01
      vertex 26.2056 47.7408 25.01
    endloop
  endfacet
  facet normal 0.0490451 0.998797 0
    outer loop
      vertex 25 47.8 25.01
      vertex 26.2056 47.7408 23
      vertex 25 47.8 23
    endloop
  endfacet
  facet normal -0.671542 0.740966 0
    outer loop
      vertex 17.197 45.008 23
      vertex 16.3026 44.1974 25.01
      vertex 17.197 45.008 25.01
    endloop
  endfacet
  facet normal -0.671542 0.740966 0
    outer loop
      vertex 16.3026 44.1974 25.01
      vertex 17.197 45.008 23
      vertex 16.3026 44.1974 23
    endloop
  endfacet
  facet normal 0.857741 -0.514081 0
    outer loop
      vertex 35.2271 28.6665 25.01
      vertex 35.8476 29.7018 23
      vertex 35.8476 29.7018 25.01
    endloop
  endfacet
  facet normal 0.857741 -0.514081 0
    outer loop
      vertex 35.8476 29.7018 23
      vertex 35.2271 28.6665 25.01
      vertex 35.2271 28.6665 23
    endloop
  endfacet
  facet normal -0.595737 -0.80318 0
    outer loop
      vertex 17.197 25.992 23
      vertex 18.1665 25.2729 25.01
      vertex 17.197 25.992 25.01
    endloop
  endfacet
  facet normal -0.595737 -0.80318 -0
    outer loop
      vertex 18.1665 25.2729 25.01
      vertex 17.197 25.992 23
      vertex 18.1665 25.2729 23
    endloop
  endfacet
  facet normal -0.80318 -0.595737 0
    outer loop
      vertex 15.492 27.697 23
      vertex 14.7729 28.6665 25.01
      vertex 14.7729 28.6665 23
    endloop
  endfacet
  facet normal -0.80318 -0.595737 0
    outer loop
      vertex 14.7729 28.6665 25.01
      vertex 15.492 27.697 23
      vertex 15.492 27.697 25.01
    endloop
  endfacet
  facet normal 0.427556 -0.903989 0
    outer loop
      vertex 29.707 24.1363 23
      vertex 30.7982 24.6524 25.01
      vertex 29.707 24.1363 25.01
    endloop
  endfacet
  facet normal 0.427556 -0.903989 0
    outer loop
      vertex 30.7982 24.6524 25.01
      vertex 29.707 24.1363 23
      vertex 30.7982 24.6524 23
    endloop
  endfacet
  facet normal 0.857741 0.514081 0
    outer loop
      vertex 35.8476 41.2982 25.01
      vertex 35.2271 42.3335 23
      vertex 35.2271 42.3335 25.01
    endloop
  endfacet
  facet normal 0.857741 0.514081 0
    outer loop
      vertex 35.2271 42.3335 23
      vertex 35.8476 41.2982 25.01
      vertex 35.8476 41.2982 23
    endloop
  endfacet
  facet normal -0.514081 0.857741 0
    outer loop
      vertex 19.2018 46.3476 23
      vertex 18.1665 45.7271 25.01
      vertex 19.2018 46.3476 25.01
    endloop
  endfacet
  facet normal -0.514081 0.857741 0
    outer loop
      vertex 18.1665 45.7271 25.01
      vertex 19.2018 46.3476 23
      vertex 18.1665 45.7271 23
    endloop
  endfacet
  facet normal 0.595737 0.80318 -0
    outer loop
      vertex 32.803 45.008 23
      vertex 31.8335 45.7271 25.01
      vertex 32.803 45.008 25.01
    endloop
  endfacet
  facet normal 0.595737 0.80318 0
    outer loop
      vertex 31.8335 45.7271 25.01
      vertex 32.803 45.008 23
      vertex 31.8335 45.7271 23
    endloop
  endfacet
  facet normal -0.903989 -0.427556 0
    outer loop
      vertex 14.1524 29.7018 23
      vertex 13.6363 30.793 25.01
      vertex 13.6363 30.793 23
    endloop
  endfacet
  facet normal -0.903989 -0.427556 0
    outer loop
      vertex 13.6363 30.793 25.01
      vertex 14.1524 29.7018 23
      vertex 14.1524 29.7018 25.01
    endloop
  endfacet
  facet normal -0.857741 0.514081 0
    outer loop
      vertex 14.1524 41.2982 23
      vertex 14.7729 42.3335 25.01
      vertex 14.7729 42.3335 23
    endloop
  endfacet
  facet normal -0.857741 0.514081 0
    outer loop
      vertex 14.7729 42.3335 25.01
      vertex 14.1524 41.2982 23
      vertex 14.1524 41.2982 25.01
    endloop
  endfacet
  facet normal -0.242984 0.97003 0
    outer loop
      vertex 22.6004 47.5637 23
      vertex 21.4295 47.2704 25.01
      vertex 22.6004 47.5637 25.01
    endloop
  endfacet
  facet normal -0.242984 0.97003 0
    outer loop
      vertex 21.4295 47.2704 25.01
      vertex 22.6004 47.5637 23
      vertex 21.4295 47.2704 23
    endloop
  endfacet
  facet normal -0.740966 -0.671542 0
    outer loop
      vertex 16.3026 26.8026 23
      vertex 15.492 27.697 25.01
      vertex 15.492 27.697 23
    endloop
  endfacet
  facet normal -0.740966 -0.671542 0
    outer loop
      vertex 15.492 27.697 25.01
      vertex 16.3026 26.8026 23
      vertex 16.3026 26.8026 25.01
    endloop
  endfacet
  facet normal -0.94153 0.336929 0
    outer loop
      vertex 13.2296 39.0705 23
      vertex 13.6363 40.207 25.01
      vertex 13.6363 40.207 23
    endloop
  endfacet
  facet normal -0.94153 0.336929 0
    outer loop
      vertex 13.6363 40.207 25.01
      vertex 13.2296 39.0705 23
      vertex 13.2296 39.0705 25.01
    endloop
  endfacet
  facet normal -0.97003 -0.242984 0
    outer loop
      vertex 13.2296 31.9295 23
      vertex 12.9363 33.1004 25.01
      vertex 12.9363 33.1004 23
    endloop
  endfacet
  facet normal -0.97003 -0.242984 0
    outer loop
      vertex 12.9363 33.1004 25.01
      vertex 13.2296 31.9295 23
      vertex 13.2296 31.9295 25.01
    endloop
  endfacet
  facet normal -0.903989 0.427556 0
    outer loop
      vertex 13.6363 40.207 23
      vertex 14.1524 41.2982 25.01
      vertex 14.1524 41.2982 23
    endloop
  endfacet
  facet normal -0.903989 0.427556 0
    outer loop
      vertex 14.1524 41.2982 25.01
      vertex 13.6363 40.207 23
      vertex 13.6363 40.207 25.01
    endloop
  endfacet
  facet normal 0.242984 0.97003 -0
    outer loop
      vertex 28.5705 47.2704 23
      vertex 27.3996 47.5637 25.01
      vertex 28.5705 47.2704 25.01
    endloop
  endfacet
  facet normal 0.242984 0.97003 0
    outer loop
      vertex 27.3996 47.5637 25.01
      vertex 28.5705 47.2704 23
      vertex 27.3996 47.5637 23
    endloop
  endfacet
  facet normal -0.989203 -0.146549 0
    outer loop
      vertex 12.9363 33.1004 23
      vertex 12.8771 33.5 25.01
      vertex 12.8771 33.5 23
    endloop
  endfacet
  facet normal -0.989203 -0.146549 0
    outer loop
      vertex 12.8771 33.5 25.01
      vertex 12.9363 33.1004 23
      vertex 12.9363 33.1004 25.01
    endloop
  endfacet
  facet normal -0.336929 -0.94153 0
    outer loop
      vertex 20.293 24.1363 23
      vertex 21.4295 23.7296 25.01
      vertex 20.293 24.1363 25.01
    endloop
  endfacet
  facet normal -0.336929 -0.94153 -0
    outer loop
      vertex 21.4295 23.7296 25.01
      vertex 20.293 24.1363 23
      vertex 21.4295 23.7296 23
    endloop
  endfacet
  facet normal 0.740966 -0.671542 0
    outer loop
      vertex 33.6974 26.8026 25.01
      vertex 34.508 27.697 23
      vertex 34.508 27.697 25.01
    endloop
  endfacet
  facet normal 0.740966 -0.671542 0
    outer loop
      vertex 34.508 27.697 23
      vertex 33.6974 26.8026 25.01
      vertex 33.6974 26.8026 23
    endloop
  endfacet
  facet normal -0.740966 0.671542 0
    outer loop
      vertex 15.492 43.303 23
      vertex 16.3026 44.1974 25.01
      vertex 16.3026 44.1974 23
    endloop
  endfacet
  facet normal -0.740966 0.671542 0
    outer loop
      vertex 16.3026 44.1974 25.01
      vertex 15.492 43.303 23
      vertex 15.492 43.303 25.01
    endloop
  endfacet
  facet normal -0.671542 -0.740966 0
    outer loop
      vertex 16.3026 26.8026 23
      vertex 17.197 25.992 25.01
      vertex 16.3026 26.8026 25.01
    endloop
  endfacet
  facet normal -0.671542 -0.740966 -0
    outer loop
      vertex 17.197 25.992 25.01
      vertex 16.3026 26.8026 23
      vertex 17.197 25.992 23
    endloop
  endfacet
  facet normal 0.595737 -0.80318 0
    outer loop
      vertex 31.8335 25.2729 23
      vertex 32.803 25.992 25.01
      vertex 31.8335 25.2729 25.01
    endloop
  endfacet
  facet normal 0.595737 -0.80318 0
    outer loop
      vertex 32.803 25.992 25.01
      vertex 31.8335 25.2729 23
      vertex 32.803 25.992 23
    endloop
  endfacet
  facet normal -0.80318 0.595737 0
    outer loop
      vertex 14.7729 42.3335 23
      vertex 15.492 43.303 25.01
      vertex 15.492 43.303 23
    endloop
  endfacet
  facet normal -0.80318 0.595737 0
    outer loop
      vertex 15.492 43.303 25.01
      vertex 14.7729 42.3335 23
      vertex 14.7729 42.3335 25.01
    endloop
  endfacet
  facet normal -0.14672 -0.989178 0
    outer loop
      vertex 22.6004 23.4363 23
      vertex 23.7944 23.2592 25.01
      vertex 22.6004 23.4363 25.01
    endloop
  endfacet
  facet normal -0.14672 -0.989178 -0
    outer loop
      vertex 23.7944 23.2592 25.01
      vertex 22.6004 23.4363 23
      vertex 23.7944 23.2592 23
    endloop
  endfacet
  facet normal 0.336929 -0.94153 0
    outer loop
      vertex 28.5705 23.7296 23
      vertex 29.707 24.1363 25.01
      vertex 28.5705 23.7296 25.01
    endloop
  endfacet
  facet normal 0.336929 -0.94153 0
    outer loop
      vertex 29.707 24.1363 25.01
      vertex 28.5705 23.7296 23
      vertex 29.707 24.1363 23
    endloop
  endfacet
  facet normal 0 0.707109 -0.707105
    outer loop
      vertex 24.005 5.12599 16.874
      vertex 0 8.49197 20.24
      vertex 24.005 8.49197 20.24
    endloop
  endfacet
  facet normal 0 0.707109 -0.707105
    outer loop
      vertex 0 8.49197 20.24
      vertex 24.005 5.12599 16.874
      vertex 0 5.12599 16.874
    endloop
  endfacet
  facet normal 0 -0.38269 0.923877
    outer loop
      vertex 0 13.9503 4.72836
      vertex 24.005 12.8485 4.27197
      vertex 24.005 13.9503 4.72836
    endloop
  endfacet
  facet normal 0 -0.38269 0.923877
    outer loop
      vertex 24.005 12.8485 4.27197
      vertex 0 13.9503 4.72836
      vertex 0 12.8485 4.27197
    endloop
  endfacet
  facet normal 0 -0.233441 0.972371
    outer loop
      vertex 0 12.8485 4.27197
      vertex 24.005 11.6889 3.99358
      vertex 24.005 12.8485 4.27197
    endloop
  endfacet
  facet normal 0 -0.233441 0.972371
    outer loop
      vertex 24.005 11.6889 3.99358
      vertex 0 12.8485 4.27197
      vertex 0 11.6889 3.99358
    endloop
  endfacet
  facet normal 0 -0.972369 -0.233449
    outer loop
      vertex 0 18.0064 12.6889
      vertex 24.005 17.728 13.8485
      vertex 0 17.728 13.8485
    endloop
  endfacet
  facet normal 0 -0.972369 -0.233449
    outer loop
      vertex 24.005 17.728 13.8485
      vertex 0 18.0064 12.6889
      vertex 24.005 18.0064 12.6889
    endloop
  endfacet
  facet normal 0 -0.0784604 0.996917
    outer loop
      vertex 0 11.6889 3.99358
      vertex 24.005 10.5 3.90001
      vertex 24.005 11.6889 3.99358
    endloop
  endfacet
  facet normal 0 -0.0784604 0.996917
    outer loop
      vertex 24.005 10.5 3.90001
      vertex 0 11.6889 3.99358
      vertex 0 10.5 3.90001
    endloop
  endfacet
  facet normal 0 0 -1
    outer loop
      vertex 0 8.49197 20.24
      vertex 24.005 12.508 20.24
      vertex 24.005 8.49197 20.24
    endloop
  endfacet
  facet normal -0 0 -1
    outer loop
      vertex 24.005 12.508 20.24
      vertex 0 8.49197 20.24
      vertex 0 12.508 20.24
    endloop
  endfacet
  facet normal 0 -0.996915 0.0784854
    outer loop
      vertex 0 18.0064 10.3111
      vertex 24.005 18.1 11.5
      vertex 0 18.1 11.5
    endloop
  endfacet
  facet normal 0 -0.996915 0.0784854
    outer loop
      vertex 24.005 18.1 11.5
      vertex 0 18.0064 10.3111
      vertex 24.005 18.0064 10.3111
    endloop
  endfacet
  facet normal 0 0.852658 -0.52247
    outer loop
      vertex 24.005 3.72836 14.9503
      vertex 0 4.35147 15.9672
      vertex 24.005 4.35147 15.9672
    endloop
  endfacet
  facet normal 0 0.852658 -0.52247
    outer loop
      vertex 0 4.35147 15.9672
      vertex 24.005 3.72836 14.9503
      vertex 0 3.72836 14.9503
    endloop
  endfacet
  facet normal 0 -0.97237 0.233443
    outer loop
      vertex 0 17.728 9.15147
      vertex 24.005 18.0064 10.3111
      vertex 0 18.0064 10.3111
    endloop
  endfacet
  facet normal 0 -0.97237 0.233443
    outer loop
      vertex 24.005 18.0064 10.3111
      vertex 0 17.728 9.15147
      vertex 24.005 17.728 9.15147
    endloop
  endfacet
  facet normal -1 0 0
    outer loop
      vertex 24.005 15.25 11.5
      vertex 24.005 18.1 11.5
      vertex 24.005 18.0064 10.3111
    endloop
  endfacet
  facet normal -1 0 0
    outer loop
      vertex 24.005 15.1915 10.7569
      vertex 24.005 18.0064 10.3111
      vertex 24.005 17.728 9.15147
    endloop
  endfacet
  facet normal -1 0 0
    outer loop
      vertex 24.005 18.1 11.5
      vertex 24.005 15.25 11.5
      vertex 24.005 18.0064 12.6889
    endloop
  endfacet
  facet normal -1 0 0
    outer loop
      vertex 24.005 15.0175 10.0322
      vertex 24.005 17.728 9.15147
      vertex 24.005 17.2716 8.04968
    endloop
  endfacet
  facet normal -1 0 0
    outer loop
      vertex 24.005 15.1915 12.2431
      vertex 24.005 18.0064 12.6889
      vertex 24.005 15.25 11.5
    endloop
  endfacet
  facet normal -1 0 0
    outer loop
      vertex 24.005 14.7323 9.34355
      vertex 24.005 17.2716 8.04968
      vertex 24.005 16.6485 7.03284
    endloop
  endfacet
  facet normal -1 -0 0
    outer loop
      vertex 24.005 18.0064 12.6889
      vertex 24.005 15.1915 12.2431
      vertex 24.005 17.728 13.8485
    endloop
  endfacet
  facet normal -1 0 0
    outer loop
      vertex 24.005 14.3428 8.70802
      vertex 24.005 16.6485 7.03284
      vertex 24.005 15.874 6.12599
    endloop
  endfacet
  facet normal -1 0 0
    outer loop
      vertex 24.005 15.0175 12.9678
      vertex 24.005 17.728 13.8485
      vertex 24.005 15.1915 12.2431
    endloop
  endfacet
  facet normal -1 -0 0
    outer loop
      vertex 24.005 17.728 13.8485
      vertex 24.005 15.0175 12.9678
      vertex 24.005 17.2716 14.9503
    endloop
  endfacet
  facet normal -1 0 0
    outer loop
      vertex 24.005 18.0064 10.3111
      vertex 24.005 15.1915 10.7569
      vertex 24.005 15.25 11.5
    endloop
  endfacet
  facet normal -1 0 0
    outer loop
      vertex 24.005 17.728 9.15147
      vertex 24.005 15.0175 10.0322
      vertex 24.005 15.1915 10.7569
    endloop
  endfacet
  facet normal -1 0 0
    outer loop
      vertex 24.005 13.8587 8.14125
      vertex 24.005 15.874 6.12599
      vertex 24.005 14.9672 5.35147
    endloop
  endfacet
  facet normal -1 0 0
    outer loop
      vertex 24.005 17.2716 8.04968
      vertex 24.005 14.7323 9.34355
      vertex 24.005 15.0175 10.0322
    endloop
  endfacet
  facet normal -1 0 0
    outer loop
      vertex 24.005 16.6485 7.03284
      vertex 24.005 14.3428 8.70802
      vertex 24.005 14.7323 9.34355
    endloop
  endfacet
  facet normal -1 0 0
    outer loop
      vertex 24.005 13.292 7.65718
      vertex 24.005 14.9672 5.35147
      vertex 24.005 13.9503 4.72836
    endloop
  endfacet
  facet normal -1 0 0
    outer loop
      vertex 24.005 15.874 6.12599
      vertex 24.005 13.8587 8.14125
      vertex 24.005 14.3428 8.70802
    endloop
  endfacet
  facet normal -1 0 0
    outer loop
      vertex 24.005 14.9672 5.35147
      vertex 24.005 13.292 7.65718
      vertex 24.005 13.8587 8.14125
    endloop
  endfacet
  facet normal -1 0 0
    outer loop
      vertex 24.005 12.6564 7.26773
      vertex 24.005 13.9503 4.72836
      vertex 24.005 12.8485 4.27197
    endloop
  endfacet
  facet normal -1 0 0
    outer loop
      vertex 24.005 13.9503 4.72836
      vertex 24.005 12.6564 7.26773
      vertex 24.005 13.292 7.65718
    endloop
  endfacet
  facet normal -1 0 0
    outer loop
      vertex 24.005 12.8485 4.27197
      vertex 24.005 11.9678 6.98248
      vertex 24.005 12.6564 7.26773
    endloop
  endfacet
  facet normal -1 0 0
    outer loop
      vertex 24.005 11.6889 3.99358
      vertex 24.005 11.9678 6.98248
      vertex 24.005 12.8485 4.27197
    endloop
  endfacet
  facet normal -1 0 0
    outer loop
      vertex 24.005 11.6889 3.99358
      vertex 24.005 11.2431 6.80849
      vertex 24.005 11.9678 6.98248
    endloop
  endfacet
  facet normal -1 0 0
    outer loop
      vertex 24.005 10.5 3.90001
      vertex 24.005 11.2431 6.80849
      vertex 24.005 11.6889 3.99358
    endloop
  endfacet
  facet normal -1 0 0
    outer loop
      vertex 24.005 10.5 3.90001
      vertex 24.005 10.5 6.75
      vertex 24.005 11.2431 6.80849
    endloop
  endfacet
  facet normal -1 0 0
    outer loop
      vertex 24.005 10.5 3.90001
      vertex 24.005 9.75694 6.80849
      vertex 24.005 10.5 6.75
    endloop
  endfacet
  facet normal -1 0 0
    outer loop
      vertex 24.005 9.31111 3.99358
      vertex 24.005 9.75694 6.80849
      vertex 24.005 10.5 3.90001
    endloop
  endfacet
  facet normal -1 0 0
    outer loop
      vertex 24.005 9.31111 3.99358
      vertex 24.005 9.03218 6.98248
      vertex 24.005 9.75694 6.80849
    endloop
  endfacet
  facet normal -1 0 0
    outer loop
      vertex 24.005 8.15147 4.27197
      vertex 24.005 9.03218 6.98248
      vertex 24.005 9.31111 3.99358
    endloop
  endfacet
  facet normal -1 -0 0
    outer loop
      vertex 24.005 9.03218 6.98248
      vertex 24.005 8.15147 4.27197
      vertex 24.005 8.34355 7.26773
    endloop
  endfacet
  facet normal -1 0 0
    outer loop
      vertex 24.005 7.04968 4.72836
      vertex 24.005 8.34355 7.26773
      vertex 24.005 8.15147 4.27197
    endloop
  endfacet
  facet normal -1 -0 0
    outer loop
      vertex 24.005 8.34355 7.26773
      vertex 24.005 7.04968 4.72836
      vertex 24.005 7.70802 7.65718
    endloop
  endfacet
  facet normal -1 0 0
    outer loop
      vertex 24.005 6.03284 5.35147
      vertex 24.005 7.70802 7.65718
      vertex 24.005 7.04968 4.72836
    endloop
  endfacet
  facet normal -1 -0 0
    outer loop
      vertex 24.005 7.70802 7.65718
      vertex 24.005 6.03284 5.35147
      vertex 24.005 7.14125 8.14125
    endloop
  endfacet
  facet normal -1 0 0
    outer loop
      vertex 24.005 5.12599 6.12599
      vertex 24.005 7.14125 8.14125
      vertex 24.005 6.03284 5.35147
    endloop
  endfacet
  facet normal -1 -0 0
    outer loop
      vertex 24.005 7.14125 8.14125
      vertex 24.005 5.12599 6.12599
      vertex 24.005 6.65718 8.70802
    endloop
  endfacet
  facet normal -1 0 0
    outer loop
      vertex 24.005 4.35147 7.03284
      vertex 24.005 6.65718 8.70802
      vertex 24.005 5.12599 6.12599
    endloop
  endfacet
  facet normal -1 -0 0
    outer loop
      vertex 24.005 6.65718 8.70802
      vertex 24.005 4.35147 7.03284
      vertex 24.005 6.26773 9.34355
    endloop
  endfacet
  facet normal -1 0 0
    outer loop
      vertex 24.005 3.72836 8.04968
      vertex 24.005 6.26773 9.34355
      vertex 24.005 4.35147 7.03284
    endloop
  endfacet
  facet normal -1 -0 0
    outer loop
      vertex 24.005 6.26773 9.34355
      vertex 24.005 3.72836 8.04968
      vertex 24.005 5.98248 10.0322
    endloop
  endfacet
  facet normal -1 0 0
    outer loop
      vertex 24.005 14.7323 13.6564
      vertex 24.005 17.2716 14.9503
      vertex 24.005 15.0175 12.9678
    endloop
  endfacet
  facet normal -1 -0 0
    outer loop
      vertex 24.005 17.2716 14.9503
      vertex 24.005 14.7323 13.6564
      vertex 24.005 16.6485 15.9672
    endloop
  endfacet
  facet normal -1 0 0
    outer loop
      vertex 24.005 14.3428 14.292
      vertex 24.005 16.6485 15.9672
      vertex 24.005 14.7323 13.6564
    endloop
  endfacet
  facet normal -1 -0 0
    outer loop
      vertex 24.005 16.6485 15.9672
      vertex 24.005 14.3428 14.292
      vertex 24.005 15.874 16.874
    endloop
  endfacet
  facet normal -1 0 0
    outer loop
      vertex 24.005 13.8587 14.8587
      vertex 24.005 15.874 16.874
      vertex 24.005 14.3428 14.292
    endloop
  endfacet
  facet normal -1 0 0
    outer loop
      vertex 24.005 11.755 16.9625
      vertex 24.005 15.874 16.874
      vertex 24.005 13.8587 14.8587
    endloop
  endfacet
  facet normal -1 0 0
    outer loop
      vertex 24.005 15.874 16.874
      vertex 24.005 11.755 16.9625
      vertex 24.005 12.508 20.24
    endloop
  endfacet
  facet normal -1 0 0
    outer loop
      vertex 24.005 9.24498 16.9625
      vertex 24.005 12.508 20.24
      vertex 24.005 11.755 16.9625
    endloop
  endfacet
  facet normal -1 0 0
    outer loop
      vertex 24.005 9.24498 16.9625
      vertex 24.005 8.49197 20.24
      vertex 24.005 12.508 20.24
    endloop
  endfacet
  facet normal -1 0 0
    outer loop
      vertex 24.005 5.12599 16.874
      vertex 24.005 9.24498 16.9625
      vertex 24.005 7.14125 14.8587
    endloop
  endfacet
  facet normal -1 0 0
    outer loop
      vertex 24.005 5.12599 16.874
      vertex 24.005 7.14125 14.8587
      vertex 24.005 6.65718 14.292
    endloop
  endfacet
  facet normal -1 0 0
    outer loop
      vertex 24.005 4.35147 15.9672
      vertex 24.005 6.65718 14.292
      vertex 24.005 6.26773 13.6564
    endloop
  endfacet
  facet normal -1 0 0
    outer loop
      vertex 24.005 3.72836 14.9503
      vertex 24.005 6.26773 13.6564
      vertex 24.005 5.98248 12.9678
    endloop
  endfacet
  facet normal -1 0 0
    outer loop
      vertex 24.005 3.27197 9.15147
      vertex 24.005 5.98248 10.0322
      vertex 24.005 3.72836 8.04968
    endloop
  endfacet
  facet normal -1 -0 0
    outer loop
      vertex 24.005 9.24498 16.9625
      vertex 24.005 5.12599 16.874
      vertex 24.005 8.49197 20.24
    endloop
  endfacet
  facet normal -1 0 0
    outer loop
      vertex 24.005 3.27197 13.8485
      vertex 24.005 5.98248 12.9678
      vertex 24.005 5.80849 12.2431
    endloop
  endfacet
  facet normal -1 -0 0
    outer loop
      vertex 24.005 5.98248 10.0322
      vertex 24.005 3.27197 9.15147
      vertex 24.005 5.80849 10.7569
    endloop
  endfacet
  facet normal -1 0 0
    outer loop
      vertex 24.005 2.99358 10.3111
      vertex 24.005 5.80849 10.7569
      vertex 24.005 3.27197 9.15147
    endloop
  endfacet
  facet normal -1 0 0
    outer loop
      vertex 24.005 6.65718 14.292
      vertex 24.005 4.35147 15.9672
      vertex 24.005 5.12599 16.874
    endloop
  endfacet
  facet normal -1 -0 0
    outer loop
      vertex 24.005 5.80849 10.7569
      vertex 24.005 2.99358 10.3111
      vertex 24.005 5.75 11.5
    endloop
  endfacet
  facet normal -1 0 0
    outer loop
      vertex 24.005 6.26773 13.6564
      vertex 24.005 3.72836 14.9503
      vertex 24.005 4.35147 15.9672
    endloop
  endfacet
  facet normal -1 0 0
    outer loop
      vertex 24.005 2.90001 11.5
      vertex 24.005 5.75 11.5
      vertex 24.005 2.99358 10.3111
    endloop
  endfacet
  facet normal -1 0 0
    outer loop
      vertex 24.005 5.98248 12.9678
      vertex 24.005 3.27197 13.8485
      vertex 24.005 3.72836 14.9503
    endloop
  endfacet
  facet normal -1 0 0
    outer loop
      vertex 24.005 5.75 11.5
      vertex 24.005 2.90001 11.5
      vertex 24.005 5.80849 12.2431
    endloop
  endfacet
  facet normal -1 0 0
    outer loop
      vertex 24.005 5.80849 12.2431
      vertex 24.005 2.99358 12.6889
      vertex 24.005 3.27197 13.8485
    endloop
  endfacet
  facet normal -1 -0 0
    outer loop
      vertex 24.005 5.80849 12.2431
      vertex 24.005 2.90001 11.5
      vertex 24.005 2.99358 12.6889
    endloop
  endfacet
  facet normal -0 0.233434 0.972373
    outer loop
      vertex 0 9.31111 3.99358
      vertex 24.005 8.15147 4.27197
      vertex 24.005 9.31111 3.99358
    endloop
  endfacet
  facet normal 0 0.233434 0.972373
    outer loop
      vertex 24.005 8.15147 4.27197
      vertex 0 9.31111 3.99358
      vertex 0 8.15147 4.27197
    endloop
  endfacet
  facet normal -0 0.382693 0.923875
    outer loop
      vertex 0 8.15147 4.27197
      vertex 24.005 7.04968 4.72836
      vertex 24.005 8.15147 4.27197
    endloop
  endfacet
  facet normal 0 0.382693 0.923875
    outer loop
      vertex 24.005 7.04968 4.72836
      vertex 0 8.15147 4.27197
      vertex 0 7.04968 4.72836
    endloop
  endfacet
  facet normal 0 0.76039 -0.649467
    outer loop
      vertex 24.005 4.35147 15.9672
      vertex 0 5.12599 16.874
      vertex 24.005 5.12599 16.874
    endloop
  endfacet
  facet normal 0 0.76039 -0.649467
    outer loop
      vertex 0 5.12599 16.874
      vertex 24.005 4.35147 15.9672
      vertex 0 4.35147 15.9672
    endloop
  endfacet
  facet normal -0 0.078461 0.996917
    outer loop
      vertex 0 10.5 3.90001
      vertex 24.005 9.31111 3.99358
      vertex 24.005 10.5 3.90001
    endloop
  endfacet
  facet normal 0 0.078461 0.996917
    outer loop
      vertex 24.005 9.31111 3.99358
      vertex 0 10.5 3.90001
      vertex 0 9.31111 3.99358
    endloop
  endfacet
  facet normal 0 -0.923873 0.3827
    outer loop
      vertex 0 17.2716 8.04968
      vertex 24.005 17.728 9.15147
      vertex 0 17.728 9.15147
    endloop
  endfacet
  facet normal 0 -0.923873 0.3827
    outer loop
      vertex 24.005 17.728 9.15147
      vertex 0 17.2716 8.04968
      vertex 24.005 17.2716 8.04968
    endloop
  endfacet
  facet normal 0 0.760407 0.649447
    outer loop
      vertex 24.005 5.12599 6.12599
      vertex 0 4.35147 7.03284
      vertex 24.005 4.35147 7.03284
    endloop
  endfacet
  facet normal 0 0.760407 0.649447
    outer loop
      vertex 0 4.35147 7.03284
      vertex 24.005 5.12599 6.12599
      vertex 0 5.12599 6.12599
    endloop
  endfacet
  facet normal 0 -0.852662 -0.522464
    outer loop
      vertex 0 17.2716 14.9503
      vertex 24.005 16.6485 15.9672
      vertex 0 16.6485 15.9672
    endloop
  endfacet
  facet normal 0 -0.852662 -0.522464
    outer loop
      vertex 24.005 16.6485 15.9672
      vertex 0 17.2716 14.9503
      vertex 24.005 17.2716 14.9503
    endloop
  endfacet
  facet normal 0 0.972372 0.233435
    outer loop
      vertex 24.005 3.27197 9.15147
      vertex 0 2.99358 10.3111
      vertex 24.005 2.99358 10.3111
    endloop
  endfacet
  facet normal 0 0.972372 0.233435
    outer loop
      vertex 0 2.99358 10.3111
      vertex 24.005 3.27197 9.15147
      vertex 0 3.27197 9.15147
    endloop
  endfacet
  facet normal -0 0.522492 0.852644
    outer loop
      vertex 0 7.04968 4.72836
      vertex 24.005 6.03284 5.35147
      vertex 24.005 7.04968 4.72836
    endloop
  endfacet
  facet normal 0 0.522492 0.852644
    outer loop
      vertex 24.005 6.03284 5.35147
      vertex 0 7.04968 4.72836
      vertex 0 6.03284 5.35147
    endloop
  endfacet
  facet normal 0 0.996917 0.0784604
    outer loop
      vertex 24.005 2.99358 10.3111
      vertex 0 2.90001 11.5
      vertex 24.005 2.90001 11.5
    endloop
  endfacet
  facet normal 0 0.996917 0.0784604
    outer loop
      vertex 0 2.90001 11.5
      vertex 24.005 2.99358 10.3111
      vertex 0 2.99358 10.3111
    endloop
  endfacet
  facet normal 0 0.972371 -0.233441
    outer loop
      vertex 24.005 2.99358 12.6889
      vertex 0 3.27197 13.8485
      vertex 24.005 3.27197 13.8485
    endloop
  endfacet
  facet normal 0 0.972371 -0.233441
    outer loop
      vertex 0 3.27197 13.8485
      vertex 24.005 2.99358 12.6889
      vertex 0 2.99358 12.6889
    endloop
  endfacet
  facet normal 0 0.852644 0.522492
    outer loop
      vertex 24.005 4.35147 7.03284
      vertex 0 3.72836 8.04968
      vertex 24.005 3.72836 8.04968
    endloop
  endfacet
  facet normal 0 0.852644 0.522492
    outer loop
      vertex 0 3.72836 8.04968
      vertex 24.005 4.35147 7.03284
      vertex 0 4.35147 7.03284
    endloop
  endfacet
  facet normal -0 0.649447 0.760407
    outer loop
      vertex 0 6.03284 5.35147
      vertex 24.005 5.12599 6.12599
      vertex 24.005 6.03284 5.35147
    endloop
  endfacet
  facet normal 0 0.649447 0.760407
    outer loop
      vertex 24.005 5.12599 6.12599
      vertex 0 6.03284 5.35147
      vertex 0 5.12599 6.12599
    endloop
  endfacet
  facet normal 0 0.923877 -0.38269
    outer loop
      vertex 24.005 3.27197 13.8485
      vertex 0 3.72836 14.9503
      vertex 24.005 3.72836 14.9503
    endloop
  endfacet
  facet normal 0 0.923877 -0.38269
    outer loop
      vertex 0 3.72836 14.9503
      vertex 24.005 3.27197 13.8485
      vertex 0 3.27197 13.8485
    endloop
  endfacet
  facet normal 0 -0.760416 0.649437
    outer loop
      vertex 0 15.874 6.12599
      vertex 24.005 16.6485 7.03284
      vertex 0 16.6485 7.03284
    endloop
  endfacet
  facet normal 0 -0.760416 0.649437
    outer loop
      vertex 24.005 16.6485 7.03284
      vertex 0 15.874 6.12599
      vertex 24.005 15.874 6.12599
    endloop
  endfacet
  facet normal 0 -0.923874 -0.382697
    outer loop
      vertex 0 17.728 13.8485
      vertex 24.005 17.2716 14.9503
      vertex 0 17.2716 14.9503
    endloop
  endfacet
  facet normal 0 -0.923874 -0.382697
    outer loop
      vertex 24.005 17.2716 14.9503
      vertex 0 17.728 13.8485
      vertex 24.005 17.728 13.8485
    endloop
  endfacet
  facet normal 0 -0.760398 -0.649458
    outer loop
      vertex 0 16.6485 15.9672
      vertex 24.005 15.874 16.874
      vertex 0 15.874 16.874
    endloop
  endfacet
  facet normal 0 -0.760398 -0.649458
    outer loop
      vertex 24.005 15.874 16.874
      vertex 0 16.6485 15.9672
      vertex 24.005 16.6485 15.9672
    endloop
  endfacet
  facet normal 0 -0.707107 -0.707107
    outer loop
      vertex 0 15.874 16.874
      vertex 24.005 12.508 20.24
      vertex 0 12.508 20.24
    endloop
  endfacet
  facet normal 0 -0.707107 -0.707107
    outer loop
      vertex 24.005 12.508 20.24
      vertex 0 15.874 16.874
      vertex 24.005 15.874 16.874
    endloop
  endfacet
  facet normal 0 -0.996915 -0.0784854
    outer loop
      vertex 0 18.1 11.5
      vertex 24.005 18.0064 12.6889
      vertex 0 18.0064 12.6889
    endloop
  endfacet
  facet normal 0 -0.996915 -0.0784854
    outer loop
      vertex 24.005 18.0064 12.6889
      vertex 0 18.1 11.5
      vertex 24.005 18.1 11.5
    endloop
  endfacet
  facet normal 0 0.923875 0.382693
    outer loop
      vertex 24.005 3.72836 8.04968
      vertex 0 3.27197 9.15147
      vertex 24.005 3.27197 9.15147
    endloop
  endfacet
  facet normal 0 0.923875 0.382693
    outer loop
      vertex 0 3.27197 9.15147
      vertex 24.005 3.72836 8.04968
      vertex 0 3.72836 8.04968
    endloop
  endfacet
  facet normal 0 0.996917 -0.0784604
    outer loop
      vertex 24.005 2.90001 11.5
      vertex 0 2.99358 12.6889
      vertex 24.005 2.99358 12.6889
    endloop
  endfacet
  facet normal 0 0.996917 -0.0784604
    outer loop
      vertex 0 2.99358 12.6889
      vertex 24.005 2.90001 11.5
      vertex 0 2.90001 11.5
    endloop
  endfacet
  facet normal 0 -0.852648 0.522486
    outer loop
      vertex 0 16.6485 7.03284
      vertex 24.005 17.2716 8.04968
      vertex 0 17.2716 8.04968
    endloop
  endfacet
  facet normal 0 -0.852648 0.522486
    outer loop
      vertex 24.005 17.2716 8.04968
      vertex 0 16.6485 7.03284
      vertex 24.005 16.6485 7.03284
    endloop
  endfacet
  facet normal 0 -0.649467 0.76039
    outer loop
      vertex 0 15.874 6.12599
      vertex 24.005 14.9672 5.35147
      vertex 24.005 15.874 6.12599
    endloop
  endfacet
  facet normal 0 -0.649467 0.76039
    outer loop
      vertex 24.005 14.9672 5.35147
      vertex 0 15.874 6.12599
      vertex 0 14.9672 5.35147
    endloop
  endfacet
  facet normal 0 -0.52247 0.852658
    outer loop
      vertex 0 14.9672 5.35147
      vertex 24.005 13.9503 4.72836
      vertex 24.005 14.9672 5.35147
    endloop
  endfacet
  facet normal 0 -0.52247 0.852658
    outer loop
      vertex 24.005 13.9503 4.72836
      vertex 0 14.9672 5.35147
      vertex 0 13.9503 4.72836
    endloop
  endfacet
  facet normal 0 0.707109 -0.707105
    outer loop
      vertex 50 5.12599 16.874
      vertex 25.995 8.49197 20.24
      vertex 50 8.49197 20.24
    endloop
  endfacet
  facet normal 0 0.707109 -0.707105
    outer loop
      vertex 25.995 8.49197 20.24
      vertex 50 5.12599 16.874
      vertex 25.995 5.12599 16.874
    endloop
  endfacet
  facet normal 0 -0.38269 0.923877
    outer loop
      vertex 25.995 13.9503 4.72836
      vertex 50 12.8485 4.27197
      vertex 50 13.9503 4.72836
    endloop
  endfacet
  facet normal 0 -0.38269 0.923877
    outer loop
      vertex 50 12.8485 4.27197
      vertex 25.995 13.9503 4.72836
      vertex 25.995 12.8485 4.27197
    endloop
  endfacet
  facet normal 0 -0.233441 0.972371
    outer loop
      vertex 25.995 12.8485 4.27197
      vertex 50 11.6889 3.99358
      vertex 50 12.8485 4.27197
    endloop
  endfacet
  facet normal 0 -0.233441 0.972371
    outer loop
      vertex 50 11.6889 3.99358
      vertex 25.995 12.8485 4.27197
      vertex 25.995 11.6889 3.99358
    endloop
  endfacet
  facet normal 0 -0.972369 -0.233449
    outer loop
      vertex 25.995 18.0064 12.6889
      vertex 50 17.728 13.8485
      vertex 25.995 17.728 13.8485
    endloop
  endfacet
  facet normal 0 -0.972369 -0.233449
    outer loop
      vertex 50 17.728 13.8485
      vertex 25.995 18.0064 12.6889
      vertex 50 18.0064 12.6889
    endloop
  endfacet
  facet normal 0 -0.0784604 0.996917
    outer loop
      vertex 25.995 11.6889 3.99358
      vertex 50 10.5 3.90001
      vertex 50 11.6889 3.99358
    endloop
  endfacet
  facet normal 0 -0.0784604 0.996917
    outer loop
      vertex 50 10.5 3.90001
      vertex 25.995 11.6889 3.99358
      vertex 25.995 10.5 3.90001
    endloop
  endfacet
  facet normal 0 0 -1
    outer loop
      vertex 25.995 8.49197 20.24
      vertex 50 12.508 20.24
      vertex 50 8.49197 20.24
    endloop
  endfacet
  facet normal -0 0 -1
    outer loop
      vertex 50 12.508 20.24
      vertex 25.995 8.49197 20.24
      vertex 25.995 12.508 20.24
    endloop
  endfacet
  facet normal 0 -0.996915 0.0784854
    outer loop
      vertex 25.995 18.0064 10.3111
      vertex 50 18.1 11.5
      vertex 25.995 18.1 11.5
    endloop
  endfacet
  facet normal 0 -0.996915 0.0784854
    outer loop
      vertex 50 18.1 11.5
      vertex 25.995 18.0064 10.3111
      vertex 50 18.0064 10.3111
    endloop
  endfacet
  facet normal 0 0.852658 -0.52247
    outer loop
      vertex 50 3.72836 14.9503
      vertex 25.995 4.35147 15.9672
      vertex 50 4.35147 15.9672
    endloop
  endfacet
  facet normal 0 0.852658 -0.52247
    outer loop
      vertex 25.995 4.35147 15.9672
      vertex 50 3.72836 14.9503
      vertex 25.995 3.72836 14.9503
    endloop
  endfacet
  facet normal 0 -0.97237 0.233443
    outer loop
      vertex 25.995 17.728 9.15147
      vertex 50 18.0064 10.3111
      vertex 25.995 18.0064 10.3111
    endloop
  endfacet
  facet normal 0 -0.97237 0.233443
    outer loop
      vertex 50 18.0064 10.3111
      vertex 25.995 17.728 9.15147
      vertex 50 17.728 9.15147
    endloop
  endfacet
  facet normal -0 0.233434 0.972373
    outer loop
      vertex 25.995 9.31111 3.99358
      vertex 50 8.15147 4.27197
      vertex 50 9.31111 3.99358
    endloop
  endfacet
  facet normal 0 0.233434 0.972373
    outer loop
      vertex 50 8.15147 4.27197
      vertex 25.995 9.31111 3.99358
      vertex 25.995 8.15147 4.27197
    endloop
  endfacet
  facet normal -0 0.382693 0.923875
    outer loop
      vertex 25.995 8.15147 4.27197
      vertex 50 7.04968 4.72836
      vertex 50 8.15147 4.27197
    endloop
  endfacet
  facet normal 0 0.382693 0.923875
    outer loop
      vertex 50 7.04968 4.72836
      vertex 25.995 8.15147 4.27197
      vertex 25.995 7.04968 4.72836
    endloop
  endfacet
  facet normal 0 0.76039 -0.649467
    outer loop
      vertex 50 4.35147 15.9672
      vertex 25.995 5.12599 16.874
      vertex 50 5.12599 16.874
    endloop
  endfacet
  facet normal 0 0.76039 -0.649467
    outer loop
      vertex 25.995 5.12599 16.874
      vertex 50 4.35147 15.9672
      vertex 25.995 4.35147 15.9672
    endloop
  endfacet
  facet normal -0 0.078461 0.996917
    outer loop
      vertex 25.995 10.5 3.90001
      vertex 50 9.31111 3.99358
      vertex 50 10.5 3.90001
    endloop
  endfacet
  facet normal 0 0.078461 0.996917
    outer loop
      vertex 50 9.31111 3.99358
      vertex 25.995 10.5 3.90001
      vertex 25.995 9.31111 3.99358
    endloop
  endfacet
  facet normal 0 -0.923873 0.3827
    outer loop
      vertex 25.995 17.2716 8.04968
      vertex 50 17.728 9.15147
      vertex 25.995 17.728 9.15147
    endloop
  endfacet
  facet normal 0 -0.923873 0.3827
    outer loop
      vertex 50 17.728 9.15147
      vertex 25.995 17.2716 8.04968
      vertex 50 17.2716 8.04968
    endloop
  endfacet
  facet normal 0 0.760407 0.649447
    outer loop
      vertex 50 5.12599 6.12599
      vertex 25.995 4.35147 7.03284
      vertex 50 4.35147 7.03284
    endloop
  endfacet
  facet normal 0 0.760407 0.649447
    outer loop
      vertex 25.995 4.35147 7.03284
      vertex 50 5.12599 6.12599
      vertex 25.995 5.12599 6.12599
    endloop
  endfacet
  facet normal 0 -0.852662 -0.522464
    outer loop
      vertex 25.995 17.2716 14.9503
      vertex 50 16.6485 15.9672
      vertex 25.995 16.6485 15.9672
    endloop
  endfacet
  facet normal 0 -0.852662 -0.522464
    outer loop
      vertex 50 16.6485 15.9672
      vertex 25.995 17.2716 14.9503
      vertex 50 17.2716 14.9503
    endloop
  endfacet
  facet normal 0 0.972372 0.233435
    outer loop
      vertex 50 3.27197 9.15147
      vertex 25.995 2.99358 10.3111
      vertex 50 2.99358 10.3111
    endloop
  endfacet
  facet normal 0 0.972372 0.233435
    outer loop
      vertex 25.995 2.99358 10.3111
      vertex 50 3.27197 9.15147
      vertex 25.995 3.27197 9.15147
    endloop
  endfacet
  facet normal -0 0.522492 0.852644
    outer loop
      vertex 25.995 7.04968 4.72836
      vertex 50 6.03284 5.35147
      vertex 50 7.04968 4.72836
    endloop
  endfacet
  facet normal 0 0.522492 0.852644
    outer loop
      vertex 50 6.03284 5.35147
      vertex 25.995 7.04968 4.72836
      vertex 25.995 6.03284 5.35147
    endloop
  endfacet
  facet normal 0 0.996917 0.0784604
    outer loop
      vertex 50 2.99358 10.3111
      vertex 25.995 2.90001 11.5
      vertex 50 2.90001 11.5
    endloop
  endfacet
  facet normal 0 0.996917 0.0784604
    outer loop
      vertex 25.995 2.90001 11.5
      vertex 50 2.99358 10.3111
      vertex 25.995 2.99358 10.3111
    endloop
  endfacet
  facet normal 0 -0.923874 -0.382697
    outer loop
      vertex 25.995 17.728 13.8485
      vertex 50 17.2716 14.9503
      vertex 25.995 17.2716 14.9503
    endloop
  endfacet
  facet normal 0 -0.923874 -0.382697
    outer loop
      vertex 50 17.2716 14.9503
      vertex 25.995 17.728 13.8485
      vertex 50 17.728 13.8485
    endloop
  endfacet
  facet normal 1 0 0
    outer loop
      vertex 25.995 15.25 11.5
      vertex 25.995 18.1 11.5
      vertex 25.995 18.0064 12.6889
    endloop
  endfacet
  facet normal 1 0 0
    outer loop
      vertex 25.995 15.1915 12.2431
      vertex 25.995 18.0064 12.6889
      vertex 25.995 17.728 13.8485
    endloop
  endfacet
  facet normal 1 0 0
    outer loop
      vertex 25.995 18.1 11.5
      vertex 25.995 15.25 11.5
      vertex 25.995 18.0064 10.3111
    endloop
  endfacet
  facet normal 1 0 0
    outer loop
      vertex 25.995 15.0175 12.9678
      vertex 25.995 17.728 13.8485
      vertex 25.995 17.2716 14.9503
    endloop
  endfacet
  facet normal 1 -0 0
    outer loop
      vertex 25.995 15.1915 10.7569
      vertex 25.995 18.0064 10.3111
      vertex 25.995 15.25 11.5
    endloop
  endfacet
  facet normal 1 0 0
    outer loop
      vertex 25.995 14.7323 13.6564
      vertex 25.995 17.2716 14.9503
      vertex 25.995 16.6485 15.9672
    endloop
  endfacet
  facet normal 1 0 0
    outer loop
      vertex 25.995 18.0064 10.3111
      vertex 25.995 15.1915 10.7569
      vertex 25.995 17.728 9.15147
    endloop
  endfacet
  facet normal 1 0 0
    outer loop
      vertex 25.995 14.3428 14.292
      vertex 25.995 16.6485 15.9672
      vertex 25.995 15.874 16.874
    endloop
  endfacet
  facet normal 1 -0 0
    outer loop
      vertex 25.995 15.0175 10.0322
      vertex 25.995 17.728 9.15147
      vertex 25.995 15.1915 10.7569
    endloop
  endfacet
  facet normal 1 0 0
    outer loop
      vertex 25.995 17.728 9.15147
      vertex 25.995 15.0175 10.0322
      vertex 25.995 17.2716 8.04968
    endloop
  endfacet
  facet normal 1 0 0
    outer loop
      vertex 25.995 18.0064 12.6889
      vertex 25.995 15.1915 12.2431
      vertex 25.995 15.25 11.5
    endloop
  endfacet
  facet normal 1 0 0
    outer loop
      vertex 25.995 17.728 13.8485
      vertex 25.995 15.0175 12.9678
      vertex 25.995 15.1915 12.2431
    endloop
  endfacet
  facet normal 1 0 0
    outer loop
      vertex 25.995 17.2716 14.9503
      vertex 25.995 14.7323 13.6564
      vertex 25.995 15.0175 12.9678
    endloop
  endfacet
  facet normal 1 0 0
    outer loop
      vertex 25.995 16.6485 15.9672
      vertex 25.995 14.3428 14.292
      vertex 25.995 14.7323 13.6564
    endloop
  endfacet
  facet normal 1 0 0
    outer loop
      vertex 25.995 15.874 16.874
      vertex 25.995 13.8587 14.8587
      vertex 25.995 14.3428 14.292
    endloop
  endfacet
  facet normal 1 -0 0
    outer loop
      vertex 25.995 11.755 16.9625
      vertex 25.995 15.874 16.874
      vertex 25.995 12.508 20.24
    endloop
  endfacet
  facet normal 1 0 0
    outer loop
      vertex 25.995 15.874 16.874
      vertex 25.995 11.755 16.9625
      vertex 25.995 13.8587 14.8587
    endloop
  endfacet
  facet normal 1 0 0
    outer loop
      vertex 25.995 12.508 20.24
      vertex 25.995 9.24498 16.9625
      vertex 25.995 11.755 16.9625
    endloop
  endfacet
  facet normal 1 -0 0
    outer loop
      vertex 25.995 8.49197 20.24
      vertex 25.995 9.24498 16.9625
      vertex 25.995 12.508 20.24
    endloop
  endfacet
  facet normal 1 0 0
    outer loop
      vertex 25.995 5.12599 16.874
      vertex 25.995 9.24498 16.9625
      vertex 25.995 8.49197 20.24
    endloop
  endfacet
  facet normal 1 0 0
    outer loop
      vertex 25.995 9.24498 16.9625
      vertex 25.995 5.12599 16.874
      vertex 25.995 7.14125 14.8587
    endloop
  endfacet
  facet normal 1 0 0
    outer loop
      vertex 25.995 7.14125 14.8587
      vertex 25.995 5.12599 16.874
      vertex 25.995 6.65718 14.292
    endloop
  endfacet
  facet normal 1 -0 0
    outer loop
      vertex 25.995 4.35147 15.9672
      vertex 25.995 6.65718 14.292
      vertex 25.995 5.12599 16.874
    endloop
  endfacet
  facet normal 1 0 0
    outer loop
      vertex 25.995 6.26773 13.6564
      vertex 25.995 3.72836 14.9503
      vertex 25.995 5.98248 12.9678
    endloop
  endfacet
  facet normal 1 -0 0
    outer loop
      vertex 25.995 3.72836 14.9503
      vertex 25.995 6.26773 13.6564
      vertex 25.995 4.35147 15.9672
    endloop
  endfacet
  facet normal 1 0 0
    outer loop
      vertex 25.995 6.65718 14.292
      vertex 25.995 4.35147 15.9672
      vertex 25.995 6.26773 13.6564
    endloop
  endfacet
  facet normal 1 -0 0
    outer loop
      vertex 25.995 14.7323 9.34355
      vertex 25.995 17.2716 8.04968
      vertex 25.995 15.0175 10.0322
    endloop
  endfacet
  facet normal 1 0 0
    outer loop
      vertex 25.995 17.2716 8.04968
      vertex 25.995 14.7323 9.34355
      vertex 25.995 16.6485 7.03284
    endloop
  endfacet
  facet normal 1 -0 0
    outer loop
      vertex 25.995 14.3428 8.70802
      vertex 25.995 16.6485 7.03284
      vertex 25.995 14.7323 9.34355
    endloop
  endfacet
  facet normal 1 0 0
    outer loop
      vertex 25.995 16.6485 7.03284
      vertex 25.995 14.3428 8.70802
      vertex 25.995 15.874 6.12599
    endloop
  endfacet
  facet normal 1 -0 0
    outer loop
      vertex 25.995 13.8587 8.14125
      vertex 25.995 15.874 6.12599
      vertex 25.995 14.3428 8.70802
    endloop
  endfacet
  facet normal 1 0 0
    outer loop
      vertex 25.995 15.874 6.12599
      vertex 25.995 13.8587 8.14125
      vertex 25.995 14.9672 5.35147
    endloop
  endfacet
  facet normal 1 -0 0
    outer loop
      vertex 25.995 13.292 7.65718
      vertex 25.995 14.9672 5.35147
      vertex 25.995 13.8587 8.14125
    endloop
  endfacet
  facet normal 1 0 0
    outer loop
      vertex 25.995 14.9672 5.35147
      vertex 25.995 13.292 7.65718
      vertex 25.995 13.9503 4.72836
    endloop
  endfacet
  facet normal 1 -0 0
    outer loop
      vertex 25.995 12.6564 7.26773
      vertex 25.995 13.9503 4.72836
      vertex 25.995 13.292 7.65718
    endloop
  endfacet
  facet normal 1 0 0
    outer loop
      vertex 25.995 13.9503 4.72836
      vertex 25.995 12.6564 7.26773
      vertex 25.995 12.8485 4.27197
    endloop
  endfacet
  facet normal 1 -0 0
    outer loop
      vertex 25.995 11.9678 6.98248
      vertex 25.995 12.8485 4.27197
      vertex 25.995 12.6564 7.26773
    endloop
  endfacet
  facet normal 1 0 0
    outer loop
      vertex 25.995 11.9678 6.98248
      vertex 25.995 11.6889 3.99358
      vertex 25.995 12.8485 4.27197
    endloop
  endfacet
  facet normal 1 -0 0
    outer loop
      vertex 25.995 11.2431 6.80849
      vertex 25.995 11.6889 3.99358
      vertex 25.995 11.9678 6.98248
    endloop
  endfacet
  facet normal 1 -0 0
    outer loop
      vertex 25.995 10.5 6.75
      vertex 25.995 11.6889 3.99358
      vertex 25.995 11.2431 6.80849
    endloop
  endfacet
  facet normal 1 0 0
    outer loop
      vertex 25.995 10.5 6.75
      vertex 25.995 10.5 3.90001
      vertex 25.995 11.6889 3.99358
    endloop
  endfacet
  facet normal 1 0 0
    outer loop
      vertex 25.995 9.75694 6.80849
      vertex 25.995 10.5 3.90001
      vertex 25.995 10.5 6.75
    endloop
  endfacet
  facet normal 1 0 0
    outer loop
      vertex 25.995 9.75694 6.80849
      vertex 25.995 9.31111 3.99358
      vertex 25.995 10.5 3.90001
    endloop
  endfacet
  facet normal 1 0 0
    outer loop
      vertex 25.995 9.03218 6.98248
      vertex 25.995 9.31111 3.99358
      vertex 25.995 9.75694 6.80849
    endloop
  endfacet
  facet normal 1 0 0
    outer loop
      vertex 25.995 8.15147 4.27197
      vertex 25.995 9.03218 6.98248
      vertex 25.995 8.34355 7.26773
    endloop
  endfacet
  facet normal 1 0 0
    outer loop
      vertex 25.995 9.03218 6.98248
      vertex 25.995 8.15147 4.27197
      vertex 25.995 9.31111 3.99358
    endloop
  endfacet
  facet normal 1 0 0
    outer loop
      vertex 25.995 7.04968 4.72836
      vertex 25.995 8.34355 7.26773
      vertex 25.995 7.70802 7.65718
    endloop
  endfacet
  facet normal 1 0 0
    outer loop
      vertex 25.995 6.03284 5.35147
      vertex 25.995 7.70802 7.65718
      vertex 25.995 7.14125 8.14125
    endloop
  endfacet
  facet normal 1 0 0
    outer loop
      vertex 25.995 8.34355 7.26773
      vertex 25.995 7.04968 4.72836
      vertex 25.995 8.15147 4.27197
    endloop
  endfacet
  facet normal 1 0 0
    outer loop
      vertex 25.995 5.12599 6.12599
      vertex 25.995 7.14125 8.14125
      vertex 25.995 6.65718 8.70802
    endloop
  endfacet
  facet normal 1 0 0
    outer loop
      vertex 25.995 4.35147 7.03284
      vertex 25.995 6.65718 8.70802
      vertex 25.995 6.26773 9.34355
    endloop
  endfacet
  facet normal 1 0 0
    outer loop
      vertex 25.995 7.70802 7.65718
      vertex 25.995 6.03284 5.35147
      vertex 25.995 7.04968 4.72836
    endloop
  endfacet
  facet normal 1 0 0
    outer loop
      vertex 25.995 3.72836 8.04968
      vertex 25.995 6.26773 9.34355
      vertex 25.995 5.98248 10.0322
    endloop
  endfacet
  facet normal 1 0 0
    outer loop
      vertex 25.995 3.27197 9.15147
      vertex 25.995 5.98248 10.0322
      vertex 25.995 5.80849 10.7569
    endloop
  endfacet
  facet normal 1 0 0
    outer loop
      vertex 25.995 2.99358 10.3111
      vertex 25.995 5.80849 10.7569
      vertex 25.995 5.75 11.5
    endloop
  endfacet
  facet normal 1 -0 0
    outer loop
      vertex 25.995 3.27197 13.8485
      vertex 25.995 5.98248 12.9678
      vertex 25.995 3.72836 14.9503
    endloop
  endfacet
  facet normal 1 0 0
    outer loop
      vertex 25.995 7.14125 8.14125
      vertex 25.995 5.12599 6.12599
      vertex 25.995 6.03284 5.35147
    endloop
  endfacet
  facet normal 1 0 0
    outer loop
      vertex 25.995 5.98248 12.9678
      vertex 25.995 3.27197 13.8485
      vertex 25.995 5.80849 12.2431
    endloop
  endfacet
  facet normal 1 0 0
    outer loop
      vertex 25.995 6.65718 8.70802
      vertex 25.995 4.35147 7.03284
      vertex 25.995 5.12599 6.12599
    endloop
  endfacet
  facet normal 1 -0 0
    outer loop
      vertex 25.995 2.99358 12.6889
      vertex 25.995 5.80849 12.2431
      vertex 25.995 3.27197 13.8485
    endloop
  endfacet
  facet normal 1 0 0
    outer loop
      vertex 25.995 6.26773 9.34355
      vertex 25.995 3.72836 8.04968
      vertex 25.995 4.35147 7.03284
    endloop
  endfacet
  facet normal 1 0 0
    outer loop
      vertex 25.995 5.80849 12.2431
      vertex 25.995 2.99358 12.6889
      vertex 25.995 5.75 11.5
    endloop
  endfacet
  facet normal 1 0 0
    outer loop
      vertex 25.995 5.98248 10.0322
      vertex 25.995 3.27197 9.15147
      vertex 25.995 3.72836 8.04968
    endloop
  endfacet
  facet normal 1 0 0
    outer loop
      vertex 25.995 2.90001 11.5
      vertex 25.995 5.75 11.5
      vertex 25.995 2.99358 12.6889
    endloop
  endfacet
  facet normal 1 0 0
    outer loop
      vertex 25.995 5.80849 10.7569
      vertex 25.995 2.99358 10.3111
      vertex 25.995 3.27197 9.15147
    endloop
  endfacet
  facet normal 1 0 0
    outer loop
      vertex 25.995 5.75 11.5
      vertex 25.995 2.90001 11.5
      vertex 25.995 2.99358 10.3111
    endloop
  endfacet
  facet normal 0 0.972371 -0.233441
    outer loop
      vertex 50 2.99358 12.6889
      vertex 25.995 3.27197 13.8485
      vertex 50 3.27197 13.8485
    endloop
  endfacet
  facet normal 0 0.972371 -0.233441
    outer loop
      vertex 25.995 3.27197 13.8485
      vertex 50 2.99358 12.6889
      vertex 25.995 2.99358 12.6889
    endloop
  endfacet
  facet normal 0 0.852644 0.522492
    outer loop
      vertex 50 4.35147 7.03284
      vertex 25.995 3.72836 8.04968
      vertex 50 3.72836 8.04968
    endloop
  endfacet
  facet normal 0 0.852644 0.522492
    outer loop
      vertex 25.995 3.72836 8.04968
      vertex 50 4.35147 7.03284
      vertex 25.995 4.35147 7.03284
    endloop
  endfacet
  facet normal -0 0.649447 0.760407
    outer loop
      vertex 25.995 6.03284 5.35147
      vertex 50 5.12599 6.12599
      vertex 50 6.03284 5.35147
    endloop
  endfacet
  facet normal 0 0.649447 0.760407
    outer loop
      vertex 50 5.12599 6.12599
      vertex 25.995 6.03284 5.35147
      vertex 25.995 5.12599 6.12599
    endloop
  endfacet
  facet normal 0 0.923877 -0.38269
    outer loop
      vertex 50 3.27197 13.8485
      vertex 25.995 3.72836 14.9503
      vertex 50 3.72836 14.9503
    endloop
  endfacet
  facet normal 0 0.923877 -0.38269
    outer loop
      vertex 25.995 3.72836 14.9503
      vertex 50 3.27197 13.8485
      vertex 25.995 3.27197 13.8485
    endloop
  endfacet
  facet normal 0 -0.760416 0.649437
    outer loop
      vertex 25.995 15.874 6.12599
      vertex 50 16.6485 7.03284
      vertex 25.995 16.6485 7.03284
    endloop
  endfacet
  facet normal 0 -0.760416 0.649437
    outer loop
      vertex 50 16.6485 7.03284
      vertex 25.995 15.874 6.12599
      vertex 50 15.874 6.12599
    endloop
  endfacet
  facet normal 0 -0.760398 -0.649458
    outer loop
      vertex 25.995 16.6485 15.9672
      vertex 50 15.874 16.874
      vertex 25.995 15.874 16.874
    endloop
  endfacet
  facet normal 0 -0.760398 -0.649458
    outer loop
      vertex 50 15.874 16.874
      vertex 25.995 16.6485 15.9672
      vertex 50 16.6485 15.9672
    endloop
  endfacet
  facet normal 0 -0.707107 -0.707107
    outer loop
      vertex 25.995 15.874 16.874
      vertex 50 12.508 20.24
      vertex 25.995 12.508 20.24
    endloop
  endfacet
  facet normal 0 -0.707107 -0.707107
    outer loop
      vertex 50 12.508 20.24
      vertex 25.995 15.874 16.874
      vertex 50 15.874 16.874
    endloop
  endfacet
  facet normal 0 -0.996915 -0.0784854
    outer loop
      vertex 25.995 18.1 11.5
      vertex 50 18.0064 12.6889
      vertex 25.995 18.0064 12.6889
    endloop
  endfacet
  facet normal 0 -0.996915 -0.0784854
    outer loop
      vertex 50 18.0064 12.6889
      vertex 25.995 18.1 11.5
      vertex 50 18.1 11.5
    endloop
  endfacet
  facet normal 0 0.923875 0.382693
    outer loop
      vertex 50 3.72836 8.04968
      vertex 25.995 3.27197 9.15147
      vertex 50 3.27197 9.15147
    endloop
  endfacet
  facet normal 0 0.923875 0.382693
    outer loop
      vertex 25.995 3.27197 9.15147
      vertex 50 3.72836 8.04968
      vertex 25.995 3.72836 8.04968
    endloop
  endfacet
  facet normal 0 0.996917 -0.0784604
    outer loop
      vertex 50 2.90001 11.5
      vertex 25.995 2.99358 12.6889
      vertex 50 2.99358 12.6889
    endloop
  endfacet
  facet normal 0 0.996917 -0.0784604
    outer loop
      vertex 25.995 2.99358 12.6889
      vertex 50 2.90001 11.5
      vertex 25.995 2.90001 11.5
    endloop
  endfacet
  facet normal 0 -0.649467 0.76039
    outer loop
      vertex 25.995 15.874 6.12599
      vertex 50 14.9672 5.35147
      vertex 50 15.874 6.12599
    endloop
  endfacet
  facet normal 0 -0.649467 0.76039
    outer loop
      vertex 50 14.9672 5.35147
      vertex 25.995 15.874 6.12599
      vertex 25.995 14.9672 5.35147
    endloop
  endfacet
  facet normal 0 -0.852648 0.522486
    outer loop
      vertex 25.995 16.6485 7.03284
      vertex 50 17.2716 8.04968
      vertex 25.995 17.2716 8.04968
    endloop
  endfacet
  facet normal 0 -0.852648 0.522486
    outer loop
      vertex 50 17.2716 8.04968
      vertex 25.995 16.6485 7.03284
      vertex 50 16.6485 7.03284
    endloop
  endfacet
  facet normal 0 -0.52247 0.852658
    outer loop
      vertex 25.995 14.9672 5.35147
      vertex 50 13.9503 4.72836
      vertex 50 14.9672 5.35147
    endloop
  endfacet
  facet normal 0 -0.52247 0.852658
    outer loop
      vertex 50 13.9503 4.72836
      vertex 25.995 14.9672 5.35147
      vertex 25.995 13.9503 4.72836
    endloop
  endfacet
  facet normal 0.760375 0.649484 0
    outer loop
      vertex 7.9747 52.4747 5
      vertex 7.82693 52.6477 -2.28882e-07
      vertex 7.82693 52.6477 5
    endloop
  endfacet
  facet normal 0.760375 0.649484 0
    outer loop
      vertex 7.82693 52.6477 -2.28882e-07
      vertex 7.9747 52.4747 5
      vertex 7.9747 52.4747 -2.28882e-07
    endloop
  endfacet
  facet normal -0.972399 -0.233323 0
    outer loop
      vertex 10.4321 53.7268 -2.28882e-07
      vertex 10.379 53.9481 5
      vertex 10.379 53.9481 -2.28882e-07
    endloop
  endfacet
  facet normal -0.972399 -0.233323 0
    outer loop
      vertex 10.379 53.9481 5
      vertex 10.4321 53.7268 -2.28882e-07
      vertex 10.4321 53.7268 5
    endloop
  endfacet
  facet normal -0.382414 0.923991 0
    outer loop
      vertex 9.65829 52.208 -2.28882e-07
      vertex 9.44808 52.121 5
      vertex 9.65829 52.208 5
    endloop
  endfacet
  facet normal -0.382414 0.923991 0
    outer loop
      vertex 9.44808 52.121 5
      vertex 9.65829 52.208 -2.28882e-07
      vertex 9.44808 52.121 -2.28882e-07
    endloop
  endfacet
  facet normal -0.649538 -0.760329 0
    outer loop
      vertex 9.85229 54.6731 -2.28882e-07
      vertex 10.0253 54.5253 5
      vertex 9.85229 54.6731 5
    endloop
  endfacet
  facet normal -0.649538 -0.760329 -0
    outer loop
      vertex 10.0253 54.5253 5
      vertex 9.85229 54.6731 -2.28882e-07
      vertex 10.0253 54.5253 -2.28882e-07
    endloop
  endfacet
  facet normal -0.9969 0.0786795 0
    outer loop
      vertex 10.4321 53.2732 -2.28882e-07
      vertex 10.45 53.5 5
      vertex 10.45 53.5 -2.28882e-07
    endloop
  endfacet
  facet normal -0.9969 0.0786795 0
    outer loop
      vertex 10.45 53.5 5
      vertex 10.4321 53.2732 -2.28882e-07
      vertex 10.4321 53.2732 5
    endloop
  endfacet
  facet normal 0.760375 -0.649484 0
    outer loop
      vertex 7.82693 54.3523 5
      vertex 7.9747 54.5253 -2.28882e-07
      vertex 7.9747 54.5253 5
    endloop
  endfacet
  facet normal 0.760375 -0.649484 0
    outer loop
      vertex 7.9747 54.5253 -2.28882e-07
      vertex 7.82693 54.3523 5
      vertex 7.82693 54.3523 -2.28882e-07
    endloop
  endfacet
  facet normal -0.852608 0.522552 0
    outer loop
      vertex 10.1731 52.6477 -2.28882e-07
      vertex 10.292 52.8417 5
      vertex 10.292 52.8417 -2.28882e-07
    endloop
  endfacet
  facet normal -0.852608 0.522552 0
    outer loop
      vertex 10.292 52.8417 5
      vertex 10.1731 52.6477 -2.28882e-07
      vertex 10.1731 52.6477 5
    endloop
  endfacet
  facet normal -0.233373 0.972387 0
    outer loop
      vertex 9.44808 52.121 -2.28882e-07
      vertex 9.22683 52.0679 5
      vertex 9.44808 52.121 5
    endloop
  endfacet
  facet normal -0.233373 0.972387 0
    outer loop
      vertex 9.22683 52.0679 5
      vertex 9.44808 52.121 -2.28882e-07
      vertex 9.22683 52.0679 -2.28882e-07
    endloop
  endfacet
  facet normal 0.996917 -0.0784611 0
    outer loop
      vertex 7.55 53.5 5
      vertex 7.56785 53.7268 -2.28882e-07
      vertex 7.56785 53.7268 5
    endloop
  endfacet
  facet normal 0.996917 -0.0784611 0
    outer loop
      vertex 7.56785 53.7268 -2.28882e-07
      vertex 7.55 53.5 5
      vertex 7.55 53.5 -2.28882e-07
    endloop
  endfacet
  facet normal 0.972379 0.233406 0
    outer loop
      vertex 7.62097 53.0519 5
      vertex 7.56785 53.2732 -2.28882e-07
      vertex 7.56785 53.2732 5
    endloop
  endfacet
  facet normal 0.972379 0.233406 0
    outer loop
      vertex 7.56785 53.2732 -2.28882e-07
      vertex 7.62097 53.0519 5
      vertex 7.62097 53.0519 -2.28882e-07
    endloop
  endfacet
  facet normal -0.852608 -0.522552 0
    outer loop
      vertex 10.292 54.1583 -2.28882e-07
      vertex 10.1731 54.3523 5
      vertex 10.1731 54.3523 -2.28882e-07
    endloop
  endfacet
  facet normal -0.852608 -0.522552 0
    outer loop
      vertex 10.1731 54.3523 5
      vertex 10.292 54.1583 -2.28882e-07
      vertex 10.292 54.1583 5
    endloop
  endfacet
  facet normal -0.9969 -0.0786795 0
    outer loop
      vertex 10.45 53.5 -2.28882e-07
      vertex 10.4321 53.7268 5
      vertex 10.4321 53.7268 -2.28882e-07
    endloop
  endfacet
  facet normal -0.9969 -0.0786795 0
    outer loop
      vertex 10.4321 53.7268 5
      vertex 10.45 53.5 -2.28882e-07
      vertex 10.45 53.5 5
    endloop
  endfacet
  facet normal 0.923876 0.382692 0
    outer loop
      vertex 7.70804 52.8417 5
      vertex 7.62097 53.0519 -2.28882e-07
      vertex 7.62097 53.0519 5
    endloop
  endfacet
  facet normal 0.923876 0.382692 0
    outer loop
      vertex 7.62097 53.0519 -2.28882e-07
      vertex 7.70804 52.8417 5
      vertex 7.70804 52.8417 -2.28882e-07
    endloop
  endfacet
  facet normal 0.233383 -0.972385 0
    outer loop
      vertex 8.55193 54.879 -2.28882e-07
      vertex 8.77317 54.9321 5
      vertex 8.55193 54.879 5
    endloop
  endfacet
  facet normal 0.233383 -0.972385 0
    outer loop
      vertex 8.77317 54.9321 5
      vertex 8.55193 54.879 -2.28882e-07
      vertex 8.77317 54.9321 -2.28882e-07
    endloop
  endfacet
  facet normal -0.923985 -0.382429 0
    outer loop
      vertex 10.379 53.9481 -2.28882e-07
      vertex 10.292 54.1583 5
      vertex 10.292 54.1583 -2.28882e-07
    endloop
  endfacet
  facet normal -0.923985 -0.382429 0
    outer loop
      vertex 10.292 54.1583 5
      vertex 10.379 53.9481 -2.28882e-07
      vertex 10.379 53.9481 5
    endloop
  endfacet
  facet normal 0.852627 0.52252 0
    outer loop
      vertex 7.82693 52.6477 5
      vertex 7.70804 52.8417 -2.28882e-07
      vertex 7.70804 52.8417 5
    endloop
  endfacet
  facet normal 0.852627 0.52252 0
    outer loop
      vertex 7.70804 52.8417 -2.28882e-07
      vertex 7.82693 52.6477 5
      vertex 7.82693 52.6477 -2.28882e-07
    endloop
  endfacet
  facet normal 0.382398 0.923998 -0
    outer loop
      vertex 8.55193 52.121 -2.28882e-07
      vertex 8.34171 52.208 5
      vertex 8.55193 52.121 5
    endloop
  endfacet
  facet normal 0.382398 0.923998 0
    outer loop
      vertex 8.34171 52.208 5
      vertex 8.55193 52.121 -2.28882e-07
      vertex 8.34171 52.208 -2.28882e-07
    endloop
  endfacet
  facet normal -0.0786692 -0.996901 0
    outer loop
      vertex 9 54.95 -2.28882e-07
      vertex 9.22683 54.9321 5
      vertex 9 54.95 5
    endloop
  endfacet
  facet normal -0.0786692 -0.996901 -0
    outer loop
      vertex 9.22683 54.9321 5
      vertex 9 54.95 -2.28882e-07
      vertex 9.22683 54.9321 -2.28882e-07
    endloop
  endfacet
  facet normal 0.0786692 0.996901 -0
    outer loop
      vertex 9 52.05 -2.28882e-07
      vertex 8.77317 52.0679 5
      vertex 9 52.05 5
    endloop
  endfacet
  facet normal 0.0786692 0.996901 0
    outer loop
      vertex 8.77317 52.0679 5
      vertex 9 52.05 -2.28882e-07
      vertex 8.77317 52.0679 -2.28882e-07
    endloop
  endfacet
  facet normal 0.522552 -0.852608 0
    outer loop
      vertex 8.14771 54.6731 -2.28882e-07
      vertex 8.34171 54.792 5
      vertex 8.14771 54.6731 5
    endloop
  endfacet
  facet normal 0.522552 -0.852608 0
    outer loop
      vertex 8.34171 54.792 5
      vertex 8.14771 54.6731 -2.28882e-07
      vertex 8.34171 54.792 -2.28882e-07
    endloop
  endfacet
  facet normal 0.522552 0.852608 -0
    outer loop
      vertex 8.34171 52.208 -2.28882e-07
      vertex 8.14771 52.3269 5
      vertex 8.34171 52.208 5
    endloop
  endfacet
  facet normal 0.522552 0.852608 0
    outer loop
      vertex 8.14771 52.3269 5
      vertex 8.34171 52.208 -2.28882e-07
      vertex 8.14771 52.3269 -2.28882e-07
    endloop
  endfacet
  facet normal -0.382414 -0.923991 0
    outer loop
      vertex 9.44808 54.879 -2.28882e-07
      vertex 9.65829 54.792 5
      vertex 9.44808 54.879 5
    endloop
  endfacet
  facet normal -0.382414 -0.923991 -0
    outer loop
      vertex 9.65829 54.792 5
      vertex 9.44808 54.879 -2.28882e-07
      vertex 9.65829 54.792 -2.28882e-07
    endloop
  endfacet
  facet normal -0.522552 -0.852608 0
    outer loop
      vertex 9.65829 54.792 -2.28882e-07
      vertex 9.85229 54.6731 5
      vertex 9.65829 54.792 5
    endloop
  endfacet
  facet normal -0.522552 -0.852608 -0
    outer loop
      vertex 9.85229 54.6731 5
      vertex 9.65829 54.792 -2.28882e-07
      vertex 9.85229 54.6731 -2.28882e-07
    endloop
  endfacet
  facet normal -0.923985 0.382429 0
    outer loop
      vertex 10.292 52.8417 -2.28882e-07
      vertex 10.379 53.0519 5
      vertex 10.379 53.0519 -2.28882e-07
    endloop
  endfacet
  facet normal -0.923985 0.382429 0
    outer loop
      vertex 10.379 53.0519 5
      vertex 10.292 52.8417 -2.28882e-07
      vertex 10.292 52.8417 5
    endloop
  endfacet
  facet normal -0.972399 0.233323 0
    outer loop
      vertex 10.379 53.0519 -2.28882e-07
      vertex 10.4321 53.2732 5
      vertex 10.4321 53.2732 -2.28882e-07
    endloop
  endfacet
  facet normal -0.972399 0.233323 0
    outer loop
      vertex 10.4321 53.2732 5
      vertex 10.379 53.0519 -2.28882e-07
      vertex 10.379 53.0519 5
    endloop
  endfacet
  facet normal 0.996917 0.0784611 0
    outer loop
      vertex 7.56785 53.2732 5
      vertex 7.55 53.5 -2.28882e-07
      vertex 7.55 53.5 5
    endloop
  endfacet
  facet normal 0.996917 0.0784611 0
    outer loop
      vertex 7.55 53.5 -2.28882e-07
      vertex 7.56785 53.2732 5
      vertex 7.56785 53.2732 -2.28882e-07
    endloop
  endfacet
  facet normal -0.76031 0.64956 0
    outer loop
      vertex 10.0253 52.4747 -2.28882e-07
      vertex 10.1731 52.6477 5
      vertex 10.1731 52.6477 -2.28882e-07
    endloop
  endfacet
  facet normal -0.76031 0.64956 0
    outer loop
      vertex 10.1731 52.6477 5
      vertex 10.0253 52.4747 -2.28882e-07
      vertex 10.0253 52.4747 5
    endloop
  endfacet
  facet normal 0.233383 0.972385 -0
    outer loop
      vertex 8.77317 52.0679 -2.28882e-07
      vertex 8.55193 52.121 5
      vertex 8.77317 52.0679 5
    endloop
  endfacet
  facet normal 0.233383 0.972385 0
    outer loop
      vertex 8.55193 52.121 5
      vertex 8.77317 52.0679 -2.28882e-07
      vertex 8.55193 52.121 -2.28882e-07
    endloop
  endfacet
  facet normal 0.923876 -0.382692 0
    outer loop
      vertex 7.62097 53.9481 5
      vertex 7.70804 54.1583 -2.28882e-07
      vertex 7.70804 54.1583 5
    endloop
  endfacet
  facet normal 0.923876 -0.382692 0
    outer loop
      vertex 7.70804 54.1583 -2.28882e-07
      vertex 7.62097 53.9481 5
      vertex 7.62097 53.9481 -2.28882e-07
    endloop
  endfacet
  facet normal -0.76031 -0.64956 0
    outer loop
      vertex 10.1731 54.3523 -2.28882e-07
      vertex 10.0253 54.5253 5
      vertex 10.0253 54.5253 -2.28882e-07
    endloop
  endfacet
  facet normal -0.76031 -0.64956 0
    outer loop
      vertex 10.0253 54.5253 5
      vertex 10.1731 54.3523 -2.28882e-07
      vertex 10.1731 54.3523 5
    endloop
  endfacet
  facet normal 0.382398 -0.923998 0
    outer loop
      vertex 8.34171 54.792 -2.28882e-07
      vertex 8.55193 54.879 5
      vertex 8.34171 54.792 5
    endloop
  endfacet
  facet normal 0.382398 -0.923998 0
    outer loop
      vertex 8.55193 54.879 5
      vertex 8.34171 54.792 -2.28882e-07
      vertex 8.55193 54.879 -2.28882e-07
    endloop
  endfacet
  facet normal -0.522552 0.852608 0
    outer loop
      vertex 9.85229 52.3269 -2.28882e-07
      vertex 9.65829 52.208 5
      vertex 9.85229 52.3269 5
    endloop
  endfacet
  facet normal -0.522552 0.852608 0
    outer loop
      vertex 9.65829 52.208 5
      vertex 9.85229 52.3269 -2.28882e-07
      vertex 9.65829 52.208 -2.28882e-07
    endloop
  endfacet
  facet normal 0.649538 0.760329 -0
    outer loop
      vertex 8.14771 52.3269 -2.28882e-07
      vertex 7.9747 52.4747 5
      vertex 8.14771 52.3269 5
    endloop
  endfacet
  facet normal 0.649538 0.760329 0
    outer loop
      vertex 7.9747 52.4747 5
      vertex 8.14771 52.3269 -2.28882e-07
      vertex 7.9747 52.4747 -2.28882e-07
    endloop
  endfacet
  facet normal -0.233373 -0.972387 0
    outer loop
      vertex 9.22683 54.9321 -2.28882e-07
      vertex 9.44808 54.879 5
      vertex 9.22683 54.9321 5
    endloop
  endfacet
  facet normal -0.233373 -0.972387 -0
    outer loop
      vertex 9.44808 54.879 5
      vertex 9.22683 54.9321 -2.28882e-07
      vertex 9.44808 54.879 -2.28882e-07
    endloop
  endfacet
  facet normal 0 0 -1
    outer loop
      vertex 10.4321 53.2732 5
      vertex 10.4321 53.7268 5
      vertex 10.45 53.5 5
    endloop
  endfacet
  facet normal 0 0 -1
    outer loop
      vertex 10.379 53.0519 5
      vertex 10.4321 53.7268 5
      vertex 10.4321 53.2732 5
    endloop
  endfacet
  facet normal 0 0 -1
    outer loop
      vertex 10.379 53.0519 5
      vertex 10.379 53.9481 5
      vertex 10.4321 53.7268 5
    endloop
  endfacet
  facet normal 0 0 -1
    outer loop
      vertex 10.292 52.8417 5
      vertex 10.379 53.9481 5
      vertex 10.379 53.0519 5
    endloop
  endfacet
  facet normal 0 0 -1
    outer loop
      vertex 10.292 52.8417 5
      vertex 10.292 54.1583 5
      vertex 10.379 53.9481 5
    endloop
  endfacet
  facet normal 0 0 -1
    outer loop
      vertex 10.1731 52.6477 5
      vertex 10.292 54.1583 5
      vertex 10.292 52.8417 5
    endloop
  endfacet
  facet normal 0 0 -1
    outer loop
      vertex 10.1731 52.6477 5
      vertex 10.1731 54.3523 5
      vertex 10.292 54.1583 5
    endloop
  endfacet
  facet normal 0 0 -1
    outer loop
      vertex 10.0253 52.4747 5
      vertex 10.1731 54.3523 5
      vertex 10.1731 52.6477 5
    endloop
  endfacet
  facet normal 0 0 -1
    outer loop
      vertex 10.0253 52.4747 5
      vertex 10.0253 54.5253 5
      vertex 10.1731 54.3523 5
    endloop
  endfacet
  facet normal 0 0 -1
    outer loop
      vertex 9.85229 52.3269 5
      vertex 10.0253 54.5253 5
      vertex 10.0253 52.4747 5
    endloop
  endfacet
  facet normal 0 0 -1
    outer loop
      vertex 9.85229 52.3269 5
      vertex 9.85229 54.6731 5
      vertex 10.0253 54.5253 5
    endloop
  endfacet
  facet normal 0 0 -1
    outer loop
      vertex 9.65829 52.208 5
      vertex 9.85229 54.6731 5
      vertex 9.85229 52.3269 5
    endloop
  endfacet
  facet normal 0 0 -1
    outer loop
      vertex 9.65829 52.208 5
      vertex 9.65829 54.792 5
      vertex 9.85229 54.6731 5
    endloop
  endfacet
  facet normal 0 0 -1
    outer loop
      vertex 9.44808 52.121 5
      vertex 9.65829 54.792 5
      vertex 9.65829 52.208 5
    endloop
  endfacet
  facet normal 0 0 -1
    outer loop
      vertex 9.44808 52.121 5
      vertex 9.44808 54.879 5
      vertex 9.65829 54.792 5
    endloop
  endfacet
  facet normal 0 0 -1
    outer loop
      vertex 9.22683 52.0679 5
      vertex 9.44808 54.879 5
      vertex 9.44808 52.121 5
    endloop
  endfacet
  facet normal 0 0 -1
    outer loop
      vertex 9.22683 52.0679 5
      vertex 9.22683 54.9321 5
      vertex 9.44808 54.879 5
    endloop
  endfacet
  facet normal 0 0 -1
    outer loop
      vertex 9 52.05 5
      vertex 9.22683 54.9321 5
      vertex 9.22683 52.0679 5
    endloop
  endfacet
  facet normal 0 0 -1
    outer loop
      vertex 9 52.05 5
      vertex 9 54.95 5
      vertex 9.22683 54.9321 5
    endloop
  endfacet
  facet normal 0 0 -1
    outer loop
      vertex 8.77317 52.0679 5
      vertex 9 54.95 5
      vertex 9 52.05 5
    endloop
  endfacet
  facet normal 0 0 -1
    outer loop
      vertex 8.77317 52.0679 5
      vertex 8.77317 54.9321 5
      vertex 9 54.95 5
    endloop
  endfacet
  facet normal 0 0 -1
    outer loop
      vertex 8.55193 52.121 5
      vertex 8.77317 54.9321 5
      vertex 8.77317 52.0679 5
    endloop
  endfacet
  facet normal 0 0 -1
    outer loop
      vertex 8.55193 52.121 5
      vertex 8.55193 54.879 5
      vertex 8.77317 54.9321 5
    endloop
  endfacet
  facet normal 0 0 -1
    outer loop
      vertex 8.34171 52.208 5
      vertex 8.55193 54.879 5
      vertex 8.55193 52.121 5
    endloop
  endfacet
  facet normal 0 0 -1
    outer loop
      vertex 8.34171 52.208 5
      vertex 8.34171 54.792 5
      vertex 8.55193 54.879 5
    endloop
  endfacet
  facet normal 0 0 -1
    outer loop
      vertex 8.14771 52.3269 5
      vertex 8.34171 54.792 5
      vertex 8.34171 52.208 5
    endloop
  endfacet
  facet normal 0 0 -1
    outer loop
      vertex 8.14771 52.3269 5
      vertex 8.14771 54.6731 5
      vertex 8.34171 54.792 5
    endloop
  endfacet
  facet normal 0 0 -1
    outer loop
      vertex 7.9747 52.4747 5
      vertex 8.14771 54.6731 5
      vertex 8.14771 52.3269 5
    endloop
  endfacet
  facet normal 0 0 -1
    outer loop
      vertex 7.9747 52.4747 5
      vertex 7.9747 54.5253 5
      vertex 8.14771 54.6731 5
    endloop
  endfacet
  facet normal 0 0 -1
    outer loop
      vertex 7.82693 52.6477 5
      vertex 7.9747 54.5253 5
      vertex 7.9747 52.4747 5
    endloop
  endfacet
  facet normal 0 0 -1
    outer loop
      vertex 7.82693 52.6477 5
      vertex 7.82693 54.3523 5
      vertex 7.9747 54.5253 5
    endloop
  endfacet
  facet normal 0 0 -1
    outer loop
      vertex 7.70804 52.8417 5
      vertex 7.82693 54.3523 5
      vertex 7.82693 52.6477 5
    endloop
  endfacet
  facet normal 0 0 -1
    outer loop
      vertex 7.70804 52.8417 5
      vertex 7.70804 54.1583 5
      vertex 7.82693 54.3523 5
    endloop
  endfacet
  facet normal 0 0 -1
    outer loop
      vertex 7.62097 53.0519 5
      vertex 7.70804 54.1583 5
      vertex 7.70804 52.8417 5
    endloop
  endfacet
  facet normal 0 0 -1
    outer loop
      vertex 7.62097 53.0519 5
      vertex 7.62097 53.9481 5
      vertex 7.70804 54.1583 5
    endloop
  endfacet
  facet normal 0 0 -1
    outer loop
      vertex 7.56785 53.2732 5
      vertex 7.62097 53.9481 5
      vertex 7.62097 53.0519 5
    endloop
  endfacet
  facet normal 0 0 -1
    outer loop
      vertex 7.56785 53.2732 5
      vertex 7.56785 53.7268 5
      vertex 7.62097 53.9481 5
    endloop
  endfacet
  facet normal 0 -0 -1
    outer loop
      vertex 7.56785 53.7268 5
      vertex 7.56785 53.2732 5
      vertex 7.55 53.5 5
    endloop
  endfacet
  facet normal 0.852627 -0.52252 0
    outer loop
      vertex 7.70804 54.1583 5
      vertex 7.82693 54.3523 -2.28882e-07
      vertex 7.82693 54.3523 5
    endloop
  endfacet
  facet normal 0.852627 -0.52252 0
    outer loop
      vertex 7.82693 54.3523 -2.28882e-07
      vertex 7.70804 54.1583 5
      vertex 7.70804 54.1583 -2.28882e-07
    endloop
  endfacet
  facet normal 0.0786692 -0.996901 0
    outer loop
      vertex 8.77317 54.9321 -2.28882e-07
      vertex 9 54.95 5
      vertex 8.77317 54.9321 5
    endloop
  endfacet
  facet normal 0.0786692 -0.996901 0
    outer loop
      vertex 9 54.95 5
      vertex 8.77317 54.9321 -2.28882e-07
      vertex 9 54.95 -2.28882e-07
    endloop
  endfacet
  facet normal 0.649538 -0.760329 0
    outer loop
      vertex 7.9747 54.5253 -2.28882e-07
      vertex 8.14771 54.6731 5
      vertex 7.9747 54.5253 5
    endloop
  endfacet
  facet normal 0.649538 -0.760329 0
    outer loop
      vertex 8.14771 54.6731 5
      vertex 7.9747 54.5253 -2.28882e-07
      vertex 8.14771 54.6731 -2.28882e-07
    endloop
  endfacet
  facet normal 0.972379 -0.233406 0
    outer loop
      vertex 7.56785 53.7268 5
      vertex 7.62097 53.9481 -2.28882e-07
      vertex 7.62097 53.9481 5
    endloop
  endfacet
  facet normal 0.972379 -0.233406 0
    outer loop
      vertex 7.62097 53.9481 -2.28882e-07
      vertex 7.56785 53.7268 5
      vertex 7.56785 53.7268 -2.28882e-07
    endloop
  endfacet
  facet normal -0.0786692 0.996901 0
    outer loop
      vertex 9.22683 52.0679 -2.28882e-07
      vertex 9 52.05 5
      vertex 9.22683 52.0679 5
    endloop
  endfacet
  facet normal -0.0786692 0.996901 0
    outer loop
      vertex 9 52.05 5
      vertex 9.22683 52.0679 -2.28882e-07
      vertex 9 52.05 -2.28882e-07
    endloop
  endfacet
  facet normal -0.649538 0.760329 0
    outer loop
      vertex 10.0253 52.4747 -2.28882e-07
      vertex 9.85229 52.3269 5
      vertex 10.0253 52.4747 5
    endloop
  endfacet
  facet normal -0.649538 0.760329 0
    outer loop
      vertex 9.85229 52.3269 5
      vertex 10.0253 52.4747 -2.28882e-07
      vertex 9.85229 52.3269 -2.28882e-07
    endloop
  endfacet
  facet normal 0.76031 0.64956 0
    outer loop
      vertex 39.9747 52.4747 5
      vertex 39.8269 52.6477 -2.28882e-07
      vertex 39.8269 52.6477 5
    endloop
  endfacet
  facet normal 0.76031 0.64956 0
    outer loop
      vertex 39.8269 52.6477 -2.28882e-07
      vertex 39.9747 52.4747 5
      vertex 39.9747 52.4747 -2.28882e-07
    endloop
  endfacet
  facet normal -0.972399 -0.233323 0
    outer loop
      vertex 42.4321 53.7268 -2.28882e-07
      vertex 42.379 53.9481 5
      vertex 42.379 53.9481 -2.28882e-07
    endloop
  endfacet
  facet normal -0.972399 -0.233323 0
    outer loop
      vertex 42.379 53.9481 5
      vertex 42.4321 53.7268 -2.28882e-07
      vertex 42.4321 53.7268 5
    endloop
  endfacet
  facet normal -0.382429 0.923985 0
    outer loop
      vertex 41.6583 52.208 -2.28882e-07
      vertex 41.4481 52.121 5
      vertex 41.6583 52.208 5
    endloop
  endfacet
  facet normal -0.382429 0.923985 0
    outer loop
      vertex 41.4481 52.121 5
      vertex 41.6583 52.208 -2.28882e-07
      vertex 41.4481 52.121 -2.28882e-07
    endloop
  endfacet
  facet normal -0.64956 -0.76031 0
    outer loop
      vertex 41.8523 54.6731 -2.28882e-07
      vertex 42.0253 54.5253 5
      vertex 41.8523 54.6731 5
    endloop
  endfacet
  facet normal -0.64956 -0.76031 -0
    outer loop
      vertex 42.0253 54.5253 5
      vertex 41.8523 54.6731 -2.28882e-07
      vertex 42.0253 54.5253 -2.28882e-07
    endloop
  endfacet
  facet normal -0.9969 0.0786795 0
    outer loop
      vertex 42.4321 53.2732 -2.28882e-07
      vertex 42.45 53.5 5
      vertex 42.45 53.5 -2.28882e-07
    endloop
  endfacet
  facet normal -0.9969 0.0786795 0
    outer loop
      vertex 42.45 53.5 5
      vertex 42.4321 53.2732 -2.28882e-07
      vertex 42.4321 53.2732 5
    endloop
  endfacet
  facet normal 0.76031 -0.64956 0
    outer loop
      vertex 39.8269 54.3523 5
      vertex 39.9747 54.5253 -2.28882e-07
      vertex 39.9747 54.5253 5
    endloop
  endfacet
  facet normal 0.76031 -0.64956 0
    outer loop
      vertex 39.9747 54.5253 -2.28882e-07
      vertex 39.8269 54.3523 5
      vertex 39.8269 54.3523 -2.28882e-07
    endloop
  endfacet
  facet normal -0.852608 0.522552 0
    outer loop
      vertex 42.1731 52.6477 -2.28882e-07
      vertex 42.292 52.8417 5
      vertex 42.292 52.8417 -2.28882e-07
    endloop
  endfacet
  facet normal -0.852608 0.522552 0
    outer loop
      vertex 42.292 52.8417 5
      vertex 42.1731 52.6477 -2.28882e-07
      vertex 42.1731 52.6477 5
    endloop
  endfacet
  facet normal -0.233323 0.972399 0
    outer loop
      vertex 41.4481 52.121 -2.28882e-07
      vertex 41.2268 52.0679 5
      vertex 41.4481 52.121 5
    endloop
  endfacet
  facet normal -0.233323 0.972399 0
    outer loop
      vertex 41.2268 52.0679 5
      vertex 41.4481 52.121 -2.28882e-07
      vertex 41.2268 52.0679 -2.28882e-07
    endloop
  endfacet
  facet normal 0.9969 -0.0786795 0
    outer loop
      vertex 39.55 53.5 5
      vertex 39.5679 53.7268 -2.28882e-07
      vertex 39.5679 53.7268 5
    endloop
  endfacet
  facet normal 0.9969 -0.0786795 0
    outer loop
      vertex 39.5679 53.7268 -2.28882e-07
      vertex 39.55 53.5 5
      vertex 39.55 53.5 -2.28882e-07
    endloop
  endfacet
  facet normal 0.972399 0.233323 0
    outer loop
      vertex 39.621 53.0519 5
      vertex 39.5679 53.2732 -2.28882e-07
      vertex 39.5679 53.2732 5
    endloop
  endfacet
  facet normal 0.972399 0.233323 0
    outer loop
      vertex 39.5679 53.2732 -2.28882e-07
      vertex 39.621 53.0519 5
      vertex 39.621 53.0519 -2.28882e-07
    endloop
  endfacet
  facet normal -0.852608 -0.522552 0
    outer loop
      vertex 42.292 54.1583 -2.28882e-07
      vertex 42.1731 54.3523 5
      vertex 42.1731 54.3523 -2.28882e-07
    endloop
  endfacet
  facet normal -0.852608 -0.522552 0
    outer loop
      vertex 42.1731 54.3523 5
      vertex 42.292 54.1583 -2.28882e-07
      vertex 42.292 54.1583 5
    endloop
  endfacet
  facet normal -0.9969 -0.0786795 0
    outer loop
      vertex 42.45 53.5 -2.28882e-07
      vertex 42.4321 53.7268 5
      vertex 42.4321 53.7268 -2.28882e-07
    endloop
  endfacet
  facet normal -0.9969 -0.0786795 0
    outer loop
      vertex 42.4321 53.7268 5
      vertex 42.45 53.5 -2.28882e-07
      vertex 42.45 53.5 5
    endloop
  endfacet
  facet normal 0.923985 0.382429 0
    outer loop
      vertex 39.708 52.8417 5
      vertex 39.621 53.0519 -2.28882e-07
      vertex 39.621 53.0519 5
    endloop
  endfacet
  facet normal 0.923985 0.382429 0
    outer loop
      vertex 39.621 53.0519 -2.28882e-07
      vertex 39.708 52.8417 5
      vertex 39.708 52.8417 -2.28882e-07
    endloop
  endfacet
  facet normal 0.233323 -0.972399 0
    outer loop
      vertex 40.5519 54.879 -2.28882e-07
      vertex 40.7732 54.9321 5
      vertex 40.5519 54.879 5
    endloop
  endfacet
  facet normal 0.233323 -0.972399 0
    outer loop
      vertex 40.7732 54.9321 5
      vertex 40.5519 54.879 -2.28882e-07
      vertex 40.7732 54.9321 -2.28882e-07
    endloop
  endfacet
  facet normal -0.923985 -0.382429 0
    outer loop
      vertex 42.379 53.9481 -2.28882e-07
      vertex 42.292 54.1583 5
      vertex 42.292 54.1583 -2.28882e-07
    endloop
  endfacet
  facet normal -0.923985 -0.382429 0
    outer loop
      vertex 42.292 54.1583 5
      vertex 42.379 53.9481 -2.28882e-07
      vertex 42.379 53.9481 5
    endloop
  endfacet
  facet normal 0 0 -1
    outer loop
      vertex 42.4321 53.2732 5
      vertex 42.4321 53.7268 5
      vertex 42.45 53.5 5
    endloop
  endfacet
  facet normal 0 0 -1
    outer loop
      vertex 42.379 53.0519 5
      vertex 42.4321 53.7268 5
      vertex 42.4321 53.2732 5
    endloop
  endfacet
  facet normal 0 0 -1
    outer loop
      vertex 42.379 53.0519 5
      vertex 42.379 53.9481 5
      vertex 42.4321 53.7268 5
    endloop
  endfacet
  facet normal 0 0 -1
    outer loop
      vertex 42.292 52.8417 5
      vertex 42.379 53.9481 5
      vertex 42.379 53.0519 5
    endloop
  endfacet
  facet normal 0 0 -1
    outer loop
      vertex 42.292 52.8417 5
      vertex 42.292 54.1583 5
      vertex 42.379 53.9481 5
    endloop
  endfacet
  facet normal 0 0 -1
    outer loop
      vertex 42.1731 52.6477 5
      vertex 42.292 54.1583 5
      vertex 42.292 52.8417 5
    endloop
  endfacet
  facet normal 0 0 -1
    outer loop
      vertex 42.1731 52.6477 5
      vertex 42.1731 54.3523 5
      vertex 42.292 54.1583 5
    endloop
  endfacet
  facet normal 0 0 -1
    outer loop
      vertex 42.0253 52.4747 5
      vertex 42.1731 54.3523 5
      vertex 42.1731 52.6477 5
    endloop
  endfacet
  facet normal 0 0 -1
    outer loop
      vertex 42.0253 52.4747 5
      vertex 42.0253 54.5253 5
      vertex 42.1731 54.3523 5
    endloop
  endfacet
  facet normal 0 0 -1
    outer loop
      vertex 41.8523 52.3269 5
      vertex 42.0253 54.5253 5
      vertex 42.0253 52.4747 5
    endloop
  endfacet
  facet normal 0 0 -1
    outer loop
      vertex 41.8523 52.3269 5
      vertex 41.8523 54.6731 5
      vertex 42.0253 54.5253 5
    endloop
  endfacet
  facet normal 0 0 -1
    outer loop
      vertex 41.6583 52.208 5
      vertex 41.8523 54.6731 5
      vertex 41.8523 52.3269 5
    endloop
  endfacet
  facet normal 0 0 -1
    outer loop
      vertex 41.6583 52.208 5
      vertex 41.6583 54.792 5
      vertex 41.8523 54.6731 5
    endloop
  endfacet
  facet normal 0 0 -1
    outer loop
      vertex 41.4481 52.121 5
      vertex 41.6583 54.792 5
      vertex 41.6583 52.208 5
    endloop
  endfacet
  facet normal 0 0 -1
    outer loop
      vertex 41.4481 52.121 5
      vertex 41.4481 54.879 5
      vertex 41.6583 54.792 5
    endloop
  endfacet
  facet normal 0 0 -1
    outer loop
      vertex 41.2268 52.0679 5
      vertex 41.4481 54.879 5
      vertex 41.4481 52.121 5
    endloop
  endfacet
  facet normal 0 0 -1
    outer loop
      vertex 41.2268 52.0679 5
      vertex 41.2268 54.9321 5
      vertex 41.4481 54.879 5
    endloop
  endfacet
  facet normal 0 0 -1
    outer loop
      vertex 41 52.05 5
      vertex 41.2268 54.9321 5
      vertex 41.2268 52.0679 5
    endloop
  endfacet
  facet normal 0 0 -1
    outer loop
      vertex 41 52.05 5
      vertex 41 54.95 5
      vertex 41.2268 54.9321 5
    endloop
  endfacet
  facet normal 0 0 -1
    outer loop
      vertex 40.7732 52.0679 5
      vertex 41 54.95 5
      vertex 41 52.05 5
    endloop
  endfacet
  facet normal 0 0 -1
    outer loop
      vertex 40.7732 52.0679 5
      vertex 40.7732 54.9321 5
      vertex 41 54.95 5
    endloop
  endfacet
  facet normal 0 0 -1
    outer loop
      vertex 40.5519 52.121 5
      vertex 40.7732 54.9321 5
      vertex 40.7732 52.0679 5
    endloop
  endfacet
  facet normal 0 0 -1
    outer loop
      vertex 40.5519 52.121 5
      vertex 40.5519 54.879 5
      vertex 40.7732 54.9321 5
    endloop
  endfacet
  facet normal 0 0 -1
    outer loop
      vertex 40.3417 52.208 5
      vertex 40.5519 54.879 5
      vertex 40.5519 52.121 5
    endloop
  endfacet
  facet normal 0 0 -1
    outer loop
      vertex 40.3417 52.208 5
      vertex 40.3417 54.792 5
      vertex 40.5519 54.879 5
    endloop
  endfacet
  facet normal 0 0 -1
    outer loop
      vertex 40.1477 52.3269 5
      vertex 40.3417 54.792 5
      vertex 40.3417 52.208 5
    endloop
  endfacet
  facet normal 0 0 -1
    outer loop
      vertex 40.1477 52.3269 5
      vertex 40.1477 54.6731 5
      vertex 40.3417 54.792 5
    endloop
  endfacet
  facet normal 0 0 -1
    outer loop
      vertex 39.9747 52.4747 5
      vertex 40.1477 54.6731 5
      vertex 40.1477 52.3269 5
    endloop
  endfacet
  facet normal 0 0 -1
    outer loop
      vertex 39.9747 52.4747 5
      vertex 39.9747 54.5253 5
      vertex 40.1477 54.6731 5
    endloop
  endfacet
  facet normal 0 0 -1
    outer loop
      vertex 39.8269 52.6477 5
      vertex 39.9747 54.5253 5
      vertex 39.9747 52.4747 5
    endloop
  endfacet
  facet normal 0 0 -1
    outer loop
      vertex 39.8269 52.6477 5
      vertex 39.8269 54.3523 5
      vertex 39.9747 54.5253 5
    endloop
  endfacet
  facet normal 0 0 -1
    outer loop
      vertex 39.708 52.8417 5
      vertex 39.8269 54.3523 5
      vertex 39.8269 52.6477 5
    endloop
  endfacet
  facet normal 0 0 -1
    outer loop
      vertex 39.708 52.8417 5
      vertex 39.708 54.1583 5
      vertex 39.8269 54.3523 5
    endloop
  endfacet
  facet normal 0 0 -1
    outer loop
      vertex 39.621 53.0519 5
      vertex 39.708 54.1583 5
      vertex 39.708 52.8417 5
    endloop
  endfacet
  facet normal 0 0 -1
    outer loop
      vertex 39.621 53.0519 5
      vertex 39.621 53.9481 5
      vertex 39.708 54.1583 5
    endloop
  endfacet
  facet normal 0 0 -1
    outer loop
      vertex 39.5679 53.2732 5
      vertex 39.621 53.9481 5
      vertex 39.621 53.0519 5
    endloop
  endfacet
  facet normal 0 0 -1
    outer loop
      vertex 39.5679 53.2732 5
      vertex 39.5679 53.7268 5
      vertex 39.621 53.9481 5
    endloop
  endfacet
  facet normal 0 -0 -1
    outer loop
      vertex 39.5679 53.7268 5
      vertex 39.5679 53.2732 5
      vertex 39.55 53.5 5
    endloop
  endfacet
  facet normal 0.852608 0.522552 0
    outer loop
      vertex 39.8269 52.6477 5
      vertex 39.708 52.8417 -2.28882e-07
      vertex 39.708 52.8417 5
    endloop
  endfacet
  facet normal 0.852608 0.522552 0
    outer loop
      vertex 39.708 52.8417 -2.28882e-07
      vertex 39.8269 52.6477 5
      vertex 39.8269 52.6477 -2.28882e-07
    endloop
  endfacet
  facet normal 0.382429 0.923985 -0
    outer loop
      vertex 40.5519 52.121 -2.28882e-07
      vertex 40.3417 52.208 5
      vertex 40.5519 52.121 5
    endloop
  endfacet
  facet normal 0.382429 0.923985 0
    outer loop
      vertex 40.3417 52.208 5
      vertex 40.5519 52.121 -2.28882e-07
      vertex 40.3417 52.208 -2.28882e-07
    endloop
  endfacet
  facet normal -0.0786795 -0.9969 0
    outer loop
      vertex 41 54.95 -2.28882e-07
      vertex 41.2268 54.9321 5
      vertex 41 54.95 5
    endloop
  endfacet
  facet normal -0.0786795 -0.9969 -0
    outer loop
      vertex 41.2268 54.9321 5
      vertex 41 54.95 -2.28882e-07
      vertex 41.2268 54.9321 -2.28882e-07
    endloop
  endfacet
  facet normal 0.0786795 0.9969 -0
    outer loop
      vertex 41 52.05 -2.28882e-07
      vertex 40.7732 52.0679 5
      vertex 41 52.05 5
    endloop
  endfacet
  facet normal 0.0786795 0.9969 0
    outer loop
      vertex 40.7732 52.0679 5
      vertex 41 52.05 -2.28882e-07
      vertex 40.7732 52.0679 -2.28882e-07
    endloop
  endfacet
  facet normal 0.522552 -0.852608 0
    outer loop
      vertex 40.1477 54.6731 -2.28882e-07
      vertex 40.3417 54.792 5
      vertex 40.1477 54.6731 5
    endloop
  endfacet
  facet normal 0.522552 -0.852608 0
    outer loop
      vertex 40.3417 54.792 5
      vertex 40.1477 54.6731 -2.28882e-07
      vertex 40.3417 54.792 -2.28882e-07
    endloop
  endfacet
  facet normal 0.522552 0.852608 -0
    outer loop
      vertex 40.3417 52.208 -2.28882e-07
      vertex 40.1477 52.3269 5
      vertex 40.3417 52.208 5
    endloop
  endfacet
  facet normal 0.522552 0.852608 0
    outer loop
      vertex 40.1477 52.3269 5
      vertex 40.3417 52.208 -2.28882e-07
      vertex 40.1477 52.3269 -2.28882e-07
    endloop
  endfacet
  facet normal -0.382429 -0.923985 0
    outer loop
      vertex 41.4481 54.879 -2.28882e-07
      vertex 41.6583 54.792 5
      vertex 41.4481 54.879 5
    endloop
  endfacet
  facet normal -0.382429 -0.923985 -0
    outer loop
      vertex 41.6583 54.792 5
      vertex 41.4481 54.879 -2.28882e-07
      vertex 41.6583 54.792 -2.28882e-07
    endloop
  endfacet
  facet normal -0.522552 -0.852608 0
    outer loop
      vertex 41.6583 54.792 -2.28882e-07
      vertex 41.8523 54.6731 5
      vertex 41.6583 54.792 5
    endloop
  endfacet
  facet normal -0.522552 -0.852608 -0
    outer loop
      vertex 41.8523 54.6731 5
      vertex 41.6583 54.792 -2.28882e-07
      vertex 41.8523 54.6731 -2.28882e-07
    endloop
  endfacet
  facet normal -0.923985 0.382429 0
    outer loop
      vertex 42.292 52.8417 -2.28882e-07
      vertex 42.379 53.0519 5
      vertex 42.379 53.0519 -2.28882e-07
    endloop
  endfacet
  facet normal -0.923985 0.382429 0
    outer loop
      vertex 42.379 53.0519 5
      vertex 42.292 52.8417 -2.28882e-07
      vertex 42.292 52.8417 5
    endloop
  endfacet
  facet normal -0.972399 0.233323 0
    outer loop
      vertex 42.379 53.0519 -2.28882e-07
      vertex 42.4321 53.2732 5
      vertex 42.4321 53.2732 -2.28882e-07
    endloop
  endfacet
  facet normal -0.972399 0.233323 0
    outer loop
      vertex 42.4321 53.2732 5
      vertex 42.379 53.0519 -2.28882e-07
      vertex 42.379 53.0519 5
    endloop
  endfacet
  facet normal 0.9969 0.0786795 0
    outer loop
      vertex 39.5679 53.2732 5
      vertex 39.55 53.5 -2.28882e-07
      vertex 39.55 53.5 5
    endloop
  endfacet
  facet normal 0.9969 0.0786795 0
    outer loop
      vertex 39.55 53.5 -2.28882e-07
      vertex 39.5679 53.2732 5
      vertex 39.5679 53.2732 -2.28882e-07
    endloop
  endfacet
  facet normal -0.76031 0.64956 0
    outer loop
      vertex 42.0253 52.4747 -2.28882e-07
      vertex 42.1731 52.6477 5
      vertex 42.1731 52.6477 -2.28882e-07
    endloop
  endfacet
  facet normal -0.76031 0.64956 0
    outer loop
      vertex 42.1731 52.6477 5
      vertex 42.0253 52.4747 -2.28882e-07
      vertex 42.0253 52.4747 5
    endloop
  endfacet
  facet normal 0.233323 0.972399 -0
    outer loop
      vertex 40.7732 52.0679 -2.28882e-07
      vertex 40.5519 52.121 5
      vertex 40.7732 52.0679 5
    endloop
  endfacet
  facet normal 0.233323 0.972399 0
    outer loop
      vertex 40.5519 52.121 5
      vertex 40.7732 52.0679 -2.28882e-07
      vertex 40.5519 52.121 -2.28882e-07
    endloop
  endfacet
  facet normal 0.923985 -0.382429 0
    outer loop
      vertex 39.621 53.9481 5
      vertex 39.708 54.1583 -2.28882e-07
      vertex 39.708 54.1583 5
    endloop
  endfacet
  facet normal 0.923985 -0.382429 0
    outer loop
      vertex 39.708 54.1583 -2.28882e-07
      vertex 39.621 53.9481 5
      vertex 39.621 53.9481 -2.28882e-07
    endloop
  endfacet
  facet normal 0.852608 -0.522552 0
    outer loop
      vertex 39.708 54.1583 5
      vertex 39.8269 54.3523 -2.28882e-07
      vertex 39.8269 54.3523 5
    endloop
  endfacet
  facet normal 0.852608 -0.522552 0
    outer loop
      vertex 39.8269 54.3523 -2.28882e-07
      vertex 39.708 54.1583 5
      vertex 39.708 54.1583 -2.28882e-07
    endloop
  endfacet
  facet normal -0.76031 -0.64956 0
    outer loop
      vertex 42.1731 54.3523 -2.28882e-07
      vertex 42.0253 54.5253 5
      vertex 42.0253 54.5253 -2.28882e-07
    endloop
  endfacet
  facet normal -0.76031 -0.64956 0
    outer loop
      vertex 42.0253 54.5253 5
      vertex 42.1731 54.3523 -2.28882e-07
      vertex 42.1731 54.3523 5
    endloop
  endfacet
  facet normal 0.382429 -0.923985 0
    outer loop
      vertex 40.3417 54.792 -2.28882e-07
      vertex 40.5519 54.879 5
      vertex 40.3417 54.792 5
    endloop
  endfacet
  facet normal 0.382429 -0.923985 0
    outer loop
      vertex 40.5519 54.879 5
      vertex 40.3417 54.792 -2.28882e-07
      vertex 40.5519 54.879 -2.28882e-07
    endloop
  endfacet
  facet normal -0.522552 0.852608 0
    outer loop
      vertex 41.8523 52.3269 -2.28882e-07
      vertex 41.6583 52.208 5
      vertex 41.8523 52.3269 5
    endloop
  endfacet
  facet normal -0.522552 0.852608 0
    outer loop
      vertex 41.6583 52.208 5
      vertex 41.8523 52.3269 -2.28882e-07
      vertex 41.6583 52.208 -2.28882e-07
    endloop
  endfacet
  facet normal 0.64956 0.76031 -0
    outer loop
      vertex 40.1477 52.3269 -2.28882e-07
      vertex 39.9747 52.4747 5
      vertex 40.1477 52.3269 5
    endloop
  endfacet
  facet normal 0.64956 0.76031 0
    outer loop
      vertex 39.9747 52.4747 5
      vertex 40.1477 52.3269 -2.28882e-07
      vertex 39.9747 52.4747 -2.28882e-07
    endloop
  endfacet
  facet normal -0.233323 -0.972399 0
    outer loop
      vertex 41.2268 54.9321 -2.28882e-07
      vertex 41.4481 54.879 5
      vertex 41.2268 54.9321 5
    endloop
  endfacet
  facet normal -0.233323 -0.972399 -0
    outer loop
      vertex 41.4481 54.879 5
      vertex 41.2268 54.9321 -2.28882e-07
      vertex 41.4481 54.879 -2.28882e-07
    endloop
  endfacet
  facet normal 0.0786795 -0.9969 0
    outer loop
      vertex 40.7732 54.9321 -2.28882e-07
      vertex 41 54.95 5
      vertex 40.7732 54.9321 5
    endloop
  endfacet
  facet normal 0.0786795 -0.9969 0
    outer loop
      vertex 41 54.95 5
      vertex 40.7732 54.9321 -2.28882e-07
      vertex 41 54.95 -2.28882e-07
    endloop
  endfacet
  facet normal 0.64956 -0.76031 0
    outer loop
      vertex 39.9747 54.5253 -2.28882e-07
      vertex 40.1477 54.6731 5
      vertex 39.9747 54.5253 5
    endloop
  endfacet
  facet normal 0.64956 -0.76031 0
    outer loop
      vertex 40.1477 54.6731 5
      vertex 39.9747 54.5253 -2.28882e-07
      vertex 40.1477 54.6731 -2.28882e-07
    endloop
  endfacet
  facet normal 0.972399 -0.233323 0
    outer loop
      vertex 39.5679 53.7268 5
      vertex 39.621 53.9481 -2.28882e-07
      vertex 39.621 53.9481 5
    endloop
  endfacet
  facet normal 0.972399 -0.233323 0
    outer loop
      vertex 39.621 53.9481 -2.28882e-07
      vertex 39.5679 53.7268 5
      vertex 39.5679 53.7268 -2.28882e-07
    endloop
  endfacet
  facet normal -0.0786795 0.9969 0
    outer loop
      vertex 41.2268 52.0679 -2.28882e-07
      vertex 41 52.05 5
      vertex 41.2268 52.0679 5
    endloop
  endfacet
  facet normal -0.0786795 0.9969 0
    outer loop
      vertex 41 52.05 5
      vertex 41.2268 52.0679 -2.28882e-07
      vertex 41 52.05 -2.28882e-07
    endloop
  endfacet
  facet normal -0.64956 0.76031 0
    outer loop
      vertex 42.0253 52.4747 -2.28882e-07
      vertex 41.8523 52.3269 5
      vertex 42.0253 52.4747 5
    endloop
  endfacet
  facet normal -0.64956 0.76031 0
    outer loop
      vertex 41.8523 52.3269 5
      vertex 42.0253 52.4747 -2.28882e-07
      vertex 41.8523 52.3269 -2.28882e-07
    endloop
  endfacet
  facet normal 0 0.707107 -0.707107
    outer loop
      vertex 24.005 55.126 16.874
      vertex 0 58.492 20.24
      vertex 24.005 58.492 20.24
    endloop
  endfacet
  facet normal 0 0.707107 -0.707107
    outer loop
      vertex 0 58.492 20.24
      vertex 24.005 55.126 16.874
      vertex 0 55.126 16.874
    endloop
  endfacet
  facet normal 0 -0.38269 0.923877
    outer loop
      vertex 0 63.9503 4.72836
      vertex 24.005 62.8485 4.27197
      vertex 24.005 63.9503 4.72836
    endloop
  endfacet
  facet normal 0 -0.38269 0.923877
    outer loop
      vertex 24.005 62.8485 4.27197
      vertex 0 63.9503 4.72836
      vertex 0 62.8485 4.27197
    endloop
  endfacet
  facet normal 0 -0.52247 0.852658
    outer loop
      vertex 0 64.9672 5.35147
      vertex 24.005 63.9503 4.72836
      vertex 24.005 64.9672 5.35147
    endloop
  endfacet
  facet normal 0 -0.52247 0.852658
    outer loop
      vertex 24.005 63.9503 4.72836
      vertex 0 64.9672 5.35147
      vertex 0 63.9503 4.72836
    endloop
  endfacet
  facet normal 0 -0.233441 0.972371
    outer loop
      vertex 0 62.8485 4.27197
      vertex 24.005 61.6889 3.99358
      vertex 24.005 62.8485 4.27197
    endloop
  endfacet
  facet normal 0 -0.233441 0.972371
    outer loop
      vertex 24.005 61.6889 3.99358
      vertex 0 62.8485 4.27197
      vertex 0 61.6889 3.99358
    endloop
  endfacet
  facet normal 0 -0.972369 -0.233449
    outer loop
      vertex 0 68.0064 12.6889
      vertex 24.005 67.728 13.8485
      vertex 0 67.728 13.8485
    endloop
  endfacet
  facet normal 0 -0.972369 -0.233449
    outer loop
      vertex 24.005 67.728 13.8485
      vertex 0 68.0064 12.6889
      vertex 24.005 68.0064 12.6889
    endloop
  endfacet
  facet normal 0 -0.0784604 0.996917
    outer loop
      vertex 0 61.6889 3.99358
      vertex 24.005 60.5 3.90001
      vertex 24.005 61.6889 3.99358
    endloop
  endfacet
  facet normal 0 -0.0784604 0.996917
    outer loop
      vertex 24.005 60.5 3.90001
      vertex 0 61.6889 3.99358
      vertex 0 60.5 3.90001
    endloop
  endfacet
  facet normal 0 0 -1
    outer loop
      vertex 0 58.492 20.24
      vertex 24.005 62.508 20.24
      vertex 24.005 58.492 20.24
    endloop
  endfacet
  facet normal -0 0 -1
    outer loop
      vertex 24.005 62.508 20.24
      vertex 0 58.492 20.24
      vertex 0 62.508 20.24
    endloop
  endfacet
  facet normal 0 -0.996915 0.0784854
    outer loop
      vertex 0 68.0064 10.3111
      vertex 24.005 68.1 11.5
      vertex 0 68.1 11.5
    endloop
  endfacet
  facet normal 0 -0.996915 0.0784854
    outer loop
      vertex 24.005 68.1 11.5
      vertex 0 68.0064 10.3111
      vertex 24.005 68.0064 10.3111
    endloop
  endfacet
  facet normal 0 0.852662 -0.522464
    outer loop
      vertex 24.005 53.7284 14.9503
      vertex 0 54.3515 15.9672
      vertex 24.005 54.3515 15.9672
    endloop
  endfacet
  facet normal 0 0.852662 -0.522464
    outer loop
      vertex 0 54.3515 15.9672
      vertex 24.005 53.7284 14.9503
      vertex 0 53.7284 14.9503
    endloop
  endfacet
  facet normal 0 -0.97237 0.233443
    outer loop
      vertex 0 67.728 9.15147
      vertex 24.005 68.0064 10.3111
      vertex 0 68.0064 10.3111
    endloop
  endfacet
  facet normal 0 -0.97237 0.233443
    outer loop
      vertex 24.005 68.0064 10.3111
      vertex 0 67.728 9.15147
      vertex 24.005 67.728 9.15147
    endloop
  endfacet
  facet normal -1 0 0
    outer loop
      vertex 24.005 65.25 11.5
      vertex 24.005 68.1 11.5
      vertex 24.005 68.0064 10.3111
    endloop
  endfacet
  facet normal -1 0 0
    outer loop
      vertex 24.005 65.1915 10.7569
      vertex 24.005 68.0064 10.3111
      vertex 24.005 67.728 9.15147
    endloop
  endfacet
  facet normal -1 0 0
    outer loop
      vertex 24.005 68.1 11.5
      vertex 24.005 65.25 11.5
      vertex 24.005 68.0064 12.6889
    endloop
  endfacet
  facet normal -1 0 0
    outer loop
      vertex 24.005 65.0175 10.0322
      vertex 24.005 67.728 9.15147
      vertex 24.005 67.2716 8.04968
    endloop
  endfacet
  facet normal -1 0 0
    outer loop
      vertex 24.005 65.1915 12.2431
      vertex 24.005 68.0064 12.6889
      vertex 24.005 65.25 11.5
    endloop
  endfacet
  facet normal -1 0 0
    outer loop
      vertex 24.005 64.7323 9.34355
      vertex 24.005 67.2716 8.04968
      vertex 24.005 66.6485 7.03284
    endloop
  endfacet
  facet normal -1 -0 0
    outer loop
      vertex 24.005 68.0064 12.6889
      vertex 24.005 65.1915 12.2431
      vertex 24.005 67.728 13.8485
    endloop
  endfacet
  facet normal -1 0 0
    outer loop
      vertex 24.005 64.3428 8.70802
      vertex 24.005 66.6485 7.03284
      vertex 24.005 65.874 6.12599
    endloop
  endfacet
  facet normal -1 0 0
    outer loop
      vertex 24.005 65.0175 12.9678
      vertex 24.005 67.728 13.8485
      vertex 24.005 65.1915 12.2431
    endloop
  endfacet
  facet normal -1 -0 0
    outer loop
      vertex 24.005 67.728 13.8485
      vertex 24.005 65.0175 12.9678
      vertex 24.005 67.2716 14.9503
    endloop
  endfacet
  facet normal -1 0 0
    outer loop
      vertex 24.005 68.0064 10.3111
      vertex 24.005 65.1915 10.7569
      vertex 24.005 65.25 11.5
    endloop
  endfacet
  facet normal -1 0 0
    outer loop
      vertex 24.005 67.728 9.15147
      vertex 24.005 65.0175 10.0322
      vertex 24.005 65.1915 10.7569
    endloop
  endfacet
  facet normal -1 0 0
    outer loop
      vertex 24.005 63.8587 8.14125
      vertex 24.005 65.874 6.12599
      vertex 24.005 64.9672 5.35147
    endloop
  endfacet
  facet normal -1 0 0
    outer loop
      vertex 24.005 67.2716 8.04968
      vertex 24.005 64.7323 9.34355
      vertex 24.005 65.0175 10.0322
    endloop
  endfacet
  facet normal -1 0 0
    outer loop
      vertex 24.005 66.6485 7.03284
      vertex 24.005 64.3428 8.70802
      vertex 24.005 64.7323 9.34355
    endloop
  endfacet
  facet normal -1 0 0
    outer loop
      vertex 24.005 63.292 7.65718
      vertex 24.005 64.9672 5.35147
      vertex 24.005 63.9503 4.72836
    endloop
  endfacet
  facet normal -1 0 0
    outer loop
      vertex 24.005 65.874 6.12599
      vertex 24.005 63.8587 8.14125
      vertex 24.005 64.3428 8.70802
    endloop
  endfacet
  facet normal -1 0 0
    outer loop
      vertex 24.005 64.9672 5.35147
      vertex 24.005 63.292 7.65718
      vertex 24.005 63.8587 8.14125
    endloop
  endfacet
  facet normal -1 0 0
    outer loop
      vertex 24.005 62.6564 7.26773
      vertex 24.005 63.9503 4.72836
      vertex 24.005 62.8485 4.27197
    endloop
  endfacet
  facet normal -1 0 0
    outer loop
      vertex 24.005 63.9503 4.72836
      vertex 24.005 62.6564 7.26773
      vertex 24.005 63.292 7.65718
    endloop
  endfacet
  facet normal -1 0 0
    outer loop
      vertex 24.005 62.8485 4.27197
      vertex 24.005 61.9678 6.98248
      vertex 24.005 62.6564 7.26773
    endloop
  endfacet
  facet normal -1 0 0
    outer loop
      vertex 24.005 61.6889 3.99358
      vertex 24.005 61.9678 6.98248
      vertex 24.005 62.8485 4.27197
    endloop
  endfacet
  facet normal -1 0 0
    outer loop
      vertex 24.005 61.6889 3.99358
      vertex 24.005 61.2431 6.80849
      vertex 24.005 61.9678 6.98248
    endloop
  endfacet
  facet normal -1 0 0
    outer loop
      vertex 24.005 60.5 3.90001
      vertex 24.005 61.2431 6.80849
      vertex 24.005 61.6889 3.99358
    endloop
  endfacet
  facet normal -1 0 0
    outer loop
      vertex 24.005 60.5 3.90001
      vertex 24.005 60.5 6.75
      vertex 24.005 61.2431 6.80849
    endloop
  endfacet
  facet normal -1 0 0
    outer loop
      vertex 24.005 60.5 3.90001
      vertex 24.005 59.7569 6.80849
      vertex 24.005 60.5 6.75
    endloop
  endfacet
  facet normal -1 0 0
    outer loop
      vertex 24.005 59.3111 3.99358
      vertex 24.005 59.7569 6.80849
      vertex 24.005 60.5 3.90001
    endloop
  endfacet
  facet normal -1 0 0
    outer loop
      vertex 24.005 59.3111 3.99358
      vertex 24.005 59.0322 6.98248
      vertex 24.005 59.7569 6.80849
    endloop
  endfacet
  facet normal -1 0 0
    outer loop
      vertex 24.005 58.1515 4.27197
      vertex 24.005 59.0322 6.98248
      vertex 24.005 59.3111 3.99358
    endloop
  endfacet
  facet normal -1 -0 0
    outer loop
      vertex 24.005 59.0322 6.98248
      vertex 24.005 58.1515 4.27197
      vertex 24.005 58.3436 7.26773
    endloop
  endfacet
  facet normal -1 0 0
    outer loop
      vertex 24.005 57.0497 4.72836
      vertex 24.005 58.3436 7.26773
      vertex 24.005 58.1515 4.27197
    endloop
  endfacet
  facet normal -1 -0 0
    outer loop
      vertex 24.005 58.3436 7.26773
      vertex 24.005 57.0497 4.72836
      vertex 24.005 57.708 7.65718
    endloop
  endfacet
  facet normal -1 0 0
    outer loop
      vertex 24.005 56.0328 5.35147
      vertex 24.005 57.708 7.65718
      vertex 24.005 57.0497 4.72836
    endloop
  endfacet
  facet normal -1 -0 0
    outer loop
      vertex 24.005 57.708 7.65718
      vertex 24.005 56.0328 5.35147
      vertex 24.005 57.1413 8.14125
    endloop
  endfacet
  facet normal -1 0 0
    outer loop
      vertex 24.005 55.126 6.12599
      vertex 24.005 57.1413 8.14125
      vertex 24.005 56.0328 5.35147
    endloop
  endfacet
  facet normal -1 -0 0
    outer loop
      vertex 24.005 57.1413 8.14125
      vertex 24.005 55.126 6.12599
      vertex 24.005 56.6572 8.70802
    endloop
  endfacet
  facet normal -1 0 0
    outer loop
      vertex 24.005 54.3515 7.03284
      vertex 24.005 56.6572 8.70802
      vertex 24.005 55.126 6.12599
    endloop
  endfacet
  facet normal -1 -0 0
    outer loop
      vertex 24.005 56.6572 8.70802
      vertex 24.005 54.3515 7.03284
      vertex 24.005 56.2677 9.34355
    endloop
  endfacet
  facet normal -1 0 0
    outer loop
      vertex 24.005 53.7284 8.04968
      vertex 24.005 56.2677 9.34355
      vertex 24.005 54.3515 7.03284
    endloop
  endfacet
  facet normal -1 -0 0
    outer loop
      vertex 24.005 56.2677 9.34355
      vertex 24.005 53.7284 8.04968
      vertex 24.005 55.9825 10.0322
    endloop
  endfacet
  facet normal -1 0 0
    outer loop
      vertex 24.005 64.7323 13.6564
      vertex 24.005 67.2716 14.9503
      vertex 24.005 65.0175 12.9678
    endloop
  endfacet
  facet normal -1 -0 0
    outer loop
      vertex 24.005 67.2716 14.9503
      vertex 24.005 64.7323 13.6564
      vertex 24.005 66.6485 15.9672
    endloop
  endfacet
  facet normal -1 0 0
    outer loop
      vertex 24.005 64.3428 14.292
      vertex 24.005 66.6485 15.9672
      vertex 24.005 64.7323 13.6564
    endloop
  endfacet
  facet normal -1 -0 0
    outer loop
      vertex 24.005 66.6485 15.9672
      vertex 24.005 64.3428 14.292
      vertex 24.005 65.874 16.874
    endloop
  endfacet
  facet normal -1 0 0
    outer loop
      vertex 24.005 63.8587 14.8587
      vertex 24.005 65.874 16.874
      vertex 24.005 64.3428 14.292
    endloop
  endfacet
  facet normal -1 0 0
    outer loop
      vertex 24.005 61.755 16.9625
      vertex 24.005 65.874 16.874
      vertex 24.005 63.8587 14.8587
    endloop
  endfacet
  facet normal -1 0 0
    outer loop
      vertex 24.005 65.874 16.874
      vertex 24.005 61.755 16.9625
      vertex 24.005 62.508 20.24
    endloop
  endfacet
  facet normal -1 0 0
    outer loop
      vertex 24.005 59.245 16.9625
      vertex 24.005 62.508 20.24
      vertex 24.005 61.755 16.9625
    endloop
  endfacet
  facet normal -1 0 0
    outer loop
      vertex 24.005 59.245 16.9625
      vertex 24.005 58.492 20.24
      vertex 24.005 62.508 20.24
    endloop
  endfacet
  facet normal -1 0 0
    outer loop
      vertex 24.005 55.126 16.874
      vertex 24.005 59.245 16.9625
      vertex 24.005 57.1413 14.8587
    endloop
  endfacet
  facet normal -1 0 0
    outer loop
      vertex 24.005 55.126 16.874
      vertex 24.005 57.1413 14.8587
      vertex 24.005 56.6572 14.292
    endloop
  endfacet
  facet normal -1 0 0
    outer loop
      vertex 24.005 54.3515 15.9672
      vertex 24.005 56.6572 14.292
      vertex 24.005 56.2677 13.6564
    endloop
  endfacet
  facet normal -1 0 0
    outer loop
      vertex 24.005 53.7284 14.9503
      vertex 24.005 56.2677 13.6564
      vertex 24.005 55.9825 12.9678
    endloop
  endfacet
  facet normal -1 0 0
    outer loop
      vertex 24.005 53.272 9.15147
      vertex 24.005 55.9825 10.0322
      vertex 24.005 53.7284 8.04968
    endloop
  endfacet
  facet normal -1 -0 0
    outer loop
      vertex 24.005 59.245 16.9625
      vertex 24.005 55.126 16.874
      vertex 24.005 58.492 20.24
    endloop
  endfacet
  facet normal -1 0 0
    outer loop
      vertex 24.005 53.272 13.8485
      vertex 24.005 55.9825 12.9678
      vertex 24.005 55.8085 12.2431
    endloop
  endfacet
  facet normal -1 -0 0
    outer loop
      vertex 24.005 55.9825 10.0322
      vertex 24.005 53.272 9.15147
      vertex 24.005 55.8085 10.7569
    endloop
  endfacet
  facet normal -1 0 0
    outer loop
      vertex 24.005 52.9936 10.3111
      vertex 24.005 55.8085 10.7569
      vertex 24.005 53.272 9.15147
    endloop
  endfacet
  facet normal -1 0 0
    outer loop
      vertex 24.005 56.6572 14.292
      vertex 24.005 54.3515 15.9672
      vertex 24.005 55.126 16.874
    endloop
  endfacet
  facet normal -1 -0 0
    outer loop
      vertex 24.005 55.8085 10.7569
      vertex 24.005 52.9936 10.3111
      vertex 24.005 55.75 11.5
    endloop
  endfacet
  facet normal -1 0 0
    outer loop
      vertex 24.005 56.2677 13.6564
      vertex 24.005 53.7284 14.9503
      vertex 24.005 54.3515 15.9672
    endloop
  endfacet
  facet normal -1 0 0
    outer loop
      vertex 24.005 52.9 11.5
      vertex 24.005 55.75 11.5
      vertex 24.005 52.9936 10.3111
    endloop
  endfacet
  facet normal -1 0 0
    outer loop
      vertex 24.005 55.9825 12.9678
      vertex 24.005 53.272 13.8485
      vertex 24.005 53.7284 14.9503
    endloop
  endfacet
  facet normal -1 0 0
    outer loop
      vertex 24.005 55.75 11.5
      vertex 24.005 52.9 11.5
      vertex 24.005 55.8085 12.2431
    endloop
  endfacet
  facet normal -1 0 0
    outer loop
      vertex 24.005 55.8085 12.2431
      vertex 24.005 52.9936 12.6889
      vertex 24.005 53.272 13.8485
    endloop
  endfacet
  facet normal -1 -0 0
    outer loop
      vertex 24.005 55.8085 12.2431
      vertex 24.005 52.9 11.5
      vertex 24.005 52.9936 12.6889
    endloop
  endfacet
  facet normal 0 -0.707107 -0.707107
    outer loop
      vertex 0 65.874 16.874
      vertex 24.005 62.508 20.24
      vertex 0 62.508 20.24
    endloop
  endfacet
  facet normal 0 -0.707107 -0.707107
    outer loop
      vertex 24.005 62.508 20.24
      vertex 0 65.874 16.874
      vertex 24.005 65.874 16.874
    endloop
  endfacet
  facet normal -0 0.233441 0.972371
    outer loop
      vertex 0 59.3111 3.99358
      vertex 24.005 58.1515 4.27197
      vertex 24.005 59.3111 3.99358
    endloop
  endfacet
  facet normal 0 0.233441 0.972371
    outer loop
      vertex 24.005 58.1515 4.27197
      vertex 0 59.3111 3.99358
      vertex 0 58.1515 4.27197
    endloop
  endfacet
  facet normal -0 0.38269 0.923877
    outer loop
      vertex 0 58.1515 4.27197
      vertex 24.005 57.0497 4.72836
      vertex 24.005 58.1515 4.27197
    endloop
  endfacet
  facet normal 0 0.38269 0.923877
    outer loop
      vertex 24.005 57.0497 4.72836
      vertex 0 58.1515 4.27197
      vertex 0 57.0497 4.72836
    endloop
  endfacet
  facet normal 0 0.760398 -0.649458
    outer loop
      vertex 24.005 54.3515 15.9672
      vertex 0 55.126 16.874
      vertex 24.005 55.126 16.874
    endloop
  endfacet
  facet normal 0 0.760398 -0.649458
    outer loop
      vertex 0 55.126 16.874
      vertex 24.005 54.3515 15.9672
      vertex 0 54.3515 15.9672
    endloop
  endfacet
  facet normal -0 0.0784604 0.996917
    outer loop
      vertex 0 60.5 3.90001
      vertex 24.005 59.3111 3.99358
      vertex 24.005 60.5 3.90001
    endloop
  endfacet
  facet normal 0 0.0784604 0.996917
    outer loop
      vertex 24.005 59.3111 3.99358
      vertex 0 60.5 3.90001
      vertex 0 59.3111 3.99358
    endloop
  endfacet
  facet normal 0 -0.923873 0.3827
    outer loop
      vertex 0 67.2716 8.04968
      vertex 24.005 67.728 9.15147
      vertex 0 67.728 9.15147
    endloop
  endfacet
  facet normal 0 -0.923873 0.3827
    outer loop
      vertex 24.005 67.728 9.15147
      vertex 0 67.2716 8.04968
      vertex 24.005 67.2716 8.04968
    endloop
  endfacet
  facet normal 0 0.760416 0.649437
    outer loop
      vertex 24.005 55.126 6.12599
      vertex 0 54.3515 7.03284
      vertex 24.005 54.3515 7.03284
    endloop
  endfacet
  facet normal 0 0.760416 0.649437
    outer loop
      vertex 0 54.3515 7.03284
      vertex 24.005 55.126 6.12599
      vertex 0 55.126 6.12599
    endloop
  endfacet
  facet normal 0 -0.852662 -0.522464
    outer loop
      vertex 0 67.2716 14.9503
      vertex 24.005 66.6485 15.9672
      vertex 0 66.6485 15.9672
    endloop
  endfacet
  facet normal 0 -0.852662 -0.522464
    outer loop
      vertex 24.005 66.6485 15.9672
      vertex 0 67.2716 14.9503
      vertex 24.005 67.2716 14.9503
    endloop
  endfacet
  facet normal 0 0.97237 0.233443
    outer loop
      vertex 24.005 53.272 9.15147
      vertex 0 52.9936 10.3111
      vertex 24.005 52.9936 10.3111
    endloop
  endfacet
  facet normal 0 0.97237 0.233443
    outer loop
      vertex 0 52.9936 10.3111
      vertex 24.005 53.272 9.15147
      vertex 0 53.272 9.15147
    endloop
  endfacet
  facet normal -0 0.52247 0.852658
    outer loop
      vertex 0 57.0497 4.72836
      vertex 24.005 56.0328 5.35147
      vertex 24.005 57.0497 4.72836
    endloop
  endfacet
  facet normal 0 0.52247 0.852658
    outer loop
      vertex 24.005 56.0328 5.35147
      vertex 0 57.0497 4.72836
      vertex 0 56.0328 5.35147
    endloop
  endfacet
  facet normal 0 0.996915 0.0784854
    outer loop
      vertex 24.005 52.9936 10.3111
      vertex 0 52.9 11.5
      vertex 24.005 52.9 11.5
    endloop
  endfacet
  facet normal 0 0.996915 0.0784854
    outer loop
      vertex 0 52.9 11.5
      vertex 24.005 52.9936 10.3111
      vertex 0 52.9936 10.3111
    endloop
  endfacet
  facet normal 0 0.972369 -0.233449
    outer loop
      vertex 24.005 52.9936 12.6889
      vertex 0 53.272 13.8485
      vertex 24.005 53.272 13.8485
    endloop
  endfacet
  facet normal 0 0.972369 -0.233449
    outer loop
      vertex 0 53.272 13.8485
      vertex 24.005 52.9936 12.6889
      vertex 0 52.9936 12.6889
    endloop
  endfacet
  facet normal 0 0.852648 0.522486
    outer loop
      vertex 24.005 54.3515 7.03284
      vertex 0 53.7284 8.04968
      vertex 24.005 53.7284 8.04968
    endloop
  endfacet
  facet normal 0 0.852648 0.522486
    outer loop
      vertex 0 53.7284 8.04968
      vertex 24.005 54.3515 7.03284
      vertex 0 54.3515 7.03284
    endloop
  endfacet
  facet normal -0 0.649467 0.76039
    outer loop
      vertex 0 56.0328 5.35147
      vertex 24.005 55.126 6.12599
      vertex 24.005 56.0328 5.35147
    endloop
  endfacet
  facet normal 0 0.649467 0.76039
    outer loop
      vertex 24.005 55.126 6.12599
      vertex 0 56.0328 5.35147
      vertex 0 55.126 6.12599
    endloop
  endfacet
  facet normal 0 0.923874 -0.382697
    outer loop
      vertex 24.005 53.272 13.8485
      vertex 0 53.7284 14.9503
      vertex 24.005 53.7284 14.9503
    endloop
  endfacet
  facet normal 0 0.923874 -0.382697
    outer loop
      vertex 0 53.7284 14.9503
      vertex 24.005 53.272 13.8485
      vertex 0 53.272 13.8485
    endloop
  endfacet
  facet normal 0 -0.760416 0.649437
    outer loop
      vertex 0 65.874 6.12599
      vertex 24.005 66.6485 7.03284
      vertex 0 66.6485 7.03284
    endloop
  endfacet
  facet normal 0 -0.760416 0.649437
    outer loop
      vertex 24.005 66.6485 7.03284
      vertex 0 65.874 6.12599
      vertex 24.005 65.874 6.12599
    endloop
  endfacet
  facet normal 0 -0.923874 -0.382697
    outer loop
      vertex 0 67.728 13.8485
      vertex 24.005 67.2716 14.9503
      vertex 0 67.2716 14.9503
    endloop
  endfacet
  facet normal 0 -0.923874 -0.382697
    outer loop
      vertex 24.005 67.2716 14.9503
      vertex 0 67.728 13.8485
      vertex 24.005 67.728 13.8485
    endloop
  endfacet
  facet normal 0 -0.760398 -0.649458
    outer loop
      vertex 0 66.6485 15.9672
      vertex 24.005 65.874 16.874
      vertex 0 65.874 16.874
    endloop
  endfacet
  facet normal 0 -0.760398 -0.649458
    outer loop
      vertex 24.005 65.874 16.874
      vertex 0 66.6485 15.9672
      vertex 24.005 66.6485 15.9672
    endloop
  endfacet
  facet normal 0 -0.996915 -0.0784854
    outer loop
      vertex 0 68.1 11.5
      vertex 24.005 68.0064 12.6889
      vertex 0 68.0064 12.6889
    endloop
  endfacet
  facet normal 0 -0.996915 -0.0784854
    outer loop
      vertex 24.005 68.0064 12.6889
      vertex 0 68.1 11.5
      vertex 24.005 68.1 11.5
    endloop
  endfacet
  facet normal 0 0.923873 0.3827
    outer loop
      vertex 24.005 53.7284 8.04968
      vertex 0 53.272 9.15147
      vertex 24.005 53.272 9.15147
    endloop
  endfacet
  facet normal 0 0.923873 0.3827
    outer loop
      vertex 0 53.272 9.15147
      vertex 24.005 53.7284 8.04968
      vertex 0 53.7284 8.04968
    endloop
  endfacet
  facet normal 0 0.996915 -0.0784854
    outer loop
      vertex 24.005 52.9 11.5
      vertex 0 52.9936 12.6889
      vertex 24.005 52.9936 12.6889
    endloop
  endfacet
  facet normal 0 0.996915 -0.0784854
    outer loop
      vertex 0 52.9936 12.6889
      vertex 24.005 52.9 11.5
      vertex 0 52.9 11.5
    endloop
  endfacet
  facet normal 0 -0.649467 0.76039
    outer loop
      vertex 0 65.874 6.12599
      vertex 24.005 64.9672 5.35147
      vertex 24.005 65.874 6.12599
    endloop
  endfacet
  facet normal 0 -0.649467 0.76039
    outer loop
      vertex 24.005 64.9672 5.35147
      vertex 0 65.874 6.12599
      vertex 0 64.9672 5.35147
    endloop
  endfacet
  facet normal 0 -0.852648 0.522486
    outer loop
      vertex 0 66.6485 7.03284
      vertex 24.005 67.2716 8.04968
      vertex 0 67.2716 8.04968
    endloop
  endfacet
  facet normal 0 -0.852648 0.522486
    outer loop
      vertex 24.005 67.2716 8.04968
      vertex 0 66.6485 7.03284
      vertex 24.005 66.6485 7.03284
    endloop
  endfacet
  facet normal 0 0.707107 -0.707107
    outer loop
      vertex 50 55.126 16.874
      vertex 25.995 58.492 20.24
      vertex 50 58.492 20.24
    endloop
  endfacet
  facet normal 0 0.707107 -0.707107
    outer loop
      vertex 25.995 58.492 20.24
      vertex 50 55.126 16.874
      vertex 25.995 55.126 16.874
    endloop
  endfacet
  facet normal 0 -0.38269 0.923877
    outer loop
      vertex 25.995 63.9503 4.72836
      vertex 50 62.8485 4.27197
      vertex 50 63.9503 4.72836
    endloop
  endfacet
  facet normal 0 -0.38269 0.923877
    outer loop
      vertex 50 62.8485 4.27197
      vertex 25.995 63.9503 4.72836
      vertex 25.995 62.8485 4.27197
    endloop
  endfacet
  facet normal 0 -0.233441 0.972371
    outer loop
      vertex 25.995 62.8485 4.27197
      vertex 50 61.6889 3.99358
      vertex 50 62.8485 4.27197
    endloop
  endfacet
  facet normal 0 -0.233441 0.972371
    outer loop
      vertex 50 61.6889 3.99358
      vertex 25.995 62.8485 4.27197
      vertex 25.995 61.6889 3.99358
    endloop
  endfacet
  facet normal 0 -0.972369 -0.233449
    outer loop
      vertex 25.995 68.0064 12.6889
      vertex 50 67.728 13.8485
      vertex 25.995 67.728 13.8485
    endloop
  endfacet
  facet normal 0 -0.972369 -0.233449
    outer loop
      vertex 50 67.728 13.8485
      vertex 25.995 68.0064 12.6889
      vertex 50 68.0064 12.6889
    endloop
  endfacet
  facet normal 0 -0.0784604 0.996917
    outer loop
      vertex 25.995 61.6889 3.99358
      vertex 50 60.5 3.90001
      vertex 50 61.6889 3.99358
    endloop
  endfacet
  facet normal 0 -0.0784604 0.996917
    outer loop
      vertex 50 60.5 3.90001
      vertex 25.995 61.6889 3.99358
      vertex 25.995 60.5 3.90001
    endloop
  endfacet
  facet normal 0 0 -1
    outer loop
      vertex 25.995 58.492 20.24
      vertex 50 62.508 20.24
      vertex 50 58.492 20.24
    endloop
  endfacet
  facet normal -0 0 -1
    outer loop
      vertex 50 62.508 20.24
      vertex 25.995 58.492 20.24
      vertex 25.995 62.508 20.24
    endloop
  endfacet
  facet normal 0 -0.996915 0.0784854
    outer loop
      vertex 25.995 68.0064 10.3111
      vertex 50 68.1 11.5
      vertex 25.995 68.1 11.5
    endloop
  endfacet
  facet normal 0 -0.996915 0.0784854
    outer loop
      vertex 50 68.1 11.5
      vertex 25.995 68.0064 10.3111
      vertex 50 68.0064 10.3111
    endloop
  endfacet
  facet normal 0 0.852662 -0.522464
    outer loop
      vertex 50 53.7284 14.9503
      vertex 25.995 54.3515 15.9672
      vertex 50 54.3515 15.9672
    endloop
  endfacet
  facet normal 0 0.852662 -0.522464
    outer loop
      vertex 25.995 54.3515 15.9672
      vertex 50 53.7284 14.9503
      vertex 25.995 53.7284 14.9503
    endloop
  endfacet
  facet normal 0 -0.97237 0.233443
    outer loop
      vertex 25.995 67.728 9.15147
      vertex 50 68.0064 10.3111
      vertex 25.995 68.0064 10.3111
    endloop
  endfacet
  facet normal 0 -0.97237 0.233443
    outer loop
      vertex 50 68.0064 10.3111
      vertex 25.995 67.728 9.15147
      vertex 50 67.728 9.15147
    endloop
  endfacet
  facet normal -0 0.233441 0.972371
    outer loop
      vertex 25.995 59.3111 3.99358
      vertex 50 58.1515 4.27197
      vertex 50 59.3111 3.99358
    endloop
  endfacet
  facet normal 0 0.233441 0.972371
    outer loop
      vertex 50 58.1515 4.27197
      vertex 25.995 59.3111 3.99358
      vertex 25.995 58.1515 4.27197
    endloop
  endfacet
  facet normal -0 0.38269 0.923877
    outer loop
      vertex 25.995 58.1515 4.27197
      vertex 50 57.0497 4.72836
      vertex 50 58.1515 4.27197
    endloop
  endfacet
  facet normal 0 0.38269 0.923877
    outer loop
      vertex 50 57.0497 4.72836
      vertex 25.995 58.1515 4.27197
      vertex 25.995 57.0497 4.72836
    endloop
  endfacet
  facet normal 0 0.760398 -0.649458
    outer loop
      vertex 50 54.3515 15.9672
      vertex 25.995 55.126 16.874
      vertex 50 55.126 16.874
    endloop
  endfacet
  facet normal 0 0.760398 -0.649458
    outer loop
      vertex 25.995 55.126 16.874
      vertex 50 54.3515 15.9672
      vertex 25.995 54.3515 15.9672
    endloop
  endfacet
  facet normal -0 0.0784604 0.996917
    outer loop
      vertex 25.995 60.5 3.90001
      vertex 50 59.3111 3.99358
      vertex 50 60.5 3.90001
    endloop
  endfacet
  facet normal 0 0.0784604 0.996917
    outer loop
      vertex 50 59.3111 3.99358
      vertex 25.995 60.5 3.90001
      vertex 25.995 59.3111 3.99358
    endloop
  endfacet
  facet normal 0 -0.923873 0.3827
    outer loop
      vertex 25.995 67.2716 8.04968
      vertex 50 67.728 9.15147
      vertex 25.995 67.728 9.15147
    endloop
  endfacet
  facet normal 0 -0.923873 0.3827
    outer loop
      vertex 50 67.728 9.15147
      vertex 25.995 67.2716 8.04968
      vertex 50 67.2716 8.04968
    endloop
  endfacet
  facet normal 0 0.760416 0.649437
    outer loop
      vertex 50 55.126 6.12599
      vertex 25.995 54.3515 7.03284
      vertex 50 54.3515 7.03284
    endloop
  endfacet
  facet normal 0 0.760416 0.649437
    outer loop
      vertex 25.995 54.3515 7.03284
      vertex 50 55.126 6.12599
      vertex 25.995 55.126 6.12599
    endloop
  endfacet
  facet normal 0 -0.852662 -0.522464
    outer loop
      vertex 25.995 67.2716 14.9503
      vertex 50 66.6485 15.9672
      vertex 25.995 66.6485 15.9672
    endloop
  endfacet
  facet normal 0 -0.852662 -0.522464
    outer loop
      vertex 50 66.6485 15.9672
      vertex 25.995 67.2716 14.9503
      vertex 50 67.2716 14.9503
    endloop
  endfacet
  facet normal 0 0.97237 0.233443
    outer loop
      vertex 50 53.272 9.15147
      vertex 25.995 52.9936 10.3111
      vertex 50 52.9936 10.3111
    endloop
  endfacet
  facet normal 0 0.97237 0.233443
    outer loop
      vertex 25.995 52.9936 10.3111
      vertex 50 53.272 9.15147
      vertex 25.995 53.272 9.15147
    endloop
  endfacet
  facet normal -0 0.52247 0.852658
    outer loop
      vertex 25.995 57.0497 4.72836
      vertex 50 56.0328 5.35147
      vertex 50 57.0497 4.72836
    endloop
  endfacet
  facet normal 0 0.52247 0.852658
    outer loop
      vertex 50 56.0328 5.35147
      vertex 25.995 57.0497 4.72836
      vertex 25.995 56.0328 5.35147
    endloop
  endfacet
  facet normal 0 0.996915 0.0784854
    outer loop
      vertex 50 52.9936 10.3111
      vertex 25.995 52.9 11.5
      vertex 50 52.9 11.5
    endloop
  endfacet
  facet normal 0 0.996915 0.0784854
    outer loop
      vertex 25.995 52.9 11.5
      vertex 50 52.9936 10.3111
      vertex 25.995 52.9936 10.3111
    endloop
  endfacet
  facet normal 1 0 0
    outer loop
      vertex 25.995 65.25 11.5
      vertex 25.995 68.1 11.5
      vertex 25.995 68.0064 12.6889
    endloop
  endfacet
  facet normal 1 0 0
    outer loop
      vertex 25.995 65.1915 12.2431
      vertex 25.995 68.0064 12.6889
      vertex 25.995 67.728 13.8485
    endloop
  endfacet
  facet normal 1 0 0
    outer loop
      vertex 25.995 68.1 11.5
      vertex 25.995 65.25 11.5
      vertex 25.995 68.0064 10.3111
    endloop
  endfacet
  facet normal 1 0 0
    outer loop
      vertex 25.995 65.0175 12.9678
      vertex 25.995 67.728 13.8485
      vertex 25.995 67.2716 14.9503
    endloop
  endfacet
  facet normal 1 -0 0
    outer loop
      vertex 25.995 65.1915 10.7569
      vertex 25.995 68.0064 10.3111
      vertex 25.995 65.25 11.5
    endloop
  endfacet
  facet normal 1 0 0
    outer loop
      vertex 25.995 64.7323 13.6564
      vertex 25.995 67.2716 14.9503
      vertex 25.995 66.6485 15.9672
    endloop
  endfacet
  facet normal 1 0 0
    outer loop
      vertex 25.995 68.0064 10.3111
      vertex 25.995 65.1915 10.7569
      vertex 25.995 67.728 9.15147
    endloop
  endfacet
  facet normal 1 0 0
    outer loop
      vertex 25.995 64.3428 14.292
      vertex 25.995 66.6485 15.9672
      vertex 25.995 65.874 16.874
    endloop
  endfacet
  facet normal 1 -0 0
    outer loop
      vertex 25.995 65.0175 10.0322
      vertex 25.995 67.728 9.15147
      vertex 25.995 65.1915 10.7569
    endloop
  endfacet
  facet normal 1 0 0
    outer loop
      vertex 25.995 67.728 9.15147
      vertex 25.995 65.0175 10.0322
      vertex 25.995 67.2716 8.04968
    endloop
  endfacet
  facet normal 1 0 0
    outer loop
      vertex 25.995 68.0064 12.6889
      vertex 25.995 65.1915 12.2431
      vertex 25.995 65.25 11.5
    endloop
  endfacet
  facet normal 1 0 0
    outer loop
      vertex 25.995 67.728 13.8485
      vertex 25.995 65.0175 12.9678
      vertex 25.995 65.1915 12.2431
    endloop
  endfacet
  facet normal 1 0 0
    outer loop
      vertex 25.995 67.2716 14.9503
      vertex 25.995 64.7323 13.6564
      vertex 25.995 65.0175 12.9678
    endloop
  endfacet
  facet normal 1 0 0
    outer loop
      vertex 25.995 66.6485 15.9672
      vertex 25.995 64.3428 14.292
      vertex 25.995 64.7323 13.6564
    endloop
  endfacet
  facet normal 1 0 0
    outer loop
      vertex 25.995 65.874 16.874
      vertex 25.995 63.8587 14.8587
      vertex 25.995 64.3428 14.292
    endloop
  endfacet
  facet normal 1 -0 0
    outer loop
      vertex 25.995 61.755 16.9625
      vertex 25.995 65.874 16.874
      vertex 25.995 62.508 20.24
    endloop
  endfacet
  facet normal 1 0 0
    outer loop
      vertex 25.995 65.874 16.874
      vertex 25.995 61.755 16.9625
      vertex 25.995 63.8587 14.8587
    endloop
  endfacet
  facet normal 1 0 0
    outer loop
      vertex 25.995 62.508 20.24
      vertex 25.995 59.245 16.9625
      vertex 25.995 61.755 16.9625
    endloop
  endfacet
  facet normal 1 -0 0
    outer loop
      vertex 25.995 58.492 20.24
      vertex 25.995 59.245 16.9625
      vertex 25.995 62.508 20.24
    endloop
  endfacet
  facet normal 1 0 0
    outer loop
      vertex 25.995 55.126 16.874
      vertex 25.995 59.245 16.9625
      vertex 25.995 58.492 20.24
    endloop
  endfacet
  facet normal 1 0 0
    outer loop
      vertex 25.995 59.245 16.9625
      vertex 25.995 55.126 16.874
      vertex 25.995 57.1413 14.8587
    endloop
  endfacet
  facet normal 1 0 0
    outer loop
      vertex 25.995 57.1413 14.8587
      vertex 25.995 55.126 16.874
      vertex 25.995 56.6572 14.292
    endloop
  endfacet
  facet normal 1 -0 0
    outer loop
      vertex 25.995 54.3515 15.9672
      vertex 25.995 56.6572 14.292
      vertex 25.995 55.126 16.874
    endloop
  endfacet
  facet normal 1 0 0
    outer loop
      vertex 25.995 56.2677 13.6564
      vertex 25.995 53.7284 14.9503
      vertex 25.995 55.9825 12.9678
    endloop
  endfacet
  facet normal 1 -0 0
    outer loop
      vertex 25.995 53.7284 14.9503
      vertex 25.995 56.2677 13.6564
      vertex 25.995 54.3515 15.9672
    endloop
  endfacet
  facet normal 1 0 0
    outer loop
      vertex 25.995 56.6572 14.292
      vertex 25.995 54.3515 15.9672
      vertex 25.995 56.2677 13.6564
    endloop
  endfacet
  facet normal 1 -0 0
    outer loop
      vertex 25.995 64.7323 9.34355
      vertex 25.995 67.2716 8.04968
      vertex 25.995 65.0175 10.0322
    endloop
  endfacet
  facet normal 1 0 0
    outer loop
      vertex 25.995 67.2716 8.04968
      vertex 25.995 64.7323 9.34355
      vertex 25.995 66.6485 7.03284
    endloop
  endfacet
  facet normal 1 -0 0
    outer loop
      vertex 25.995 64.3428 8.70802
      vertex 25.995 66.6485 7.03284
      vertex 25.995 64.7323 9.34355
    endloop
  endfacet
  facet normal 1 0 0
    outer loop
      vertex 25.995 66.6485 7.03284
      vertex 25.995 64.3428 8.70802
      vertex 25.995 65.874 6.12599
    endloop
  endfacet
  facet normal 1 -0 0
    outer loop
      vertex 25.995 63.8587 8.14125
      vertex 25.995 65.874 6.12599
      vertex 25.995 64.3428 8.70802
    endloop
  endfacet
  facet normal 1 0 0
    outer loop
      vertex 25.995 65.874 6.12599
      vertex 25.995 63.8587 8.14125
      vertex 25.995 64.9672 5.35147
    endloop
  endfacet
  facet normal 1 -0 0
    outer loop
      vertex 25.995 63.292 7.65718
      vertex 25.995 64.9672 5.35147
      vertex 25.995 63.8587 8.14125
    endloop
  endfacet
  facet normal 1 0 0
    outer loop
      vertex 25.995 64.9672 5.35147
      vertex 25.995 63.292 7.65718
      vertex 25.995 63.9503 4.72836
    endloop
  endfacet
  facet normal 1 -0 0
    outer loop
      vertex 25.995 62.6564 7.26773
      vertex 25.995 63.9503 4.72836
      vertex 25.995 63.292 7.65718
    endloop
  endfacet
  facet normal 1 0 0
    outer loop
      vertex 25.995 63.9503 4.72836
      vertex 25.995 62.6564 7.26773
      vertex 25.995 62.8485 4.27197
    endloop
  endfacet
  facet normal 1 -0 0
    outer loop
      vertex 25.995 61.9678 6.98248
      vertex 25.995 62.8485 4.27197
      vertex 25.995 62.6564 7.26773
    endloop
  endfacet
  facet normal 1 0 0
    outer loop
      vertex 25.995 61.9678 6.98248
      vertex 25.995 61.6889 3.99358
      vertex 25.995 62.8485 4.27197
    endloop
  endfacet
  facet normal 1 -0 0
    outer loop
      vertex 25.995 61.2431 6.80849
      vertex 25.995 61.6889 3.99358
      vertex 25.995 61.9678 6.98248
    endloop
  endfacet
  facet normal 1 -0 0
    outer loop
      vertex 25.995 60.5 6.75
      vertex 25.995 61.6889 3.99358
      vertex 25.995 61.2431 6.80849
    endloop
  endfacet
  facet normal 1 0 0
    outer loop
      vertex 25.995 60.5 6.75
      vertex 25.995 60.5 3.90001
      vertex 25.995 61.6889 3.99358
    endloop
  endfacet
  facet normal 1 0 0
    outer loop
      vertex 25.995 59.7569 6.80849
      vertex 25.995 60.5 3.90001
      vertex 25.995 60.5 6.75
    endloop
  endfacet
  facet normal 1 0 0
    outer loop
      vertex 25.995 59.7569 6.80849
      vertex 25.995 59.3111 3.99358
      vertex 25.995 60.5 3.90001
    endloop
  endfacet
  facet normal 1 0 0
    outer loop
      vertex 25.995 59.0322 6.98248
      vertex 25.995 59.3111 3.99358
      vertex 25.995 59.7569 6.80849
    endloop
  endfacet
  facet normal 1 0 0
    outer loop
      vertex 25.995 58.1515 4.27197
      vertex 25.995 59.0322 6.98248
      vertex 25.995 58.3436 7.26773
    endloop
  endfacet
  facet normal 1 0 0
    outer loop
      vertex 25.995 59.0322 6.98248
      vertex 25.995 58.1515 4.27197
      vertex 25.995 59.3111 3.99358
    endloop
  endfacet
  facet normal 1 0 0
    outer loop
      vertex 25.995 57.0497 4.72836
      vertex 25.995 58.3436 7.26773
      vertex 25.995 57.708 7.65718
    endloop
  endfacet
  facet normal 1 0 0
    outer loop
      vertex 25.995 56.0328 5.35147
      vertex 25.995 57.708 7.65718
      vertex 25.995 57.1413 8.14125
    endloop
  endfacet
  facet normal 1 0 0
    outer loop
      vertex 25.995 58.3436 7.26773
      vertex 25.995 57.0497 4.72836
      vertex 25.995 58.1515 4.27197
    endloop
  endfacet
  facet normal 1 0 0
    outer loop
      vertex 25.995 55.126 6.12599
      vertex 25.995 57.1413 8.14125
      vertex 25.995 56.6572 8.70802
    endloop
  endfacet
  facet normal 1 0 0
    outer loop
      vertex 25.995 54.3515 7.03284
      vertex 25.995 56.6572 8.70802
      vertex 25.995 56.2677 9.34355
    endloop
  endfacet
  facet normal 1 0 0
    outer loop
      vertex 25.995 57.708 7.65718
      vertex 25.995 56.0328 5.35147
      vertex 25.995 57.0497 4.72836
    endloop
  endfacet
  facet normal 1 0 0
    outer loop
      vertex 25.995 53.7284 8.04968
      vertex 25.995 56.2677 9.34355
      vertex 25.995 55.9825 10.0322
    endloop
  endfacet
  facet normal 1 0 0
    outer loop
      vertex 25.995 53.272 9.15147
      vertex 25.995 55.9825 10.0322
      vertex 25.995 55.8085 10.7569
    endloop
  endfacet
  facet normal 1 0 0
    outer loop
      vertex 25.995 52.9936 10.3111
      vertex 25.995 55.8085 10.7569
      vertex 25.995 55.75 11.5
    endloop
  endfacet
  facet normal 1 -0 0
    outer loop
      vertex 25.995 53.272 13.8485
      vertex 25.995 55.9825 12.9678
      vertex 25.995 53.7284 14.9503
    endloop
  endfacet
  facet normal 1 0 0
    outer loop
      vertex 25.995 57.1413 8.14125
      vertex 25.995 55.126 6.12599
      vertex 25.995 56.0328 5.35147
    endloop
  endfacet
  facet normal 1 0 0
    outer loop
      vertex 25.995 55.9825 12.9678
      vertex 25.995 53.272 13.8485
      vertex 25.995 55.8085 12.2431
    endloop
  endfacet
  facet normal 1 0 0
    outer loop
      vertex 25.995 56.6572 8.70802
      vertex 25.995 54.3515 7.03284
      vertex 25.995 55.126 6.12599
    endloop
  endfacet
  facet normal 1 -0 0
    outer loop
      vertex 25.995 52.9936 12.6889
      vertex 25.995 55.8085 12.2431
      vertex 25.995 53.272 13.8485
    endloop
  endfacet
  facet normal 1 0 0
    outer loop
      vertex 25.995 56.2677 9.34355
      vertex 25.995 53.7284 8.04968
      vertex 25.995 54.3515 7.03284
    endloop
  endfacet
  facet normal 1 0 0
    outer loop
      vertex 25.995 55.8085 12.2431
      vertex 25.995 52.9936 12.6889
      vertex 25.995 55.75 11.5
    endloop
  endfacet
  facet normal 1 0 0
    outer loop
      vertex 25.995 55.9825 10.0322
      vertex 25.995 53.272 9.15147
      vertex 25.995 53.7284 8.04968
    endloop
  endfacet
  facet normal 1 0 0
    outer loop
      vertex 25.995 52.9 11.5
      vertex 25.995 55.75 11.5
      vertex 25.995 52.9936 12.6889
    endloop
  endfacet
  facet normal 1 0 0
    outer loop
      vertex 25.995 55.8085 10.7569
      vertex 25.995 52.9936 10.3111
      vertex 25.995 53.272 9.15147
    endloop
  endfacet
  facet normal 1 0 0
    outer loop
      vertex 25.995 55.75 11.5
      vertex 25.995 52.9 11.5
      vertex 25.995 52.9936 10.3111
    endloop
  endfacet
  facet normal 0 0.972369 -0.233449
    outer loop
      vertex 50 52.9936 12.6889
      vertex 25.995 53.272 13.8485
      vertex 50 53.272 13.8485
    endloop
  endfacet
  facet normal 0 0.972369 -0.233449
    outer loop
      vertex 25.995 53.272 13.8485
      vertex 50 52.9936 12.6889
      vertex 25.995 52.9936 12.6889
    endloop
  endfacet
  facet normal 0 0.852648 0.522486
    outer loop
      vertex 50 54.3515 7.03284
      vertex 25.995 53.7284 8.04968
      vertex 50 53.7284 8.04968
    endloop
  endfacet
  facet normal 0 0.852648 0.522486
    outer loop
      vertex 25.995 53.7284 8.04968
      vertex 50 54.3515 7.03284
      vertex 25.995 54.3515 7.03284
    endloop
  endfacet
  facet normal -0 0.649467 0.76039
    outer loop
      vertex 25.995 56.0328 5.35147
      vertex 50 55.126 6.12599
      vertex 50 56.0328 5.35147
    endloop
  endfacet
  facet normal 0 0.649467 0.76039
    outer loop
      vertex 50 55.126 6.12599
      vertex 25.995 56.0328 5.35147
      vertex 25.995 55.126 6.12599
    endloop
  endfacet
  facet normal 0 0.923874 -0.382697
    outer loop
      vertex 50 53.272 13.8485
      vertex 25.995 53.7284 14.9503
      vertex 50 53.7284 14.9503
    endloop
  endfacet
  facet normal 0 0.923874 -0.382697
    outer loop
      vertex 25.995 53.7284 14.9503
      vertex 50 53.272 13.8485
      vertex 25.995 53.272 13.8485
    endloop
  endfacet
  facet normal 0 -0.760416 0.649437
    outer loop
      vertex 25.995 65.874 6.12599
      vertex 50 66.6485 7.03284
      vertex 25.995 66.6485 7.03284
    endloop
  endfacet
  facet normal 0 -0.760416 0.649437
    outer loop
      vertex 50 66.6485 7.03284
      vertex 25.995 65.874 6.12599
      vertex 50 65.874 6.12599
    endloop
  endfacet
  facet normal 0 -0.923874 -0.382697
    outer loop
      vertex 25.995 67.728 13.8485
      vertex 50 67.2716 14.9503
      vertex 25.995 67.2716 14.9503
    endloop
  endfacet
  facet normal 0 -0.923874 -0.382697
    outer loop
      vertex 50 67.2716 14.9503
      vertex 25.995 67.728 13.8485
      vertex 50 67.728 13.8485
    endloop
  endfacet
  facet normal 0 -0.760398 -0.649458
    outer loop
      vertex 25.995 66.6485 15.9672
      vertex 50 65.874 16.874
      vertex 25.995 65.874 16.874
    endloop
  endfacet
  facet normal 0 -0.760398 -0.649458
    outer loop
      vertex 50 65.874 16.874
      vertex 25.995 66.6485 15.9672
      vertex 50 66.6485 15.9672
    endloop
  endfacet
  facet normal 0 -0.707107 -0.707107
    outer loop
      vertex 25.995 65.874 16.874
      vertex 50 62.508 20.24
      vertex 25.995 62.508 20.24
    endloop
  endfacet
  facet normal 0 -0.707107 -0.707107
    outer loop
      vertex 50 62.508 20.24
      vertex 25.995 65.874 16.874
      vertex 50 65.874 16.874
    endloop
  endfacet
  facet normal 0 -0.996915 -0.0784854
    outer loop
      vertex 25.995 68.1 11.5
      vertex 50 68.0064 12.6889
      vertex 25.995 68.0064 12.6889
    endloop
  endfacet
  facet normal 0 -0.996915 -0.0784854
    outer loop
      vertex 50 68.0064 12.6889
      vertex 25.995 68.1 11.5
      vertex 50 68.1 11.5
    endloop
  endfacet
  facet normal 0 0.923873 0.3827
    outer loop
      vertex 50 53.7284 8.04968
      vertex 25.995 53.272 9.15147
      vertex 50 53.272 9.15147
    endloop
  endfacet
  facet normal 0 0.923873 0.3827
    outer loop
      vertex 25.995 53.272 9.15147
      vertex 50 53.7284 8.04968
      vertex 25.995 53.7284 8.04968
    endloop
  endfacet
  facet normal 0 0.996915 -0.0784854
    outer loop
      vertex 50 52.9 11.5
      vertex 25.995 52.9936 12.6889
      vertex 50 52.9936 12.6889
    endloop
  endfacet
  facet normal 0 0.996915 -0.0784854
    outer loop
      vertex 25.995 52.9936 12.6889
      vertex 50 52.9 11.5
      vertex 25.995 52.9 11.5
    endloop
  endfacet
  facet normal 0 -0.649467 0.76039
    outer loop
      vertex 25.995 65.874 6.12599
      vertex 50 64.9672 5.35147
      vertex 50 65.874 6.12599
    endloop
  endfacet
  facet normal 0 -0.649467 0.76039
    outer loop
      vertex 50 64.9672 5.35147
      vertex 25.995 65.874 6.12599
      vertex 25.995 64.9672 5.35147
    endloop
  endfacet
  facet normal 0 -0.852648 0.522486
    outer loop
      vertex 25.995 66.6485 7.03284
      vertex 50 67.2716 8.04968
      vertex 25.995 67.2716 8.04968
    endloop
  endfacet
  facet normal 0 -0.852648 0.522486
    outer loop
      vertex 50 67.2716 8.04968
      vertex 25.995 66.6485 7.03284
      vertex 50 66.6485 7.03284
    endloop
  endfacet
  facet normal 0 -0.52247 0.852658
    outer loop
      vertex 25.995 64.9672 5.35147
      vertex 50 63.9503 4.72836
      vertex 50 64.9672 5.35147
    endloop
  endfacet
  facet normal 0 -0.52247 0.852658
    outer loop
      vertex 50 63.9503 4.72836
      vertex 25.995 64.9672 5.35147
      vertex 25.995 63.9503 4.72836
    endloop
  endfacet
  facet normal -0.233788 0.972287 0
    outer loop
      vertex 9.44808 66.121 -2.28882e-07
      vertex 9.22683 66.0678 5
      vertex 9.44808 66.121 5
    endloop
  endfacet
  facet normal -0.233788 0.972287 0
    outer loop
      vertex 9.22683 66.0678 5
      vertex 9.44808 66.121 -2.28882e-07
      vertex 9.22683 66.0678 -2.28882e-07
    endloop
  endfacet
  facet normal -0.972399 -0.233323 0
    outer loop
      vertex 10.4321 67.7268 -2.28882e-07
      vertex 10.379 67.9481 5
      vertex 10.379 67.9481 -2.28882e-07
    endloop
  endfacet
  facet normal -0.972399 -0.233323 0
    outer loop
      vertex 10.379 67.9481 5
      vertex 10.4321 67.7268 -2.28882e-07
      vertex 10.4321 67.7268 5
    endloop
  endfacet
  facet normal -0.9969 -0.0786795 0
    outer loop
      vertex 10.45 67.5 -2.28882e-07
      vertex 10.4321 67.7268 5
      vertex 10.4321 67.7268 -2.28882e-07
    endloop
  endfacet
  facet normal -0.9969 -0.0786795 0
    outer loop
      vertex 10.4321 67.7268 5
      vertex 10.45 67.5 -2.28882e-07
      vertex 10.45 67.5 5
    endloop
  endfacet
  facet normal -0.923985 -0.382429 0
    outer loop
      vertex 10.379 67.9481 -2.28882e-07
      vertex 10.292 68.1583 5
      vertex 10.292 68.1583 -2.28882e-07
    endloop
  endfacet
  facet normal -0.923985 -0.382429 0
    outer loop
      vertex 10.292 68.1583 5
      vertex 10.379 67.9481 -2.28882e-07
      vertex 10.379 67.9481 5
    endloop
  endfacet
  facet normal 0.0782324 0.996935 -0
    outer loop
      vertex 9 66.05 -2.28882e-07
      vertex 8.77317 66.0678 5
      vertex 9 66.05 5
    endloop
  endfacet
  facet normal 0.0782324 0.996935 0
    outer loop
      vertex 8.77317 66.0678 5
      vertex 9 66.05 -2.28882e-07
      vertex 8.77317 66.0678 -2.28882e-07
    endloop
  endfacet
  facet normal -0.9969 0.0786795 0
    outer loop
      vertex 10.4321 67.2732 -2.28882e-07
      vertex 10.45 67.5 5
      vertex 10.45 67.5 -2.28882e-07
    endloop
  endfacet
  facet normal -0.9969 0.0786795 0
    outer loop
      vertex 10.45 67.5 5
      vertex 10.4321 67.2732 -2.28882e-07
      vertex 10.4321 67.2732 5
    endloop
  endfacet
  facet normal 0.649538 -0.760329 0
    outer loop
      vertex 7.9747 68.5253 -2.28882e-07
      vertex 8.14771 68.6731 5
      vertex 7.9747 68.5253 5
    endloop
  endfacet
  facet normal 0.649538 -0.760329 0
    outer loop
      vertex 8.14771 68.6731 5
      vertex 7.9747 68.5253 -2.28882e-07
      vertex 8.14771 68.6731 -2.28882e-07
    endloop
  endfacet
  facet normal -0.649538 -0.760329 0
    outer loop
      vertex 9.85229 68.6731 -2.28882e-07
      vertex 10.0253 68.5253 5
      vertex 9.85229 68.6731 5
    endloop
  endfacet
  facet normal -0.649538 -0.760329 -0
    outer loop
      vertex 10.0253 68.5253 5
      vertex 9.85229 68.6731 -2.28882e-07
      vertex 10.0253 68.5253 -2.28882e-07
    endloop
  endfacet
  facet normal -0.0782324 0.996935 0
    outer loop
      vertex 9.22683 66.0678 -2.28882e-07
      vertex 9 66.05 5
      vertex 9.22683 66.0678 5
    endloop
  endfacet
  facet normal -0.0782324 0.996935 0
    outer loop
      vertex 9 66.05 5
      vertex 9.22683 66.0678 -2.28882e-07
      vertex 9 66.05 -2.28882e-07
    endloop
  endfacet
  facet normal -0.649538 0.760329 0
    outer loop
      vertex 10.0253 66.4747 -2.28882e-07
      vertex 9.85229 66.3269 5
      vertex 10.0253 66.4747 5
    endloop
  endfacet
  facet normal -0.649538 0.760329 0
    outer loop
      vertex 9.85229 66.3269 5
      vertex 10.0253 66.4747 -2.28882e-07
      vertex 9.85229 66.3269 -2.28882e-07
    endloop
  endfacet
  facet normal 0.923876 0.382692 0
    outer loop
      vertex 7.70804 66.8417 5
      vertex 7.62097 67.0519 -2.28882e-07
      vertex 7.62097 67.0519 5
    endloop
  endfacet
  facet normal 0.923876 0.382692 0
    outer loop
      vertex 7.62097 67.0519 -2.28882e-07
      vertex 7.70804 66.8417 5
      vertex 7.70804 66.8417 -2.28882e-07
    endloop
  endfacet
  facet normal 0.996917 -0.0784611 0
    outer loop
      vertex 7.55 67.5 5
      vertex 7.56785 67.7268 -2.28882e-07
      vertex 7.56785 67.7268 5
    endloop
  endfacet
  facet normal 0.996917 -0.0784611 0
    outer loop
      vertex 7.56785 67.7268 -2.28882e-07
      vertex 7.55 67.5 5
      vertex 7.55 67.5 -2.28882e-07
    endloop
  endfacet
  facet normal -0.923985 0.382429 0
    outer loop
      vertex 10.292 66.8417 -2.28882e-07
      vertex 10.379 67.0519 5
      vertex 10.379 67.0519 -2.28882e-07
    endloop
  endfacet
  facet normal -0.923985 0.382429 0
    outer loop
      vertex 10.379 67.0519 5
      vertex 10.292 66.8417 -2.28882e-07
      vertex 10.292 66.8417 5
    endloop
  endfacet
  facet normal 0.923876 -0.382692 0
    outer loop
      vertex 7.62097 67.9481 5
      vertex 7.70804 68.1583 -2.28882e-07
      vertex 7.70804 68.1583 5
    endloop
  endfacet
  facet normal 0.923876 -0.382692 0
    outer loop
      vertex 7.70804 68.1583 -2.28882e-07
      vertex 7.62097 67.9481 5
      vertex 7.62097 67.9481 -2.28882e-07
    endloop
  endfacet
  facet normal -0.76031 0.64956 0
    outer loop
      vertex 10.0253 66.4747 -2.28882e-07
      vertex 10.1731 66.6477 5
      vertex 10.1731 66.6477 -2.28882e-07
    endloop
  endfacet
  facet normal -0.76031 0.64956 0
    outer loop
      vertex 10.1731 66.6477 5
      vertex 10.0253 66.4747 -2.28882e-07
      vertex 10.0253 66.4747 5
    endloop
  endfacet
  facet normal -0.852608 0.522552 0
    outer loop
      vertex 10.1731 66.6477 -2.28882e-07
      vertex 10.292 66.8417 5
      vertex 10.292 66.8417 -2.28882e-07
    endloop
  endfacet
  facet normal -0.852608 0.522552 0
    outer loop
      vertex 10.292 66.8417 5
      vertex 10.1731 66.6477 -2.28882e-07
      vertex 10.1731 66.6477 5
    endloop
  endfacet
  facet normal 0.852627 -0.52252 0
    outer loop
      vertex 7.70804 68.1583 5
      vertex 7.82693 68.3523 -2.28882e-07
      vertex 7.82693 68.3523 5
    endloop
  endfacet
  facet normal 0.852627 -0.52252 0
    outer loop
      vertex 7.82693 68.3523 -2.28882e-07
      vertex 7.70804 68.1583 5
      vertex 7.70804 68.1583 -2.28882e-07
    endloop
  endfacet
  facet normal -0.382414 0.923991 0
    outer loop
      vertex 9.65829 66.208 -2.28882e-07
      vertex 9.44808 66.121 5
      vertex 9.65829 66.208 5
    endloop
  endfacet
  facet normal -0.382414 0.923991 0
    outer loop
      vertex 9.44808 66.121 5
      vertex 9.65829 66.208 -2.28882e-07
      vertex 9.44808 66.121 -2.28882e-07
    endloop
  endfacet
  facet normal 0.972379 0.233406 0
    outer loop
      vertex 7.62097 67.0519 5
      vertex 7.56785 67.2732 -2.28882e-07
      vertex 7.56785 67.2732 5
    endloop
  endfacet
  facet normal 0.972379 0.233406 0
    outer loop
      vertex 7.56785 67.2732 -2.28882e-07
      vertex 7.62097 67.0519 5
      vertex 7.62097 67.0519 -2.28882e-07
    endloop
  endfacet
  facet normal 0.760375 -0.649484 0
    outer loop
      vertex 7.82693 68.3523 5
      vertex 7.9747 68.5253 -2.28882e-07
      vertex 7.9747 68.5253 5
    endloop
  endfacet
  facet normal 0.760375 -0.649484 0
    outer loop
      vertex 7.9747 68.5253 -2.28882e-07
      vertex 7.82693 68.3523 5
      vertex 7.82693 68.3523 -2.28882e-07
    endloop
  endfacet
  facet normal 0.233383 -0.972385 0
    outer loop
      vertex 8.55193 68.879 -2.28882e-07
      vertex 8.77317 68.9321 5
      vertex 8.55193 68.879 5
    endloop
  endfacet
  facet normal 0.233383 -0.972385 0
    outer loop
      vertex 8.77317 68.9321 5
      vertex 8.55193 68.879 -2.28882e-07
      vertex 8.77317 68.9321 -2.28882e-07
    endloop
  endfacet
  facet normal 0.522552 -0.852608 0
    outer loop
      vertex 8.14771 68.6731 -2.28882e-07
      vertex 8.34171 68.792 5
      vertex 8.14771 68.6731 5
    endloop
  endfacet
  facet normal 0.522552 -0.852608 0
    outer loop
      vertex 8.34171 68.792 5
      vertex 8.14771 68.6731 -2.28882e-07
      vertex 8.34171 68.792 -2.28882e-07
    endloop
  endfacet
  facet normal 0.649538 0.760329 -0
    outer loop
      vertex 8.14771 66.3269 -2.28882e-07
      vertex 7.9747 66.4747 5
      vertex 8.14771 66.3269 5
    endloop
  endfacet
  facet normal 0.649538 0.760329 0
    outer loop
      vertex 7.9747 66.4747 5
      vertex 8.14771 66.3269 -2.28882e-07
      vertex 7.9747 66.4747 -2.28882e-07
    endloop
  endfacet
  facet normal 0.522552 0.852608 -0
    outer loop
      vertex 8.34171 66.208 -2.28882e-07
      vertex 8.14771 66.3269 5
      vertex 8.34171 66.208 5
    endloop
  endfacet
  facet normal 0.522552 0.852608 0
    outer loop
      vertex 8.14771 66.3269 5
      vertex 8.34171 66.208 -2.28882e-07
      vertex 8.14771 66.3269 -2.28882e-07
    endloop
  endfacet
  facet normal -0.382414 -0.923991 0
    outer loop
      vertex 9.44808 68.879 -2.28882e-07
      vertex 9.65829 68.792 5
      vertex 9.44808 68.879 5
    endloop
  endfacet
  facet normal -0.382414 -0.923991 -0
    outer loop
      vertex 9.65829 68.792 5
      vertex 9.44808 68.879 -2.28882e-07
      vertex 9.65829 68.792 -2.28882e-07
    endloop
  endfacet
  facet normal -0.76031 -0.64956 0
    outer loop
      vertex 10.1731 68.3523 -2.28882e-07
      vertex 10.0253 68.5253 5
      vertex 10.0253 68.5253 -2.28882e-07
    endloop
  endfacet
  facet normal -0.76031 -0.64956 0
    outer loop
      vertex 10.0253 68.5253 5
      vertex 10.1731 68.3523 -2.28882e-07
      vertex 10.1731 68.3523 5
    endloop
  endfacet
  facet normal 0.972379 -0.233406 0
    outer loop
      vertex 7.56785 67.7268 5
      vertex 7.62097 67.9481 -2.28882e-07
      vertex 7.62097 67.9481 5
    endloop
  endfacet
  facet normal 0.972379 -0.233406 0
    outer loop
      vertex 7.62097 67.9481 -2.28882e-07
      vertex 7.56785 67.7268 5
      vertex 7.56785 67.7268 -2.28882e-07
    endloop
  endfacet
  facet normal 0.382398 0.923998 -0
    outer loop
      vertex 8.55193 66.121 -2.28882e-07
      vertex 8.34171 66.208 5
      vertex 8.55193 66.121 5
    endloop
  endfacet
  facet normal 0.382398 0.923998 0
    outer loop
      vertex 8.34171 66.208 5
      vertex 8.55193 66.121 -2.28882e-07
      vertex 8.34171 66.208 -2.28882e-07
    endloop
  endfacet
  facet normal -0.522552 -0.852608 0
    outer loop
      vertex 9.65829 68.792 -2.28882e-07
      vertex 9.85229 68.6731 5
      vertex 9.65829 68.792 5
    endloop
  endfacet
  facet normal -0.522552 -0.852608 -0
    outer loop
      vertex 9.85229 68.6731 5
      vertex 9.65829 68.792 -2.28882e-07
      vertex 9.85229 68.6731 -2.28882e-07
    endloop
  endfacet
  facet normal 0.0786692 -0.996901 0
    outer loop
      vertex 8.77317 68.9321 -2.28882e-07
      vertex 9 68.95 5
      vertex 8.77317 68.9321 5
    endloop
  endfacet
  facet normal 0.0786692 -0.996901 0
    outer loop
      vertex 9 68.95 5
      vertex 8.77317 68.9321 -2.28882e-07
      vertex 9 68.95 -2.28882e-07
    endloop
  endfacet
  facet normal 0.382398 -0.923998 0
    outer loop
      vertex 8.34171 68.792 -2.28882e-07
      vertex 8.55193 68.879 5
      vertex 8.34171 68.792 5
    endloop
  endfacet
  facet normal 0.382398 -0.923998 0
    outer loop
      vertex 8.55193 68.879 5
      vertex 8.34171 68.792 -2.28882e-07
      vertex 8.55193 68.879 -2.28882e-07
    endloop
  endfacet
  facet normal -0.972399 0.233323 0
    outer loop
      vertex 10.379 67.0519 -2.28882e-07
      vertex 10.4321 67.2732 5
      vertex 10.4321 67.2732 -2.28882e-07
    endloop
  endfacet
  facet normal -0.972399 0.233323 0
    outer loop
      vertex 10.4321 67.2732 5
      vertex 10.379 67.0519 -2.28882e-07
      vertex 10.379 67.0519 5
    endloop
  endfacet
  facet normal -0.852608 -0.522552 0
    outer loop
      vertex 10.292 68.1583 -2.28882e-07
      vertex 10.1731 68.3523 5
      vertex 10.1731 68.3523 -2.28882e-07
    endloop
  endfacet
  facet normal -0.852608 -0.522552 0
    outer loop
      vertex 10.1731 68.3523 5
      vertex 10.292 68.1583 -2.28882e-07
      vertex 10.292 68.1583 5
    endloop
  endfacet
  facet normal 0.760375 0.649484 0
    outer loop
      vertex 7.9747 66.4747 5
      vertex 7.82693 66.6477 -2.28882e-07
      vertex 7.82693 66.6477 5
    endloop
  endfacet
  facet normal 0.760375 0.649484 0
    outer loop
      vertex 7.82693 66.6477 -2.28882e-07
      vertex 7.9747 66.4747 5
      vertex 7.9747 66.4747 -2.28882e-07
    endloop
  endfacet
  facet normal 0.233798 0.972285 -0
    outer loop
      vertex 8.77317 66.0678 -2.28882e-07
      vertex 8.55193 66.121 5
      vertex 8.77317 66.0678 5
    endloop
  endfacet
  facet normal 0.233798 0.972285 0
    outer loop
      vertex 8.55193 66.121 5
      vertex 8.77317 66.0678 -2.28882e-07
      vertex 8.55193 66.121 -2.28882e-07
    endloop
  endfacet
  facet normal -0.233373 -0.972387 0
    outer loop
      vertex 9.22683 68.9321 -2.28882e-07
      vertex 9.44808 68.879 5
      vertex 9.22683 68.9321 5
    endloop
  endfacet
  facet normal -0.233373 -0.972387 -0
    outer loop
      vertex 9.44808 68.879 5
      vertex 9.22683 68.9321 -2.28882e-07
      vertex 9.44808 68.879 -2.28882e-07
    endloop
  endfacet
  facet normal 0 0 -1
    outer loop
      vertex 10.4321 67.2732 5
      vertex 10.4321 67.7268 5
      vertex 10.45 67.5 5
    endloop
  endfacet
  facet normal 0 0 -1
    outer loop
      vertex 10.379 67.0519 5
      vertex 10.4321 67.7268 5
      vertex 10.4321 67.2732 5
    endloop
  endfacet
  facet normal 0 0 -1
    outer loop
      vertex 10.379 67.0519 5
      vertex 10.379 67.9481 5
      vertex 10.4321 67.7268 5
    endloop
  endfacet
  facet normal 0 0 -1
    outer loop
      vertex 10.292 66.8417 5
      vertex 10.379 67.9481 5
      vertex 10.379 67.0519 5
    endloop
  endfacet
  facet normal 0 0 -1
    outer loop
      vertex 10.292 66.8417 5
      vertex 10.292 68.1583 5
      vertex 10.379 67.9481 5
    endloop
  endfacet
  facet normal 0 0 -1
    outer loop
      vertex 10.1731 66.6477 5
      vertex 10.292 68.1583 5
      vertex 10.292 66.8417 5
    endloop
  endfacet
  facet normal 0 0 -1
    outer loop
      vertex 10.1731 66.6477 5
      vertex 10.1731 68.3523 5
      vertex 10.292 68.1583 5
    endloop
  endfacet
  facet normal 0 0 -1
    outer loop
      vertex 10.0253 66.4747 5
      vertex 10.1731 68.3523 5
      vertex 10.1731 66.6477 5
    endloop
  endfacet
  facet normal 0 0 -1
    outer loop
      vertex 10.0253 66.4747 5
      vertex 10.0253 68.5253 5
      vertex 10.1731 68.3523 5
    endloop
  endfacet
  facet normal 0 0 -1
    outer loop
      vertex 9.85229 66.3269 5
      vertex 10.0253 68.5253 5
      vertex 10.0253 66.4747 5
    endloop
  endfacet
  facet normal 0 0 -1
    outer loop
      vertex 9.85229 66.3269 5
      vertex 9.85229 68.6731 5
      vertex 10.0253 68.5253 5
    endloop
  endfacet
  facet normal 0 0 -1
    outer loop
      vertex 9.65829 66.208 5
      vertex 9.85229 68.6731 5
      vertex 9.85229 66.3269 5
    endloop
  endfacet
  facet normal 0 0 -1
    outer loop
      vertex 9.65829 66.208 5
      vertex 9.65829 68.792 5
      vertex 9.85229 68.6731 5
    endloop
  endfacet
  facet normal 0 0 -1
    outer loop
      vertex 9.44808 66.121 5
      vertex 9.65829 68.792 5
      vertex 9.65829 66.208 5
    endloop
  endfacet
  facet normal 0 0 -1
    outer loop
      vertex 9.44808 66.121 5
      vertex 9.44808 68.879 5
      vertex 9.65829 68.792 5
    endloop
  endfacet
  facet normal 0 0 -1
    outer loop
      vertex 9.22683 66.0678 5
      vertex 9.44808 68.879 5
      vertex 9.44808 66.121 5
    endloop
  endfacet
  facet normal 0 0 -1
    outer loop
      vertex 9.22683 66.0678 5
      vertex 9.22683 68.9321 5
      vertex 9.44808 68.879 5
    endloop
  endfacet
  facet normal 0 0 -1
    outer loop
      vertex 9 66.05 5
      vertex 9.22683 68.9321 5
      vertex 9.22683 66.0678 5
    endloop
  endfacet
  facet normal 0 0 -1
    outer loop
      vertex 9 66.05 5
      vertex 9 68.95 5
      vertex 9.22683 68.9321 5
    endloop
  endfacet
  facet normal 0 0 -1
    outer loop
      vertex 8.77317 66.0678 5
      vertex 9 68.95 5
      vertex 9 66.05 5
    endloop
  endfacet
  facet normal 0 0 -1
    outer loop
      vertex 8.77317 66.0678 5
      vertex 8.77317 68.9321 5
      vertex 9 68.95 5
    endloop
  endfacet
  facet normal 0 0 -1
    outer loop
      vertex 8.55193 66.121 5
      vertex 8.77317 68.9321 5
      vertex 8.77317 66.0678 5
    endloop
  endfacet
  facet normal 0 0 -1
    outer loop
      vertex 8.55193 66.121 5
      vertex 8.55193 68.879 5
      vertex 8.77317 68.9321 5
    endloop
  endfacet
  facet normal 0 0 -1
    outer loop
      vertex 8.34171 66.208 5
      vertex 8.55193 68.879 5
      vertex 8.55193 66.121 5
    endloop
  endfacet
  facet normal 0 0 -1
    outer loop
      vertex 8.34171 66.208 5
      vertex 8.34171 68.792 5
      vertex 8.55193 68.879 5
    endloop
  endfacet
  facet normal 0 0 -1
    outer loop
      vertex 8.14771 66.3269 5
      vertex 8.34171 68.792 5
      vertex 8.34171 66.208 5
    endloop
  endfacet
  facet normal 0 0 -1
    outer loop
      vertex 8.14771 66.3269 5
      vertex 8.14771 68.6731 5
      vertex 8.34171 68.792 5
    endloop
  endfacet
  facet normal 0 0 -1
    outer loop
      vertex 7.9747 66.4747 5
      vertex 8.14771 68.6731 5
      vertex 8.14771 66.3269 5
    endloop
  endfacet
  facet normal 0 0 -1
    outer loop
      vertex 7.9747 66.4747 5
      vertex 7.9747 68.5253 5
      vertex 8.14771 68.6731 5
    endloop
  endfacet
  facet normal 0 0 -1
    outer loop
      vertex 7.82693 66.6477 5
      vertex 7.9747 68.5253 5
      vertex 7.9747 66.4747 5
    endloop
  endfacet
  facet normal 0 0 -1
    outer loop
      vertex 7.82693 66.6477 5
      vertex 7.82693 68.3523 5
      vertex 7.9747 68.5253 5
    endloop
  endfacet
  facet normal 0 0 -1
    outer loop
      vertex 7.70804 66.8417 5
      vertex 7.82693 68.3523 5
      vertex 7.82693 66.6477 5
    endloop
  endfacet
  facet normal 0 0 -1
    outer loop
      vertex 7.70804 66.8417 5
      vertex 7.70804 68.1583 5
      vertex 7.82693 68.3523 5
    endloop
  endfacet
  facet normal 0 0 -1
    outer loop
      vertex 7.62097 67.0519 5
      vertex 7.70804 68.1583 5
      vertex 7.70804 66.8417 5
    endloop
  endfacet
  facet normal 0 0 -1
    outer loop
      vertex 7.62097 67.0519 5
      vertex 7.62097 67.9481 5
      vertex 7.70804 68.1583 5
    endloop
  endfacet
  facet normal 0 0 -1
    outer loop
      vertex 7.56785 67.2732 5
      vertex 7.62097 67.9481 5
      vertex 7.62097 67.0519 5
    endloop
  endfacet
  facet normal 0 0 -1
    outer loop
      vertex 7.56785 67.2732 5
      vertex 7.56785 67.7268 5
      vertex 7.62097 67.9481 5
    endloop
  endfacet
  facet normal 0 -0 -1
    outer loop
      vertex 7.56785 67.7268 5
      vertex 7.56785 67.2732 5
      vertex 7.55 67.5 5
    endloop
  endfacet
  facet normal -0.0786692 -0.996901 0
    outer loop
      vertex 9 68.95 -2.28882e-07
      vertex 9.22683 68.9321 5
      vertex 9 68.95 5
    endloop
  endfacet
  facet normal -0.0786692 -0.996901 -0
    outer loop
      vertex 9.22683 68.9321 5
      vertex 9 68.95 -2.28882e-07
      vertex 9.22683 68.9321 -2.28882e-07
    endloop
  endfacet
  facet normal -0.522552 0.852608 0
    outer loop
      vertex 9.85229 66.3269 -2.28882e-07
      vertex 9.65829 66.208 5
      vertex 9.85229 66.3269 5
    endloop
  endfacet
  facet normal -0.522552 0.852608 0
    outer loop
      vertex 9.65829 66.208 5
      vertex 9.85229 66.3269 -2.28882e-07
      vertex 9.65829 66.208 -2.28882e-07
    endloop
  endfacet
  facet normal 0.996917 0.0784611 0
    outer loop
      vertex 7.56785 67.2732 5
      vertex 7.55 67.5 -2.28882e-07
      vertex 7.55 67.5 5
    endloop
  endfacet
  facet normal 0.996917 0.0784611 0
    outer loop
      vertex 7.55 67.5 -2.28882e-07
      vertex 7.56785 67.2732 5
      vertex 7.56785 67.2732 -2.28882e-07
    endloop
  endfacet
  facet normal 0.852627 0.52252 0
    outer loop
      vertex 7.82693 66.6477 5
      vertex 7.70804 66.8417 -2.28882e-07
      vertex 7.70804 66.8417 5
    endloop
  endfacet
  facet normal 0.852627 0.52252 0
    outer loop
      vertex 7.70804 66.8417 -2.28882e-07
      vertex 7.82693 66.6477 5
      vertex 7.82693 66.6477 -2.28882e-07
    endloop
  endfacet
  facet normal -0.233739 0.972299 0
    outer loop
      vertex 41.4481 66.121 -2.28882e-07
      vertex 41.2268 66.0678 5
      vertex 41.4481 66.121 5
    endloop
  endfacet
  facet normal -0.233739 0.972299 0
    outer loop
      vertex 41.2268 66.0678 5
      vertex 41.4481 66.121 -2.28882e-07
      vertex 41.2268 66.0678 -2.28882e-07
    endloop
  endfacet
  facet normal -0.972399 -0.233323 0
    outer loop
      vertex 42.4321 67.7268 -2.28882e-07
      vertex 42.379 67.9481 5
      vertex 42.379 67.9481 -2.28882e-07
    endloop
  endfacet
  facet normal -0.972399 -0.233323 0
    outer loop
      vertex 42.379 67.9481 5
      vertex 42.4321 67.7268 -2.28882e-07
      vertex 42.4321 67.7268 5
    endloop
  endfacet
  facet normal -0.9969 -0.0786795 0
    outer loop
      vertex 42.45 67.5 -2.28882e-07
      vertex 42.4321 67.7268 5
      vertex 42.4321 67.7268 -2.28882e-07
    endloop
  endfacet
  facet normal -0.9969 -0.0786795 0
    outer loop
      vertex 42.4321 67.7268 5
      vertex 42.45 67.5 -2.28882e-07
      vertex 42.45 67.5 5
    endloop
  endfacet
  facet normal -0.923985 -0.382429 0
    outer loop
      vertex 42.379 67.9481 -2.28882e-07
      vertex 42.292 68.1583 5
      vertex 42.292 68.1583 -2.28882e-07
    endloop
  endfacet
  facet normal -0.923985 -0.382429 0
    outer loop
      vertex 42.292 68.1583 5
      vertex 42.379 67.9481 -2.28882e-07
      vertex 42.379 67.9481 5
    endloop
  endfacet
  facet normal 0.0782426 0.996934 -0
    outer loop
      vertex 41 66.05 -2.28882e-07
      vertex 40.7732 66.0678 5
      vertex 41 66.05 5
    endloop
  endfacet
  facet normal 0.0782426 0.996934 0
    outer loop
      vertex 40.7732 66.0678 5
      vertex 41 66.05 -2.28882e-07
      vertex 40.7732 66.0678 -2.28882e-07
    endloop
  endfacet
  facet normal -0.9969 0.0786795 0
    outer loop
      vertex 42.4321 67.2732 -2.28882e-07
      vertex 42.45 67.5 5
      vertex 42.45 67.5 -2.28882e-07
    endloop
  endfacet
  facet normal -0.9969 0.0786795 0
    outer loop
      vertex 42.45 67.5 5
      vertex 42.4321 67.2732 -2.28882e-07
      vertex 42.4321 67.2732 5
    endloop
  endfacet
  facet normal 0.64956 -0.76031 0
    outer loop
      vertex 39.9747 68.5253 -2.28882e-07
      vertex 40.1477 68.6731 5
      vertex 39.9747 68.5253 5
    endloop
  endfacet
  facet normal 0.64956 -0.76031 0
    outer loop
      vertex 40.1477 68.6731 5
      vertex 39.9747 68.5253 -2.28882e-07
      vertex 40.1477 68.6731 -2.28882e-07
    endloop
  endfacet
  facet normal -0.64956 -0.76031 0
    outer loop
      vertex 41.8523 68.6731 -2.28882e-07
      vertex 42.0253 68.5253 5
      vertex 41.8523 68.6731 5
    endloop
  endfacet
  facet normal -0.64956 -0.76031 -0
    outer loop
      vertex 42.0253 68.5253 5
      vertex 41.8523 68.6731 -2.28882e-07
      vertex 42.0253 68.5253 -2.28882e-07
    endloop
  endfacet
  facet normal -0.0782426 0.996934 0
    outer loop
      vertex 41.2268 66.0678 -2.28882e-07
      vertex 41 66.05 5
      vertex 41.2268 66.0678 5
    endloop
  endfacet
  facet normal -0.0782426 0.996934 0
    outer loop
      vertex 41 66.05 5
      vertex 41.2268 66.0678 -2.28882e-07
      vertex 41 66.05 -2.28882e-07
    endloop
  endfacet
  facet normal -0.64956 0.76031 0
    outer loop
      vertex 42.0253 66.4747 -2.28882e-07
      vertex 41.8523 66.3269 5
      vertex 42.0253 66.4747 5
    endloop
  endfacet
  facet normal -0.64956 0.76031 0
    outer loop
      vertex 41.8523 66.3269 5
      vertex 42.0253 66.4747 -2.28882e-07
      vertex 41.8523 66.3269 -2.28882e-07
    endloop
  endfacet
  facet normal 0.923985 0.382429 0
    outer loop
      vertex 39.708 66.8417 5
      vertex 39.621 67.0519 -2.28882e-07
      vertex 39.621 67.0519 5
    endloop
  endfacet
  facet normal 0.923985 0.382429 0
    outer loop
      vertex 39.621 67.0519 -2.28882e-07
      vertex 39.708 66.8417 5
      vertex 39.708 66.8417 -2.28882e-07
    endloop
  endfacet
  facet normal 0.9969 -0.0786795 0
    outer loop
      vertex 39.55 67.5 5
      vertex 39.5679 67.7268 -2.28882e-07
      vertex 39.5679 67.7268 5
    endloop
  endfacet
  facet normal 0.9969 -0.0786795 0
    outer loop
      vertex 39.5679 67.7268 -2.28882e-07
      vertex 39.55 67.5 5
      vertex 39.55 67.5 -2.28882e-07
    endloop
  endfacet
  facet normal -0.923985 0.382429 0
    outer loop
      vertex 42.292 66.8417 -2.28882e-07
      vertex 42.379 67.0519 5
      vertex 42.379 67.0519 -2.28882e-07
    endloop
  endfacet
  facet normal -0.923985 0.382429 0
    outer loop
      vertex 42.379 67.0519 5
      vertex 42.292 66.8417 -2.28882e-07
      vertex 42.292 66.8417 5
    endloop
  endfacet
  facet normal 0.923985 -0.382429 0
    outer loop
      vertex 39.621 67.9481 5
      vertex 39.708 68.1583 -2.28882e-07
      vertex 39.708 68.1583 5
    endloop
  endfacet
  facet normal 0.923985 -0.382429 0
    outer loop
      vertex 39.708 68.1583 -2.28882e-07
      vertex 39.621 67.9481 5
      vertex 39.621 67.9481 -2.28882e-07
    endloop
  endfacet
  facet normal -0.76031 0.64956 0
    outer loop
      vertex 42.0253 66.4747 -2.28882e-07
      vertex 42.1731 66.6477 5
      vertex 42.1731 66.6477 -2.28882e-07
    endloop
  endfacet
  facet normal -0.76031 0.64956 0
    outer loop
      vertex 42.1731 66.6477 5
      vertex 42.0253 66.4747 -2.28882e-07
      vertex 42.0253 66.4747 5
    endloop
  endfacet
  facet normal -0.852608 0.522552 0
    outer loop
      vertex 42.1731 66.6477 -2.28882e-07
      vertex 42.292 66.8417 5
      vertex 42.292 66.8417 -2.28882e-07
    endloop
  endfacet
  facet normal -0.852608 0.522552 0
    outer loop
      vertex 42.292 66.8417 5
      vertex 42.1731 66.6477 -2.28882e-07
      vertex 42.1731 66.6477 5
    endloop
  endfacet
  facet normal 0.852608 -0.522552 0
    outer loop
      vertex 39.708 68.1583 5
      vertex 39.8269 68.3523 -2.28882e-07
      vertex 39.8269 68.3523 5
    endloop
  endfacet
  facet normal 0.852608 -0.522552 0
    outer loop
      vertex 39.8269 68.3523 -2.28882e-07
      vertex 39.708 68.1583 5
      vertex 39.708 68.1583 -2.28882e-07
    endloop
  endfacet
  facet normal -0.382429 0.923985 0
    outer loop
      vertex 41.6583 66.208 -2.28882e-07
      vertex 41.4481 66.121 5
      vertex 41.6583 66.208 5
    endloop
  endfacet
  facet normal -0.382429 0.923985 0
    outer loop
      vertex 41.4481 66.121 5
      vertex 41.6583 66.208 -2.28882e-07
      vertex 41.4481 66.121 -2.28882e-07
    endloop
  endfacet
  facet normal 0.972399 0.233323 0
    outer loop
      vertex 39.621 67.0519 5
      vertex 39.5679 67.2732 -2.28882e-07
      vertex 39.5679 67.2732 5
    endloop
  endfacet
  facet normal 0.972399 0.233323 0
    outer loop
      vertex 39.5679 67.2732 -2.28882e-07
      vertex 39.621 67.0519 5
      vertex 39.621 67.0519 -2.28882e-07
    endloop
  endfacet
  facet normal 0.76031 -0.64956 0
    outer loop
      vertex 39.8269 68.3523 5
      vertex 39.9747 68.5253 -2.28882e-07
      vertex 39.9747 68.5253 5
    endloop
  endfacet
  facet normal 0.76031 -0.64956 0
    outer loop
      vertex 39.9747 68.5253 -2.28882e-07
      vertex 39.8269 68.3523 5
      vertex 39.8269 68.3523 -2.28882e-07
    endloop
  endfacet
  facet normal 0.233323 -0.972399 0
    outer loop
      vertex 40.5519 68.879 -2.28882e-07
      vertex 40.7732 68.9321 5
      vertex 40.5519 68.879 5
    endloop
  endfacet
  facet normal 0.233323 -0.972399 0
    outer loop
      vertex 40.7732 68.9321 5
      vertex 40.5519 68.879 -2.28882e-07
      vertex 40.7732 68.9321 -2.28882e-07
    endloop
  endfacet
  facet normal 0.522552 -0.852608 0
    outer loop
      vertex 40.1477 68.6731 -2.28882e-07
      vertex 40.3417 68.792 5
      vertex 40.1477 68.6731 5
    endloop
  endfacet
  facet normal 0.522552 -0.852608 0
    outer loop
      vertex 40.3417 68.792 5
      vertex 40.1477 68.6731 -2.28882e-07
      vertex 40.3417 68.792 -2.28882e-07
    endloop
  endfacet
  facet normal 0.522552 0.852608 -0
    outer loop
      vertex 40.3417 66.208 -2.28882e-07
      vertex 40.1477 66.3269 5
      vertex 40.3417 66.208 5
    endloop
  endfacet
  facet normal 0.522552 0.852608 0
    outer loop
      vertex 40.1477 66.3269 5
      vertex 40.3417 66.208 -2.28882e-07
      vertex 40.1477 66.3269 -2.28882e-07
    endloop
  endfacet
  facet normal -0.382429 -0.923985 0
    outer loop
      vertex 41.4481 68.879 -2.28882e-07
      vertex 41.6583 68.792 5
      vertex 41.4481 68.879 5
    endloop
  endfacet
  facet normal -0.382429 -0.923985 -0
    outer loop
      vertex 41.6583 68.792 5
      vertex 41.4481 68.879 -2.28882e-07
      vertex 41.6583 68.792 -2.28882e-07
    endloop
  endfacet
  facet normal -0.76031 -0.64956 0
    outer loop
      vertex 42.1731 68.3523 -2.28882e-07
      vertex 42.0253 68.5253 5
      vertex 42.0253 68.5253 -2.28882e-07
    endloop
  endfacet
  facet normal -0.76031 -0.64956 0
    outer loop
      vertex 42.0253 68.5253 5
      vertex 42.1731 68.3523 -2.28882e-07
      vertex 42.1731 68.3523 5
    endloop
  endfacet
  facet normal 0.972399 -0.233323 0
    outer loop
      vertex 39.5679 67.7268 5
      vertex 39.621 67.9481 -2.28882e-07
      vertex 39.621 67.9481 5
    endloop
  endfacet
  facet normal 0.972399 -0.233323 0
    outer loop
      vertex 39.621 67.9481 -2.28882e-07
      vertex 39.5679 67.7268 5
      vertex 39.5679 67.7268 -2.28882e-07
    endloop
  endfacet
  facet normal 0.382429 0.923985 -0
    outer loop
      vertex 40.5519 66.121 -2.28882e-07
      vertex 40.3417 66.208 5
      vertex 40.5519 66.121 5
    endloop
  endfacet
  facet normal 0.382429 0.923985 0
    outer loop
      vertex 40.3417 66.208 5
      vertex 40.5519 66.121 -2.28882e-07
      vertex 40.3417 66.208 -2.28882e-07
    endloop
  endfacet
  facet normal -0.522552 -0.852608 0
    outer loop
      vertex 41.6583 68.792 -2.28882e-07
      vertex 41.8523 68.6731 5
      vertex 41.6583 68.792 5
    endloop
  endfacet
  facet normal -0.522552 -0.852608 -0
    outer loop
      vertex 41.8523 68.6731 5
      vertex 41.6583 68.792 -2.28882e-07
      vertex 41.8523 68.6731 -2.28882e-07
    endloop
  endfacet
  facet normal 0.0786795 -0.9969 0
    outer loop
      vertex 40.7732 68.9321 -2.28882e-07
      vertex 41 68.95 5
      vertex 40.7732 68.9321 5
    endloop
  endfacet
  facet normal 0.0786795 -0.9969 0
    outer loop
      vertex 41 68.95 5
      vertex 40.7732 68.9321 -2.28882e-07
      vertex 41 68.95 -2.28882e-07
    endloop
  endfacet
  facet normal 0.382429 -0.923985 0
    outer loop
      vertex 40.3417 68.792 -2.28882e-07
      vertex 40.5519 68.879 5
      vertex 40.3417 68.792 5
    endloop
  endfacet
  facet normal 0.382429 -0.923985 0
    outer loop
      vertex 40.5519 68.879 5
      vertex 40.3417 68.792 -2.28882e-07
      vertex 40.5519 68.879 -2.28882e-07
    endloop
  endfacet
  facet normal -0.972399 0.233323 0
    outer loop
      vertex 42.379 67.0519 -2.28882e-07
      vertex 42.4321 67.2732 5
      vertex 42.4321 67.2732 -2.28882e-07
    endloop
  endfacet
  facet normal -0.972399 0.233323 0
    outer loop
      vertex 42.4321 67.2732 5
      vertex 42.379 67.0519 -2.28882e-07
      vertex 42.379 67.0519 5
    endloop
  endfacet
  facet normal -0.852608 -0.522552 0
    outer loop
      vertex 42.292 68.1583 -2.28882e-07
      vertex 42.1731 68.3523 5
      vertex 42.1731 68.3523 -2.28882e-07
    endloop
  endfacet
  facet normal -0.852608 -0.522552 0
    outer loop
      vertex 42.1731 68.3523 5
      vertex 42.292 68.1583 -2.28882e-07
      vertex 42.292 68.1583 5
    endloop
  endfacet
  facet normal 0.76031 0.64956 0
    outer loop
      vertex 39.9747 66.4747 5
      vertex 39.8269 66.6477 -2.28882e-07
      vertex 39.8269 66.6477 5
    endloop
  endfacet
  facet normal 0.76031 0.64956 0
    outer loop
      vertex 39.8269 66.6477 -2.28882e-07
      vertex 39.9747 66.4747 5
      vertex 39.9747 66.4747 -2.28882e-07
    endloop
  endfacet
  facet normal 0.64956 0.76031 -0
    outer loop
      vertex 40.1477 66.3269 -2.28882e-07
      vertex 39.9747 66.4747 5
      vertex 40.1477 66.3269 5
    endloop
  endfacet
  facet normal 0.64956 0.76031 0
    outer loop
      vertex 39.9747 66.4747 5
      vertex 40.1477 66.3269 -2.28882e-07
      vertex 39.9747 66.4747 -2.28882e-07
    endloop
  endfacet
  facet normal 0.233739 0.972299 -0
    outer loop
      vertex 40.7732 66.0678 -2.28882e-07
      vertex 40.5519 66.121 5
      vertex 40.7732 66.0678 5
    endloop
  endfacet
  facet normal 0.233739 0.972299 0
    outer loop
      vertex 40.5519 66.121 5
      vertex 40.7732 66.0678 -2.28882e-07
      vertex 40.5519 66.121 -2.28882e-07
    endloop
  endfacet
  facet normal -0.233323 -0.972399 0
    outer loop
      vertex 41.2268 68.9321 -2.28882e-07
      vertex 41.4481 68.879 5
      vertex 41.2268 68.9321 5
    endloop
  endfacet
  facet normal -0.233323 -0.972399 -0
    outer loop
      vertex 41.4481 68.879 5
      vertex 41.2268 68.9321 -2.28882e-07
      vertex 41.4481 68.879 -2.28882e-07
    endloop
  endfacet
  facet normal 0 0 -1
    outer loop
      vertex 42.4321 67.2732 5
      vertex 42.4321 67.7268 5
      vertex 42.45 67.5 5
    endloop
  endfacet
  facet normal 0 0 -1
    outer loop
      vertex 42.379 67.0519 5
      vertex 42.4321 67.7268 5
      vertex 42.4321 67.2732 5
    endloop
  endfacet
  facet normal 0 0 -1
    outer loop
      vertex 42.379 67.0519 5
      vertex 42.379 67.9481 5
      vertex 42.4321 67.7268 5
    endloop
  endfacet
  facet normal 0 0 -1
    outer loop
      vertex 42.292 66.8417 5
      vertex 42.379 67.9481 5
      vertex 42.379 67.0519 5
    endloop
  endfacet
  facet normal 0 0 -1
    outer loop
      vertex 42.292 66.8417 5
      vertex 42.292 68.1583 5
      vertex 42.379 67.9481 5
    endloop
  endfacet
  facet normal 0 0 -1
    outer loop
      vertex 42.1731 66.6477 5
      vertex 42.292 68.1583 5
      vertex 42.292 66.8417 5
    endloop
  endfacet
  facet normal 0 0 -1
    outer loop
      vertex 42.1731 66.6477 5
      vertex 42.1731 68.3523 5
      vertex 42.292 68.1583 5
    endloop
  endfacet
  facet normal 0 0 -1
    outer loop
      vertex 42.0253 66.4747 5
      vertex 42.1731 68.3523 5
      vertex 42.1731 66.6477 5
    endloop
  endfacet
  facet normal 0 0 -1
    outer loop
      vertex 42.0253 66.4747 5
      vertex 42.0253 68.5253 5
      vertex 42.1731 68.3523 5
    endloop
  endfacet
  facet normal 0 0 -1
    outer loop
      vertex 41.8523 66.3269 5
      vertex 42.0253 68.5253 5
      vertex 42.0253 66.4747 5
    endloop
  endfacet
  facet normal 0 0 -1
    outer loop
      vertex 41.8523 66.3269 5
      vertex 41.8523 68.6731 5
      vertex 42.0253 68.5253 5
    endloop
  endfacet
  facet normal 0 0 -1
    outer loop
      vertex 41.6583 66.208 5
      vertex 41.8523 68.6731 5
      vertex 41.8523 66.3269 5
    endloop
  endfacet
  facet normal 0 0 -1
    outer loop
      vertex 41.6583 66.208 5
      vertex 41.6583 68.792 5
      vertex 41.8523 68.6731 5
    endloop
  endfacet
  facet normal 0 0 -1
    outer loop
      vertex 41.4481 66.121 5
      vertex 41.6583 68.792 5
      vertex 41.6583 66.208 5
    endloop
  endfacet
  facet normal 0 0 -1
    outer loop
      vertex 41.4481 66.121 5
      vertex 41.4481 68.879 5
      vertex 41.6583 68.792 5
    endloop
  endfacet
  facet normal 0 0 -1
    outer loop
      vertex 41.2268 66.0678 5
      vertex 41.4481 68.879 5
      vertex 41.4481 66.121 5
    endloop
  endfacet
  facet normal 0 0 -1
    outer loop
      vertex 41.2268 66.0678 5
      vertex 41.2268 68.9321 5
      vertex 41.4481 68.879 5
    endloop
  endfacet
  facet normal 0 0 -1
    outer loop
      vertex 41 66.05 5
      vertex 41.2268 68.9321 5
      vertex 41.2268 66.0678 5
    endloop
  endfacet
  facet normal 0 0 -1
    outer loop
      vertex 41 66.05 5
      vertex 41 68.95 5
      vertex 41.2268 68.9321 5
    endloop
  endfacet
  facet normal 0 0 -1
    outer loop
      vertex 40.7732 66.0678 5
      vertex 41 68.95 5
      vertex 41 66.05 5
    endloop
  endfacet
  facet normal 0 0 -1
    outer loop
      vertex 40.7732 66.0678 5
      vertex 40.7732 68.9321 5
      vertex 41 68.95 5
    endloop
  endfacet
  facet normal 0 0 -1
    outer loop
      vertex 40.5519 66.121 5
      vertex 40.7732 68.9321 5
      vertex 40.7732 66.0678 5
    endloop
  endfacet
  facet normal 0 0 -1
    outer loop
      vertex 40.5519 66.121 5
      vertex 40.5519 68.879 5
      vertex 40.7732 68.9321 5
    endloop
  endfacet
  facet normal 0 0 -1
    outer loop
      vertex 40.3417 66.208 5
      vertex 40.5519 68.879 5
      vertex 40.5519 66.121 5
    endloop
  endfacet
  facet normal 0 0 -1
    outer loop
      vertex 40.3417 66.208 5
      vertex 40.3417 68.792 5
      vertex 40.5519 68.879 5
    endloop
  endfacet
  facet normal 0 0 -1
    outer loop
      vertex 40.1477 66.3269 5
      vertex 40.3417 68.792 5
      vertex 40.3417 66.208 5
    endloop
  endfacet
  facet normal 0 0 -1
    outer loop
      vertex 40.1477 66.3269 5
      vertex 40.1477 68.6731 5
      vertex 40.3417 68.792 5
    endloop
  endfacet
  facet normal 0 0 -1
    outer loop
      vertex 39.9747 66.4747 5
      vertex 40.1477 68.6731 5
      vertex 40.1477 66.3269 5
    endloop
  endfacet
  facet normal 0 0 -1
    outer loop
      vertex 39.9747 66.4747 5
      vertex 39.9747 68.5253 5
      vertex 40.1477 68.6731 5
    endloop
  endfacet
  facet normal 0 0 -1
    outer loop
      vertex 39.8269 66.6477 5
      vertex 39.9747 68.5253 5
      vertex 39.9747 66.4747 5
    endloop
  endfacet
  facet normal 0 0 -1
    outer loop
      vertex 39.8269 66.6477 5
      vertex 39.8269 68.3523 5
      vertex 39.9747 68.5253 5
    endloop
  endfacet
  facet normal 0 0 -1
    outer loop
      vertex 39.708 66.8417 5
      vertex 39.8269 68.3523 5
      vertex 39.8269 66.6477 5
    endloop
  endfacet
  facet normal 0 0 -1
    outer loop
      vertex 39.708 66.8417 5
      vertex 39.708 68.1583 5
      vertex 39.8269 68.3523 5
    endloop
  endfacet
  facet normal 0 0 -1
    outer loop
      vertex 39.621 67.0519 5
      vertex 39.708 68.1583 5
      vertex 39.708 66.8417 5
    endloop
  endfacet
  facet normal 0 0 -1
    outer loop
      vertex 39.621 67.0519 5
      vertex 39.621 67.9481 5
      vertex 39.708 68.1583 5
    endloop
  endfacet
  facet normal 0 0 -1
    outer loop
      vertex 39.5679 67.2732 5
      vertex 39.621 67.9481 5
      vertex 39.621 67.0519 5
    endloop
  endfacet
  facet normal 0 0 -1
    outer loop
      vertex 39.5679 67.2732 5
      vertex 39.5679 67.7268 5
      vertex 39.621 67.9481 5
    endloop
  endfacet
  facet normal 0 -0 -1
    outer loop
      vertex 39.5679 67.7268 5
      vertex 39.5679 67.2732 5
      vertex 39.55 67.5 5
    endloop
  endfacet
  facet normal -0.0786795 -0.9969 0
    outer loop
      vertex 41 68.95 -2.28882e-07
      vertex 41.2268 68.9321 5
      vertex 41 68.95 5
    endloop
  endfacet
  facet normal -0.0786795 -0.9969 -0
    outer loop
      vertex 41.2268 68.9321 5
      vertex 41 68.95 -2.28882e-07
      vertex 41.2268 68.9321 -2.28882e-07
    endloop
  endfacet
  facet normal -0.522552 0.852608 0
    outer loop
      vertex 41.8523 66.3269 -2.28882e-07
      vertex 41.6583 66.208 5
      vertex 41.8523 66.3269 5
    endloop
  endfacet
  facet normal -0.522552 0.852608 0
    outer loop
      vertex 41.6583 66.208 5
      vertex 41.8523 66.3269 -2.28882e-07
      vertex 41.6583 66.208 -2.28882e-07
    endloop
  endfacet
  facet normal 0.9969 0.0786795 0
    outer loop
      vertex 39.5679 67.2732 5
      vertex 39.55 67.5 -2.28882e-07
      vertex 39.55 67.5 5
    endloop
  endfacet
  facet normal 0.9969 0.0786795 0
    outer loop
      vertex 39.55 67.5 -2.28882e-07
      vertex 39.5679 67.2732 5
      vertex 39.5679 67.2732 -2.28882e-07
    endloop
  endfacet
  facet normal 0.852608 0.522552 0
    outer loop
      vertex 39.8269 66.6477 5
      vertex 39.708 66.8417 -2.28882e-07
      vertex 39.708 66.8417 5
    endloop
  endfacet
  facet normal 0.852608 0.522552 0
    outer loop
      vertex 39.708 66.8417 -2.28882e-07
      vertex 39.8269 66.6477 5
      vertex 39.8269 66.6477 -2.28882e-07
    endloop
  endfacet
  facet normal 0 0.707119 -0.707095
    outer loop
      vertex 25.995 7.14125 14.8587
      vertex 24.005 9.24498 16.9625
      vertex 25.995 9.24498 16.9625
    endloop
  endfacet
  facet normal 0 0.707119 -0.707095
    outer loop
      vertex 24.005 9.24498 16.9625
      vertex 25.995 7.14125 14.8587
      vertex 24.005 7.14125 14.8587
    endloop
  endfacet
  facet normal 0 -0.382709 0.923869
    outer loop
      vertex 24.005 12.6564 7.26773
      vertex 25.995 11.9678 6.98248
      vertex 25.995 12.6564 7.26773
    endloop
  endfacet
  facet normal 0 -0.382709 0.923869
    outer loop
      vertex 25.995 11.9678 6.98248
      vertex 24.005 12.6564 7.26773
      vertex 24.005 11.9678 6.98248
    endloop
  endfacet
  facet normal 0 -0.233452 0.972368
    outer loop
      vertex 24.005 11.9678 6.98248
      vertex 25.995 11.2431 6.80849
      vertex 25.995 11.9678 6.98248
    endloop
  endfacet
  facet normal 0 -0.233452 0.972368
    outer loop
      vertex 25.995 11.2431 6.80849
      vertex 24.005 11.9678 6.98248
      vertex 24.005 11.2431 6.80849
    endloop
  endfacet
  facet normal 0 -0.972365 -0.233464
    outer loop
      vertex 24.005 15.1915 12.2431
      vertex 25.995 15.0175 12.9678
      vertex 24.005 15.0175 12.9678
    endloop
  endfacet
  facet normal 0 -0.972365 -0.233464
    outer loop
      vertex 25.995 15.0175 12.9678
      vertex 24.005 15.1915 12.2431
      vertex 25.995 15.1915 12.2431
    endloop
  endfacet
  facet normal 0 -0.0784681 0.996917
    outer loop
      vertex 24.005 11.2431 6.80849
      vertex 25.995 10.5 6.75
      vertex 25.995 11.2431 6.80849
    endloop
  endfacet
  facet normal 0 -0.0784681 0.996917
    outer loop
      vertex 25.995 10.5 6.75
      vertex 24.005 11.2431 6.80849
      vertex 24.005 10.5 6.75
    endloop
  endfacet
  facet normal 0 0 -1
    outer loop
      vertex 24.005 9.24498 16.9625
      vertex 25.995 11.755 16.9625
      vertex 25.995 9.24498 16.9625
    endloop
  endfacet
  facet normal -0 0 -1
    outer loop
      vertex 25.995 11.755 16.9625
      vertex 24.005 9.24498 16.9625
      vertex 24.005 11.755 16.9625
    endloop
  endfacet
  facet normal 0 -0.996916 0.0784814
    outer loop
      vertex 24.005 15.1915 10.7569
      vertex 25.995 15.25 11.5
      vertex 24.005 15.25 11.5
    endloop
  endfacet
  facet normal 0 -0.996916 0.0784814
    outer loop
      vertex 25.995 15.25 11.5
      vertex 24.005 15.1915 10.7569
      vertex 25.995 15.1915 10.7569
    endloop
  endfacet
  facet normal 0 0.852668 -0.522454
    outer loop
      vertex 25.995 6.26773 13.6564
      vertex 24.005 6.65718 14.292
      vertex 25.995 6.65718 14.292
    endloop
  endfacet
  facet normal 0 0.852668 -0.522454
    outer loop
      vertex 24.005 6.65718 14.292
      vertex 25.995 6.26773 13.6564
      vertex 24.005 6.26773 13.6564
    endloop
  endfacet
  facet normal 0 -0.972365 0.233464
    outer loop
      vertex 24.005 15.0175 10.0322
      vertex 25.995 15.1915 10.7569
      vertex 24.005 15.1915 10.7569
    endloop
  endfacet
  facet normal 0 -0.972365 0.233464
    outer loop
      vertex 25.995 15.1915 10.7569
      vertex 24.005 15.0175 10.0322
      vertex 25.995 15.0175 10.0322
    endloop
  endfacet
  facet normal 0 -0.707124 -0.70709
    outer loop
      vertex 24.005 13.8587 14.8587
      vertex 25.995 11.755 16.9625
      vertex 24.005 11.755 16.9625
    endloop
  endfacet
  facet normal 0 -0.707124 -0.70709
    outer loop
      vertex 25.995 11.755 16.9625
      vertex 24.005 13.8587 14.8587
      vertex 25.995 13.8587 14.8587
    endloop
  endfacet
  facet normal -0 0.233433 0.972373
    outer loop
      vertex 24.005 9.75694 6.80849
      vertex 25.995 9.03218 6.98248
      vertex 25.995 9.75694 6.80849
    endloop
  endfacet
  facet normal 0 0.233433 0.972373
    outer loop
      vertex 25.995 9.03218 6.98248
      vertex 24.005 9.75694 6.80849
      vertex 24.005 9.03218 6.98248
    endloop
  endfacet
  facet normal -0 0.382695 0.923875
    outer loop
      vertex 24.005 9.03218 6.98248
      vertex 25.995 8.34355 7.26773
      vertex 25.995 9.03218 6.98248
    endloop
  endfacet
  facet normal 0 0.382695 0.923875
    outer loop
      vertex 25.995 8.34355 7.26773
      vertex 24.005 9.03218 6.98248
      vertex 24.005 8.34355 7.26773
    endloop
  endfacet
  facet normal 0 0.760365 -0.649497
    outer loop
      vertex 25.995 6.65718 14.292
      vertex 24.005 7.14125 14.8587
      vertex 25.995 7.14125 14.8587
    endloop
  endfacet
  facet normal 0 0.760365 -0.649497
    outer loop
      vertex 24.005 7.14125 14.8587
      vertex 25.995 6.65718 14.292
      vertex 24.005 6.65718 14.292
    endloop
  endfacet
  facet normal -0 0.0784723 0.996916
    outer loop
      vertex 24.005 10.5 6.75
      vertex 25.995 9.75694 6.80849
      vertex 25.995 10.5 6.75
    endloop
  endfacet
  facet normal 0 0.0784723 0.996916
    outer loop
      vertex 25.995 9.75694 6.80849
      vertex 24.005 10.5 6.75
      vertex 24.005 9.75694 6.80849
    endloop
  endfacet
  facet normal 0 -0.923902 0.382628
    outer loop
      vertex 24.005 14.7323 9.34355
      vertex 25.995 15.0175 10.0322
      vertex 24.005 15.0175 10.0322
    endloop
  endfacet
  facet normal 0 -0.923902 0.382628
    outer loop
      vertex 25.995 15.0175 10.0322
      vertex 24.005 14.7323 9.34355
      vertex 25.995 14.7323 9.34355
    endloop
  endfacet
  facet normal 0 0.760404 0.64945
    outer loop
      vertex 25.995 7.14125 8.14125
      vertex 24.005 6.65718 8.70802
      vertex 25.995 6.65718 8.70802
    endloop
  endfacet
  facet normal 0 0.760404 0.64945
    outer loop
      vertex 24.005 6.65718 8.70802
      vertex 25.995 7.14125 8.14125
      vertex 24.005 7.14125 8.14125
    endloop
  endfacet
  facet normal 0 -0.852638 -0.522502
    outer loop
      vertex 24.005 14.7323 13.6564
      vertex 25.995 14.3428 14.292
      vertex 24.005 14.3428 14.292
    endloop
  endfacet
  facet normal 0 -0.852638 -0.522502
    outer loop
      vertex 25.995 14.3428 14.292
      vertex 24.005 14.7323 13.6564
      vertex 25.995 14.7323 13.6564
    endloop
  endfacet
  facet normal 0 0.972368 0.233452
    outer loop
      vertex 25.995 5.98248 10.0322
      vertex 24.005 5.80849 10.7569
      vertex 25.995 5.80849 10.7569
    endloop
  endfacet
  facet normal 0 0.972368 0.233452
    outer loop
      vertex 24.005 5.80849 10.7569
      vertex 25.995 5.98248 10.0322
      vertex 24.005 5.98248 10.0322
    endloop
  endfacet
  facet normal -0 0.522495 0.852642
    outer loop
      vertex 24.005 8.34355 7.26773
      vertex 25.995 7.70802 7.65718
      vertex 25.995 8.34355 7.26773
    endloop
  endfacet
  facet normal 0 0.522495 0.852642
    outer loop
      vertex 25.995 7.70802 7.65718
      vertex 24.005 8.34355 7.26773
      vertex 24.005 7.70802 7.65718
    endloop
  endfacet
  facet normal 0 0.996917 0.0784681
    outer loop
      vertex 25.995 5.80849 10.7569
      vertex 24.005 5.75 11.5
      vertex 25.995 5.75 11.5
    endloop
  endfacet
  facet normal 0 0.996917 0.0784681
    outer loop
      vertex 24.005 5.75 11.5
      vertex 25.995 5.80849 10.7569
      vertex 24.005 5.80849 10.7569
    endloop
  endfacet
  facet normal 0 -0.923893 -0.382652
    outer loop
      vertex 24.005 15.0175 12.9678
      vertex 25.995 14.7323 13.6564
      vertex 24.005 14.7323 13.6564
    endloop
  endfacet
  facet normal 0 -0.923893 -0.382652
    outer loop
      vertex 25.995 14.7323 13.6564
      vertex 24.005 15.0175 12.9678
      vertex 25.995 15.0175 12.9678
    endloop
  endfacet
  facet normal 0 0.972368 -0.233452
    outer loop
      vertex 25.995 5.80849 12.2431
      vertex 24.005 5.98248 12.9678
      vertex 25.995 5.98248 12.9678
    endloop
  endfacet
  facet normal 0 0.972368 -0.233452
    outer loop
      vertex 24.005 5.98248 12.9678
      vertex 25.995 5.80849 12.2431
      vertex 24.005 5.80849 12.2431
    endloop
  endfacet
  facet normal 0 0.852642 0.522495
    outer loop
      vertex 25.995 6.65718 8.70802
      vertex 24.005 6.26773 9.34355
      vertex 25.995 6.26773 9.34355
    endloop
  endfacet
  facet normal 0 0.852642 0.522495
    outer loop
      vertex 24.005 6.26773 9.34355
      vertex 25.995 6.65718 8.70802
      vertex 24.005 6.65718 8.70802
    endloop
  endfacet
  facet normal -0 0.64945 0.760404
    outer loop
      vertex 24.005 7.70802 7.65718
      vertex 25.995 7.14125 8.14125
      vertex 25.995 7.70802 7.65718
    endloop
  endfacet
  facet normal 0 0.64945 0.760404
    outer loop
      vertex 25.995 7.14125 8.14125
      vertex 24.005 7.70802 7.65718
      vertex 24.005 7.14125 8.14125
    endloop
  endfacet
  facet normal 0 0.923869 -0.382709
    outer loop
      vertex 25.995 5.98248 12.9678
      vertex 24.005 6.26773 13.6564
      vertex 25.995 6.26773 13.6564
    endloop
  endfacet
  facet normal 0 0.923869 -0.382709
    outer loop
      vertex 24.005 6.26773 13.6564
      vertex 25.995 5.98248 12.9678
      vertex 24.005 5.98248 12.9678
    endloop
  endfacet
  facet normal 0 -0.760384 0.649473
    outer loop
      vertex 24.005 13.8587 8.14125
      vertex 25.995 14.3428 8.70802
      vertex 24.005 14.3428 8.70802
    endloop
  endfacet
  facet normal 0 -0.760384 0.649473
    outer loop
      vertex 25.995 14.3428 8.70802
      vertex 24.005 13.8587 8.14125
      vertex 25.995 13.8587 8.14125
    endloop
  endfacet
  facet normal 0 -0.760345 -0.64952
    outer loop
      vertex 24.005 14.3428 14.292
      vertex 25.995 13.8587 14.8587
      vertex 24.005 13.8587 14.8587
    endloop
  endfacet
  facet normal 0 -0.760345 -0.64952
    outer loop
      vertex 25.995 13.8587 14.8587
      vertex 24.005 14.3428 14.292
      vertex 25.995 14.3428 14.292
    endloop
  endfacet
  facet normal 0 -0.996916 -0.0784814
    outer loop
      vertex 24.005 15.25 11.5
      vertex 25.995 15.1915 12.2431
      vertex 24.005 15.1915 12.2431
    endloop
  endfacet
  facet normal 0 -0.996916 -0.0784814
    outer loop
      vertex 25.995 15.1915 12.2431
      vertex 24.005 15.25 11.5
      vertex 25.995 15.25 11.5
    endloop
  endfacet
  facet normal 0 0.923879 0.382686
    outer loop
      vertex 25.995 6.26773 9.34355
      vertex 24.005 5.98248 10.0322
      vertex 25.995 5.98248 10.0322
    endloop
  endfacet
  facet normal 0 0.923879 0.382686
    outer loop
      vertex 24.005 5.98248 10.0322
      vertex 25.995 6.26773 9.34355
      vertex 24.005 6.26773 9.34355
    endloop
  endfacet
  facet normal 0 0.996917 -0.0784681
    outer loop
      vertex 25.995 5.75 11.5
      vertex 24.005 5.80849 12.2431
      vertex 25.995 5.80849 12.2431
    endloop
  endfacet
  facet normal 0 0.996917 -0.0784681
    outer loop
      vertex 24.005 5.80849 12.2431
      vertex 25.995 5.75 11.5
      vertex 24.005 5.75 11.5
    endloop
  endfacet
  facet normal 0 -0.649497 0.760365
    outer loop
      vertex 24.005 13.8587 8.14125
      vertex 25.995 13.292 7.65718
      vertex 25.995 13.8587 8.14125
    endloop
  endfacet
  facet normal 0 -0.649497 0.760365
    outer loop
      vertex 25.995 13.292 7.65718
      vertex 24.005 13.8587 8.14125
      vertex 24.005 13.292 7.65718
    endloop
  endfacet
  facet normal 0 -0.852612 0.522544
    outer loop
      vertex 24.005 14.3428 8.70802
      vertex 25.995 14.7323 9.34355
      vertex 24.005 14.7323 9.34355
    endloop
  endfacet
  facet normal 0 -0.852612 0.522544
    outer loop
      vertex 25.995 14.7323 9.34355
      vertex 24.005 14.3428 8.70802
      vertex 25.995 14.3428 8.70802
    endloop
  endfacet
  facet normal 0 -0.522454 0.852668
    outer loop
      vertex 24.005 13.292 7.65718
      vertex 25.995 12.6564 7.26773
      vertex 25.995 13.292 7.65718
    endloop
  endfacet
  facet normal 0 -0.522454 0.852668
    outer loop
      vertex 25.995 12.6564 7.26773
      vertex 24.005 13.292 7.65718
      vertex 24.005 12.6564 7.26773
    endloop
  endfacet
  facet normal 0 0.707124 -0.70709
    outer loop
      vertex 25.995 57.1413 14.8587
      vertex 24.005 59.245 16.9625
      vertex 25.995 59.245 16.9625
    endloop
  endfacet
  facet normal 0 0.707124 -0.70709
    outer loop
      vertex 24.005 59.245 16.9625
      vertex 25.995 57.1413 14.8587
      vertex 24.005 57.1413 14.8587
    endloop
  endfacet
  facet normal 0 -0.382709 0.923869
    outer loop
      vertex 24.005 62.6564 7.26773
      vertex 25.995 61.9678 6.98248
      vertex 25.995 62.6564 7.26773
    endloop
  endfacet
  facet normal 0 -0.382709 0.923869
    outer loop
      vertex 25.995 61.9678 6.98248
      vertex 24.005 62.6564 7.26773
      vertex 24.005 61.9678 6.98248
    endloop
  endfacet
  facet normal 0 -0.522454 0.852668
    outer loop
      vertex 24.005 63.292 7.65718
      vertex 25.995 62.6564 7.26773
      vertex 25.995 63.292 7.65718
    endloop
  endfacet
  facet normal 0 -0.522454 0.852668
    outer loop
      vertex 25.995 62.6564 7.26773
      vertex 24.005 63.292 7.65718
      vertex 24.005 62.6564 7.26773
    endloop
  endfacet
  facet normal 0 -0.233452 0.972368
    outer loop
      vertex 24.005 61.9678 6.98248
      vertex 25.995 61.2431 6.80849
      vertex 25.995 61.9678 6.98248
    endloop
  endfacet
  facet normal 0 -0.233452 0.972368
    outer loop
      vertex 25.995 61.2431 6.80849
      vertex 24.005 61.9678 6.98248
      vertex 24.005 61.2431 6.80849
    endloop
  endfacet
  facet normal 0 -0.972365 -0.233464
    outer loop
      vertex 24.005 65.1915 12.2431
      vertex 25.995 65.0175 12.9678
      vertex 24.005 65.0175 12.9678
    endloop
  endfacet
  facet normal 0 -0.972365 -0.233464
    outer loop
      vertex 25.995 65.0175 12.9678
      vertex 24.005 65.1915 12.2431
      vertex 25.995 65.1915 12.2431
    endloop
  endfacet
  facet normal 0 -0.0784681 0.996917
    outer loop
      vertex 24.005 61.2431 6.80849
      vertex 25.995 60.5 6.75
      vertex 25.995 61.2431 6.80849
    endloop
  endfacet
  facet normal 0 -0.0784681 0.996917
    outer loop
      vertex 25.995 60.5 6.75
      vertex 24.005 61.2431 6.80849
      vertex 24.005 60.5 6.75
    endloop
  endfacet
  facet normal 0 0 -1
    outer loop
      vertex 24.005 59.245 16.9625
      vertex 25.995 61.755 16.9625
      vertex 25.995 59.245 16.9625
    endloop
  endfacet
  facet normal -0 0 -1
    outer loop
      vertex 25.995 61.755 16.9625
      vertex 24.005 59.245 16.9625
      vertex 24.005 61.755 16.9625
    endloop
  endfacet
  facet normal 0 -0.996916 0.0784814
    outer loop
      vertex 24.005 65.1915 10.7569
      vertex 25.995 65.25 11.5
      vertex 24.005 65.25 11.5
    endloop
  endfacet
  facet normal 0 -0.996916 0.0784814
    outer loop
      vertex 25.995 65.25 11.5
      vertex 24.005 65.1915 10.7569
      vertex 25.995 65.1915 10.7569
    endloop
  endfacet
  facet normal 0 0.852638 -0.522502
    outer loop
      vertex 25.995 56.2677 13.6564
      vertex 24.005 56.6572 14.292
      vertex 25.995 56.6572 14.292
    endloop
  endfacet
  facet normal 0 0.852638 -0.522502
    outer loop
      vertex 24.005 56.6572 14.292
      vertex 25.995 56.2677 13.6564
      vertex 24.005 56.2677 13.6564
    endloop
  endfacet
  facet normal 0 -0.972365 0.233464
    outer loop
      vertex 24.005 65.0175 10.0322
      vertex 25.995 65.1915 10.7569
      vertex 24.005 65.1915 10.7569
    endloop
  endfacet
  facet normal 0 -0.972365 0.233464
    outer loop
      vertex 25.995 65.1915 10.7569
      vertex 24.005 65.0175 10.0322
      vertex 25.995 65.0175 10.0322
    endloop
  endfacet
  facet normal -0 0.233452 0.972368
    outer loop
      vertex 24.005 59.7569 6.80849
      vertex 25.995 59.0322 6.98248
      vertex 25.995 59.7569 6.80849
    endloop
  endfacet
  facet normal 0 0.233452 0.972368
    outer loop
      vertex 25.995 59.0322 6.98248
      vertex 24.005 59.7569 6.80849
      vertex 24.005 59.0322 6.98248
    endloop
  endfacet
  facet normal -0 0.382709 0.923869
    outer loop
      vertex 24.005 59.0322 6.98248
      vertex 25.995 58.3436 7.26773
      vertex 25.995 59.0322 6.98248
    endloop
  endfacet
  facet normal 0 0.382709 0.923869
    outer loop
      vertex 25.995 58.3436 7.26773
      vertex 24.005 59.0322 6.98248
      vertex 24.005 58.3436 7.26773
    endloop
  endfacet
  facet normal 0 0.760345 -0.64952
    outer loop
      vertex 25.995 56.6572 14.292
      vertex 24.005 57.1413 14.8587
      vertex 25.995 57.1413 14.8587
    endloop
  endfacet
  facet normal 0 0.760345 -0.64952
    outer loop
      vertex 24.005 57.1413 14.8587
      vertex 25.995 56.6572 14.292
      vertex 24.005 56.6572 14.292
    endloop
  endfacet
  facet normal -0 0.0784681 0.996917
    outer loop
      vertex 24.005 60.5 6.75
      vertex 25.995 59.7569 6.80849
      vertex 25.995 60.5 6.75
    endloop
  endfacet
  facet normal 0 0.0784681 0.996917
    outer loop
      vertex 25.995 59.7569 6.80849
      vertex 24.005 60.5 6.75
      vertex 24.005 59.7569 6.80849
    endloop
  endfacet
  facet normal 0 -0.923902 0.382628
    outer loop
      vertex 24.005 64.7323 9.34355
      vertex 25.995 65.0175 10.0322
      vertex 24.005 65.0175 10.0322
    endloop
  endfacet
  facet normal 0 -0.923902 0.382628
    outer loop
      vertex 25.995 65.0175 10.0322
      vertex 24.005 64.7323 9.34355
      vertex 25.995 64.7323 9.34355
    endloop
  endfacet
  facet normal 0 0.760384 0.649473
    outer loop
      vertex 25.995 57.1413 8.14125
      vertex 24.005 56.6572 8.70802
      vertex 25.995 56.6572 8.70802
    endloop
  endfacet
  facet normal 0 0.760384 0.649473
    outer loop
      vertex 24.005 56.6572 8.70802
      vertex 25.995 57.1413 8.14125
      vertex 24.005 57.1413 8.14125
    endloop
  endfacet
  facet normal 0 -0.852638 -0.522502
    outer loop
      vertex 24.005 64.7323 13.6564
      vertex 25.995 64.3428 14.292
      vertex 24.005 64.3428 14.292
    endloop
  endfacet
  facet normal 0 -0.852638 -0.522502
    outer loop
      vertex 25.995 64.3428 14.292
      vertex 24.005 64.7323 13.6564
      vertex 25.995 64.7323 13.6564
    endloop
  endfacet
  facet normal 0 0.972365 0.233464
    outer loop
      vertex 25.995 55.9825 10.0322
      vertex 24.005 55.8085 10.7569
      vertex 25.995 55.8085 10.7569
    endloop
  endfacet
  facet normal 0 0.972365 0.233464
    outer loop
      vertex 24.005 55.8085 10.7569
      vertex 25.995 55.9825 10.0322
      vertex 24.005 55.9825 10.0322
    endloop
  endfacet
  facet normal -0 0.522454 0.852668
    outer loop
      vertex 24.005 58.3436 7.26773
      vertex 25.995 57.708 7.65718
      vertex 25.995 58.3436 7.26773
    endloop
  endfacet
  facet normal 0 0.522454 0.852668
    outer loop
      vertex 25.995 57.708 7.65718
      vertex 24.005 58.3436 7.26773
      vertex 24.005 57.708 7.65718
    endloop
  endfacet
  facet normal 0 0.996916 0.0784814
    outer loop
      vertex 25.995 55.8085 10.7569
      vertex 24.005 55.75 11.5
      vertex 25.995 55.75 11.5
    endloop
  endfacet
  facet normal 0 0.996916 0.0784814
    outer loop
      vertex 24.005 55.75 11.5
      vertex 25.995 55.8085 10.7569
      vertex 24.005 55.8085 10.7569
    endloop
  endfacet
  facet normal 0 0.972365 -0.233464
    outer loop
      vertex 25.995 55.8085 12.2431
      vertex 24.005 55.9825 12.9678
      vertex 25.995 55.9825 12.9678
    endloop
  endfacet
  facet normal 0 0.972365 -0.233464
    outer loop
      vertex 24.005 55.9825 12.9678
      vertex 25.995 55.8085 12.2431
      vertex 24.005 55.8085 12.2431
    endloop
  endfacet
  facet normal 0 0.852612 0.522544
    outer loop
      vertex 25.995 56.6572 8.70802
      vertex 24.005 56.2677 9.34355
      vertex 25.995 56.2677 9.34355
    endloop
  endfacet
  facet normal 0 0.852612 0.522544
    outer loop
      vertex 24.005 56.2677 9.34355
      vertex 25.995 56.6572 8.70802
      vertex 24.005 56.6572 8.70802
    endloop
  endfacet
  facet normal -0 0.649497 0.760365
    outer loop
      vertex 24.005 57.708 7.65718
      vertex 25.995 57.1413 8.14125
      vertex 25.995 57.708 7.65718
    endloop
  endfacet
  facet normal 0 0.649497 0.760365
    outer loop
      vertex 25.995 57.1413 8.14125
      vertex 24.005 57.708 7.65718
      vertex 24.005 57.1413 8.14125
    endloop
  endfacet
  facet normal 0 0.923893 -0.382652
    outer loop
      vertex 25.995 55.9825 12.9678
      vertex 24.005 56.2677 13.6564
      vertex 25.995 56.2677 13.6564
    endloop
  endfacet
  facet normal 0 0.923893 -0.382652
    outer loop
      vertex 24.005 56.2677 13.6564
      vertex 25.995 55.9825 12.9678
      vertex 24.005 55.9825 12.9678
    endloop
  endfacet
  facet normal 0 -0.760384 0.649473
    outer loop
      vertex 24.005 63.8587 8.14125
      vertex 25.995 64.3428 8.70802
      vertex 24.005 64.3428 8.70802
    endloop
  endfacet
  facet normal 0 -0.760384 0.649473
    outer loop
      vertex 25.995 64.3428 8.70802
      vertex 24.005 63.8587 8.14125
      vertex 25.995 63.8587 8.14125
    endloop
  endfacet
  facet normal 0 -0.923893 -0.382652
    outer loop
      vertex 24.005 65.0175 12.9678
      vertex 25.995 64.7323 13.6564
      vertex 24.005 64.7323 13.6564
    endloop
  endfacet
  facet normal 0 -0.923893 -0.382652
    outer loop
      vertex 25.995 64.7323 13.6564
      vertex 24.005 65.0175 12.9678
      vertex 25.995 65.0175 12.9678
    endloop
  endfacet
  facet normal 0 -0.760345 -0.64952
    outer loop
      vertex 24.005 64.3428 14.292
      vertex 25.995 63.8587 14.8587
      vertex 24.005 63.8587 14.8587
    endloop
  endfacet
  facet normal 0 -0.760345 -0.64952
    outer loop
      vertex 25.995 63.8587 14.8587
      vertex 24.005 64.3428 14.292
      vertex 25.995 64.3428 14.292
    endloop
  endfacet
  facet normal 0 -0.707124 -0.70709
    outer loop
      vertex 24.005 63.8587 14.8587
      vertex 25.995 61.755 16.9625
      vertex 24.005 61.755 16.9625
    endloop
  endfacet
  facet normal 0 -0.707124 -0.70709
    outer loop
      vertex 25.995 61.755 16.9625
      vertex 24.005 63.8587 14.8587
      vertex 25.995 63.8587 14.8587
    endloop
  endfacet
  facet normal 0 -0.996916 -0.0784814
    outer loop
      vertex 24.005 65.25 11.5
      vertex 25.995 65.1915 12.2431
      vertex 24.005 65.1915 12.2431
    endloop
  endfacet
  facet normal 0 -0.996916 -0.0784814
    outer loop
      vertex 25.995 65.1915 12.2431
      vertex 24.005 65.25 11.5
      vertex 25.995 65.25 11.5
    endloop
  endfacet
  facet normal 0 0.923902 0.382628
    outer loop
      vertex 25.995 56.2677 9.34355
      vertex 24.005 55.9825 10.0322
      vertex 25.995 55.9825 10.0322
    endloop
  endfacet
  facet normal 0 0.923902 0.382628
    outer loop
      vertex 24.005 55.9825 10.0322
      vertex 25.995 56.2677 9.34355
      vertex 24.005 56.2677 9.34355
    endloop
  endfacet
  facet normal 0 0.996916 -0.0784814
    outer loop
      vertex 25.995 55.75 11.5
      vertex 24.005 55.8085 12.2431
      vertex 25.995 55.8085 12.2431
    endloop
  endfacet
  facet normal 0 0.996916 -0.0784814
    outer loop
      vertex 24.005 55.8085 12.2431
      vertex 25.995 55.75 11.5
      vertex 24.005 55.75 11.5
    endloop
  endfacet
  facet normal 0 -0.649497 0.760365
    outer loop
      vertex 24.005 63.8587 8.14125
      vertex 25.995 63.292 7.65718
      vertex 25.995 63.8587 8.14125
    endloop
  endfacet
  facet normal 0 -0.649497 0.760365
    outer loop
      vertex 25.995 63.292 7.65718
      vertex 24.005 63.8587 8.14125
      vertex 24.005 63.292 7.65718
    endloop
  endfacet
  facet normal 0 -0.852612 0.522544
    outer loop
      vertex 24.005 64.3428 8.70802
      vertex 25.995 64.7323 9.34355
      vertex 24.005 64.7323 9.34355
    endloop
  endfacet
  facet normal 0 -0.852612 0.522544
    outer loop
      vertex 25.995 64.7323 9.34355
      vertex 24.005 64.3428 8.70802
      vertex 25.995 64.3428 8.70802
    endloop
  endfacet
  facet normal -0.989177 -0.146724 0
    outer loop
      vertex 35.2504 36.5096 4
      vertex 35.1021 37.5094 25.01
      vertex 35.1021 37.5094 4
    endloop
  endfacet
  facet normal -0.989177 -0.146724 0
    outer loop
      vertex 35.1021 37.5094 25.01
      vertex 35.2504 36.5096 4
      vertex 35.2504 36.5096 25.01
    endloop
  endfacet
  facet normal -0.998795 -0.0490692 0
    outer loop
      vertex 35.3 35.5 4
      vertex 35.2504 36.5096 25.01
      vertex 35.2504 36.5096 4
    endloop
  endfacet
  facet normal -0.998795 -0.0490692 0
    outer loop
      vertex 35.2504 36.5096 25.01
      vertex 35.3 35.5 4
      vertex 35.3 35.5 25.01
    endloop
  endfacet
  facet normal -0.970032 -0.242978 0
    outer loop
      vertex 35.1021 37.5094 4
      vertex 34.8565 38.4899 25.01
      vertex 34.8565 38.4899 4
    endloop
  endfacet
  facet normal -0.970032 -0.242978 0
    outer loop
      vertex 34.8565 38.4899 25.01
      vertex 35.1021 37.5094 4
      vertex 35.1021 37.5094 25.01
    endloop
  endfacet
  facet normal -0.998795 0.0490692 0
    outer loop
      vertex 35.2504 34.4904 4
      vertex 35.3 35.5 25.01
      vertex 35.3 35.5 4
    endloop
  endfacet
  facet normal -0.998795 0.0490692 0
    outer loop
      vertex 35.3 35.5 25.01
      vertex 35.2504 34.4904 4
      vertex 35.2504 34.4904 25.01
    endloop
  endfacet
  facet normal 0.98909 0.147311 0
    outer loop
      vertex 14.8979 33.4906 25.01
      vertex 14.8965 33.5 4
      vertex 14.8965 33.5 25.01
    endloop
  endfacet
  facet normal 0.98909 0.147311 0
    outer loop
      vertex 14.8965 33.5 4
      vertex 14.8979 33.4906 25.01
      vertex 14.8979 33.4906 4
    endloop
  endfacet
  facet normal -0.671579 -0.740933 0
    outer loop
      vertex 31.5343 43.462 4
      vertex 32.2832 42.7832 25.01
      vertex 31.5343 43.462 25.01
    endloop
  endfacet
  facet normal -0.671579 -0.740933 -0
    outer loop
      vertex 32.2832 42.7832 25.01
      vertex 31.5343 43.462 4
      vertex 32.2832 42.7832 4
    endloop
  endfacet
  facet normal -0.857711 -0.514132 0
    outer loop
      vertex 34.0838 40.3554 4
      vertex 33.5641 41.2224 25.01
      vertex 33.5641 41.2224 4
    endloop
  endfacet
  facet normal -0.857711 -0.514132 0
    outer loop
      vertex 33.5641 41.2224 25.01
      vertex 34.0838 40.3554 4
      vertex 34.0838 40.3554 25.01
    endloop
  endfacet
  facet normal 0.59567 -0.803229 0
    outer loop
      vertex 18.4657 43.462 4
      vertex 19.2776 44.0641 25.01
      vertex 18.4657 43.462 25.01
    endloop
  endfacet
  facet normal 0.59567 -0.803229 0
    outer loop
      vertex 19.2776 44.0641 25.01
      vertex 18.4657 43.462 4
      vertex 19.2776 44.0641 4
    endloop
  endfacet
  facet normal 0.242978 -0.970032 0
    outer loop
      vertex 22.0101 45.3565 4
      vertex 22.9906 45.6021 25.01
      vertex 22.0101 45.3565 25.01
    endloop
  endfacet
  facet normal 0.242978 -0.970032 0
    outer loop
      vertex 22.9906 45.6021 25.01
      vertex 22.0101 45.3565 4
      vertex 22.9906 45.6021 4
    endloop
  endfacet
  facet normal 0.970032 -0.242978 0
    outer loop
      vertex 14.8979 37.5094 25.01
      vertex 15.1435 38.4899 4
      vertex 15.1435 38.4899 25.01
    endloop
  endfacet
  facet normal 0.970032 -0.242978 0
    outer loop
      vertex 15.1435 38.4899 4
      vertex 14.8979 37.5094 25.01
      vertex 14.8979 37.5094 4
    endloop
  endfacet
  facet normal -0.740978 -0.67153 0
    outer loop
      vertex 32.962 42.0342 4
      vertex 32.2832 42.7832 25.01
      vertex 32.2832 42.7832 4
    endloop
  endfacet
  facet normal -0.740978 -0.67153 0
    outer loop
      vertex 32.2832 42.7832 25.01
      vertex 32.962 42.0342 4
      vertex 32.962 42.0342 25.01
    endloop
  endfacet
  facet normal -0.336869 0.941552 0
    outer loop
      vertex 28.9416 25.984 4
      vertex 27.9899 25.6435 25.01
      vertex 28.9416 25.984 25.01
    endloop
  endfacet
  facet normal -0.336869 0.941552 0
    outer loop
      vertex 27.9899 25.6435 25.01
      vertex 28.9416 25.984 4
      vertex 27.9899 25.6435 4
    endloop
  endfacet
  facet normal 0.970032 0.242978 0
    outer loop
      vertex 15.1435 32.5101 25.01
      vertex 14.8979 33.4906 4
      vertex 14.8979 33.4906 25.01
    endloop
  endfacet
  facet normal 0.970032 0.242978 0
    outer loop
      vertex 14.8979 33.4906 4
      vertex 15.1435 32.5101 25.01
      vertex 15.1435 32.5101 4
    endloop
  endfacet
  facet normal -0.336869 -0.941552 0
    outer loop
      vertex 27.9899 45.3565 4
      vertex 28.9416 45.016 25.01
      vertex 27.9899 45.3565 25.01
    endloop
  endfacet
  facet normal -0.336869 -0.941552 -0
    outer loop
      vertex 28.9416 45.016 25.01
      vertex 27.9899 45.3565 4
      vertex 28.9416 45.016 4
    endloop
  endfacet
  facet normal 0.941552 -0.336869 0
    outer loop
      vertex 15.1435 38.4899 25.01
      vertex 15.484 39.4416 4
      vertex 15.484 39.4416 25.01
    endloop
  endfacet
  facet normal 0.941552 -0.336869 0
    outer loop
      vertex 15.484 39.4416 4
      vertex 15.1435 38.4899 25.01
      vertex 15.1435 38.4899 4
    endloop
  endfacet
  facet normal 0.427559 0.903987 -0
    outer loop
      vertex 21.0584 25.984 4
      vertex 20.1446 26.4162 25.01
      vertex 21.0584 25.984 25.01
    endloop
  endfacet
  facet normal 0.427559 0.903987 0
    outer loop
      vertex 20.1446 26.4162 25.01
      vertex 21.0584 25.984 4
      vertex 20.1446 26.4162 4
    endloop
  endfacet
  facet normal 0.98909 -0.147311 0
    outer loop
      vertex 14.8965 37.5 25.01
      vertex 14.8979 37.5094 4
      vertex 14.8979 37.5094 25.01
    endloop
  endfacet
  facet normal 0.98909 -0.147311 0
    outer loop
      vertex 14.8979 37.5094 4
      vertex 14.8965 37.5 25.01
      vertex 14.8965 37.5 4
    endloop
  endfacet
  facet normal 0.803194 -0.595717 0
    outer loop
      vertex 16.4359 41.2224 25.01
      vertex 17.038 42.0342 4
      vertex 17.038 42.0342 25.01
    endloop
  endfacet
  facet normal 0.803194 -0.595717 0
    outer loop
      vertex 17.038 42.0342 4
      vertex 16.4359 41.2224 25.01
      vertex 16.4359 41.2224 4
    endloop
  endfacet
  facet normal -0.514132 -0.857711 0
    outer loop
      vertex 29.8554 44.5838 4
      vertex 30.7224 44.0641 25.01
      vertex 29.8554 44.5838 25.01
    endloop
  endfacet
  facet normal -0.514132 -0.857711 -0
    outer loop
      vertex 30.7224 44.0641 25.01
      vertex 29.8554 44.5838 4
      vertex 30.7224 44.0641 4
    endloop
  endfacet
  facet normal 0.671579 -0.740933 0
    outer loop
      vertex 17.7168 42.7832 4
      vertex 18.4657 43.462 25.01
      vertex 17.7168 42.7832 25.01
    endloop
  endfacet
  facet normal 0.671579 -0.740933 0
    outer loop
      vertex 18.4657 43.462 25.01
      vertex 17.7168 42.7832 4
      vertex 18.4657 43.462 4
    endloop
  endfacet
  facet normal -0.59567 -0.803229 0
    outer loop
      vertex 30.7224 44.0641 4
      vertex 31.5343 43.462 25.01
      vertex 30.7224 44.0641 25.01
    endloop
  endfacet
  facet normal -0.59567 -0.803229 -0
    outer loop
      vertex 31.5343 43.462 25.01
      vertex 30.7224 44.0641 4
      vertex 31.5343 43.462 4
    endloop
  endfacet
  facet normal 0.0490692 -0.998795 0
    outer loop
      vertex 23.9904 45.7504 4
      vertex 25 45.8 25.01
      vertex 23.9904 45.7504 25.01
    endloop
  endfacet
  facet normal 0.0490692 -0.998795 0
    outer loop
      vertex 25 45.8 25.01
      vertex 23.9904 45.7504 4
      vertex 25 45.8 4
    endloop
  endfacet
  facet normal -0.989177 0.146724 0
    outer loop
      vertex 35.1021 33.4906 4
      vertex 35.2504 34.4904 25.01
      vertex 35.2504 34.4904 4
    endloop
  endfacet
  facet normal -0.989177 0.146724 0
    outer loop
      vertex 35.2504 34.4904 25.01
      vertex 35.1021 33.4906 4
      vertex 35.1021 33.4906 25.01
    endloop
  endfacet
  facet normal 0.242978 0.970032 -0
    outer loop
      vertex 22.9906 25.3979 4
      vertex 22.0101 25.6435 25.01
      vertex 22.9906 25.3979 25.01
    endloop
  endfacet
  facet normal 0.242978 0.970032 0
    outer loop
      vertex 22.0101 25.6435 25.01
      vertex 22.9906 25.3979 4
      vertex 22.0101 25.6435 4
    endloop
  endfacet
  facet normal -0.970032 0.242978 0
    outer loop
      vertex 34.8565 32.5101 4
      vertex 35.1021 33.4906 25.01
      vertex 35.1021 33.4906 4
    endloop
  endfacet
  facet normal -0.970032 0.242978 0
    outer loop
      vertex 35.1021 33.4906 25.01
      vertex 34.8565 32.5101 4
      vertex 34.8565 32.5101 25.01
    endloop
  endfacet
  facet normal 0.941552 0.336869 0
    outer loop
      vertex 15.484 31.5584 25.01
      vertex 15.1435 32.5101 4
      vertex 15.1435 32.5101 25.01
    endloop
  endfacet
  facet normal 0.941552 0.336869 0
    outer loop
      vertex 15.1435 32.5101 4
      vertex 15.484 31.5584 25.01
      vertex 15.484 31.5584 4
    endloop
  endfacet
  facet normal 0.903987 -0.427559 0
    outer loop
      vertex 15.484 39.4416 25.01
      vertex 15.9162 40.3554 4
      vertex 15.9162 40.3554 25.01
    endloop
  endfacet
  facet normal 0.903987 -0.427559 0
    outer loop
      vertex 15.9162 40.3554 4
      vertex 15.484 39.4416 25.01
      vertex 15.484 39.4416 4
    endloop
  endfacet
  facet normal 0.427559 -0.903987 0
    outer loop
      vertex 20.1446 44.5838 4
      vertex 21.0584 45.016 25.01
      vertex 20.1446 44.5838 25.01
    endloop
  endfacet
  facet normal 0.427559 -0.903987 0
    outer loop
      vertex 21.0584 45.016 25.01
      vertex 20.1446 44.5838 4
      vertex 21.0584 45.016 4
    endloop
  endfacet
  facet normal -0.903987 -0.427559 0
    outer loop
      vertex 34.516 39.4416 4
      vertex 34.0838 40.3554 25.01
      vertex 34.0838 40.3554 4
    endloop
  endfacet
  facet normal -0.903987 -0.427559 0
    outer loop
      vertex 34.0838 40.3554 25.01
      vertex 34.516 39.4416 4
      vertex 34.516 39.4416 25.01
    endloop
  endfacet
  facet normal -0.146724 0.989177 0
    outer loop
      vertex 27.0094 25.3979 4
      vertex 26.0096 25.2496 25.01
      vertex 27.0094 25.3979 25.01
    endloop
  endfacet
  facet normal -0.146724 0.989177 0
    outer loop
      vertex 26.0096 25.2496 25.01
      vertex 27.0094 25.3979 4
      vertex 26.0096 25.2496 4
    endloop
  endfacet
  facet normal -0.0490692 0.998795 0
    outer loop
      vertex 26.0096 25.2496 4
      vertex 25 25.2 25.01
      vertex 26.0096 25.2496 25.01
    endloop
  endfacet
  facet normal -0.0490692 0.998795 0
    outer loop
      vertex 25 25.2 25.01
      vertex 26.0096 25.2496 4
      vertex 25 25.2 4
    endloop
  endfacet
  facet normal -0.803194 -0.595717 0
    outer loop
      vertex 33.5641 41.2224 4
      vertex 32.962 42.0342 25.01
      vertex 32.962 42.0342 4
    endloop
  endfacet
  facet normal -0.803194 -0.595717 0
    outer loop
      vertex 32.962 42.0342 25.01
      vertex 33.5641 41.2224 4
      vertex 33.5641 41.2224 25.01
    endloop
  endfacet
  facet normal -0.242978 0.970032 0
    outer loop
      vertex 27.9899 25.6435 4
      vertex 27.0094 25.3979 25.01
      vertex 27.9899 25.6435 25.01
    endloop
  endfacet
  facet normal -0.242978 0.970032 0
    outer loop
      vertex 27.0094 25.3979 25.01
      vertex 27.9899 25.6435 4
      vertex 27.0094 25.3979 4
    endloop
  endfacet
  facet normal 0.857711 -0.514132 0
    outer loop
      vertex 15.9162 40.3554 25.01
      vertex 16.4359 41.2224 4
      vertex 16.4359 41.2224 25.01
    endloop
  endfacet
  facet normal 0.857711 -0.514132 0
    outer loop
      vertex 16.4359 41.2224 4
      vertex 15.9162 40.3554 25.01
      vertex 15.9162 40.3554 4
    endloop
  endfacet
  facet normal 0.740933 0.671579 0
    outer loop
      vertex 17.7168 28.2168 25.01
      vertex 17.038 28.9657 4
      vertex 17.038 28.9657 25.01
    endloop
  endfacet
  facet normal 0.740933 0.671579 0
    outer loop
      vertex 17.038 28.9657 4
      vertex 17.7168 28.2168 25.01
      vertex 17.7168 28.2168 4
    endloop
  endfacet
  facet normal -0.427559 0.903987 0
    outer loop
      vertex 29.8554 26.4162 4
      vertex 28.9416 25.984 25.01
      vertex 29.8554 26.4162 25.01
    endloop
  endfacet
  facet normal -0.427559 0.903987 0
    outer loop
      vertex 28.9416 25.984 25.01
      vertex 29.8554 26.4162 4
      vertex 28.9416 25.984 4
    endloop
  endfacet
  facet normal -0.427559 -0.903987 0
    outer loop
      vertex 28.9416 45.016 4
      vertex 29.8554 44.5838 25.01
      vertex 28.9416 45.016 25.01
    endloop
  endfacet
  facet normal -0.427559 -0.903987 -0
    outer loop
      vertex 29.8554 44.5838 25.01
      vertex 28.9416 45.016 4
      vertex 29.8554 44.5838 4
    endloop
  endfacet
  facet normal -0.941552 -0.336869 0
    outer loop
      vertex 34.8565 38.4899 4
      vertex 34.516 39.4416 25.01
      vertex 34.516 39.4416 4
    endloop
  endfacet
  facet normal -0.941552 -0.336869 0
    outer loop
      vertex 34.516 39.4416 25.01
      vertex 34.8565 38.4899 4
      vertex 34.8565 38.4899 25.01
    endloop
  endfacet
  facet normal -0.514132 0.857711 0
    outer loop
      vertex 30.7224 26.9359 4
      vertex 29.8554 26.4162 25.01
      vertex 30.7224 26.9359 25.01
    endloop
  endfacet
  facet normal -0.514132 0.857711 0
    outer loop
      vertex 29.8554 26.4162 25.01
      vertex 30.7224 26.9359 4
      vertex 29.8554 26.4162 4
    endloop
  endfacet
  facet normal 0.336869 0.941552 -0
    outer loop
      vertex 22.0101 25.6435 4
      vertex 21.0584 25.984 25.01
      vertex 22.0101 25.6435 25.01
    endloop
  endfacet
  facet normal 0.336869 0.941552 0
    outer loop
      vertex 21.0584 25.984 25.01
      vertex 22.0101 25.6435 4
      vertex 21.0584 25.984 4
    endloop
  endfacet
  facet normal -0.59567 0.803229 0
    outer loop
      vertex 31.5343 27.538 4
      vertex 30.7224 26.9359 25.01
      vertex 31.5343 27.538 25.01
    endloop
  endfacet
  facet normal -0.59567 0.803229 0
    outer loop
      vertex 30.7224 26.9359 25.01
      vertex 31.5343 27.538 4
      vertex 30.7224 26.9359 4
    endloop
  endfacet
  facet normal -0.0490692 -0.998795 0
    outer loop
      vertex 25 45.8 4
      vertex 26.0096 45.7504 25.01
      vertex 25 45.8 25.01
    endloop
  endfacet
  facet normal -0.0490692 -0.998795 -0
    outer loop
      vertex 26.0096 45.7504 25.01
      vertex 25 45.8 4
      vertex 26.0096 45.7504 4
    endloop
  endfacet
  facet normal 0.59567 0.803229 -0
    outer loop
      vertex 19.2776 26.9359 4
      vertex 18.4657 27.538 25.01
      vertex 19.2776 26.9359 25.01
    endloop
  endfacet
  facet normal 0.59567 0.803229 0
    outer loop
      vertex 18.4657 27.538 25.01
      vertex 19.2776 26.9359 4
      vertex 18.4657 27.538 4
    endloop
  endfacet
  facet normal 0.803229 0.59567 0
    outer loop
      vertex 17.038 28.9657 25.01
      vertex 16.4359 29.7776 4
      vertex 16.4359 29.7776 25.01
    endloop
  endfacet
  facet normal 0.803229 0.59567 0
    outer loop
      vertex 16.4359 29.7776 4
      vertex 17.038 28.9657 25.01
      vertex 17.038 28.9657 4
    endloop
  endfacet
  facet normal 0.146724 0.989177 -0
    outer loop
      vertex 23.9904 25.2496 4
      vertex 22.9906 25.3979 25.01
      vertex 23.9904 25.2496 25.01
    endloop
  endfacet
  facet normal 0.146724 0.989177 0
    outer loop
      vertex 22.9906 25.3979 25.01
      vertex 23.9904 25.2496 4
      vertex 22.9906 25.3979 4
    endloop
  endfacet
  facet normal 0.514132 -0.857711 0
    outer loop
      vertex 19.2776 44.0641 4
      vertex 20.1446 44.5838 25.01
      vertex 19.2776 44.0641 25.01
    endloop
  endfacet
  facet normal 0.514132 -0.857711 0
    outer loop
      vertex 20.1446 44.5838 25.01
      vertex 19.2776 44.0641 4
      vertex 20.1446 44.5838 4
    endloop
  endfacet
  facet normal -0.857711 0.514132 0
    outer loop
      vertex 33.5641 29.7776 4
      vertex 34.0838 30.6446 25.01
      vertex 34.0838 30.6446 4
    endloop
  endfacet
  facet normal -0.857711 0.514132 0
    outer loop
      vertex 34.0838 30.6446 25.01
      vertex 33.5641 29.7776 4
      vertex 33.5641 29.7776 25.01
    endloop
  endfacet
  facet normal -0.941552 0.336869 0
    outer loop
      vertex 34.516 31.5584 4
      vertex 34.8565 32.5101 25.01
      vertex 34.8565 32.5101 4
    endloop
  endfacet
  facet normal -0.941552 0.336869 0
    outer loop
      vertex 34.8565 32.5101 25.01
      vertex 34.516 31.5584 4
      vertex 34.516 31.5584 25.01
    endloop
  endfacet
  facet normal 0.336869 -0.941552 0
    outer loop
      vertex 21.0584 45.016 4
      vertex 22.0101 45.3565 25.01
      vertex 21.0584 45.016 25.01
    endloop
  endfacet
  facet normal 0.336869 -0.941552 0
    outer loop
      vertex 22.0101 45.3565 25.01
      vertex 21.0584 45.016 4
      vertex 22.0101 45.3565 4
    endloop
  endfacet
  facet normal 0.671579 0.740933 -0
    outer loop
      vertex 18.4657 27.538 4
      vertex 17.7168 28.2168 25.01
      vertex 18.4657 27.538 25.01
    endloop
  endfacet
  facet normal 0.671579 0.740933 0
    outer loop
      vertex 17.7168 28.2168 25.01
      vertex 18.4657 27.538 4
      vertex 17.7168 28.2168 4
    endloop
  endfacet
  facet normal -0.803229 0.59567 0
    outer loop
      vertex 32.962 28.9657 4
      vertex 33.5641 29.7776 25.01
      vertex 33.5641 29.7776 4
    endloop
  endfacet
  facet normal -0.803229 0.59567 0
    outer loop
      vertex 33.5641 29.7776 25.01
      vertex 32.962 28.9657 4
      vertex 32.962 28.9657 25.01
    endloop
  endfacet
  facet normal 0.146724 -0.989177 0
    outer loop
      vertex 22.9906 45.6021 4
      vertex 23.9904 45.7504 25.01
      vertex 22.9906 45.6021 25.01
    endloop
  endfacet
  facet normal 0.146724 -0.989177 0
    outer loop
      vertex 23.9904 45.7504 25.01
      vertex 22.9906 45.6021 4
      vertex 23.9904 45.7504 4
    endloop
  endfacet
  facet normal 0.740978 -0.67153 0
    outer loop
      vertex 17.038 42.0342 25.01
      vertex 17.7168 42.7832 4
      vertex 17.7168 42.7832 25.01
    endloop
  endfacet
  facet normal 0.740978 -0.67153 0
    outer loop
      vertex 17.7168 42.7832 4
      vertex 17.038 42.0342 25.01
      vertex 17.038 42.0342 4
    endloop
  endfacet
  facet normal -0.242978 -0.970032 0
    outer loop
      vertex 27.0094 45.6021 4
      vertex 27.9899 45.3565 25.01
      vertex 27.0094 45.6021 25.01
    endloop
  endfacet
  facet normal -0.242978 -0.970032 -0
    outer loop
      vertex 27.9899 45.3565 25.01
      vertex 27.0094 45.6021 4
      vertex 27.9899 45.3565 4
    endloop
  endfacet
  facet normal 0.903987 0.427559 0
    outer loop
      vertex 15.9162 30.6446 25.01
      vertex 15.484 31.5584 4
      vertex 15.484 31.5584 25.01
    endloop
  endfacet
  facet normal 0.903987 0.427559 0
    outer loop
      vertex 15.484 31.5584 4
      vertex 15.9162 30.6446 25.01
      vertex 15.9162 30.6446 4
    endloop
  endfacet
  facet normal 0.0490692 0.998795 -0
    outer loop
      vertex 25 25.2 4
      vertex 23.9904 25.2496 25.01
      vertex 25 25.2 25.01
    endloop
  endfacet
  facet normal 0.0490692 0.998795 0
    outer loop
      vertex 23.9904 25.2496 25.01
      vertex 25 25.2 4
      vertex 23.9904 25.2496 4
    endloop
  endfacet
  facet normal -0.903987 0.427559 0
    outer loop
      vertex 34.0838 30.6446 4
      vertex 34.516 31.5584 25.01
      vertex 34.516 31.5584 4
    endloop
  endfacet
  facet normal -0.903987 0.427559 0
    outer loop
      vertex 34.516 31.5584 25.01
      vertex 34.0838 30.6446 4
      vertex 34.0838 30.6446 25.01
    endloop
  endfacet
  facet normal -0.146724 -0.989177 0
    outer loop
      vertex 26.0096 45.7504 4
      vertex 27.0094 45.6021 25.01
      vertex 26.0096 45.7504 25.01
    endloop
  endfacet
  facet normal -0.146724 -0.989177 -0
    outer loop
      vertex 27.0094 45.6021 25.01
      vertex 26.0096 45.7504 4
      vertex 27.0094 45.6021 4
    endloop
  endfacet
  facet normal 0.857711 0.514132 0
    outer loop
      vertex 16.4359 29.7776 25.01
      vertex 15.9162 30.6446 4
      vertex 15.9162 30.6446 25.01
    endloop
  endfacet
  facet normal 0.857711 0.514132 0
    outer loop
      vertex 15.9162 30.6446 4
      vertex 16.4359 29.7776 25.01
      vertex 16.4359 29.7776 4
    endloop
  endfacet
  facet normal -0.671579 0.740933 0
    outer loop
      vertex 32.2832 28.2168 4
      vertex 31.5343 27.538 25.01
      vertex 32.2832 28.2168 25.01
    endloop
  endfacet
  facet normal -0.671579 0.740933 0
    outer loop
      vertex 31.5343 27.538 25.01
      vertex 32.2832 28.2168 4
      vertex 31.5343 27.538 4
    endloop
  endfacet
  facet normal -0.740933 0.671579 0
    outer loop
      vertex 32.2832 28.2168 4
      vertex 32.962 28.9657 25.01
      vertex 32.962 28.9657 4
    endloop
  endfacet
  facet normal -0.740933 0.671579 0
    outer loop
      vertex 32.962 28.9657 25.01
      vertex 32.2832 28.2168 4
      vertex 32.2832 28.2168 25.01
    endloop
  endfacet
  facet normal 0.514132 0.857711 -0
    outer loop
      vertex 20.1446 26.4162 4
      vertex 19.2776 26.9359 25.01
      vertex 20.1446 26.4162 25.01
    endloop
  endfacet
  facet normal 0.514132 0.857711 0
    outer loop
      vertex 19.2776 26.9359 25.01
      vertex 20.1446 26.4162 4
      vertex 19.2776 26.9359 4
    endloop
  endfacet
  facet normal 0 0 1
    outer loop
      vertex 28.75 35.5 4
      vertex 35.3 35.5 4
      vertex 35.2504 36.5096 4
    endloop
  endfacet
  facet normal 0 0 1
    outer loop
      vertex 28.7038 36.0866 4
      vertex 35.2504 36.5096 4
      vertex 35.1021 37.5094 4
    endloop
  endfacet
  facet normal 0 0 1
    outer loop
      vertex 35.3 35.5 4
      vertex 28.75 35.5 4
      vertex 35.2504 34.4904 4
    endloop
  endfacet
  facet normal 0 0 1
    outer loop
      vertex 28.5665 36.6588 4
      vertex 35.1021 37.5094 4
      vertex 34.8565 38.4899 4
    endloop
  endfacet
  facet normal -0 0 1
    outer loop
      vertex 28.7038 34.9134 4
      vertex 35.2504 34.4904 4
      vertex 28.75 35.5 4
    endloop
  endfacet
  facet normal 0 0 1
    outer loop
      vertex 28.5665 36.6588 4
      vertex 34.8565 38.4899 4
      vertex 34.516 39.4416 4
    endloop
  endfacet
  facet normal 0 0 1
    outer loop
      vertex 35.2504 34.4904 4
      vertex 28.7038 34.9134 4
      vertex 35.1021 33.4906 4
    endloop
  endfacet
  facet normal 0 0 1
    outer loop
      vertex 28.3413 37.2025 4
      vertex 34.516 39.4416 4
      vertex 34.0838 40.3554 4
    endloop
  endfacet
  facet normal -0 0 1
    outer loop
      vertex 28.5665 34.3412 4
      vertex 35.1021 33.4906 4
      vertex 28.7038 34.9134 4
    endloop
  endfacet
  facet normal 0 0 1
    outer loop
      vertex 28.3413 37.2025 4
      vertex 34.0838 40.3554 4
      vertex 33.5641 41.2224 4
    endloop
  endfacet
  facet normal 0 0 1
    outer loop
      vertex 35.1021 33.4906 4
      vertex 28.5665 34.3412 4
      vertex 34.8565 32.5101 4
    endloop
  endfacet
  facet normal 0 0 1
    outer loop
      vertex 28.0338 37.7042 4
      vertex 33.5641 41.2224 4
      vertex 32.962 42.0342 4
    endloop
  endfacet
  facet normal 0 0 1
    outer loop
      vertex 34.8565 32.5101 4
      vertex 28.5665 34.3412 4
      vertex 34.516 31.5584 4
    endloop
  endfacet
  facet normal 0 0 1
    outer loop
      vertex 27.6516 38.1516 4
      vertex 32.962 42.0342 4
      vertex 32.2832 42.7832 4
    endloop
  endfacet
  facet normal -0 0 1
    outer loop
      vertex 28.3413 33.7975 4
      vertex 34.516 31.5584 4
      vertex 28.5665 34.3412 4
    endloop
  endfacet
  facet normal 0 0 1
    outer loop
      vertex 27.6516 38.1516 4
      vertex 32.2832 42.7832 4
      vertex 31.5343 43.462 4
    endloop
  endfacet
  facet normal 0 0 1
    outer loop
      vertex 34.516 31.5584 4
      vertex 28.3413 33.7975 4
      vertex 34.0838 30.6446 4
    endloop
  endfacet
  facet normal 0 0 1
    outer loop
      vertex 27.2042 38.5338 4
      vertex 31.5343 43.462 4
      vertex 30.7224 44.0641 4
    endloop
  endfacet
  facet normal 0 0 1
    outer loop
      vertex 34.0838 30.6446 4
      vertex 28.3413 33.7975 4
      vertex 33.5641 29.7776 4
    endloop
  endfacet
  facet normal 0 0 1
    outer loop
      vertex 26.7025 38.8413 4
      vertex 30.7224 44.0641 4
      vertex 29.8554 44.5838 4
    endloop
  endfacet
  facet normal -0 0 1
    outer loop
      vertex 28.0338 33.2958 4
      vertex 33.5641 29.7776 4
      vertex 28.3413 33.7975 4
    endloop
  endfacet
  facet normal 0 0 1
    outer loop
      vertex 26.7025 38.8413 4
      vertex 29.8554 44.5838 4
      vertex 28.9416 45.016 4
    endloop
  endfacet
  facet normal 0 0 1
    outer loop
      vertex 33.5641 29.7776 4
      vertex 28.0338 33.2958 4
      vertex 32.962 28.9657 4
    endloop
  endfacet
  facet normal -0 0 1
    outer loop
      vertex 27.6516 32.8484 4
      vertex 32.962 28.9657 4
      vertex 28.0338 33.2958 4
    endloop
  endfacet
  facet normal 0 0 1
    outer loop
      vertex 35.2504 36.5096 4
      vertex 28.7038 36.0866 4
      vertex 28.75 35.5 4
    endloop
  endfacet
  facet normal 0 0 1
    outer loop
      vertex 35.1021 37.5094 4
      vertex 28.5665 36.6588 4
      vertex 28.7038 36.0866 4
    endloop
  endfacet
  facet normal 0 0 1
    outer loop
      vertex 34.516 39.4416 4
      vertex 28.3413 37.2025 4
      vertex 28.5665 36.6588 4
    endloop
  endfacet
  facet normal 0 0 1
    outer loop
      vertex 33.5641 41.2224 4
      vertex 28.0338 37.7042 4
      vertex 28.3413 37.2025 4
    endloop
  endfacet
  facet normal 0 0 1
    outer loop
      vertex 26.1588 39.0665 4
      vertex 28.9416 45.016 4
      vertex 27.9899 45.3565 4
    endloop
  endfacet
  facet normal 0 0 1
    outer loop
      vertex 32.962 42.0342 4
      vertex 27.6516 38.1516 4
      vertex 28.0338 37.7042 4
    endloop
  endfacet
  facet normal 0 0 1
    outer loop
      vertex 31.5343 43.462 4
      vertex 27.2042 38.5338 4
      vertex 27.6516 38.1516 4
    endloop
  endfacet
  facet normal 0 0 1
    outer loop
      vertex 26.1588 39.0665 4
      vertex 27.9899 45.3565 4
      vertex 27.0094 45.6021 4
    endloop
  endfacet
  facet normal 0 0 1
    outer loop
      vertex 30.7224 44.0641 4
      vertex 26.7025 38.8413 4
      vertex 27.2042 38.5338 4
    endloop
  endfacet
  facet normal 0 0 1
    outer loop
      vertex 28.9416 45.016 4
      vertex 26.1588 39.0665 4
      vertex 26.7025 38.8413 4
    endloop
  endfacet
  facet normal 0 0 1
    outer loop
      vertex 25.5866 39.2038 4
      vertex 27.0094 45.6021 4
      vertex 26.0096 45.7504 4
    endloop
  endfacet
  facet normal 0 0 1
    outer loop
      vertex 27.0094 45.6021 4
      vertex 25.5866 39.2038 4
      vertex 26.1588 39.0665 4
    endloop
  endfacet
  facet normal 0 0 1
    outer loop
      vertex 25 39.25 4
      vertex 26.0096 45.7504 4
      vertex 25 45.8 4
    endloop
  endfacet
  facet normal 0 0 1
    outer loop
      vertex 26.0096 45.7504 4
      vertex 25 39.25 4
      vertex 25.5866 39.2038 4
    endloop
  endfacet
  facet normal -0 0 1
    outer loop
      vertex 23.9904 45.7504 4
      vertex 25 39.25 4
      vertex 25 45.8 4
    endloop
  endfacet
  facet normal 0 0 1
    outer loop
      vertex 25 39.25 4
      vertex 23.9904 45.7504 4
      vertex 24.4134 39.2038 4
    endloop
  endfacet
  facet normal -0 0 1
    outer loop
      vertex 22.9906 45.6021 4
      vertex 24.4134 39.2038 4
      vertex 23.9904 45.7504 4
    endloop
  endfacet
  facet normal 0 0 1
    outer loop
      vertex 24.4134 39.2038 4
      vertex 22.9906 45.6021 4
      vertex 23.8412 39.0665 4
    endloop
  endfacet
  facet normal -0 0 1
    outer loop
      vertex 22.0101 45.3565 4
      vertex 23.8412 39.0665 4
      vertex 22.9906 45.6021 4
    endloop
  endfacet
  facet normal -0 0 1
    outer loop
      vertex 21.0584 45.016 4
      vertex 23.8412 39.0665 4
      vertex 22.0101 45.3565 4
    endloop
  endfacet
  facet normal 0 0 1
    outer loop
      vertex 23.8412 39.0665 4
      vertex 21.0584 45.016 4
      vertex 23.2975 38.8413 4
    endloop
  endfacet
  facet normal -0 0 1
    outer loop
      vertex 20.1446 44.5838 4
      vertex 23.2975 38.8413 4
      vertex 21.0584 45.016 4
    endloop
  endfacet
  facet normal -0 0 1
    outer loop
      vertex 19.2776 44.0641 4
      vertex 23.2975 38.8413 4
      vertex 20.1446 44.5838 4
    endloop
  endfacet
  facet normal 0 0 1
    outer loop
      vertex 23.2975 38.8413 4
      vertex 19.2776 44.0641 4
      vertex 22.7958 38.5338 4
    endloop
  endfacet
  facet normal -0 0 1
    outer loop
      vertex 18.4657 43.462 4
      vertex 22.7958 38.5338 4
      vertex 19.2776 44.0641 4
    endloop
  endfacet
  facet normal 0 0 1
    outer loop
      vertex 22.7958 38.5338 4
      vertex 18.4657 43.462 4
      vertex 22.3484 38.1516 4
    endloop
  endfacet
  facet normal -0 0 1
    outer loop
      vertex 17.7168 42.7832 4
      vertex 22.3484 38.1516 4
      vertex 18.4657 43.462 4
    endloop
  endfacet
  facet normal -0 0 1
    outer loop
      vertex 17.038 42.0342 4
      vertex 22.3484 38.1516 4
      vertex 17.7168 42.7832 4
    endloop
  endfacet
  facet normal 0 0 1
    outer loop
      vertex 32.962 28.9657 4
      vertex 27.6516 32.8484 4
      vertex 32.2832 28.2168 4
    endloop
  endfacet
  facet normal 0 0 1
    outer loop
      vertex 32.2832 28.2168 4
      vertex 27.6516 32.8484 4
      vertex 31.5343 27.538 4
    endloop
  endfacet
  facet normal -0 0 1
    outer loop
      vertex 27.2042 32.4662 4
      vertex 31.5343 27.538 4
      vertex 27.6516 32.8484 4
    endloop
  endfacet
  facet normal 0 0 1
    outer loop
      vertex 31.5343 27.538 4
      vertex 27.2042 32.4662 4
      vertex 30.7224 26.9359 4
    endloop
  endfacet
  facet normal -0 0 1
    outer loop
      vertex 26.7025 32.1587 4
      vertex 30.7224 26.9359 4
      vertex 27.2042 32.4662 4
    endloop
  endfacet
  facet normal 0 0 1
    outer loop
      vertex 30.7224 26.9359 4
      vertex 26.7025 32.1587 4
      vertex 29.8554 26.4162 4
    endloop
  endfacet
  facet normal 0 0 1
    outer loop
      vertex 29.8554 26.4162 4
      vertex 26.7025 32.1587 4
      vertex 28.9416 25.984 4
    endloop
  endfacet
  facet normal -0 0 1
    outer loop
      vertex 26.1588 31.9335 4
      vertex 28.9416 25.984 4
      vertex 26.7025 32.1587 4
    endloop
  endfacet
  facet normal 0 0 1
    outer loop
      vertex 28.9416 25.984 4
      vertex 26.1588 31.9335 4
      vertex 27.9899 25.6435 4
    endloop
  endfacet
  facet normal 0 0 1
    outer loop
      vertex 27.9899 25.6435 4
      vertex 26.1588 31.9335 4
      vertex 27.0094 25.3979 4
    endloop
  endfacet
  facet normal -0 0 1
    outer loop
      vertex 25.5866 31.7962 4
      vertex 27.0094 25.3979 4
      vertex 26.1588 31.9335 4
    endloop
  endfacet
  facet normal 0 0 1
    outer loop
      vertex 27.0094 25.3979 4
      vertex 25.5866 31.7962 4
      vertex 26.0096 25.2496 4
    endloop
  endfacet
  facet normal -0 0 1
    outer loop
      vertex 25 31.75 4
      vertex 26.0096 25.2496 4
      vertex 25.5866 31.7962 4
    endloop
  endfacet
  facet normal 0 0 1
    outer loop
      vertex 25 31.75 4
      vertex 25 25.2 4
      vertex 26.0096 25.2496 4
    endloop
  endfacet
  facet normal 0 0 1
    outer loop
      vertex 23.9904 25.2496 4
      vertex 25 31.75 4
      vertex 24.4134 31.7962 4
    endloop
  endfacet
  facet normal 0 0 1
    outer loop
      vertex 25 31.75 4
      vertex 23.9904 25.2496 4
      vertex 25 25.2 4
    endloop
  endfacet
  facet normal 0 0 1
    outer loop
      vertex 22.9906 25.3979 4
      vertex 24.4134 31.7962 4
      vertex 23.8412 31.9335 4
    endloop
  endfacet
  facet normal 0 0 1
    outer loop
      vertex 21.0584 25.984 4
      vertex 23.8412 31.9335 4
      vertex 23.2975 32.1587 4
    endloop
  endfacet
  facet normal 0 0 1
    outer loop
      vertex 24.4134 31.7962 4
      vertex 22.9906 25.3979 4
      vertex 23.9904 25.2496 4
    endloop
  endfacet
  facet normal 0 0 1
    outer loop
      vertex 19.2776 26.9359 4
      vertex 23.2975 32.1587 4
      vertex 22.7958 32.4662 4
    endloop
  endfacet
  facet normal 0 0 1
    outer loop
      vertex 18.4657 27.538 4
      vertex 22.7958 32.4662 4
      vertex 22.3484 32.8484 4
    endloop
  endfacet
  facet normal 0 0 1
    outer loop
      vertex 23.8412 31.9335 4
      vertex 22.0101 25.6435 4
      vertex 22.9906 25.3979 4
    endloop
  endfacet
  facet normal 0 0 1
    outer loop
      vertex 17.038 28.9657 4
      vertex 22.3484 32.8484 4
      vertex 21.9662 33.2958 4
    endloop
  endfacet
  facet normal 0 0 1
    outer loop
      vertex 16.4359 29.7776 4
      vertex 21.9662 33.2958 4
      vertex 21.6587 33.7975 4
    endloop
  endfacet
  facet normal 0 0 1
    outer loop
      vertex 15.484 31.5584 4
      vertex 21.6587 33.7975 4
      vertex 21.4335 34.3412 4
    endloop
  endfacet
  facet normal 0 0 1
    outer loop
      vertex 14.8979 33.4906 4
      vertex 21.4335 34.3412 4
      vertex 21.2962 34.9134 4
    endloop
  endfacet
  facet normal 0 0 1
    outer loop
      vertex 14.8965 33.5 4
      vertex 21.2962 34.9134 4
      vertex 21.25 35.5 4
    endloop
  endfacet
  facet normal 0 0 1
    outer loop
      vertex 23.8412 31.9335 4
      vertex 21.0584 25.984 4
      vertex 22.0101 25.6435 4
    endloop
  endfacet
  facet normal 0 0 1
    outer loop
      vertex 22.3484 38.1516 4
      vertex 17.038 42.0342 4
      vertex 21.9662 37.7042 4
    endloop
  endfacet
  facet normal -0 0 1
    outer loop
      vertex 16.4359 41.2224 4
      vertex 21.9662 37.7042 4
      vertex 17.038 42.0342 4
    endloop
  endfacet
  facet normal 0 0 1
    outer loop
      vertex 23.2975 32.1587 4
      vertex 20.1446 26.4162 4
      vertex 21.0584 25.984 4
    endloop
  endfacet
  facet normal 0 0 1
    outer loop
      vertex 21.9662 37.7042 4
      vertex 16.4359 41.2224 4
      vertex 21.6587 37.2025 4
    endloop
  endfacet
  facet normal 0 0 1
    outer loop
      vertex 23.2975 32.1587 4
      vertex 19.2776 26.9359 4
      vertex 20.1446 26.4162 4
    endloop
  endfacet
  facet normal -0 0 1
    outer loop
      vertex 15.9162 40.3554 4
      vertex 21.6587 37.2025 4
      vertex 16.4359 41.2224 4
    endloop
  endfacet
  facet normal 0 0 1
    outer loop
      vertex 22.7958 32.4662 4
      vertex 18.4657 27.538 4
      vertex 19.2776 26.9359 4
    endloop
  endfacet
  facet normal -0 0 1
    outer loop
      vertex 15.484 39.4416 4
      vertex 21.6587 37.2025 4
      vertex 15.9162 40.3554 4
    endloop
  endfacet
  facet normal 0 0 1
    outer loop
      vertex 22.3484 32.8484 4
      vertex 17.7168 28.2168 4
      vertex 18.4657 27.538 4
    endloop
  endfacet
  facet normal 0 0 1
    outer loop
      vertex 21.6587 37.2025 4
      vertex 15.484 39.4416 4
      vertex 21.4335 36.6588 4
    endloop
  endfacet
  facet normal 0 0 1
    outer loop
      vertex 22.3484 32.8484 4
      vertex 17.038 28.9657 4
      vertex 17.7168 28.2168 4
    endloop
  endfacet
  facet normal -0 0 1
    outer loop
      vertex 15.1435 38.4899 4
      vertex 21.4335 36.6588 4
      vertex 15.484 39.4416 4
    endloop
  endfacet
  facet normal 0 0 1
    outer loop
      vertex 21.9662 33.2958 4
      vertex 16.4359 29.7776 4
      vertex 17.038 28.9657 4
    endloop
  endfacet
  facet normal -0 0 1
    outer loop
      vertex 14.8979 37.5094 4
      vertex 21.4335 36.6588 4
      vertex 15.1435 38.4899 4
    endloop
  endfacet
  facet normal 0 0 1
    outer loop
      vertex 21.6587 33.7975 4
      vertex 15.9162 30.6446 4
      vertex 16.4359 29.7776 4
    endloop
  endfacet
  facet normal 0 0 1
    outer loop
      vertex 21.4335 36.6588 4
      vertex 14.8979 37.5094 4
      vertex 21.2962 36.0866 4
    endloop
  endfacet
  facet normal 0 0 1
    outer loop
      vertex 21.6587 33.7975 4
      vertex 15.484 31.5584 4
      vertex 15.9162 30.6446 4
    endloop
  endfacet
  facet normal -0 0 1
    outer loop
      vertex 14.8965 37.5 4
      vertex 21.2962 36.0866 4
      vertex 14.8979 37.5094 4
    endloop
  endfacet
  facet normal 0 0 1
    outer loop
      vertex 21.4335 34.3412 4
      vertex 15.1435 32.5101 4
      vertex 15.484 31.5584 4
    endloop
  endfacet
  facet normal 0 0 1
    outer loop
      vertex 21.2962 36.0866 4
      vertex 14.8965 37.5 4
      vertex 21.25 35.5 4
    endloop
  endfacet
  facet normal 0 0 1
    outer loop
      vertex 14.8965 33.5 4
      vertex 21.25 35.5 4
      vertex 14.8965 37.5 4
    endloop
  endfacet
  facet normal 0 0 1
    outer loop
      vertex 21.2962 34.9134 4
      vertex 14.8965 33.5 4
      vertex 14.8979 33.4906 4
    endloop
  endfacet
  facet normal 0 0 1
    outer loop
      vertex 21.4335 34.3412 4
      vertex 14.8979 33.4906 4
      vertex 15.1435 32.5101 4
    endloop
  endfacet
  facet normal -0 0 1
    outer loop
      vertex 0 37.5 4
      vertex 14.8965 33.5 4
      vertex 14.8965 37.5 4
    endloop
  endfacet
  facet normal 0 0 1
    outer loop
      vertex 14.8965 33.5 4
      vertex 0 37.5 4
      vertex 0 33.5 4
    endloop
  endfacet
  facet normal 0.972398 0.233328 0
    outer loop
      vertex 21.4335 34.3412 4
      vertex 21.2962 34.9134 2
      vertex 21.2962 34.9134 4
    endloop
  endfacet
  facet normal 0.972398 0.233328 0
    outer loop
      vertex 21.2962 34.9134 2
      vertex 21.4335 34.3412 4
      vertex 21.4335 34.3412 2
    endloop
  endfacet
  facet normal -0.972398 -0.233328 0
    outer loop
      vertex 28.7038 36.0866 2
      vertex 28.5665 36.6588 4
      vertex 28.5665 36.6588 2
    endloop
  endfacet
  facet normal -0.972398 -0.233328 0
    outer loop
      vertex 28.5665 36.6588 4
      vertex 28.7038 36.0866 2
      vertex 28.7038 36.0866 4
    endloop
  endfacet
  facet normal -0.996913 -0.0785158 0
    outer loop
      vertex 28.75 35.5 2
      vertex 28.7038 36.0866 4
      vertex 28.7038 36.0866 2
    endloop
  endfacet
  facet normal -0.996913 -0.0785158 0
    outer loop
      vertex 28.7038 36.0866 4
      vertex 28.75 35.5 2
      vertex 28.75 35.5 4
    endloop
  endfacet
  facet normal -0.923884 -0.382672 0
    outer loop
      vertex 28.5665 36.6588 2
      vertex 28.3413 37.2025 4
      vertex 28.3413 37.2025 2
    endloop
  endfacet
  facet normal -0.923884 -0.382672 0
    outer loop
      vertex 28.3413 37.2025 4
      vertex 28.5665 36.6588 2
      vertex 28.5665 36.6588 4
    endloop
  endfacet
  facet normal -0.382672 0.923884 0
    outer loop
      vertex 26.7025 32.1587 2
      vertex 26.1588 31.9335 4
      vertex 26.7025 32.1587 4
    endloop
  endfacet
  facet normal -0.382672 0.923884 0
    outer loop
      vertex 26.1588 31.9335 4
      vertex 26.7025 32.1587 2
      vertex 26.1588 31.9335 2
    endloop
  endfacet
  facet normal -0.852596 0.52257 0
    outer loop
      vertex 28.0338 33.2958 2
      vertex 28.3413 33.7975 4
      vertex 28.3413 33.7975 2
    endloop
  endfacet
  facet normal -0.852596 0.52257 0
    outer loop
      vertex 28.3413 33.7975 4
      vertex 28.0338 33.2958 2
      vertex 28.0338 33.2958 4
    endloop
  endfacet
  facet normal 0.649531 -0.760335 0
    outer loop
      vertex 22.3484 38.1516 2
      vertex 22.7958 38.5338 4
      vertex 22.3484 38.1516 4
    endloop
  endfacet
  facet normal 0.649531 -0.760335 0
    outer loop
      vertex 22.7958 38.5338 4
      vertex 22.3484 38.1516 2
      vertex 22.7958 38.5338 2
    endloop
  endfacet
  facet normal 0.382672 -0.923884 0
    outer loop
      vertex 23.2975 38.8413 2
      vertex 23.8412 39.0665 4
      vertex 23.2975 38.8413 4
    endloop
  endfacet
  facet normal 0.382672 -0.923884 0
    outer loop
      vertex 23.8412 39.0665 4
      vertex 23.2975 38.8413 2
      vertex 23.8412 39.0665 2
    endloop
  endfacet
  facet normal -0.760335 0.649531 0
    outer loop
      vertex 27.6516 32.8484 2
      vertex 28.0338 33.2958 4
      vertex 28.0338 33.2958 2
    endloop
  endfacet
  facet normal -0.760335 0.649531 0
    outer loop
      vertex 28.0338 33.2958 4
      vertex 27.6516 32.8484 2
      vertex 27.6516 32.8484 4
    endloop
  endfacet
  facet normal -0.996913 0.0785158 0
    outer loop
      vertex 28.7038 34.9134 2
      vertex 28.75 35.5 4
      vertex 28.75 35.5 2
    endloop
  endfacet
  facet normal -0.996913 0.0785158 0
    outer loop
      vertex 28.75 35.5 4
      vertex 28.7038 34.9134 2
      vertex 28.7038 34.9134 4
    endloop
  endfacet
  facet normal -0.923884 0.382672 0
    outer loop
      vertex 28.3413 33.7975 2
      vertex 28.5665 34.3412 4
      vertex 28.5665 34.3412 2
    endloop
  endfacet
  facet normal -0.923884 0.382672 0
    outer loop
      vertex 28.5665 34.3412 4
      vertex 28.3413 33.7975 2
      vertex 28.3413 33.7975 4
    endloop
  endfacet
  facet normal 0.923884 0.382672 0
    outer loop
      vertex 21.6587 33.7975 4
      vertex 21.4335 34.3412 2
      vertex 21.4335 34.3412 4
    endloop
  endfacet
  facet normal 0.923884 0.382672 0
    outer loop
      vertex 21.4335 34.3412 2
      vertex 21.6587 33.7975 4
      vertex 21.6587 33.7975 2
    endloop
  endfacet
  facet normal 0.996913 -0.0785158 0
    outer loop
      vertex 21.25 35.5 4
      vertex 21.2962 36.0866 2
      vertex 21.2962 36.0866 4
    endloop
  endfacet
  facet normal 0.996913 -0.0785158 0
    outer loop
      vertex 21.2962 36.0866 2
      vertex 21.25 35.5 4
      vertex 21.25 35.5 2
    endloop
  endfacet
  facet normal 0.972398 -0.233328 0
    outer loop
      vertex 21.2962 36.0866 4
      vertex 21.4335 36.6588 2
      vertex 21.4335 36.6588 4
    endloop
  endfacet
  facet normal 0.972398 -0.233328 0
    outer loop
      vertex 21.4335 36.6588 2
      vertex 21.2962 36.0866 4
      vertex 21.2962 36.0866 2
    endloop
  endfacet
  facet normal -0.233328 -0.972398 0
    outer loop
      vertex 25.5866 39.2038 2
      vertex 26.1588 39.0665 4
      vertex 25.5866 39.2038 4
    endloop
  endfacet
  facet normal -0.233328 -0.972398 -0
    outer loop
      vertex 26.1588 39.0665 4
      vertex 25.5866 39.2038 2
      vertex 26.1588 39.0665 2
    endloop
  endfacet
  facet normal 0.0785158 -0.996913 0
    outer loop
      vertex 24.4134 39.2038 2
      vertex 25 39.25 4
      vertex 24.4134 39.2038 4
    endloop
  endfacet
  facet normal 0.0785158 -0.996913 0
    outer loop
      vertex 25 39.25 4
      vertex 24.4134 39.2038 2
      vertex 25 39.25 2
    endloop
  endfacet
  facet normal 0.760335 0.649531 0
    outer loop
      vertex 22.3484 32.8484 4
      vertex 21.9662 33.2958 2
      vertex 21.9662 33.2958 4
    endloop
  endfacet
  facet normal 0.760335 0.649531 0
    outer loop
      vertex 21.9662 33.2958 2
      vertex 22.3484 32.8484 4
      vertex 22.3484 32.8484 2
    endloop
  endfacet
  facet normal 0.233328 0.972398 -0
    outer loop
      vertex 24.4134 31.7962 2
      vertex 23.8412 31.9335 4
      vertex 24.4134 31.7962 4
    endloop
  endfacet
  facet normal 0.233328 0.972398 0
    outer loop
      vertex 23.8412 31.9335 4
      vertex 24.4134 31.7962 2
      vertex 23.8412 31.9335 2
    endloop
  endfacet
  facet normal 0.649531 0.760335 -0
    outer loop
      vertex 22.7958 32.4662 2
      vertex 22.3484 32.8484 4
      vertex 22.7958 32.4662 4
    endloop
  endfacet
  facet normal 0.649531 0.760335 0
    outer loop
      vertex 22.3484 32.8484 4
      vertex 22.7958 32.4662 2
      vertex 22.3484 32.8484 2
    endloop
  endfacet
  facet normal -0.852596 -0.52257 0
    outer loop
      vertex 28.3413 37.2025 2
      vertex 28.0338 37.7042 4
      vertex 28.0338 37.7042 2
    endloop
  endfacet
  facet normal -0.852596 -0.52257 0
    outer loop
      vertex 28.0338 37.7042 4
      vertex 28.3413 37.2025 2
      vertex 28.3413 37.2025 4
    endloop
  endfacet
  facet normal 0.923884 -0.382672 0
    outer loop
      vertex 21.4335 36.6588 4
      vertex 21.6587 37.2025 2
      vertex 21.6587 37.2025 4
    endloop
  endfacet
  facet normal 0.923884 -0.382672 0
    outer loop
      vertex 21.6587 37.2025 2
      vertex 21.4335 36.6588 4
      vertex 21.4335 36.6588 2
    endloop
  endfacet
  facet normal 0.52257 -0.852596 0
    outer loop
      vertex 22.7958 38.5338 2
      vertex 23.2975 38.8413 4
      vertex 22.7958 38.5338 4
    endloop
  endfacet
  facet normal 0.52257 -0.852596 0
    outer loop
      vertex 23.2975 38.8413 4
      vertex 22.7958 38.5338 2
      vertex 23.2975 38.8413 2
    endloop
  endfacet
  facet normal 0.0785158 0.996913 -0
    outer loop
      vertex 25 31.75 2
      vertex 24.4134 31.7962 4
      vertex 25 31.75 4
    endloop
  endfacet
  facet normal 0.0785158 0.996913 0
    outer loop
      vertex 24.4134 31.7962 4
      vertex 25 31.75 2
      vertex 24.4134 31.7962 2
    endloop
  endfacet
  facet normal -0.52257 -0.852596 0
    outer loop
      vertex 26.7025 38.8413 2
      vertex 27.2042 38.5338 4
      vertex 26.7025 38.8413 4
    endloop
  endfacet
  facet normal -0.52257 -0.852596 -0
    outer loop
      vertex 27.2042 38.5338 4
      vertex 26.7025 38.8413 2
      vertex 27.2042 38.5338 2
    endloop
  endfacet
  facet normal -0.52257 0.852596 0
    outer loop
      vertex 27.2042 32.4662 2
      vertex 26.7025 32.1587 4
      vertex 27.2042 32.4662 4
    endloop
  endfacet
  facet normal -0.52257 0.852596 0
    outer loop
      vertex 26.7025 32.1587 4
      vertex 27.2042 32.4662 2
      vertex 26.7025 32.1587 2
    endloop
  endfacet
  facet normal 0.760335 -0.649531 0
    outer loop
      vertex 21.9662 37.7042 4
      vertex 22.3484 38.1516 2
      vertex 22.3484 38.1516 4
    endloop
  endfacet
  facet normal 0.760335 -0.649531 0
    outer loop
      vertex 22.3484 38.1516 2
      vertex 21.9662 37.7042 4
      vertex 21.9662 37.7042 2
    endloop
  endfacet
  facet normal 0.233328 -0.972398 0
    outer loop
      vertex 23.8412 39.0665 2
      vertex 24.4134 39.2038 4
      vertex 23.8412 39.0665 4
    endloop
  endfacet
  facet normal 0.233328 -0.972398 0
    outer loop
      vertex 24.4134 39.2038 4
      vertex 23.8412 39.0665 2
      vertex 24.4134 39.2038 2
    endloop
  endfacet
  facet normal 0 0 1
    outer loop
      vertex 26.8 35.5 2
      vertex 28.75 35.5 2
      vertex 28.7038 36.0866 2
    endloop
  endfacet
  facet normal 0 0 1
    outer loop
      vertex 26.7778 35.7816 2
      vertex 28.7038 36.0866 2
      vertex 28.5665 36.6588 2
    endloop
  endfacet
  facet normal 0 0 1
    outer loop
      vertex 28.75 35.5 2
      vertex 26.8 35.5 2
      vertex 28.7038 34.9134 2
    endloop
  endfacet
  facet normal 0 0 1
    outer loop
      vertex 26.7119 36.0562 2
      vertex 28.5665 36.6588 2
      vertex 28.3413 37.2025 2
    endloop
  endfacet
  facet normal -0 0 1
    outer loop
      vertex 26.7778 35.2184 2
      vertex 28.7038 34.9134 2
      vertex 26.8 35.5 2
    endloop
  endfacet
  facet normal 0 0 1
    outer loop
      vertex 26.6038 36.3172 2
      vertex 28.3413 37.2025 2
      vertex 28.0338 37.7042 2
    endloop
  endfacet
  facet normal 0 0 1
    outer loop
      vertex 28.7038 34.9134 2
      vertex 26.7778 35.2184 2
      vertex 28.5665 34.3412 2
    endloop
  endfacet
  facet normal 0 0 1
    outer loop
      vertex 26.4562 36.558 2
      vertex 28.0338 37.7042 2
      vertex 27.6516 38.1516 2
    endloop
  endfacet
  facet normal -0 0 1
    outer loop
      vertex 26.7119 34.9438 2
      vertex 28.5665 34.3412 2
      vertex 26.7778 35.2184 2
    endloop
  endfacet
  facet normal 0 0 1
    outer loop
      vertex 26.2728 36.7728 2
      vertex 27.6516 38.1516 2
      vertex 27.2042 38.5338 2
    endloop
  endfacet
  facet normal 0 0 1
    outer loop
      vertex 28.5665 34.3412 2
      vertex 26.7119 34.9438 2
      vertex 28.3413 33.7975 2
    endloop
  endfacet
  facet normal -0 0 1
    outer loop
      vertex 26.6038 34.6828 2
      vertex 28.3413 33.7975 2
      vertex 26.7119 34.9438 2
    endloop
  endfacet
  facet normal 0 0 1
    outer loop
      vertex 28.7038 36.0866 2
      vertex 26.7778 35.7816 2
      vertex 26.8 35.5 2
    endloop
  endfacet
  facet normal 0 0 1
    outer loop
      vertex 28.5665 36.6588 2
      vertex 26.7119 36.0562 2
      vertex 26.7778 35.7816 2
    endloop
  endfacet
  facet normal 0 0 1
    outer loop
      vertex 26.058 36.9562 2
      vertex 27.2042 38.5338 2
      vertex 26.7025 38.8413 2
    endloop
  endfacet
  facet normal 0 0 1
    outer loop
      vertex 28.3413 37.2025 2
      vertex 26.6038 36.3172 2
      vertex 26.7119 36.0562 2
    endloop
  endfacet
  facet normal 0 0 1
    outer loop
      vertex 28.0338 37.7042 2
      vertex 26.4562 36.558 2
      vertex 26.6038 36.3172 2
    endloop
  endfacet
  facet normal 0 0 1
    outer loop
      vertex 27.6516 38.1516 2
      vertex 26.2728 36.7728 2
      vertex 26.4562 36.558 2
    endloop
  endfacet
  facet normal 0 0 1
    outer loop
      vertex 25.8172 37.1038 2
      vertex 26.7025 38.8413 2
      vertex 26.1588 39.0665 2
    endloop
  endfacet
  facet normal 0 0 1
    outer loop
      vertex 27.2042 38.5338 2
      vertex 26.058 36.9562 2
      vertex 26.2728 36.7728 2
    endloop
  endfacet
  facet normal 0 0 1
    outer loop
      vertex 26.7025 38.8413 2
      vertex 25.8172 37.1038 2
      vertex 26.058 36.9562 2
    endloop
  endfacet
  facet normal 0 0 1
    outer loop
      vertex 25.5562 37.2119 2
      vertex 26.1588 39.0665 2
      vertex 25.5866 39.2038 2
    endloop
  endfacet
  facet normal 0 0 1
    outer loop
      vertex 26.1588 39.0665 2
      vertex 25.5562 37.2119 2
      vertex 25.8172 37.1038 2
    endloop
  endfacet
  facet normal 0 0 1
    outer loop
      vertex 25.5866 39.2038 2
      vertex 25.2816 37.2778 2
      vertex 25.5562 37.2119 2
    endloop
  endfacet
  facet normal 0 0 1
    outer loop
      vertex 25 39.25 2
      vertex 25.2816 37.2778 2
      vertex 25.5866 39.2038 2
    endloop
  endfacet
  facet normal 0 0 1
    outer loop
      vertex 25 39.25 2
      vertex 25 37.3 2
      vertex 25.2816 37.2778 2
    endloop
  endfacet
  facet normal 0 0 1
    outer loop
      vertex 25 39.25 2
      vertex 24.7184 37.2778 2
      vertex 25 37.3 2
    endloop
  endfacet
  facet normal -0 0 1
    outer loop
      vertex 24.4134 39.2038 2
      vertex 24.7184 37.2778 2
      vertex 25 39.25 2
    endloop
  endfacet
  facet normal 0 0 1
    outer loop
      vertex 24.7184 37.2778 2
      vertex 24.4134 39.2038 2
      vertex 24.4438 37.2119 2
    endloop
  endfacet
  facet normal -0 0 1
    outer loop
      vertex 23.8412 39.0665 2
      vertex 24.4438 37.2119 2
      vertex 24.4134 39.2038 2
    endloop
  endfacet
  facet normal 0 0 1
    outer loop
      vertex 24.4438 37.2119 2
      vertex 23.8412 39.0665 2
      vertex 24.1828 37.1038 2
    endloop
  endfacet
  facet normal -0 0 1
    outer loop
      vertex 23.2975 38.8413 2
      vertex 24.1828 37.1038 2
      vertex 23.8412 39.0665 2
    endloop
  endfacet
  facet normal 0 0 1
    outer loop
      vertex 24.1828 37.1038 2
      vertex 23.2975 38.8413 2
      vertex 23.942 36.9562 2
    endloop
  endfacet
  facet normal -0 0 1
    outer loop
      vertex 22.7958 38.5338 2
      vertex 23.942 36.9562 2
      vertex 23.2975 38.8413 2
    endloop
  endfacet
  facet normal 0 0 1
    outer loop
      vertex 23.942 36.9562 2
      vertex 22.7958 38.5338 2
      vertex 23.7272 36.7728 2
    endloop
  endfacet
  facet normal -0 0 1
    outer loop
      vertex 22.3484 38.1516 2
      vertex 23.7272 36.7728 2
      vertex 22.7958 38.5338 2
    endloop
  endfacet
  facet normal 0 0 1
    outer loop
      vertex 23.7272 36.7728 2
      vertex 22.3484 38.1516 2
      vertex 23.5438 36.558 2
    endloop
  endfacet
  facet normal -0 0 1
    outer loop
      vertex 21.9662 37.7042 2
      vertex 23.5438 36.558 2
      vertex 22.3484 38.1516 2
    endloop
  endfacet
  facet normal 0 0 1
    outer loop
      vertex 23.5438 36.558 2
      vertex 21.9662 37.7042 2
      vertex 23.3962 36.3172 2
    endloop
  endfacet
  facet normal -0 0 1
    outer loop
      vertex 21.6587 37.2025 2
      vertex 23.3962 36.3172 2
      vertex 21.9662 37.7042 2
    endloop
  endfacet
  facet normal 0 0 1
    outer loop
      vertex 28.3413 33.7975 2
      vertex 26.6038 34.6828 2
      vertex 28.0338 33.2958 2
    endloop
  endfacet
  facet normal -0 0 1
    outer loop
      vertex 26.4562 34.442 2
      vertex 28.0338 33.2958 2
      vertex 26.6038 34.6828 2
    endloop
  endfacet
  facet normal 0 0 1
    outer loop
      vertex 28.0338 33.2958 2
      vertex 26.4562 34.442 2
      vertex 27.6516 32.8484 2
    endloop
  endfacet
  facet normal -0 0 1
    outer loop
      vertex 26.2728 34.2272 2
      vertex 27.6516 32.8484 2
      vertex 26.4562 34.442 2
    endloop
  endfacet
  facet normal 0 0 1
    outer loop
      vertex 27.6516 32.8484 2
      vertex 26.2728 34.2272 2
      vertex 27.2042 32.4662 2
    endloop
  endfacet
  facet normal -0 0 1
    outer loop
      vertex 26.058 34.0438 2
      vertex 27.2042 32.4662 2
      vertex 26.2728 34.2272 2
    endloop
  endfacet
  facet normal 0 0 1
    outer loop
      vertex 27.2042 32.4662 2
      vertex 26.058 34.0438 2
      vertex 26.7025 32.1587 2
    endloop
  endfacet
  facet normal -0 0 1
    outer loop
      vertex 25.8172 33.8962 2
      vertex 26.7025 32.1587 2
      vertex 26.058 34.0438 2
    endloop
  endfacet
  facet normal 0 0 1
    outer loop
      vertex 26.7025 32.1587 2
      vertex 25.8172 33.8962 2
      vertex 26.1588 31.9335 2
    endloop
  endfacet
  facet normal -0 0 1
    outer loop
      vertex 25.5562 33.7881 2
      vertex 26.1588 31.9335 2
      vertex 25.8172 33.8962 2
    endloop
  endfacet
  facet normal 0 0 1
    outer loop
      vertex 26.1588 31.9335 2
      vertex 25.5562 33.7881 2
      vertex 25.5866 31.7962 2
    endloop
  endfacet
  facet normal -0 0 1
    outer loop
      vertex 25.2816 33.7222 2
      vertex 25.5866 31.7962 2
      vertex 25.5562 33.7881 2
    endloop
  endfacet
  facet normal -0 0 1
    outer loop
      vertex 25 33.7 2
      vertex 25.5866 31.7962 2
      vertex 25.2816 33.7222 2
    endloop
  endfacet
  facet normal 0 0 1
    outer loop
      vertex 25 33.7 2
      vertex 25 31.75 2
      vertex 25.5866 31.7962 2
    endloop
  endfacet
  facet normal 0 0 1
    outer loop
      vertex 24.7184 33.7222 2
      vertex 25 31.75 2
      vertex 25 33.7 2
    endloop
  endfacet
  facet normal 0 0 1
    outer loop
      vertex 24.4134 31.7962 2
      vertex 24.7184 33.7222 2
      vertex 24.4438 33.7881 2
    endloop
  endfacet
  facet normal 0 0 1
    outer loop
      vertex 24.7184 33.7222 2
      vertex 24.4134 31.7962 2
      vertex 25 31.75 2
    endloop
  endfacet
  facet normal 0 0 1
    outer loop
      vertex 23.8412 31.9335 2
      vertex 24.4438 33.7881 2
      vertex 24.1828 33.8962 2
    endloop
  endfacet
  facet normal 0 0 1
    outer loop
      vertex 23.2975 32.1587 2
      vertex 24.1828 33.8962 2
      vertex 23.942 34.0438 2
    endloop
  endfacet
  facet normal 0 0 1
    outer loop
      vertex 24.4438 33.7881 2
      vertex 23.8412 31.9335 2
      vertex 24.4134 31.7962 2
    endloop
  endfacet
  facet normal 0 0 1
    outer loop
      vertex 22.7958 32.4662 2
      vertex 23.942 34.0438 2
      vertex 23.7272 34.2272 2
    endloop
  endfacet
  facet normal 0 0 1
    outer loop
      vertex 22.3484 32.8484 2
      vertex 23.7272 34.2272 2
      vertex 23.5438 34.442 2
    endloop
  endfacet
  facet normal 0 0 1
    outer loop
      vertex 21.9662 33.2958 2
      vertex 23.5438 34.442 2
      vertex 23.3962 34.6828 2
    endloop
  endfacet
  facet normal 0 0 1
    outer loop
      vertex 24.1828 33.8962 2
      vertex 23.2975 32.1587 2
      vertex 23.8412 31.9335 2
    endloop
  endfacet
  facet normal 0 0 1
    outer loop
      vertex 21.6587 33.7975 2
      vertex 23.3962 34.6828 2
      vertex 23.2881 34.9438 2
    endloop
  endfacet
  facet normal 0 0 1
    outer loop
      vertex 21.4335 34.3412 2
      vertex 23.2881 34.9438 2
      vertex 23.2222 35.2184 2
    endloop
  endfacet
  facet normal 0 0 1
    outer loop
      vertex 21.2962 34.9134 2
      vertex 23.2222 35.2184 2
      vertex 23.2 35.5 2
    endloop
  endfacet
  facet normal 0 0 1
    outer loop
      vertex 23.3962 36.3172 2
      vertex 21.6587 37.2025 2
      vertex 23.2881 36.0562 2
    endloop
  endfacet
  facet normal 0 0 1
    outer loop
      vertex 23.942 34.0438 2
      vertex 22.7958 32.4662 2
      vertex 23.2975 32.1587 2
    endloop
  endfacet
  facet normal -0 0 1
    outer loop
      vertex 21.4335 36.6588 2
      vertex 23.2881 36.0562 2
      vertex 21.6587 37.2025 2
    endloop
  endfacet
  facet normal 0 0 1
    outer loop
      vertex 23.7272 34.2272 2
      vertex 22.3484 32.8484 2
      vertex 22.7958 32.4662 2
    endloop
  endfacet
  facet normal 0 0 1
    outer loop
      vertex 23.2881 36.0562 2
      vertex 21.4335 36.6588 2
      vertex 23.2222 35.7816 2
    endloop
  endfacet
  facet normal 0 0 1
    outer loop
      vertex 23.5438 34.442 2
      vertex 21.9662 33.2958 2
      vertex 22.3484 32.8484 2
    endloop
  endfacet
  facet normal -0 0 1
    outer loop
      vertex 21.2962 36.0866 2
      vertex 23.2222 35.7816 2
      vertex 21.4335 36.6588 2
    endloop
  endfacet
  facet normal 0 0 1
    outer loop
      vertex 23.3962 34.6828 2
      vertex 21.6587 33.7975 2
      vertex 21.9662 33.2958 2
    endloop
  endfacet
  facet normal 0 0 1
    outer loop
      vertex 23.2222 35.7816 2
      vertex 21.2962 36.0866 2
      vertex 23.2 35.5 2
    endloop
  endfacet
  facet normal 0 0 1
    outer loop
      vertex 23.2881 34.9438 2
      vertex 21.4335 34.3412 2
      vertex 21.6587 33.7975 2
    endloop
  endfacet
  facet normal 0 0 1
    outer loop
      vertex 21.25 35.5 2
      vertex 23.2 35.5 2
      vertex 21.2962 36.0866 2
    endloop
  endfacet
  facet normal 0 0 1
    outer loop
      vertex 23.2222 35.2184 2
      vertex 21.2962 34.9134 2
      vertex 21.4335 34.3412 2
    endloop
  endfacet
  facet normal 0 0 1
    outer loop
      vertex 23.2 35.5 2
      vertex 21.25 35.5 2
      vertex 21.2962 34.9134 2
    endloop
  endfacet
  facet normal 0.52257 0.852596 -0
    outer loop
      vertex 23.2975 32.1587 2
      vertex 22.7958 32.4662 4
      vertex 23.2975 32.1587 4
    endloop
  endfacet
  facet normal 0.52257 0.852596 0
    outer loop
      vertex 22.7958 32.4662 4
      vertex 23.2975 32.1587 2
      vertex 22.7958 32.4662 2
    endloop
  endfacet
  facet normal -0.760335 -0.649531 0
    outer loop
      vertex 28.0338 37.7042 2
      vertex 27.6516 38.1516 4
      vertex 27.6516 38.1516 2
    endloop
  endfacet
  facet normal -0.760335 -0.649531 0
    outer loop
      vertex 27.6516 38.1516 4
      vertex 28.0338 37.7042 2
      vertex 28.0338 37.7042 4
    endloop
  endfacet
  facet normal -0.649531 -0.760335 0
    outer loop
      vertex 27.2042 38.5338 2
      vertex 27.6516 38.1516 4
      vertex 27.2042 38.5338 4
    endloop
  endfacet
  facet normal -0.649531 -0.760335 -0
    outer loop
      vertex 27.6516 38.1516 4
      vertex 27.2042 38.5338 2
      vertex 27.6516 38.1516 2
    endloop
  endfacet
  facet normal -0.0785158 0.996913 0
    outer loop
      vertex 25.5866 31.7962 2
      vertex 25 31.75 4
      vertex 25.5866 31.7962 4
    endloop
  endfacet
  facet normal -0.0785158 0.996913 0
    outer loop
      vertex 25 31.75 4
      vertex 25.5866 31.7962 2
      vertex 25 31.75 2
    endloop
  endfacet
  facet normal 0.382672 0.923884 -0
    outer loop
      vertex 23.8412 31.9335 2
      vertex 23.2975 32.1587 4
      vertex 23.8412 31.9335 4
    endloop
  endfacet
  facet normal 0.382672 0.923884 0
    outer loop
      vertex 23.2975 32.1587 4
      vertex 23.8412 31.9335 2
      vertex 23.2975 32.1587 2
    endloop
  endfacet
  facet normal 0.852596 0.52257 0
    outer loop
      vertex 21.9662 33.2958 4
      vertex 21.6587 33.7975 2
      vertex 21.6587 33.7975 4
    endloop
  endfacet
  facet normal 0.852596 0.52257 0
    outer loop
      vertex 21.6587 33.7975 2
      vertex 21.9662 33.2958 4
      vertex 21.9662 33.2958 2
    endloop
  endfacet
  facet normal -0.233328 0.972398 0
    outer loop
      vertex 26.1588 31.9335 2
      vertex 25.5866 31.7962 4
      vertex 26.1588 31.9335 4
    endloop
  endfacet
  facet normal -0.233328 0.972398 0
    outer loop
      vertex 25.5866 31.7962 4
      vertex 26.1588 31.9335 2
      vertex 25.5866 31.7962 2
    endloop
  endfacet
  facet normal -0.649531 0.760335 0
    outer loop
      vertex 27.6516 32.8484 2
      vertex 27.2042 32.4662 4
      vertex 27.6516 32.8484 4
    endloop
  endfacet
  facet normal -0.649531 0.760335 0
    outer loop
      vertex 27.2042 32.4662 4
      vertex 27.6516 32.8484 2
      vertex 27.2042 32.4662 2
    endloop
  endfacet
  facet normal 0.996913 0.0785158 0
    outer loop
      vertex 21.2962 34.9134 4
      vertex 21.25 35.5 2
      vertex 21.25 35.5 4
    endloop
  endfacet
  facet normal 0.996913 0.0785158 0
    outer loop
      vertex 21.25 35.5 2
      vertex 21.2962 34.9134 4
      vertex 21.2962 34.9134 2
    endloop
  endfacet
  facet normal -0.972398 0.233328 0
    outer loop
      vertex 28.5665 34.3412 2
      vertex 28.7038 34.9134 4
      vertex 28.7038 34.9134 2
    endloop
  endfacet
  facet normal -0.972398 0.233328 0
    outer loop
      vertex 28.7038 34.9134 4
      vertex 28.5665 34.3412 2
      vertex 28.5665 34.3412 4
    endloop
  endfacet
  facet normal -0.382672 -0.923884 0
    outer loop
      vertex 26.1588 39.0665 2
      vertex 26.7025 38.8413 4
      vertex 26.1588 39.0665 4
    endloop
  endfacet
  facet normal -0.382672 -0.923884 -0
    outer loop
      vertex 26.7025 38.8413 4
      vertex 26.1588 39.0665 2
      vertex 26.7025 38.8413 2
    endloop
  endfacet
  facet normal -0.0785158 -0.996913 0
    outer loop
      vertex 25 39.25 2
      vertex 25.5866 39.2038 4
      vertex 25 39.25 4
    endloop
  endfacet
  facet normal -0.0785158 -0.996913 -0
    outer loop
      vertex 25.5866 39.2038 4
      vertex 25 39.25 2
      vertex 25.5866 39.2038 2
    endloop
  endfacet
  facet normal 0.852596 -0.52257 0
    outer loop
      vertex 21.6587 37.2025 4
      vertex 21.9662 37.7042 2
      vertex 21.9662 37.7042 4
    endloop
  endfacet
  facet normal 0.852596 -0.52257 0
    outer loop
      vertex 21.9662 37.7042 2
      vertex 21.6587 37.2025 4
      vertex 21.6587 37.2025 2
    endloop
  endfacet
  facet normal -0.972391 -0.23336 0
    outer loop
      vertex 26.7778 35.7816 -2.28882e-07
      vertex 26.7119 36.0562 2
      vertex 26.7119 36.0562 -2.28882e-07
    endloop
  endfacet
  facet normal -0.972391 -0.23336 0
    outer loop
      vertex 26.7119 36.0562 2
      vertex 26.7778 35.7816 -2.28882e-07
      vertex 26.7778 35.7816 2
    endloop
  endfacet
  facet normal -0.996907 -0.0785914 0
    outer loop
      vertex 26.8 35.5 -2.28882e-07
      vertex 26.7778 35.7816 2
      vertex 26.7778 35.7816 -2.28882e-07
    endloop
  endfacet
  facet normal -0.996907 -0.0785914 0
    outer loop
      vertex 26.7778 35.7816 2
      vertex 26.8 35.5 -2.28882e-07
      vertex 26.8 35.5 2
    endloop
  endfacet
  facet normal -0.760505 -0.649332 0
    outer loop
      vertex 26.4562 36.558 -2.28882e-07
      vertex 26.2728 36.7728 2
      vertex 26.2728 36.7728 -2.28882e-07
    endloop
  endfacet
  facet normal -0.760505 -0.649332 0
    outer loop
      vertex 26.2728 36.7728 2
      vertex 26.4562 36.558 -2.28882e-07
      vertex 26.4562 36.558 2
    endloop
  endfacet
  facet normal 0.923892 0.382654 0
    outer loop
      vertex 23.3962 34.6828 2
      vertex 23.2881 34.9438 -2.28882e-07
      vertex 23.2881 34.9438 2
    endloop
  endfacet
  facet normal 0.923892 0.382654 0
    outer loop
      vertex 23.2881 34.9438 -2.28882e-07
      vertex 23.3962 34.6828 2
      vertex 23.3962 34.6828 -2.28882e-07
    endloop
  endfacet
  facet normal 0.760505 0.649332 0
    outer loop
      vertex 23.7272 34.2272 2
      vertex 23.5438 34.442 -2.28882e-07
      vertex 23.5438 34.442 2
    endloop
  endfacet
  facet normal 0.760505 0.649332 0
    outer loop
      vertex 23.5438 34.442 -2.28882e-07
      vertex 23.7272 34.2272 2
      vertex 23.7272 34.2272 -2.28882e-07
    endloop
  endfacet
  facet normal -0.996907 0.0785914 0
    outer loop
      vertex 26.7778 35.2184 -2.28882e-07
      vertex 26.8 35.5 2
      vertex 26.8 35.5 -2.28882e-07
    endloop
  endfacet
  facet normal -0.996907 0.0785914 0
    outer loop
      vertex 26.8 35.5 2
      vertex 26.7778 35.2184 -2.28882e-07
      vertex 26.7778 35.2184 2
    endloop
  endfacet
  facet normal 0.760505 -0.649332 0
    outer loop
      vertex 23.5438 36.558 2
      vertex 23.7272 36.7728 -2.28882e-07
      vertex 23.7272 36.7728 2
    endloop
  endfacet
  facet normal 0.760505 -0.649332 0
    outer loop
      vertex 23.7272 36.7728 -2.28882e-07
      vertex 23.5438 36.558 2
      vertex 23.5438 36.558 -2.28882e-07
    endloop
  endfacet
  facet normal 0.972391 0.23336 0
    outer loop
      vertex 23.2881 34.9438 2
      vertex 23.2222 35.2184 -2.28882e-07
      vertex 23.2222 35.2184 2
    endloop
  endfacet
  facet normal 0.972391 0.23336 0
    outer loop
      vertex 23.2222 35.2184 -2.28882e-07
      vertex 23.2881 34.9438 2
      vertex 23.2881 34.9438 -2.28882e-07
    endloop
  endfacet
  facet normal 0.972391 -0.23336 0
    outer loop
      vertex 23.2222 35.7816 2
      vertex 23.2881 36.0562 -2.28882e-07
      vertex 23.2881 36.0562 2
    endloop
  endfacet
  facet normal 0.972391 -0.23336 0
    outer loop
      vertex 23.2881 36.0562 -2.28882e-07
      vertex 23.2222 35.7816 2
      vertex 23.2222 35.7816 -2.28882e-07
    endloop
  endfacet
  facet normal -0.23336 -0.972391 0
    outer loop
      vertex 25.2816 37.2778 -2.28882e-07
      vertex 25.5562 37.2119 2
      vertex 25.2816 37.2778 2
    endloop
  endfacet
  facet normal -0.23336 -0.972391 -0
    outer loop
      vertex 25.5562 37.2119 2
      vertex 25.2816 37.2778 -2.28882e-07
      vertex 25.5562 37.2119 -2.28882e-07
    endloop
  endfacet
  facet normal 0.382654 -0.923892 0
    outer loop
      vertex 24.1828 37.1038 -2.28882e-07
      vertex 24.4438 37.2119 2
      vertex 24.1828 37.1038 2
    endloop
  endfacet
  facet normal 0.382654 -0.923892 0
    outer loop
      vertex 24.4438 37.2119 2
      vertex 24.1828 37.1038 -2.28882e-07
      vertex 24.4438 37.2119 -2.28882e-07
    endloop
  endfacet
  facet normal -0.522595 0.852581 0
    outer loop
      vertex 26.058 34.0438 -2.28882e-07
      vertex 25.8172 33.8962 2
      vertex 26.058 34.0438 2
    endloop
  endfacet
  facet normal -0.522595 0.852581 0
    outer loop
      vertex 25.8172 33.8962 2
      vertex 26.058 34.0438 -2.28882e-07
      vertex 25.8172 33.8962 -2.28882e-07
    endloop
  endfacet
  facet normal -0.382654 -0.923892 0
    outer loop
      vertex 25.5562 37.2119 -2.28882e-07
      vertex 25.8172 37.1038 2
      vertex 25.5562 37.2119 2
    endloop
  endfacet
  facet normal -0.382654 -0.923892 -0
    outer loop
      vertex 25.8172 37.1038 2
      vertex 25.5562 37.2119 -2.28882e-07
      vertex 25.8172 37.1038 -2.28882e-07
    endloop
  endfacet
  facet normal -0.760505 0.649332 0
    outer loop
      vertex 26.2728 34.2272 -2.28882e-07
      vertex 26.4562 34.442 2
      vertex 26.4562 34.442 -2.28882e-07
    endloop
  endfacet
  facet normal -0.760505 0.649332 0
    outer loop
      vertex 26.4562 34.442 2
      vertex 26.2728 34.2272 -2.28882e-07
      vertex 26.2728 34.2272 2
    endloop
  endfacet
  facet normal 0.522595 -0.852581 0
    outer loop
      vertex 23.942 36.9562 -2.28882e-07
      vertex 24.1828 37.1038 2
      vertex 23.942 36.9562 2
    endloop
  endfacet
  facet normal 0.522595 -0.852581 0
    outer loop
      vertex 24.1828 37.1038 2
      vertex 23.942 36.9562 -2.28882e-07
      vertex 24.1828 37.1038 -2.28882e-07
    endloop
  endfacet
  facet normal -0.0785914 0.996907 0
    outer loop
      vertex 25.2816 33.7222 -2.28882e-07
      vertex 25 33.7 2
      vertex 25.2816 33.7222 2
    endloop
  endfacet
  facet normal -0.0785914 0.996907 0
    outer loop
      vertex 25 33.7 2
      vertex 25.2816 33.7222 -2.28882e-07
      vertex 25 33.7 -2.28882e-07
    endloop
  endfacet
  facet normal -0.23336 0.972391 0
    outer loop
      vertex 25.5562 33.7881 -2.28882e-07
      vertex 25.2816 33.7222 2
      vertex 25.5562 33.7881 2
    endloop
  endfacet
  facet normal -0.23336 0.972391 0
    outer loop
      vertex 25.2816 33.7222 2
      vertex 25.5562 33.7881 -2.28882e-07
      vertex 25.2816 33.7222 -2.28882e-07
    endloop
  endfacet
  facet normal 0.382654 0.923892 -0
    outer loop
      vertex 24.4438 33.7881 -2.28882e-07
      vertex 24.1828 33.8962 2
      vertex 24.4438 33.7881 2
    endloop
  endfacet
  facet normal 0.382654 0.923892 0
    outer loop
      vertex 24.1828 33.8962 2
      vertex 24.4438 33.7881 -2.28882e-07
      vertex 24.1828 33.8962 -2.28882e-07
    endloop
  endfacet
  facet normal -0.852581 0.522595 0
    outer loop
      vertex 26.4562 34.442 -2.28882e-07
      vertex 26.6038 34.6828 2
      vertex 26.6038 34.6828 -2.28882e-07
    endloop
  endfacet
  facet normal -0.852581 0.522595 0
    outer loop
      vertex 26.6038 34.6828 2
      vertex 26.4562 34.442 -2.28882e-07
      vertex 26.4562 34.442 2
    endloop
  endfacet
  facet normal -0.972391 0.23336 0
    outer loop
      vertex 26.7119 34.9438 -2.28882e-07
      vertex 26.7778 35.2184 2
      vertex 26.7778 35.2184 -2.28882e-07
    endloop
  endfacet
  facet normal -0.972391 0.23336 0
    outer loop
      vertex 26.7778 35.2184 2
      vertex 26.7119 34.9438 -2.28882e-07
      vertex 26.7119 34.9438 2
    endloop
  endfacet
  facet normal -0.923892 0.382654 0
    outer loop
      vertex 26.6038 34.6828 -2.28882e-07
      vertex 26.7119 34.9438 2
      vertex 26.7119 34.9438 -2.28882e-07
    endloop
  endfacet
  facet normal -0.923892 0.382654 0
    outer loop
      vertex 26.7119 34.9438 2
      vertex 26.6038 34.6828 -2.28882e-07
      vertex 26.6038 34.6828 2
    endloop
  endfacet
  facet normal 0.0785914 0.996907 -0
    outer loop
      vertex 25 33.7 -2.28882e-07
      vertex 24.7184 33.7222 2
      vertex 25 33.7 2
    endloop
  endfacet
  facet normal 0.0785914 0.996907 0
    outer loop
      vertex 24.7184 33.7222 2
      vertex 25 33.7 -2.28882e-07
      vertex 24.7184 33.7222 -2.28882e-07
    endloop
  endfacet
  facet normal -0.852581 -0.522595 0
    outer loop
      vertex 26.6038 36.3172 -2.28882e-07
      vertex 26.4562 36.558 2
      vertex 26.4562 36.558 -2.28882e-07
    endloop
  endfacet
  facet normal -0.852581 -0.522595 0
    outer loop
      vertex 26.4562 36.558 2
      vertex 26.6038 36.3172 -2.28882e-07
      vertex 26.6038 36.3172 2
    endloop
  endfacet
  facet normal -0.649332 0.760505 0
    outer loop
      vertex 26.2728 34.2272 -2.28882e-07
      vertex 26.058 34.0438 2
      vertex 26.2728 34.2272 2
    endloop
  endfacet
  facet normal -0.649332 0.760505 0
    outer loop
      vertex 26.058 34.0438 2
      vertex 26.2728 34.2272 -2.28882e-07
      vertex 26.058 34.0438 -2.28882e-07
    endloop
  endfacet
  facet normal 0.996907 -0.0785914 0
    outer loop
      vertex 23.2 35.5 2
      vertex 23.2222 35.7816 -2.28882e-07
      vertex 23.2222 35.7816 2
    endloop
  endfacet
  facet normal 0.996907 -0.0785914 0
    outer loop
      vertex 23.2222 35.7816 -2.28882e-07
      vertex 23.2 35.5 2
      vertex 23.2 35.5 -2.28882e-07
    endloop
  endfacet
  facet normal 0.649332 -0.760505 0
    outer loop
      vertex 23.7272 36.7728 -2.28882e-07
      vertex 23.942 36.9562 2
      vertex 23.7272 36.7728 2
    endloop
  endfacet
  facet normal 0.649332 -0.760505 0
    outer loop
      vertex 23.942 36.9562 2
      vertex 23.7272 36.7728 -2.28882e-07
      vertex 23.942 36.9562 -2.28882e-07
    endloop
  endfacet
  facet normal -0.649332 -0.760505 0
    outer loop
      vertex 26.058 36.9562 -2.28882e-07
      vertex 26.2728 36.7728 2
      vertex 26.058 36.9562 2
    endloop
  endfacet
  facet normal -0.649332 -0.760505 -0
    outer loop
      vertex 26.2728 36.7728 2
      vertex 26.058 36.9562 -2.28882e-07
      vertex 26.2728 36.7728 -2.28882e-07
    endloop
  endfacet
  facet normal -0.382654 0.923892 0
    outer loop
      vertex 25.8172 33.8962 -2.28882e-07
      vertex 25.5562 33.7881 2
      vertex 25.8172 33.8962 2
    endloop
  endfacet
  facet normal -0.382654 0.923892 0
    outer loop
      vertex 25.5562 33.7881 2
      vertex 25.8172 33.8962 -2.28882e-07
      vertex 25.5562 33.7881 -2.28882e-07
    endloop
  endfacet
  facet normal -0.522595 -0.852581 0
    outer loop
      vertex 25.8172 37.1038 -2.28882e-07
      vertex 26.058 36.9562 2
      vertex 25.8172 37.1038 2
    endloop
  endfacet
  facet normal -0.522595 -0.852581 -0
    outer loop
      vertex 26.058 36.9562 2
      vertex 25.8172 37.1038 -2.28882e-07
      vertex 26.058 36.9562 -2.28882e-07
    endloop
  endfacet
  facet normal 0.23336 -0.972391 0
    outer loop
      vertex 24.4438 37.2119 -2.28882e-07
      vertex 24.7184 37.2778 2
      vertex 24.4438 37.2119 2
    endloop
  endfacet
  facet normal 0.23336 -0.972391 0
    outer loop
      vertex 24.7184 37.2778 2
      vertex 24.4438 37.2119 -2.28882e-07
      vertex 24.7184 37.2778 -2.28882e-07
    endloop
  endfacet
  facet normal 0.0785914 -0.996907 0
    outer loop
      vertex 24.7184 37.2778 -2.28882e-07
      vertex 25 37.3 2
      vertex 24.7184 37.2778 2
    endloop
  endfacet
  facet normal 0.0785914 -0.996907 0
    outer loop
      vertex 25 37.3 2
      vertex 24.7184 37.2778 -2.28882e-07
      vertex 25 37.3 -2.28882e-07
    endloop
  endfacet
  facet normal 0.996907 0.0785914 0
    outer loop
      vertex 23.2222 35.2184 2
      vertex 23.2 35.5 -2.28882e-07
      vertex 23.2 35.5 2
    endloop
  endfacet
  facet normal 0.996907 0.0785914 0
    outer loop
      vertex 23.2 35.5 -2.28882e-07
      vertex 23.2222 35.2184 2
      vertex 23.2222 35.2184 -2.28882e-07
    endloop
  endfacet
  facet normal -0.923892 -0.382654 0
    outer loop
      vertex 26.7119 36.0562 -2.28882e-07
      vertex 26.6038 36.3172 2
      vertex 26.6038 36.3172 -2.28882e-07
    endloop
  endfacet
  facet normal -0.923892 -0.382654 0
    outer loop
      vertex 26.6038 36.3172 2
      vertex 26.7119 36.0562 -2.28882e-07
      vertex 26.7119 36.0562 2
    endloop
  endfacet
  facet normal 0.852581 -0.522595 0
    outer loop
      vertex 23.3962 36.3172 2
      vertex 23.5438 36.558 -2.28882e-07
      vertex 23.5438 36.558 2
    endloop
  endfacet
  facet normal 0.852581 -0.522595 0
    outer loop
      vertex 23.5438 36.558 -2.28882e-07
      vertex 23.3962 36.3172 2
      vertex 23.3962 36.3172 -2.28882e-07
    endloop
  endfacet
  facet normal 0.23336 0.972391 -0
    outer loop
      vertex 24.7184 33.7222 -2.28882e-07
      vertex 24.4438 33.7881 2
      vertex 24.7184 33.7222 2
    endloop
  endfacet
  facet normal 0.23336 0.972391 0
    outer loop
      vertex 24.4438 33.7881 2
      vertex 24.7184 33.7222 -2.28882e-07
      vertex 24.4438 33.7881 -2.28882e-07
    endloop
  endfacet
  facet normal -0.0785914 -0.996907 0
    outer loop
      vertex 25 37.3 -2.28882e-07
      vertex 25.2816 37.2778 2
      vertex 25 37.3 2
    endloop
  endfacet
  facet normal -0.0785914 -0.996907 -0
    outer loop
      vertex 25.2816 37.2778 2
      vertex 25 37.3 -2.28882e-07
      vertex 25.2816 37.2778 -2.28882e-07
    endloop
  endfacet
  facet normal 0.852581 0.522595 0
    outer loop
      vertex 23.5438 34.442 2
      vertex 23.3962 34.6828 -2.28882e-07
      vertex 23.3962 34.6828 2
    endloop
  endfacet
  facet normal 0.852581 0.522595 0
    outer loop
      vertex 23.3962 34.6828 -2.28882e-07
      vertex 23.5438 34.442 2
      vertex 23.5438 34.442 -2.28882e-07
    endloop
  endfacet
  facet normal 0.649332 0.760505 -0
    outer loop
      vertex 23.942 34.0438 -2.28882e-07
      vertex 23.7272 34.2272 2
      vertex 23.942 34.0438 2
    endloop
  endfacet
  facet normal 0.649332 0.760505 0
    outer loop
      vertex 23.7272 34.2272 2
      vertex 23.942 34.0438 -2.28882e-07
      vertex 23.7272 34.2272 -2.28882e-07
    endloop
  endfacet
  facet normal 0.923892 -0.382654 0
    outer loop
      vertex 23.2881 36.0562 2
      vertex 23.3962 36.3172 -2.28882e-07
      vertex 23.3962 36.3172 2
    endloop
  endfacet
  facet normal 0.923892 -0.382654 0
    outer loop
      vertex 23.3962 36.3172 -2.28882e-07
      vertex 23.2881 36.0562 2
      vertex 23.2881 36.0562 -2.28882e-07
    endloop
  endfacet
  facet normal 0.522595 0.852581 -0
    outer loop
      vertex 24.1828 33.8962 -2.28882e-07
      vertex 23.942 34.0438 2
      vertex 24.1828 33.8962 2
    endloop
  endfacet
  facet normal 0.522595 0.852581 0
    outer loop
      vertex 23.942 34.0438 2
      vertex 24.1828 33.8962 -2.28882e-07
      vertex 23.942 34.0438 -2.28882e-07
    endloop
  endfacet
  facet normal 0 -1 0
    outer loop
      vertex 0 37.5 23
      vertex 0 37.5 4
      vertex 12.8771 37.5 23
    endloop
  endfacet
  facet normal 0 -1 0
    outer loop
      vertex 12.8771 37.5 23
      vertex 14.8965 37.5 25.01
      vertex 12.8771 37.5 25.01
    endloop
  endfacet
  facet normal 0 -1 0
    outer loop
      vertex 14.8965 37.5 4
      vertex 12.8771 37.5 23
      vertex 0 37.5 4
    endloop
  endfacet
  facet normal 0 -1 0
    outer loop
      vertex 12.8771 37.5 23
      vertex 14.8965 37.5 4
      vertex 14.8965 37.5 25.01
    endloop
  endfacet
  facet normal 0 1 0
    outer loop
      vertex 14.8965 33.5 25.01
      vertex 12.8771 33.5 23
      vertex 12.8771 33.5 25.01
    endloop
  endfacet
  facet normal 0 1 -0
    outer loop
      vertex 14.8965 33.5 4
      vertex 12.8771 33.5 23
      vertex 14.8965 33.5 25.01
    endloop
  endfacet
  facet normal 0 1 0
    outer loop
      vertex 0 33.5 4
      vertex 12.8771 33.5 23
      vertex 14.8965 33.5 4
    endloop
  endfacet
  facet normal 0 1 0
    outer loop
      vertex 12.8771 33.5 23
      vertex 0 33.5 4
      vertex 0 33.5 23
    endloop
  endfacet
endsolid OpenSCAD_Model
