solid OpenSCAD_Model
  facet normal 1 -0 0
    outer loop
      vertex 23 -3.5 23
      vertex 23 0 2.28882e-07
      vertex 23 0 23
    endloop
  endfacet
  facet normal 1 0 0
    outer loop
      vertex 23 0 2.28882e-07
      vertex 23 -3.5 23
      vertex 23 -3.5 2.28882e-07
    endloop
  endfacet
  facet normal 0 0 -1
    outer loop
      vertex 23 -3.5 2.28882e-07
      vertex 0 -3.5 2.28882e-07
      vertex 23 0 2.28882e-07
    endloop
  endfacet
  facet normal 0 0 -1
    outer loop
      vertex 51.9747 13.5253 2.28882e-07
      vertex 40.5253 13.5253 2.28882e-07
      vertex 52.1477 13.6731 2.28882e-07
    endloop
  endfacet
  facet normal 0 0 -1
    outer loop
      vertex 52.5519 61.121 2.28882e-07
      vertex 40.9321 62.2732 2.28882e-07
      vertex 40.95 62.5 2.28882e-07
    endloop
  endfacet
  facet normal 0 0 -1
    outer loop
      vertex 40.3523 13.6731 2.28882e-07
      vertex 52.1477 13.6731 2.28882e-07
      vertex 40.5253 13.5253 2.28882e-07
    endloop
  endfacet
  facet normal 0 0 -1
    outer loop
      vertex 52.5519 61.121 2.28882e-07
      vertex 40.879 62.0519 2.28882e-07
      vertex 40.9321 62.2732 2.28882e-07
    endloop
  endfacet
  facet normal 0 0 -1
    outer loop
      vertex 52.1477 13.6731 2.28882e-07
      vertex 40.3523 13.6731 2.28882e-07
      vertex 52.3417 13.792 2.28882e-07
    endloop
  endfacet
  facet normal 0 0 -1
    outer loop
      vertex 52.5519 61.121 2.28882e-07
      vertex 40.792 61.8417 2.28882e-07
      vertex 40.879 62.0519 2.28882e-07
    endloop
  endfacet
  facet normal 0 0 -1
    outer loop
      vertex 40.1583 13.792 2.28882e-07
      vertex 52.3417 13.792 2.28882e-07
      vertex 40.3523 13.6731 2.28882e-07
    endloop
  endfacet
  facet normal 0 0 -1
    outer loop
      vertex 52.5519 61.121 2.28882e-07
      vertex 40.6731 61.6477 2.28882e-07
      vertex 40.792 61.8417 2.28882e-07
    endloop
  endfacet
  facet normal 0 0 -1
    outer loop
      vertex 52.3417 13.792 2.28882e-07
      vertex 40.1583 13.792 2.28882e-07
      vertex 52.5519 13.879 2.28882e-07
    endloop
  endfacet
  facet normal 0 0 -1
    outer loop
      vertex 52.5519 61.121 2.28882e-07
      vertex 40.5253 61.4747 2.28882e-07
      vertex 40.6731 61.6477 2.28882e-07
    endloop
  endfacet
  facet normal 0 0 -1
    outer loop
      vertex 39.9481 13.879 2.28882e-07
      vertex 52.5519 13.879 2.28882e-07
      vertex 40.1583 13.792 2.28882e-07
    endloop
  endfacet
  facet normal 0 0 -1
    outer loop
      vertex 52.5519 61.121 2.28882e-07
      vertex 40.3523 61.3269 2.28882e-07
      vertex 40.5253 61.4747 2.28882e-07
    endloop
  endfacet
  facet normal 0 0 -1
    outer loop
      vertex 52.5519 13.879 2.28882e-07
      vertex 39.9481 13.879 2.28882e-07
      vertex 52.5519 61.121 2.28882e-07
    endloop
  endfacet
  facet normal 0 0 -1
    outer loop
      vertex 52.5519 61.121 2.28882e-07
      vertex 40.1583 61.208 2.28882e-07
      vertex 40.3523 61.3269 2.28882e-07
    endloop
  endfacet
  facet normal 0 0 -1
    outer loop
      vertex 39.9481 61.121 2.28882e-07
      vertex 52.5519 61.121 2.28882e-07
      vertex 39.9481 13.879 2.28882e-07
    endloop
  endfacet
  facet normal 0 0 -1
    outer loop
      vertex 52.5519 61.121 2.28882e-07
      vertex 39.9481 61.121 2.28882e-07
      vertex 40.1583 61.208 2.28882e-07
    endloop
  endfacet
  facet normal 0 0 -1
    outer loop
      vertex 39.7268 13.9321 2.28882e-07
      vertex 39.9481 61.121 2.28882e-07
      vertex 39.9481 13.879 2.28882e-07
    endloop
  endfacet
  facet normal 0 0 -1
    outer loop
      vertex 39.7268 13.9321 2.28882e-07
      vertex 39.7268 61.0679 2.28882e-07
      vertex 39.9481 61.121 2.28882e-07
    endloop
  endfacet
  facet normal 0 0 -1
    outer loop
      vertex 39.5 13.95 2.28882e-07
      vertex 39.7268 61.0679 2.28882e-07
      vertex 39.7268 13.9321 2.28882e-07
    endloop
  endfacet
  facet normal 0 0 -1
    outer loop
      vertex 39.5 13.95 2.28882e-07
      vertex 39.5 61.05 2.28882e-07
      vertex 39.7268 61.0679 2.28882e-07
    endloop
  endfacet
  facet normal 0 0 -1
    outer loop
      vertex 39.2732 13.9321 2.28882e-07
      vertex 39.5 61.05 2.28882e-07
      vertex 39.5 13.95 2.28882e-07
    endloop
  endfacet
  facet normal 0 0 -1
    outer loop
      vertex 39.2732 13.9321 2.28882e-07
      vertex 39.2732 61.0679 2.28882e-07
      vertex 39.5 61.05 2.28882e-07
    endloop
  endfacet
  facet normal 0 0 -1
    outer loop
      vertex 39.0519 13.879 2.28882e-07
      vertex 39.2732 61.0679 2.28882e-07
      vertex 39.2732 13.9321 2.28882e-07
    endloop
  endfacet
  facet normal 0 0 -1
    outer loop
      vertex 39.0519 13.879 2.28882e-07
      vertex 39.0519 61.121 2.28882e-07
      vertex 39.2732 61.0679 2.28882e-07
    endloop
  endfacet
  facet normal 0 0 -1
    outer loop
      vertex 38.8417 13.792 2.28882e-07
      vertex 39.0519 61.121 2.28882e-07
      vertex 39.0519 13.879 2.28882e-07
    endloop
  endfacet
  facet normal 0 0 -1
    outer loop
      vertex 38.8417 13.792 2.28882e-07
      vertex 38.8417 61.208 2.28882e-07
      vertex 39.0519 61.121 2.28882e-07
    endloop
  endfacet
  facet normal 0 0 -1
    outer loop
      vertex 38.6477 13.6731 2.28882e-07
      vertex 38.8417 61.208 2.28882e-07
      vertex 38.8417 13.792 2.28882e-07
    endloop
  endfacet
  facet normal 0 0 -1
    outer loop
      vertex 38.6477 13.6731 2.28882e-07
      vertex 38.6477 61.3269 2.28882e-07
      vertex 38.8417 61.208 2.28882e-07
    endloop
  endfacet
  facet normal 0 0 -1
    outer loop
      vertex 38.4747 13.5253 2.28882e-07
      vertex 38.6477 61.3269 2.28882e-07
      vertex 38.6477 13.6731 2.28882e-07
    endloop
  endfacet
  facet normal 0 0 -1
    outer loop
      vertex 38.4747 13.5253 2.28882e-07
      vertex 38.4747 61.4747 2.28882e-07
      vertex 38.6477 61.3269 2.28882e-07
    endloop
  endfacet
  facet normal 0 0 -1
    outer loop
      vertex 38.3269 13.3523 2.28882e-07
      vertex 38.4747 61.4747 2.28882e-07
      vertex 38.4747 13.5253 2.28882e-07
    endloop
  endfacet
  facet normal 0 0 -1
    outer loop
      vertex 38.3269 13.3523 2.28882e-07
      vertex 38.3269 61.6477 2.28882e-07
      vertex 38.4747 61.4747 2.28882e-07
    endloop
  endfacet
  facet normal 0 0 -1
    outer loop
      vertex 23 0 2.28882e-07
      vertex 38.3269 13.3523 2.28882e-07
      vertex 38.208 13.1583 2.28882e-07
    endloop
  endfacet
  facet normal -0 0 -1
    outer loop
      vertex 38.3269 13.3523 2.28882e-07
      vertex 0 -3.5 2.28882e-07
      vertex 38.3269 61.6477 2.28882e-07
    endloop
  endfacet
  facet normal 0 0 -1
    outer loop
      vertex 23 0 2.28882e-07
      vertex 38.208 13.1583 2.28882e-07
      vertex 38.121 12.9481 2.28882e-07
    endloop
  endfacet
  facet normal 0 0 -1
    outer loop
      vertex 0 78.5 2.28882e-07
      vertex 38.3269 61.6477 2.28882e-07
      vertex 0 -3.5 2.28882e-07
    endloop
  endfacet
  facet normal 0 0 -1
    outer loop
      vertex 23 0 2.28882e-07
      vertex 38.121 12.9481 2.28882e-07
      vertex 38.0679 12.7268 2.28882e-07
    endloop
  endfacet
  facet normal 0 0 -1
    outer loop
      vertex 38.3269 61.6477 2.28882e-07
      vertex 0 78.5 2.28882e-07
      vertex 38.208 61.8417 2.28882e-07
    endloop
  endfacet
  facet normal 0 0 -1
    outer loop
      vertex 23 0 2.28882e-07
      vertex 38.0679 12.7268 2.28882e-07
      vertex 38.05 12.5 2.28882e-07
    endloop
  endfacet
  facet normal 0 0 -1
    outer loop
      vertex 38.208 61.8417 2.28882e-07
      vertex 0 78.5 2.28882e-07
      vertex 38.121 62.0519 2.28882e-07
    endloop
  endfacet
  facet normal 0 0 -1
    outer loop
      vertex 54.4321 62.2732 2.28882e-07
      vertex 57 0 2.28882e-07
      vertex 54.4321 12.7268 2.28882e-07
    endloop
  endfacet
  facet normal 0 0 -1
    outer loop
      vertex 57 0 2.28882e-07
      vertex 54.4321 62.2732 2.28882e-07
      vertex 54.45 62.5 2.28882e-07
    endloop
  endfacet
  facet normal 0 0 -1
    outer loop
      vertex 54.379 12.9481 2.28882e-07
      vertex 54.4321 62.2732 2.28882e-07
      vertex 54.4321 12.7268 2.28882e-07
    endloop
  endfacet
  facet normal 0 0 -1
    outer loop
      vertex 54.379 12.9481 2.28882e-07
      vertex 54.379 62.0519 2.28882e-07
      vertex 54.4321 62.2732 2.28882e-07
    endloop
  endfacet
  facet normal 0 0 -1
    outer loop
      vertex 54.292 13.1583 2.28882e-07
      vertex 54.379 62.0519 2.28882e-07
      vertex 54.379 12.9481 2.28882e-07
    endloop
  endfacet
  facet normal 0 0 -1
    outer loop
      vertex 54.292 13.1583 2.28882e-07
      vertex 54.292 61.8417 2.28882e-07
      vertex 54.379 62.0519 2.28882e-07
    endloop
  endfacet
  facet normal 0 0 -1
    outer loop
      vertex 54.1731 13.3523 2.28882e-07
      vertex 54.292 61.8417 2.28882e-07
      vertex 54.292 13.1583 2.28882e-07
    endloop
  endfacet
  facet normal 0 0 -1
    outer loop
      vertex 54.1731 13.3523 2.28882e-07
      vertex 54.1731 61.6477 2.28882e-07
      vertex 54.292 61.8417 2.28882e-07
    endloop
  endfacet
  facet normal 0 0 -1
    outer loop
      vertex 54.0253 13.5253 2.28882e-07
      vertex 54.1731 61.6477 2.28882e-07
      vertex 54.1731 13.3523 2.28882e-07
    endloop
  endfacet
  facet normal 0 0 -1
    outer loop
      vertex 54.0253 13.5253 2.28882e-07
      vertex 54.0253 61.4747 2.28882e-07
      vertex 54.1731 61.6477 2.28882e-07
    endloop
  endfacet
  facet normal 0 0 -1
    outer loop
      vertex 53.8523 13.6731 2.28882e-07
      vertex 54.0253 61.4747 2.28882e-07
      vertex 54.0253 13.5253 2.28882e-07
    endloop
  endfacet
  facet normal 0 0 -1
    outer loop
      vertex 53.8523 13.6731 2.28882e-07
      vertex 53.8523 61.3269 2.28882e-07
      vertex 54.0253 61.4747 2.28882e-07
    endloop
  endfacet
  facet normal 0 0 -1
    outer loop
      vertex 53.6583 13.792 2.28882e-07
      vertex 53.8523 61.3269 2.28882e-07
      vertex 53.8523 13.6731 2.28882e-07
    endloop
  endfacet
  facet normal 0 0 -1
    outer loop
      vertex 53.6583 13.792 2.28882e-07
      vertex 53.6583 61.208 2.28882e-07
      vertex 53.8523 61.3269 2.28882e-07
    endloop
  endfacet
  facet normal 0 0 -1
    outer loop
      vertex 53.4481 13.879 2.28882e-07
      vertex 53.6583 61.208 2.28882e-07
      vertex 53.6583 13.792 2.28882e-07
    endloop
  endfacet
  facet normal 0 0 -1
    outer loop
      vertex 53.4481 13.879 2.28882e-07
      vertex 53.4481 61.121 2.28882e-07
      vertex 53.6583 61.208 2.28882e-07
    endloop
  endfacet
  facet normal 0 0 -1
    outer loop
      vertex 53.2268 13.9321 2.28882e-07
      vertex 53.4481 61.121 2.28882e-07
      vertex 53.4481 13.879 2.28882e-07
    endloop
  endfacet
  facet normal 0 0 -1
    outer loop
      vertex 53.2268 13.9321 2.28882e-07
      vertex 53.2268 61.0679 2.28882e-07
      vertex 53.4481 61.121 2.28882e-07
    endloop
  endfacet
  facet normal 0 0 -1
    outer loop
      vertex 53 13.95 2.28882e-07
      vertex 53.2268 61.0679 2.28882e-07
      vertex 53.2268 13.9321 2.28882e-07
    endloop
  endfacet
  facet normal 0 0 -1
    outer loop
      vertex 53 13.95 2.28882e-07
      vertex 53 61.05 2.28882e-07
      vertex 53.2268 61.0679 2.28882e-07
    endloop
  endfacet
  facet normal 0 0 -1
    outer loop
      vertex 52.7732 13.9321 2.28882e-07
      vertex 53 61.05 2.28882e-07
      vertex 53 13.95 2.28882e-07
    endloop
  endfacet
  facet normal 0 0 -1
    outer loop
      vertex 52.7732 13.9321 2.28882e-07
      vertex 52.7732 61.0679 2.28882e-07
      vertex 53 61.05 2.28882e-07
    endloop
  endfacet
  facet normal 0 0 -1
    outer loop
      vertex 52.5519 13.879 2.28882e-07
      vertex 52.7732 61.0679 2.28882e-07
      vertex 52.7732 13.9321 2.28882e-07
    endloop
  endfacet
  facet normal 0 0 -1
    outer loop
      vertex 52.5519 13.879 2.28882e-07
      vertex 52.5519 61.121 2.28882e-07
      vertex 52.7732 61.0679 2.28882e-07
    endloop
  endfacet
  facet normal 0 0 -1
    outer loop
      vertex 40.6731 13.3523 2.28882e-07
      vertex 51.8269 13.3523 2.28882e-07
      vertex 40.792 13.1583 2.28882e-07
    endloop
  endfacet
  facet normal 0 0 -1
    outer loop
      vertex 51.8269 13.3523 2.28882e-07
      vertex 40.6731 13.3523 2.28882e-07
      vertex 51.9747 13.5253 2.28882e-07
    endloop
  endfacet
  facet normal 0 0 -1
    outer loop
      vertex 51.708 13.1583 2.28882e-07
      vertex 40.792 13.1583 2.28882e-07
      vertex 51.8269 13.3523 2.28882e-07
    endloop
  endfacet
  facet normal 0 0 -1
    outer loop
      vertex 40.5253 13.5253 2.28882e-07
      vertex 51.9747 13.5253 2.28882e-07
      vertex 40.6731 13.3523 2.28882e-07
    endloop
  endfacet
  facet normal 0 0 -1
    outer loop
      vertex 40.792 13.1583 2.28882e-07
      vertex 51.708 13.1583 2.28882e-07
      vertex 40.879 12.9481 2.28882e-07
    endloop
  endfacet
  facet normal 0 0 -1
    outer loop
      vertex 52.5519 61.121 2.28882e-07
      vertex 40.95 62.5 2.28882e-07
      vertex 52.3417 61.208 2.28882e-07
    endloop
  endfacet
  facet normal 0 0 -1
    outer loop
      vertex 51.621 12.9481 2.28882e-07
      vertex 40.879 12.9481 2.28882e-07
      vertex 51.708 13.1583 2.28882e-07
    endloop
  endfacet
  facet normal 0 0 -1
    outer loop
      vertex 52.3417 61.208 2.28882e-07
      vertex 40.95 62.5 2.28882e-07
      vertex 52.1477 61.3269 2.28882e-07
    endloop
  endfacet
  facet normal 0 0 -1
    outer loop
      vertex 40.879 12.9481 2.28882e-07
      vertex 51.621 12.9481 2.28882e-07
      vertex 40.9321 12.7268 2.28882e-07
    endloop
  endfacet
  facet normal 0 0 -1
    outer loop
      vertex 52.1477 61.3269 2.28882e-07
      vertex 40.95 62.5 2.28882e-07
      vertex 51.9747 61.4747 2.28882e-07
    endloop
  endfacet
  facet normal 0 0 -1
    outer loop
      vertex 51.5679 12.7268 2.28882e-07
      vertex 40.9321 12.7268 2.28882e-07
      vertex 51.621 12.9481 2.28882e-07
    endloop
  endfacet
  facet normal 0 0 -1
    outer loop
      vertex 51.9747 61.4747 2.28882e-07
      vertex 40.95 62.5 2.28882e-07
      vertex 51.8269 61.6477 2.28882e-07
    endloop
  endfacet
  facet normal 0 0 -1
    outer loop
      vertex 40.9321 12.7268 2.28882e-07
      vertex 51.5679 12.7268 2.28882e-07
      vertex 40.95 12.5 2.28882e-07
    endloop
  endfacet
  facet normal 0 0 -1
    outer loop
      vertex 51.8269 61.6477 2.28882e-07
      vertex 40.95 62.5 2.28882e-07
      vertex 51.708 61.8417 2.28882e-07
    endloop
  endfacet
  facet normal 0 0 -1
    outer loop
      vertex 40.95 12.5 2.28882e-07
      vertex 51.5679 12.7268 2.28882e-07
      vertex 51.55 12.5 2.28882e-07
    endloop
  endfacet
  facet normal 0 0 -1
    outer loop
      vertex 51.708 61.8417 2.28882e-07
      vertex 40.95 62.5 2.28882e-07
      vertex 51.621 62.0519 2.28882e-07
    endloop
  endfacet
  facet normal 0 0 -1
    outer loop
      vertex 54.4321 12.7268 2.28882e-07
      vertex 57 0 2.28882e-07
      vertex 54.45 12.5 2.28882e-07
    endloop
  endfacet
  facet normal 0 0 -1
    outer loop
      vertex 57 0 2.28882e-07
      vertex 54.4321 12.2732 2.28882e-07
      vertex 54.45 12.5 2.28882e-07
    endloop
  endfacet
  facet normal 0 0 -1
    outer loop
      vertex 57 0 2.28882e-07
      vertex 54.379 12.0519 2.28882e-07
      vertex 54.4321 12.2732 2.28882e-07
    endloop
  endfacet
  facet normal 0 0 -1
    outer loop
      vertex 57 0 2.28882e-07
      vertex 54.292 11.8417 2.28882e-07
      vertex 54.379 12.0519 2.28882e-07
    endloop
  endfacet
  facet normal 0 0 -1
    outer loop
      vertex 57 0 2.28882e-07
      vertex 54.1731 11.6477 2.28882e-07
      vertex 54.292 11.8417 2.28882e-07
    endloop
  endfacet
  facet normal 0 0 -1
    outer loop
      vertex 57 0 2.28882e-07
      vertex 54.0253 11.4747 2.28882e-07
      vertex 54.1731 11.6477 2.28882e-07
    endloop
  endfacet
  facet normal 0 0 -1
    outer loop
      vertex 57 0 2.28882e-07
      vertex 53.8523 11.3269 2.28882e-07
      vertex 54.0253 11.4747 2.28882e-07
    endloop
  endfacet
  facet normal 0 0 -1
    outer loop
      vertex 57 0 2.28882e-07
      vertex 53.6583 11.208 2.28882e-07
      vertex 53.8523 11.3269 2.28882e-07
    endloop
  endfacet
  facet normal 0 0 -1
    outer loop
      vertex 57 0 2.28882e-07
      vertex 53.4481 11.121 2.28882e-07
      vertex 53.6583 11.208 2.28882e-07
    endloop
  endfacet
  facet normal 0 0 -1
    outer loop
      vertex 57 0 2.28882e-07
      vertex 53.2268 11.0679 2.28882e-07
      vertex 53.4481 11.121 2.28882e-07
    endloop
  endfacet
  facet normal 0 0 -1
    outer loop
      vertex 57 0 2.28882e-07
      vertex 53 11.05 2.28882e-07
      vertex 53.2268 11.0679 2.28882e-07
    endloop
  endfacet
  facet normal 0 0 -1
    outer loop
      vertex 57 0 2.28882e-07
      vertex 52.7732 11.0679 2.28882e-07
      vertex 53 11.05 2.28882e-07
    endloop
  endfacet
  facet normal 0 0 -1
    outer loop
      vertex 57 0 2.28882e-07
      vertex 52.5519 11.121 2.28882e-07
      vertex 52.7732 11.0679 2.28882e-07
    endloop
  endfacet
  facet normal 0 0 -1
    outer loop
      vertex 57 0 2.28882e-07
      vertex 52.3417 11.208 2.28882e-07
      vertex 52.5519 11.121 2.28882e-07
    endloop
  endfacet
  facet normal 0 0 -1
    outer loop
      vertex 57 0 2.28882e-07
      vertex 52.1477 11.3269 2.28882e-07
      vertex 52.3417 11.208 2.28882e-07
    endloop
  endfacet
  facet normal 0 0 -1
    outer loop
      vertex 40.3523 11.3269 2.28882e-07
      vertex 52.1477 11.3269 2.28882e-07
      vertex 57 0 2.28882e-07
    endloop
  endfacet
  facet normal 0 0 -1
    outer loop
      vertex 52.1477 11.3269 2.28882e-07
      vertex 40.3523 11.3269 2.28882e-07
      vertex 51.9747 11.4747 2.28882e-07
    endloop
  endfacet
  facet normal 0 -0 -1
    outer loop
      vertex 40.5253 11.4747 2.28882e-07
      vertex 51.9747 11.4747 2.28882e-07
      vertex 40.3523 11.3269 2.28882e-07
    endloop
  endfacet
  facet normal 0 0 -1
    outer loop
      vertex 51.621 62.0519 2.28882e-07
      vertex 40.95 62.5 2.28882e-07
      vertex 51.5679 62.2732 2.28882e-07
    endloop
  endfacet
  facet normal 0 0 -1
    outer loop
      vertex 51.5679 12.2732 2.28882e-07
      vertex 40.95 12.5 2.28882e-07
      vertex 51.55 12.5 2.28882e-07
    endloop
  endfacet
  facet normal 0 0 -1
    outer loop
      vertex 40.9321 12.2732 2.28882e-07
      vertex 51.5679 12.2732 2.28882e-07
      vertex 51.621 12.0519 2.28882e-07
    endloop
  endfacet
  facet normal 0 0 -1
    outer loop
      vertex 40.879 12.0519 2.28882e-07
      vertex 51.621 12.0519 2.28882e-07
      vertex 51.708 11.8417 2.28882e-07
    endloop
  endfacet
  facet normal 0 0 -1
    outer loop
      vertex 51.9747 11.4747 2.28882e-07
      vertex 40.5253 11.4747 2.28882e-07
      vertex 51.8269 11.6477 2.28882e-07
    endloop
  endfacet
  facet normal 0 0 -1
    outer loop
      vertex 51.5679 12.2732 2.28882e-07
      vertex 40.9321 12.2732 2.28882e-07
      vertex 40.95 12.5 2.28882e-07
    endloop
  endfacet
  facet normal 0 0 -1
    outer loop
      vertex 51.621 12.0519 2.28882e-07
      vertex 40.879 12.0519 2.28882e-07
      vertex 40.9321 12.2732 2.28882e-07
    endloop
  endfacet
  facet normal 0 0 -1
    outer loop
      vertex 51.708 11.8417 2.28882e-07
      vertex 40.792 11.8417 2.28882e-07
      vertex 40.879 12.0519 2.28882e-07
    endloop
  endfacet
  facet normal -0 0 -1
    outer loop
      vertex 51.708 11.8417 2.28882e-07
      vertex 40.6731 11.6477 2.28882e-07
      vertex 40.792 11.8417 2.28882e-07
    endloop
  endfacet
  facet normal 0 0 -1
    outer loop
      vertex 51.8269 11.6477 2.28882e-07
      vertex 40.6731 11.6477 2.28882e-07
      vertex 51.708 11.8417 2.28882e-07
    endloop
  endfacet
  facet normal 0 -0 -1
    outer loop
      vertex 40.6731 11.6477 2.28882e-07
      vertex 51.8269 11.6477 2.28882e-07
      vertex 40.5253 11.4747 2.28882e-07
    endloop
  endfacet
  facet normal 0 0 -1
    outer loop
      vertex 57 0 2.28882e-07
      vertex 40.1583 11.208 2.28882e-07
      vertex 40.3523 11.3269 2.28882e-07
    endloop
  endfacet
  facet normal 0 0 -1
    outer loop
      vertex 57 0 2.28882e-07
      vertex 39.9481 11.121 2.28882e-07
      vertex 40.1583 11.208 2.28882e-07
    endloop
  endfacet
  facet normal 0 0 -1
    outer loop
      vertex 57 0 2.28882e-07
      vertex 39.7268 11.0679 2.28882e-07
      vertex 39.9481 11.121 2.28882e-07
    endloop
  endfacet
  facet normal 0 0 -1
    outer loop
      vertex 57 0 2.28882e-07
      vertex 39.5 11.05 2.28882e-07
      vertex 39.7268 11.0679 2.28882e-07
    endloop
  endfacet
  facet normal 0 0 -1
    outer loop
      vertex 23 0 2.28882e-07
      vertex 39.5 11.05 2.28882e-07
      vertex 57 0 2.28882e-07
    endloop
  endfacet
  facet normal -0 0 -1
    outer loop
      vertex 39.5 11.05 2.28882e-07
      vertex 23 0 2.28882e-07
      vertex 39.2732 11.0679 2.28882e-07
    endloop
  endfacet
  facet normal -0 0 -1
    outer loop
      vertex 39.2732 11.0679 2.28882e-07
      vertex 23 0 2.28882e-07
      vertex 39.0519 11.121 2.28882e-07
    endloop
  endfacet
  facet normal -0 0 -1
    outer loop
      vertex 39.0519 11.121 2.28882e-07
      vertex 23 0 2.28882e-07
      vertex 38.8417 11.208 2.28882e-07
    endloop
  endfacet
  facet normal 0 0 -1
    outer loop
      vertex 38.3269 13.3523 2.28882e-07
      vertex 23 0 2.28882e-07
      vertex 0 -3.5 2.28882e-07
    endloop
  endfacet
  facet normal -0 0 -1
    outer loop
      vertex 38.0679 12.2732 2.28882e-07
      vertex 23 0 2.28882e-07
      vertex 38.05 12.5 2.28882e-07
    endloop
  endfacet
  facet normal -0 0 -1
    outer loop
      vertex 38.121 12.0519 2.28882e-07
      vertex 23 0 2.28882e-07
      vertex 38.0679 12.2732 2.28882e-07
    endloop
  endfacet
  facet normal -0 0 -1
    outer loop
      vertex 38.208 11.8417 2.28882e-07
      vertex 23 0 2.28882e-07
      vertex 38.121 12.0519 2.28882e-07
    endloop
  endfacet
  facet normal -0 0 -1
    outer loop
      vertex 38.3269 11.6477 2.28882e-07
      vertex 23 0 2.28882e-07
      vertex 38.208 11.8417 2.28882e-07
    endloop
  endfacet
  facet normal -0 0 -1
    outer loop
      vertex 38.4747 11.4747 2.28882e-07
      vertex 23 0 2.28882e-07
      vertex 38.3269 11.6477 2.28882e-07
    endloop
  endfacet
  facet normal -0 0 -1
    outer loop
      vertex 38.6477 11.3269 2.28882e-07
      vertex 23 0 2.28882e-07
      vertex 38.4747 11.4747 2.28882e-07
    endloop
  endfacet
  facet normal -0 0 -1
    outer loop
      vertex 38.8417 11.208 2.28882e-07
      vertex 23 0 2.28882e-07
      vertex 38.6477 11.3269 2.28882e-07
    endloop
  endfacet
  facet normal 0 0 -1
    outer loop
      vertex 57 0 2.28882e-07
      vertex 54.45 62.5 2.28882e-07
      vertex 57 78.5 2.28882e-07
    endloop
  endfacet
  facet normal 0 0 -1
    outer loop
      vertex 54.4321 62.7268 2.28882e-07
      vertex 57 78.5 2.28882e-07
      vertex 54.45 62.5 2.28882e-07
    endloop
  endfacet
  facet normal 0 0 -1
    outer loop
      vertex 54.379 62.9481 2.28882e-07
      vertex 57 78.5 2.28882e-07
      vertex 54.4321 62.7268 2.28882e-07
    endloop
  endfacet
  facet normal 0 0 -1
    outer loop
      vertex 54.292 63.1583 2.28882e-07
      vertex 57 78.5 2.28882e-07
      vertex 54.379 62.9481 2.28882e-07
    endloop
  endfacet
  facet normal 0 0 -1
    outer loop
      vertex 54.1731 63.3523 2.28882e-07
      vertex 57 78.5 2.28882e-07
      vertex 54.292 63.1583 2.28882e-07
    endloop
  endfacet
  facet normal 0 0 -1
    outer loop
      vertex 54.0253 63.5253 2.28882e-07
      vertex 57 78.5 2.28882e-07
      vertex 54.1731 63.3523 2.28882e-07
    endloop
  endfacet
  facet normal 0 0 -1
    outer loop
      vertex 53.8523 63.6731 2.28882e-07
      vertex 57 78.5 2.28882e-07
      vertex 54.0253 63.5253 2.28882e-07
    endloop
  endfacet
  facet normal 0 0 -1
    outer loop
      vertex 53.6583 63.792 2.28882e-07
      vertex 57 78.5 2.28882e-07
      vertex 53.8523 63.6731 2.28882e-07
    endloop
  endfacet
  facet normal 0 0 -1
    outer loop
      vertex 53.4481 63.879 2.28882e-07
      vertex 57 78.5 2.28882e-07
      vertex 53.6583 63.792 2.28882e-07
    endloop
  endfacet
  facet normal 0 0 -1
    outer loop
      vertex 53.2268 63.9321 2.28882e-07
      vertex 57 78.5 2.28882e-07
      vertex 53.4481 63.879 2.28882e-07
    endloop
  endfacet
  facet normal 0 0 -1
    outer loop
      vertex 53 63.95 2.28882e-07
      vertex 57 78.5 2.28882e-07
      vertex 53.2268 63.9321 2.28882e-07
    endloop
  endfacet
  facet normal 0 0 -1
    outer loop
      vertex 52.7732 63.9321 2.28882e-07
      vertex 57 78.5 2.28882e-07
      vertex 53 63.95 2.28882e-07
    endloop
  endfacet
  facet normal 0 0 -1
    outer loop
      vertex 52.5519 63.879 2.28882e-07
      vertex 57 78.5 2.28882e-07
      vertex 52.7732 63.9321 2.28882e-07
    endloop
  endfacet
  facet normal 0 0 -1
    outer loop
      vertex 52.3417 63.792 2.28882e-07
      vertex 57 78.5 2.28882e-07
      vertex 52.5519 63.879 2.28882e-07
    endloop
  endfacet
  facet normal 0 0 -1
    outer loop
      vertex 40.1583 63.792 2.28882e-07
      vertex 52.3417 63.792 2.28882e-07
      vertex 52.1477 63.6731 2.28882e-07
    endloop
  endfacet
  facet normal 0 0 -1
    outer loop
      vertex 40.3523 63.6731 2.28882e-07
      vertex 52.1477 63.6731 2.28882e-07
      vertex 51.9747 63.5253 2.28882e-07
    endloop
  endfacet
  facet normal 0 0 -1
    outer loop
      vertex 40.5253 63.5253 2.28882e-07
      vertex 51.9747 63.5253 2.28882e-07
      vertex 51.8269 63.3523 2.28882e-07
    endloop
  endfacet
  facet normal 0 0 -1
    outer loop
      vertex 40.6731 63.3523 2.28882e-07
      vertex 51.8269 63.3523 2.28882e-07
      vertex 51.708 63.1583 2.28882e-07
    endloop
  endfacet
  facet normal 0 0 -1
    outer loop
      vertex 40.792 63.1583 2.28882e-07
      vertex 51.708 63.1583 2.28882e-07
      vertex 51.621 62.9481 2.28882e-07
    endloop
  endfacet
  facet normal 0 0 -1
    outer loop
      vertex 51.5679 62.2732 2.28882e-07
      vertex 40.95 62.5 2.28882e-07
      vertex 51.55 62.5 2.28882e-07
    endloop
  endfacet
  facet normal 0 0 -1
    outer loop
      vertex 51.55 62.5 2.28882e-07
      vertex 40.95 62.5 2.28882e-07
      vertex 51.5679 62.7268 2.28882e-07
    endloop
  endfacet
  facet normal 0 0 -1
    outer loop
      vertex 40.9321 62.7268 2.28882e-07
      vertex 51.5679 62.7268 2.28882e-07
      vertex 40.95 62.5 2.28882e-07
    endloop
  endfacet
  facet normal 0 0 -1
    outer loop
      vertex 51.5679 62.7268 2.28882e-07
      vertex 40.9321 62.7268 2.28882e-07
      vertex 51.621 62.9481 2.28882e-07
    endloop
  endfacet
  facet normal 0 0 -1
    outer loop
      vertex 40.879 62.9481 2.28882e-07
      vertex 51.621 62.9481 2.28882e-07
      vertex 40.9321 62.7268 2.28882e-07
    endloop
  endfacet
  facet normal 0 0 -1
    outer loop
      vertex 40.792 63.1583 2.28882e-07
      vertex 51.621 62.9481 2.28882e-07
      vertex 40.879 62.9481 2.28882e-07
    endloop
  endfacet
  facet normal 0 0 -1
    outer loop
      vertex 51.708 63.1583 2.28882e-07
      vertex 40.792 63.1583 2.28882e-07
      vertex 40.6731 63.3523 2.28882e-07
    endloop
  endfacet
  facet normal 0 0 -1
    outer loop
      vertex 51.8269 63.3523 2.28882e-07
      vertex 40.6731 63.3523 2.28882e-07
      vertex 40.5253 63.5253 2.28882e-07
    endloop
  endfacet
  facet normal 0 0 -1
    outer loop
      vertex 51.9747 63.5253 2.28882e-07
      vertex 40.5253 63.5253 2.28882e-07
      vertex 40.3523 63.6731 2.28882e-07
    endloop
  endfacet
  facet normal 0 0 -1
    outer loop
      vertex 40.1583 63.792 2.28882e-07
      vertex 52.1477 63.6731 2.28882e-07
      vertex 40.3523 63.6731 2.28882e-07
    endloop
  endfacet
  facet normal 0 0 -1
    outer loop
      vertex 52.3417 63.792 2.28882e-07
      vertex 40.1583 63.792 2.28882e-07
      vertex 57 78.5 2.28882e-07
    endloop
  endfacet
  facet normal 0 0 -1
    outer loop
      vertex 39.9481 63.879 2.28882e-07
      vertex 57 78.5 2.28882e-07
      vertex 40.1583 63.792 2.28882e-07
    endloop
  endfacet
  facet normal 0 0 -1
    outer loop
      vertex 39.7268 63.9321 2.28882e-07
      vertex 57 78.5 2.28882e-07
      vertex 39.9481 63.879 2.28882e-07
    endloop
  endfacet
  facet normal 0 0 -1
    outer loop
      vertex 39.5 63.95 2.28882e-07
      vertex 57 78.5 2.28882e-07
      vertex 39.7268 63.9321 2.28882e-07
    endloop
  endfacet
  facet normal 0 0 -1
    outer loop
      vertex 39.2732 63.9321 2.28882e-07
      vertex 57 78.5 2.28882e-07
      vertex 39.5 63.95 2.28882e-07
    endloop
  endfacet
  facet normal 0 0 -1
    outer loop
      vertex 39.0519 63.879 2.28882e-07
      vertex 57 78.5 2.28882e-07
      vertex 39.2732 63.9321 2.28882e-07
    endloop
  endfacet
  facet normal 0 0 -1
    outer loop
      vertex 0 78.5 2.28882e-07
      vertex 39.0519 63.879 2.28882e-07
      vertex 38.8417 63.792 2.28882e-07
    endloop
  endfacet
  facet normal 0 0 -1
    outer loop
      vertex 0 78.5 2.28882e-07
      vertex 38.8417 63.792 2.28882e-07
      vertex 38.6477 63.6731 2.28882e-07
    endloop
  endfacet
  facet normal 0 0 -1
    outer loop
      vertex 38.121 62.0519 2.28882e-07
      vertex 0 78.5 2.28882e-07
      vertex 38.0679 62.2732 2.28882e-07
    endloop
  endfacet
  facet normal 0 0 -1
    outer loop
      vertex 38.0679 62.2732 2.28882e-07
      vertex 0 78.5 2.28882e-07
      vertex 38.05 62.5 2.28882e-07
    endloop
  endfacet
  facet normal 0 0 -1
    outer loop
      vertex 38.05 62.5 2.28882e-07
      vertex 0 78.5 2.28882e-07
      vertex 38.0679 62.7268 2.28882e-07
    endloop
  endfacet
  facet normal 0 0 -1
    outer loop
      vertex 38.0679 62.7268 2.28882e-07
      vertex 0 78.5 2.28882e-07
      vertex 38.121 62.9481 2.28882e-07
    endloop
  endfacet
  facet normal 0 0 -1
    outer loop
      vertex 39.0519 63.879 2.28882e-07
      vertex 0 78.5 2.28882e-07
      vertex 57 78.5 2.28882e-07
    endloop
  endfacet
  facet normal 0 0 -1
    outer loop
      vertex 38.4747 63.5253 2.28882e-07
      vertex 0 78.5 2.28882e-07
      vertex 38.6477 63.6731 2.28882e-07
    endloop
  endfacet
  facet normal 0 0 -1
    outer loop
      vertex 38.3269 63.3523 2.28882e-07
      vertex 0 78.5 2.28882e-07
      vertex 38.4747 63.5253 2.28882e-07
    endloop
  endfacet
  facet normal 0 0 -1
    outer loop
      vertex 38.208 63.1583 2.28882e-07
      vertex 0 78.5 2.28882e-07
      vertex 38.3269 63.3523 2.28882e-07
    endloop
  endfacet
  facet normal 0 0 -1
    outer loop
      vertex 38.121 62.9481 2.28882e-07
      vertex 0 78.5 2.28882e-07
      vertex 38.208 63.1583 2.28882e-07
    endloop
  endfacet
  facet normal 0 0 1
    outer loop
      vertex 10.1731 44.6477 23
      vertex 21.8269 44.6477 23
      vertex 10.292 44.8417 23
    endloop
  endfacet
  facet normal 0 0 1
    outer loop
      vertex 21.9747 30.5253 23
      vertex 10.4321 29.7268 23
      vertex 10.45 29.5 23
    endloop
  endfacet
  facet normal 0 0 1
    outer loop
      vertex 21.8269 44.6477 23
      vertex 10.1731 44.6477 23
      vertex 21.9747 44.4747 23
    endloop
  endfacet
  facet normal 0 0 1
    outer loop
      vertex 21.9747 30.5253 23
      vertex 10.379 29.9481 23
      vertex 10.4321 29.7268 23
    endloop
  endfacet
  facet normal 0 0 1
    outer loop
      vertex 10.0253 44.4747 23
      vertex 21.9747 44.4747 23
      vertex 10.1731 44.6477 23
    endloop
  endfacet
  facet normal 0 0 1
    outer loop
      vertex 21.9747 30.5253 23
      vertex 10.292 30.1583 23
      vertex 10.379 29.9481 23
    endloop
  endfacet
  facet normal 0 0 1
    outer loop
      vertex 21.9747 44.4747 23
      vertex 10.0253 44.4747 23
      vertex 21.9747 30.5253 23
    endloop
  endfacet
  facet normal 0 0 1
    outer loop
      vertex 21.9747 30.5253 23
      vertex 10.1731 30.3523 23
      vertex 10.292 30.1583 23
    endloop
  endfacet
  facet normal 0 0 1
    outer loop
      vertex 10.0253 30.5253 23
      vertex 21.9747 30.5253 23
      vertex 10.0253 44.4747 23
    endloop
  endfacet
  facet normal 0 0 1
    outer loop
      vertex 21.9747 30.5253 23
      vertex 10.0253 30.5253 23
      vertex 10.1731 30.3523 23
    endloop
  endfacet
  facet normal -0 0 1
    outer loop
      vertex 9.85229 44.3269 23
      vertex 10.0253 30.5253 23
      vertex 10.0253 44.4747 23
    endloop
  endfacet
  facet normal 0 0 1
    outer loop
      vertex 9.85229 44.3269 23
      vertex 9.85229 30.6731 23
      vertex 10.0253 30.5253 23
    endloop
  endfacet
  facet normal -0 0 1
    outer loop
      vertex 9.65829 44.208 23
      vertex 9.85229 30.6731 23
      vertex 9.85229 44.3269 23
    endloop
  endfacet
  facet normal 0 0 1
    outer loop
      vertex 9.65829 44.208 23
      vertex 9.65829 30.792 23
      vertex 9.85229 30.6731 23
    endloop
  endfacet
  facet normal -0 0 1
    outer loop
      vertex 9.44807 44.121 23
      vertex 9.65829 30.792 23
      vertex 9.65829 44.208 23
    endloop
  endfacet
  facet normal 0 0 1
    outer loop
      vertex 9.44807 44.121 23
      vertex 9.44807 30.879 23
      vertex 9.65829 30.792 23
    endloop
  endfacet
  facet normal -0 0 1
    outer loop
      vertex 9.22683 44.0679 23
      vertex 9.44807 30.879 23
      vertex 9.44807 44.121 23
    endloop
  endfacet
  facet normal 0 0 1
    outer loop
      vertex 9.22683 44.0679 23
      vertex 9.22683 30.9321 23
      vertex 9.44807 30.879 23
    endloop
  endfacet
  facet normal -0 0 1
    outer loop
      vertex 9 44.05 23
      vertex 9.22683 30.9321 23
      vertex 9.22683 44.0679 23
    endloop
  endfacet
  facet normal 0 0 1
    outer loop
      vertex 9 44.05 23
      vertex 9 30.95 23
      vertex 9.22683 30.9321 23
    endloop
  endfacet
  facet normal 0 0 1
    outer loop
      vertex 8.77317 44.0679 23
      vertex 9 30.95 23
      vertex 9 44.05 23
    endloop
  endfacet
  facet normal 0 0 1
    outer loop
      vertex 8.77317 44.0679 23
      vertex 8.77317 30.9321 23
      vertex 9 30.95 23
    endloop
  endfacet
  facet normal 0 0 1
    outer loop
      vertex 8.55192 44.121 23
      vertex 8.77317 30.9321 23
      vertex 8.77317 44.0679 23
    endloop
  endfacet
  facet normal 0 0 1
    outer loop
      vertex 8.55192 44.121 23
      vertex 8.55192 30.879 23
      vertex 8.77317 30.9321 23
    endloop
  endfacet
  facet normal 0 0 1
    outer loop
      vertex 8.34171 44.208 23
      vertex 8.55192 30.879 23
      vertex 8.55192 44.121 23
    endloop
  endfacet
  facet normal 0 0 1
    outer loop
      vertex 8.34171 44.208 23
      vertex 8.34171 30.792 23
      vertex 8.55192 30.879 23
    endloop
  endfacet
  facet normal 0 0 1
    outer loop
      vertex 8.14771 44.3269 23
      vertex 8.34171 30.792 23
      vertex 8.34171 44.208 23
    endloop
  endfacet
  facet normal 0 0 1
    outer loop
      vertex 8.14771 44.3269 23
      vertex 8.14771 30.6731 23
      vertex 8.34171 30.792 23
    endloop
  endfacet
  facet normal 0 0 1
    outer loop
      vertex 7.97469 44.4747 23
      vertex 8.14771 30.6731 23
      vertex 8.14771 44.3269 23
    endloop
  endfacet
  facet normal 0 0 1
    outer loop
      vertex 7.97469 44.4747 23
      vertex 7.97469 30.5253 23
      vertex 8.14771 30.6731 23
    endloop
  endfacet
  facet normal 0 0 1
    outer loop
      vertex 7.82693 44.6477 23
      vertex 7.97469 30.5253 23
      vertex 7.97469 44.4747 23
    endloop
  endfacet
  facet normal 0 0 1
    outer loop
      vertex 7.82693 44.6477 23
      vertex 7.82693 30.3523 23
      vertex 7.97469 30.5253 23
    endloop
  endfacet
  facet normal 0 0 1
    outer loop
      vertex 7.70804 44.8417 23
      vertex 7.82693 30.3523 23
      vertex 7.82693 44.6477 23
    endloop
  endfacet
  facet normal 0 0 1
    outer loop
      vertex 7.70804 44.8417 23
      vertex 7.70804 30.1583 23
      vertex 7.82693 30.3523 23
    endloop
  endfacet
  facet normal 0 0 1
    outer loop
      vertex 7.62097 45.0519 23
      vertex 7.70804 30.1583 23
      vertex 7.70804 44.8417 23
    endloop
  endfacet
  facet normal 0 0 1
    outer loop
      vertex 7.62097 45.0519 23
      vertex 7.62097 29.9481 23
      vertex 7.70804 30.1583 23
    endloop
  endfacet
  facet normal 0 0 1
    outer loop
      vertex 7.56785 45.2732 23
      vertex 7.62097 29.9481 23
      vertex 7.62097 45.0519 23
    endloop
  endfacet
  facet normal 0 0 1
    outer loop
      vertex 7.56785 45.2732 23
      vertex 7.56785 29.7268 23
      vertex 7.62097 29.9481 23
    endloop
  endfacet
  facet normal 0 0 1
    outer loop
      vertex 7.55 45.5 23
      vertex 7.56785 29.7268 23
      vertex 7.56785 45.2732 23
    endloop
  endfacet
  facet normal 0 0 1
    outer loop
      vertex 7.56785 29.7268 23
      vertex 7.55 45.5 23
      vertex 7.55 29.5 23
    endloop
  endfacet
  facet normal -0 0 1
    outer loop
      vertex 24.379 45.0519 23
      vertex 38 21.5 23
      vertex 24.4321 45.2732 23
    endloop
  endfacet
  facet normal 0 0 1
    outer loop
      vertex 38 21.5 23
      vertex 24.4321 29.7268 23
      vertex 24.45 29.5 23
    endloop
  endfacet
  facet normal -0 0 1
    outer loop
      vertex 24.292 44.8417 23
      vertex 38 21.5 23
      vertex 24.379 45.0519 23
    endloop
  endfacet
  facet normal 0 0 1
    outer loop
      vertex 38 21.5 23
      vertex 24.379 29.9481 23
      vertex 24.4321 29.7268 23
    endloop
  endfacet
  facet normal -0 0 1
    outer loop
      vertex 24.292 30.1583 23
      vertex 38 21.5 23
      vertex 24.292 44.8417 23
    endloop
  endfacet
  facet normal 0 0 1
    outer loop
      vertex 38 21.5 23
      vertex 24.292 30.1583 23
      vertex 24.379 29.9481 23
    endloop
  endfacet
  facet normal -0 0 1
    outer loop
      vertex 24.1731 44.6477 23
      vertex 24.292 30.1583 23
      vertex 24.292 44.8417 23
    endloop
  endfacet
  facet normal 0 0 1
    outer loop
      vertex 24.1731 44.6477 23
      vertex 24.1731 30.3523 23
      vertex 24.292 30.1583 23
    endloop
  endfacet
  facet normal -0 0 1
    outer loop
      vertex 24.0253 44.4747 23
      vertex 24.1731 30.3523 23
      vertex 24.1731 44.6477 23
    endloop
  endfacet
  facet normal 0 0 1
    outer loop
      vertex 24.0253 44.4747 23
      vertex 24.0253 30.5253 23
      vertex 24.1731 30.3523 23
    endloop
  endfacet
  facet normal -0 0 1
    outer loop
      vertex 23.8523 44.3269 23
      vertex 24.0253 30.5253 23
      vertex 24.0253 44.4747 23
    endloop
  endfacet
  facet normal 0 0 1
    outer loop
      vertex 23.8523 44.3269 23
      vertex 23.8523 30.6731 23
      vertex 24.0253 30.5253 23
    endloop
  endfacet
  facet normal -0 0 1
    outer loop
      vertex 23.6583 44.208 23
      vertex 23.8523 30.6731 23
      vertex 23.8523 44.3269 23
    endloop
  endfacet
  facet normal 0 0 1
    outer loop
      vertex 23.6583 44.208 23
      vertex 23.6583 30.792 23
      vertex 23.8523 30.6731 23
    endloop
  endfacet
  facet normal -0 0 1
    outer loop
      vertex 23.4481 44.121 23
      vertex 23.6583 30.792 23
      vertex 23.6583 44.208 23
    endloop
  endfacet
  facet normal 0 0 1
    outer loop
      vertex 23.4481 44.121 23
      vertex 23.4481 30.879 23
      vertex 23.6583 30.792 23
    endloop
  endfacet
  facet normal -0 0 1
    outer loop
      vertex 23.2268 44.0679 23
      vertex 23.4481 30.879 23
      vertex 23.4481 44.121 23
    endloop
  endfacet
  facet normal 0 0 1
    outer loop
      vertex 23.2268 44.0679 23
      vertex 23.2268 30.9321 23
      vertex 23.4481 30.879 23
    endloop
  endfacet
  facet normal -0 0 1
    outer loop
      vertex 23 44.05 23
      vertex 23.2268 30.9321 23
      vertex 23.2268 44.0679 23
    endloop
  endfacet
  facet normal 0 0 1
    outer loop
      vertex 23 44.05 23
      vertex 23 30.95 23
      vertex 23.2268 30.9321 23
    endloop
  endfacet
  facet normal 0 0 1
    outer loop
      vertex 22.7732 44.0679 23
      vertex 23 30.95 23
      vertex 23 44.05 23
    endloop
  endfacet
  facet normal 0 0 1
    outer loop
      vertex 22.7732 44.0679 23
      vertex 22.7732 30.9321 23
      vertex 23 30.95 23
    endloop
  endfacet
  facet normal 0 0 1
    outer loop
      vertex 22.5519 44.121 23
      vertex 22.7732 30.9321 23
      vertex 22.7732 44.0679 23
    endloop
  endfacet
  facet normal 0 0 1
    outer loop
      vertex 22.5519 44.121 23
      vertex 22.5519 30.879 23
      vertex 22.7732 30.9321 23
    endloop
  endfacet
  facet normal 0 0 1
    outer loop
      vertex 22.3417 44.208 23
      vertex 22.5519 30.879 23
      vertex 22.5519 44.121 23
    endloop
  endfacet
  facet normal 0 0 1
    outer loop
      vertex 22.3417 44.208 23
      vertex 22.3417 30.792 23
      vertex 22.5519 30.879 23
    endloop
  endfacet
  facet normal 0 0 1
    outer loop
      vertex 22.1477 44.3269 23
      vertex 22.3417 30.792 23
      vertex 22.3417 44.208 23
    endloop
  endfacet
  facet normal 0 0 1
    outer loop
      vertex 22.1477 44.3269 23
      vertex 22.1477 30.6731 23
      vertex 22.3417 30.792 23
    endloop
  endfacet
  facet normal 0 0 1
    outer loop
      vertex 21.9747 44.4747 23
      vertex 22.1477 30.6731 23
      vertex 22.1477 44.3269 23
    endloop
  endfacet
  facet normal 0 0 1
    outer loop
      vertex 21.9747 44.4747 23
      vertex 21.9747 30.5253 23
      vertex 22.1477 30.6731 23
    endloop
  endfacet
  facet normal 0 0 1
    outer loop
      vertex 21.621 45.0519 23
      vertex 10.379 45.0519 23
      vertex 21.708 44.8417 23
    endloop
  endfacet
  facet normal 0 0 1
    outer loop
      vertex 10.292 44.8417 23
      vertex 21.708 44.8417 23
      vertex 10.379 45.0519 23
    endloop
  endfacet
  facet normal 0 0 1
    outer loop
      vertex 10.379 45.0519 23
      vertex 21.621 45.0519 23
      vertex 10.4321 45.2732 23
    endloop
  endfacet
  facet normal 0 0 1
    outer loop
      vertex 21.708 44.8417 23
      vertex 10.292 44.8417 23
      vertex 21.8269 44.6477 23
    endloop
  endfacet
  facet normal 0 0 1
    outer loop
      vertex 21.5679 45.2732 23
      vertex 10.4321 45.2732 23
      vertex 21.621 45.0519 23
    endloop
  endfacet
  facet normal 0 0 1
    outer loop
      vertex 21.9747 30.5253 23
      vertex 10.45 29.5 23
      vertex 21.8269 30.3523 23
    endloop
  endfacet
  facet normal 0 0 1
    outer loop
      vertex 10.4321 45.2732 23
      vertex 21.5679 45.2732 23
      vertex 10.45 45.5 23
    endloop
  endfacet
  facet normal 0 0 1
    outer loop
      vertex 21.8269 30.3523 23
      vertex 10.45 29.5 23
      vertex 21.708 30.1583 23
    endloop
  endfacet
  facet normal -0 0 1
    outer loop
      vertex 10.45 45.5 23
      vertex 21.5679 45.2732 23
      vertex 21.55 45.5 23
    endloop
  endfacet
  facet normal 0 0 1
    outer loop
      vertex 21.708 30.1583 23
      vertex 10.45 29.5 23
      vertex 21.621 29.9481 23
    endloop
  endfacet
  facet normal -0 0 1
    outer loop
      vertex 24.4321 45.7268 23
      vertex 57 21.5 23
      vertex 57 78.5 23
    endloop
  endfacet
  facet normal 0 0 1
    outer loop
      vertex 57 21.5 23
      vertex 24.4321 45.2732 23
      vertex 38 21.5 23
    endloop
  endfacet
  facet normal -0 0 1
    outer loop
      vertex 24.4321 45.2732 23
      vertex 57 21.5 23
      vertex 24.45 45.5 23
    endloop
  endfacet
  facet normal 0 0 1
    outer loop
      vertex 57 21.5 23
      vertex 24.4321 45.7268 23
      vertex 24.45 45.5 23
    endloop
  endfacet
  facet normal 0 0 1
    outer loop
      vertex 57 78.5 23
      vertex 24.379 45.9481 23
      vertex 24.4321 45.7268 23
    endloop
  endfacet
  facet normal 0 0 1
    outer loop
      vertex 57 78.5 23
      vertex 24.292 46.1583 23
      vertex 24.379 45.9481 23
    endloop
  endfacet
  facet normal 0 0 1
    outer loop
      vertex 57 78.5 23
      vertex 24.1731 46.3523 23
      vertex 24.292 46.1583 23
    endloop
  endfacet
  facet normal 0 0 1
    outer loop
      vertex 57 78.5 23
      vertex 24.0253 46.5253 23
      vertex 24.1731 46.3523 23
    endloop
  endfacet
  facet normal 0 0 1
    outer loop
      vertex 57 78.5 23
      vertex 23.8523 46.6731 23
      vertex 24.0253 46.5253 23
    endloop
  endfacet
  facet normal 0 0 1
    outer loop
      vertex 57 78.5 23
      vertex 23.6583 46.792 23
      vertex 23.8523 46.6731 23
    endloop
  endfacet
  facet normal 0 0 1
    outer loop
      vertex 57 78.5 23
      vertex 23.4481 46.879 23
      vertex 23.6583 46.792 23
    endloop
  endfacet
  facet normal 0 0 1
    outer loop
      vertex 57 78.5 23
      vertex 23.2268 46.9321 23
      vertex 23.4481 46.879 23
    endloop
  endfacet
  facet normal -0 0 1
    outer loop
      vertex 0 78.5 23
      vertex 23.2268 46.9321 23
      vertex 57 78.5 23
    endloop
  endfacet
  facet normal 0 0 1
    outer loop
      vertex 23.2268 46.9321 23
      vertex 0 78.5 23
      vertex 23 46.95 23
    endloop
  endfacet
  facet normal 0 0 1
    outer loop
      vertex 23 46.95 23
      vertex 0 78.5 23
      vertex 22.7732 46.9321 23
    endloop
  endfacet
  facet normal 0 0 1
    outer loop
      vertex 22.7732 46.9321 23
      vertex 0 78.5 23
      vertex 22.5519 46.879 23
    endloop
  endfacet
  facet normal 0 -0 1
    outer loop
      vertex 9.44807 46.879 23
      vertex 22.5519 46.879 23
      vertex 0 78.5 23
    endloop
  endfacet
  facet normal 0 0 1
    outer loop
      vertex 22.5519 46.879 23
      vertex 9.44807 46.879 23
      vertex 22.3417 46.792 23
    endloop
  endfacet
  facet normal 0 0 1
    outer loop
      vertex 21.621 29.9481 23
      vertex 10.45 29.5 23
      vertex 21.5679 29.7268 23
    endloop
  endfacet
  facet normal 0 0 1
    outer loop
      vertex 21.5679 45.7268 23
      vertex 10.45 45.5 23
      vertex 21.55 45.5 23
    endloop
  endfacet
  facet normal 0 0 1
    outer loop
      vertex 10.4321 45.7268 23
      vertex 21.5679 45.7268 23
      vertex 21.621 45.9481 23
    endloop
  endfacet
  facet normal 0 0 1
    outer loop
      vertex 10.379 45.9481 23
      vertex 21.621 45.9481 23
      vertex 21.708 46.1583 23
    endloop
  endfacet
  facet normal 0 0 1
    outer loop
      vertex 10.292 46.1583 23
      vertex 21.708 46.1583 23
      vertex 21.8269 46.3523 23
    endloop
  endfacet
  facet normal 0 0 1
    outer loop
      vertex 10.1731 46.3523 23
      vertex 21.8269 46.3523 23
      vertex 21.9747 46.5253 23
    endloop
  endfacet
  facet normal 0 -0 1
    outer loop
      vertex 9.65829 46.792 23
      vertex 22.3417 46.792 23
      vertex 9.44807 46.879 23
    endloop
  endfacet
  facet normal 0 0 1
    outer loop
      vertex 21.5679 45.7268 23
      vertex 10.4321 45.7268 23
      vertex 10.45 45.5 23
    endloop
  endfacet
  facet normal 0 0 1
    outer loop
      vertex 21.621 45.9481 23
      vertex 10.379 45.9481 23
      vertex 10.4321 45.7268 23
    endloop
  endfacet
  facet normal 0 0 1
    outer loop
      vertex 21.708 46.1583 23
      vertex 10.292 46.1583 23
      vertex 10.379 45.9481 23
    endloop
  endfacet
  facet normal 0 0 1
    outer loop
      vertex 21.8269 46.3523 23
      vertex 10.1731 46.3523 23
      vertex 10.292 46.1583 23
    endloop
  endfacet
  facet normal 0 0 1
    outer loop
      vertex 21.9747 46.5253 23
      vertex 10.0253 46.5253 23
      vertex 10.1731 46.3523 23
    endloop
  endfacet
  facet normal 0 0 1
    outer loop
      vertex 21.9747 46.5253 23
      vertex 9.85229 46.6731 23
      vertex 10.0253 46.5253 23
    endloop
  endfacet
  facet normal 0 0 1
    outer loop
      vertex 22.3417 46.792 23
      vertex 9.65829 46.792 23
      vertex 22.1477 46.6731 23
    endloop
  endfacet
  facet normal 0 0 1
    outer loop
      vertex 22.1477 46.6731 23
      vertex 9.85229 46.6731 23
      vertex 21.9747 46.5253 23
    endloop
  endfacet
  facet normal 0 -0 1
    outer loop
      vertex 9.85229 46.6731 23
      vertex 22.1477 46.6731 23
      vertex 9.65829 46.792 23
    endloop
  endfacet
  facet normal 0 0 1
    outer loop
      vertex 9.44807 46.879 23
      vertex 0 78.5 23
      vertex 9.22683 46.9321 23
    endloop
  endfacet
  facet normal 0 0 1
    outer loop
      vertex 9.22683 46.9321 23
      vertex 0 78.5 23
      vertex 9 46.95 23
    endloop
  endfacet
  facet normal 0 0 1
    outer loop
      vertex 9 46.95 23
      vertex 0 78.5 23
      vertex 8.77317 46.9321 23
    endloop
  endfacet
  facet normal 0 0 1
    outer loop
      vertex 8.77317 46.9321 23
      vertex 0 78.5 23
      vertex 8.55192 46.879 23
    endloop
  endfacet
  facet normal 0 0 1
    outer loop
      vertex 8.55192 46.879 23
      vertex 0 78.5 23
      vertex 8.34171 46.792 23
    endloop
  endfacet
  facet normal 0 0 1
    outer loop
      vertex 7.55 45.5 23
      vertex 0 78.5 23
      vertex 7.55 29.5 23
    endloop
  endfacet
  facet normal 0 0 1
    outer loop
      vertex 7.56785 45.7268 23
      vertex 0 78.5 23
      vertex 7.55 45.5 23
    endloop
  endfacet
  facet normal 0 0 1
    outer loop
      vertex 7.62097 45.9481 23
      vertex 0 78.5 23
      vertex 7.56785 45.7268 23
    endloop
  endfacet
  facet normal 0 0 1
    outer loop
      vertex 7.70804 46.1583 23
      vertex 0 78.5 23
      vertex 7.62097 45.9481 23
    endloop
  endfacet
  facet normal 0 0 1
    outer loop
      vertex 7.82693 46.3523 23
      vertex 0 78.5 23
      vertex 7.70804 46.1583 23
    endloop
  endfacet
  facet normal 0 0 1
    outer loop
      vertex 7.97469 46.5253 23
      vertex 0 78.5 23
      vertex 7.82693 46.3523 23
    endloop
  endfacet
  facet normal 0 0 1
    outer loop
      vertex 8.14771 46.6731 23
      vertex 0 78.5 23
      vertex 7.97469 46.5253 23
    endloop
  endfacet
  facet normal 0 0 1
    outer loop
      vertex 8.34171 46.792 23
      vertex 0 78.5 23
      vertex 8.14771 46.6731 23
    endloop
  endfacet
  facet normal -0 0 1
    outer loop
      vertex 24.4321 29.2732 23
      vertex 38 21.5 23
      vertex 24.45 29.5 23
    endloop
  endfacet
  facet normal -0 0 1
    outer loop
      vertex 24.379 29.0519 23
      vertex 38 21.5 23
      vertex 24.4321 29.2732 23
    endloop
  endfacet
  facet normal -0 0 1
    outer loop
      vertex 24.292 28.8417 23
      vertex 38 21.5 23
      vertex 24.379 29.0519 23
    endloop
  endfacet
  facet normal -0 0 1
    outer loop
      vertex 24.1731 28.6477 23
      vertex 38 21.5 23
      vertex 24.292 28.8417 23
    endloop
  endfacet
  facet normal -0 0 1
    outer loop
      vertex 24.0253 28.4747 23
      vertex 38 21.5 23
      vertex 24.1731 28.6477 23
    endloop
  endfacet
  facet normal -0 0 1
    outer loop
      vertex 23.8523 28.3269 23
      vertex 38 21.5 23
      vertex 24.0253 28.4747 23
    endloop
  endfacet
  facet normal -0 0 1
    outer loop
      vertex 23.6583 28.208 23
      vertex 38 21.5 23
      vertex 23.8523 28.3269 23
    endloop
  endfacet
  facet normal -0 0 1
    outer loop
      vertex 23.4481 28.121 23
      vertex 38 21.5 23
      vertex 23.6583 28.208 23
    endloop
  endfacet
  facet normal -0 0 1
    outer loop
      vertex 23.2268 28.0679 23
      vertex 38 21.5 23
      vertex 23.4481 28.121 23
    endloop
  endfacet
  facet normal 0 0 1
    outer loop
      vertex 38 21.5 23
      vertex 23.2268 28.0679 23
      vertex 23 0 23
    endloop
  endfacet
  facet normal 0 0 1
    outer loop
      vertex 23 0 23
      vertex 23.2268 28.0679 23
      vertex 23 28.05 23
    endloop
  endfacet
  facet normal 0 0 1
    outer loop
      vertex 38 21.5 23
      vertex 23 0 23
      vertex 38 0 23
    endloop
  endfacet
  facet normal 0 0 1
    outer loop
      vertex 22.7732 28.0679 23
      vertex 23 0 23
      vertex 23 28.05 23
    endloop
  endfacet
  facet normal 0 0 1
    outer loop
      vertex 22.5519 28.121 23
      vertex 23 0 23
      vertex 22.7732 28.0679 23
    endloop
  endfacet
  facet normal 0 0 1
    outer loop
      vertex 22.3417 28.208 23
      vertex 23 0 23
      vertex 22.5519 28.121 23
    endloop
  endfacet
  facet normal -0 0 1
    outer loop
      vertex 9.65829 28.208 23
      vertex 23 0 23
      vertex 22.3417 28.208 23
    endloop
  endfacet
  facet normal 0 0 1
    outer loop
      vertex 9.65829 28.208 23
      vertex 22.3417 28.208 23
      vertex 22.1477 28.3269 23
    endloop
  endfacet
  facet normal 0 0 1
    outer loop
      vertex 9.85229 28.3269 23
      vertex 22.1477 28.3269 23
      vertex 21.9747 28.4747 23
    endloop
  endfacet
  facet normal 0 0 1
    outer loop
      vertex 10.0253 28.4747 23
      vertex 21.9747 28.4747 23
      vertex 21.8269 28.6477 23
    endloop
  endfacet
  facet normal 0 0 1
    outer loop
      vertex 10.1731 28.6477 23
      vertex 21.8269 28.6477 23
      vertex 21.708 28.8417 23
    endloop
  endfacet
  facet normal 0 0 1
    outer loop
      vertex 10.292 28.8417 23
      vertex 21.708 28.8417 23
      vertex 21.621 29.0519 23
    endloop
  endfacet
  facet normal 0 0 1
    outer loop
      vertex 10.379 29.0519 23
      vertex 21.621 29.0519 23
      vertex 21.5679 29.2732 23
    endloop
  endfacet
  facet normal 0 0 1
    outer loop
      vertex 10.4321 29.2732 23
      vertex 21.5679 29.2732 23
      vertex 21.55 29.5 23
    endloop
  endfacet
  facet normal 0 0 1
    outer loop
      vertex 21.5679 29.7268 23
      vertex 10.45 29.5 23
      vertex 21.55 29.5 23
    endloop
  endfacet
  facet normal 0 0 1
    outer loop
      vertex 10.4321 29.2732 23
      vertex 21.55 29.5 23
      vertex 10.45 29.5 23
    endloop
  endfacet
  facet normal 0 0 1
    outer loop
      vertex 21.5679 29.2732 23
      vertex 10.4321 29.2732 23
      vertex 10.379 29.0519 23
    endloop
  endfacet
  facet normal 0 0 1
    outer loop
      vertex 21.621 29.0519 23
      vertex 10.379 29.0519 23
      vertex 10.292 28.8417 23
    endloop
  endfacet
  facet normal 0 0 1
    outer loop
      vertex 21.708 28.8417 23
      vertex 10.292 28.8417 23
      vertex 10.1731 28.6477 23
    endloop
  endfacet
  facet normal 0 0 1
    outer loop
      vertex 21.8269 28.6477 23
      vertex 10.1731 28.6477 23
      vertex 10.0253 28.4747 23
    endloop
  endfacet
  facet normal 0 0 1
    outer loop
      vertex 21.9747 28.4747 23
      vertex 10.0253 28.4747 23
      vertex 9.85229 28.3269 23
    endloop
  endfacet
  facet normal 0 0 1
    outer loop
      vertex 22.1477 28.3269 23
      vertex 9.85229 28.3269 23
      vertex 9.65829 28.208 23
    endloop
  endfacet
  facet normal -0 0 1
    outer loop
      vertex 9.44807 28.121 23
      vertex 23 0 23
      vertex 9.65829 28.208 23
    endloop
  endfacet
  facet normal -0 0 1
    outer loop
      vertex 9.22683 28.0679 23
      vertex 23 0 23
      vertex 9.44807 28.121 23
    endloop
  endfacet
  facet normal -0 0 1
    outer loop
      vertex 9 28.05 23
      vertex 23 0 23
      vertex 9.22683 28.0679 23
    endloop
  endfacet
  facet normal 0 0 1
    outer loop
      vertex 23 0 23
      vertex 9 28.05 23
      vertex 0 -3.5 23
    endloop
  endfacet
  facet normal 0 0 1
    outer loop
      vertex 0 -3.5 23
      vertex 9 28.05 23
      vertex 8.77317 28.0679 23
    endloop
  endfacet
  facet normal 0 0 1
    outer loop
      vertex 0 -3.5 23
      vertex 8.77317 28.0679 23
      vertex 8.55192 28.121 23
    endloop
  endfacet
  facet normal 0 0 1
    outer loop
      vertex 0 -3.5 23
      vertex 8.55192 28.121 23
      vertex 8.34171 28.208 23
    endloop
  endfacet
  facet normal 0 0 1
    outer loop
      vertex 0 -3.5 23
      vertex 8.34171 28.208 23
      vertex 8.14771 28.3269 23
    endloop
  endfacet
  facet normal 0 0 1
    outer loop
      vertex 0 -3.5 23
      vertex 8.14771 28.3269 23
      vertex 7.97469 28.4747 23
    endloop
  endfacet
  facet normal 0 0 1
    outer loop
      vertex 0 -3.5 23
      vertex 7.97469 28.4747 23
      vertex 7.82693 28.6477 23
    endloop
  endfacet
  facet normal 0 0 1
    outer loop
      vertex 0 -3.5 23
      vertex 7.82693 28.6477 23
      vertex 7.70804 28.8417 23
    endloop
  endfacet
  facet normal 0 0 1
    outer loop
      vertex 0 -3.5 23
      vertex 7.55 29.5 23
      vertex 0 78.5 23
    endloop
  endfacet
  facet normal 0 0 1
    outer loop
      vertex 23 0 23
      vertex 0 -3.5 23
      vertex 23 -3.5 23
    endloop
  endfacet
  facet normal 0 0 1
    outer loop
      vertex 7.62097 29.0519 23
      vertex 0 -3.5 23
      vertex 7.70804 28.8417 23
    endloop
  endfacet
  facet normal 0 0 1
    outer loop
      vertex 7.56785 29.2732 23
      vertex 0 -3.5 23
      vertex 7.62097 29.0519 23
    endloop
  endfacet
  facet normal 0 0 1
    outer loop
      vertex 7.55 29.5 23
      vertex 0 -3.5 23
      vertex 7.56785 29.2732 23
    endloop
  endfacet
  facet normal -1 0 0
    outer loop
      vertex 0 -3.5 2.28882e-07
      vertex 0 78.5 23
      vertex 0 78.5 2.28882e-07
    endloop
  endfacet
  facet normal -1 -0 0
    outer loop
      vertex 0 78.5 23
      vertex 0 -3.5 2.28882e-07
      vertex 0 -3.5 23
    endloop
  endfacet
  facet normal 0 -1 0
    outer loop
      vertex 0 -3.5 23
      vertex 9.49197 -3.5 20.24
      vertex 23 -3.5 23
    endloop
  endfacet
  facet normal 0 -1 0
    outer loop
      vertex 0 -3.5 23
      vertex 6.12599 -3.5 16.874
      vertex 9.49197 -3.5 20.24
    endloop
  endfacet
  facet normal 0 -1 0
    outer loop
      vertex 0 -3.5 23
      vertex 5.35147 -3.5 15.9672
      vertex 6.12599 -3.5 16.874
    endloop
  endfacet
  facet normal 0 -1 0
    outer loop
      vertex 0 -3.5 23
      vertex 4.72836 -3.5 14.9503
      vertex 5.35147 -3.5 15.9672
    endloop
  endfacet
  facet normal 0 -1 0
    outer loop
      vertex 0 -3.5 23
      vertex 4.27197 -3.5 13.8485
      vertex 4.72836 -3.5 14.9503
    endloop
  endfacet
  facet normal 0 -1 0
    outer loop
      vertex 0 -3.5 23
      vertex 3.99358 -3.5 12.6889
      vertex 4.27197 -3.5 13.8485
    endloop
  endfacet
  facet normal 0 -1 0
    outer loop
      vertex 0 -3.5 23
      vertex 3.90001 -3.5 11.5
      vertex 3.99358 -3.5 12.6889
    endloop
  endfacet
  facet normal 0 -1 0
    outer loop
      vertex 0 -3.5 2.28882e-07
      vertex 3.90001 -3.5 11.5
      vertex 0 -3.5 23
    endloop
  endfacet
  facet normal 0 -1 -0
    outer loop
      vertex 3.90001 -3.5 11.5
      vertex 0 -3.5 2.28882e-07
      vertex 3.99358 -3.5 10.3111
    endloop
  endfacet
  facet normal 0 -1 -0
    outer loop
      vertex 10.3111 -3.5 3.99358
      vertex 0 -3.5 2.28882e-07
      vertex 11.5 -3.5 3.90001
    endloop
  endfacet
  facet normal 0 -1 -0
    outer loop
      vertex 9.15147 -3.5 4.27197
      vertex 0 -3.5 2.28882e-07
      vertex 10.3111 -3.5 3.99358
    endloop
  endfacet
  facet normal 0 -1 -0
    outer loop
      vertex 8.04968 -3.5 4.72836
      vertex 0 -3.5 2.28882e-07
      vertex 9.15147 -3.5 4.27197
    endloop
  endfacet
  facet normal 0 -1 -0
    outer loop
      vertex 7.03284 -3.5 5.35147
      vertex 0 -3.5 2.28882e-07
      vertex 8.04968 -3.5 4.72836
    endloop
  endfacet
  facet normal 0 -1 -0
    outer loop
      vertex 6.12599 -3.5 6.12599
      vertex 0 -3.5 2.28882e-07
      vertex 7.03284 -3.5 5.35147
    endloop
  endfacet
  facet normal 0 -1 -0
    outer loop
      vertex 5.35147 -3.5 7.03284
      vertex 0 -3.5 2.28882e-07
      vertex 6.12599 -3.5 6.12599
    endloop
  endfacet
  facet normal 0 -1 -0
    outer loop
      vertex 4.72836 -3.5 8.04968
      vertex 0 -3.5 2.28882e-07
      vertex 5.35147 -3.5 7.03284
    endloop
  endfacet
  facet normal 0 -1 -0
    outer loop
      vertex 4.27197 -3.5 9.15147
      vertex 0 -3.5 2.28882e-07
      vertex 4.72836 -3.5 8.04968
    endloop
  endfacet
  facet normal 0 -1 -0
    outer loop
      vertex 3.99358 -3.5 10.3111
      vertex 0 -3.5 2.28882e-07
      vertex 4.27197 -3.5 9.15147
    endloop
  endfacet
  facet normal 0 -1 0
    outer loop
      vertex 13.508 -3.5 20.24
      vertex 23 -3.5 23
      vertex 9.49197 -3.5 20.24
    endloop
  endfacet
  facet normal 0 -1 0
    outer loop
      vertex 16.874 -3.5 16.874
      vertex 23 -3.5 23
      vertex 13.508 -3.5 20.24
    endloop
  endfacet
  facet normal 0 -1 0
    outer loop
      vertex 17.6485 -3.5 15.9672
      vertex 23 -3.5 23
      vertex 16.874 -3.5 16.874
    endloop
  endfacet
  facet normal 0 -1 0
    outer loop
      vertex 18.2716 -3.5 14.9503
      vertex 23 -3.5 23
      vertex 17.6485 -3.5 15.9672
    endloop
  endfacet
  facet normal 0 -1 0
    outer loop
      vertex 18.728 -3.5 13.8485
      vertex 23 -3.5 23
      vertex 18.2716 -3.5 14.9503
    endloop
  endfacet
  facet normal 0 -1 0
    outer loop
      vertex 19.0064 -3.5 12.6889
      vertex 23 -3.5 23
      vertex 18.728 -3.5 13.8485
    endloop
  endfacet
  facet normal 0 -1 0
    outer loop
      vertex 19.1 -3.5 11.5
      vertex 23 -3.5 23
      vertex 19.0064 -3.5 12.6889
    endloop
  endfacet
  facet normal 0 -1 0
    outer loop
      vertex 23 -3.5 2.28882e-07
      vertex 19.1 -3.5 11.5
      vertex 19.0064 -3.5 10.3111
    endloop
  endfacet
  facet normal 0 -1 0
    outer loop
      vertex 23 -3.5 2.28882e-07
      vertex 19.0064 -3.5 10.3111
      vertex 18.728 -3.5 9.15147
    endloop
  endfacet
  facet normal 0 -1 0
    outer loop
      vertex 23 -3.5 2.28882e-07
      vertex 11.5 -3.5 3.90001
      vertex 0 -3.5 2.28882e-07
    endloop
  endfacet
  facet normal 0 -1 0
    outer loop
      vertex 11.5 -3.5 3.90001
      vertex 23 -3.5 2.28882e-07
      vertex 12.6889 -3.5 3.99358
    endloop
  endfacet
  facet normal 0 -1 0
    outer loop
      vertex 19.1 -3.5 11.5
      vertex 23 -3.5 2.28882e-07
      vertex 23 -3.5 23
    endloop
  endfacet
  facet normal 0 -1 0
    outer loop
      vertex 18.2716 -3.5 8.04968
      vertex 23 -3.5 2.28882e-07
      vertex 18.728 -3.5 9.15147
    endloop
  endfacet
  facet normal 0 -1 0
    outer loop
      vertex 17.6485 -3.5 7.03284
      vertex 23 -3.5 2.28882e-07
      vertex 18.2716 -3.5 8.04968
    endloop
  endfacet
  facet normal 0 -1 0
    outer loop
      vertex 16.874 -3.5 6.12599
      vertex 23 -3.5 2.28882e-07
      vertex 17.6485 -3.5 7.03284
    endloop
  endfacet
  facet normal 0 -1 0
    outer loop
      vertex 15.9672 -3.5 5.35147
      vertex 23 -3.5 2.28882e-07
      vertex 16.874 -3.5 6.12599
    endloop
  endfacet
  facet normal 0 -1 0
    outer loop
      vertex 14.9503 -3.5 4.72836
      vertex 23 -3.5 2.28882e-07
      vertex 15.9672 -3.5 5.35147
    endloop
  endfacet
  facet normal 0 -1 0
    outer loop
      vertex 13.8485 -3.5 4.27197
      vertex 23 -3.5 2.28882e-07
      vertex 14.9503 -3.5 4.72836
    endloop
  endfacet
  facet normal 0 -1 0
    outer loop
      vertex 12.6889 -3.5 3.99358
      vertex 23 -3.5 2.28882e-07
      vertex 13.8485 -3.5 4.27197
    endloop
  endfacet
  facet normal 0 1 0
    outer loop
      vertex 57 78.5 23
      vertex 13.508 78.5 20.24
      vertex 0 78.5 23
    endloop
  endfacet
  facet normal 0 1 0
    outer loop
      vertex 57 78.5 23
      vertex 16.874 78.5 16.874
      vertex 13.508 78.5 20.24
    endloop
  endfacet
  facet normal 0 1 0
    outer loop
      vertex 57 78.5 23
      vertex 17.6485 78.5 15.9672
      vertex 16.874 78.5 16.874
    endloop
  endfacet
  facet normal 0 1 0
    outer loop
      vertex 57 78.5 23
      vertex 18.2716 78.5 14.9503
      vertex 17.6485 78.5 15.9672
    endloop
  endfacet
  facet normal 0 1 0
    outer loop
      vertex 57 78.5 23
      vertex 18.728 78.5 13.8485
      vertex 18.2716 78.5 14.9503
    endloop
  endfacet
  facet normal 0 1 0
    outer loop
      vertex 57 78.5 23
      vertex 19.0064 78.5 12.6889
      vertex 18.728 78.5 13.8485
    endloop
  endfacet
  facet normal 0 1 0
    outer loop
      vertex 57 78.5 23
      vertex 19.1 78.5 11.5
      vertex 19.0064 78.5 12.6889
    endloop
  endfacet
  facet normal 0 1 -0
    outer loop
      vertex 57 78.5 2.28882e-07
      vertex 19.1 78.5 11.5
      vertex 57 78.5 23
    endloop
  endfacet
  facet normal 0 1 0
    outer loop
      vertex 19.1 78.5 11.5
      vertex 57 78.5 2.28882e-07
      vertex 19.0064 78.5 10.3111
    endloop
  endfacet
  facet normal 0 1 0
    outer loop
      vertex 19.0064 78.5 10.3111
      vertex 57 78.5 2.28882e-07
      vertex 18.728 78.5 9.15147
    endloop
  endfacet
  facet normal 0 1 0
    outer loop
      vertex 18.728 78.5 9.15147
      vertex 57 78.5 2.28882e-07
      vertex 18.2716 78.5 8.04968
    endloop
  endfacet
  facet normal 0 1 0
    outer loop
      vertex 18.2716 78.5 8.04968
      vertex 57 78.5 2.28882e-07
      vertex 17.6485 78.5 7.03284
    endloop
  endfacet
  facet normal 0 1 0
    outer loop
      vertex 17.6485 78.5 7.03284
      vertex 57 78.5 2.28882e-07
      vertex 16.874 78.5 6.12599
    endloop
  endfacet
  facet normal 0 1 0
    outer loop
      vertex 16.874 78.5 6.12599
      vertex 57 78.5 2.28882e-07
      vertex 15.9672 78.5 5.35147
    endloop
  endfacet
  facet normal 0 1 0
    outer loop
      vertex 0 78.5 2.28882e-07
      vertex 12.6889 78.5 3.99358
      vertex 57 78.5 2.28882e-07
    endloop
  endfacet
  facet normal 0 1 0
    outer loop
      vertex 13.8485 78.5 4.27197
      vertex 57 78.5 2.28882e-07
      vertex 12.6889 78.5 3.99358
    endloop
  endfacet
  facet normal 0 1 0
    outer loop
      vertex 14.9503 78.5 4.72836
      vertex 57 78.5 2.28882e-07
      vertex 13.8485 78.5 4.27197
    endloop
  endfacet
  facet normal 0 1 0
    outer loop
      vertex 15.9672 78.5 5.35147
      vertex 57 78.5 2.28882e-07
      vertex 14.9503 78.5 4.72836
    endloop
  endfacet
  facet normal 0 1 -0
    outer loop
      vertex 9.49197 78.5 20.24
      vertex 0 78.5 23
      vertex 13.508 78.5 20.24
    endloop
  endfacet
  facet normal 0 1 -0
    outer loop
      vertex 6.12599 78.5 16.874
      vertex 0 78.5 23
      vertex 9.49197 78.5 20.24
    endloop
  endfacet
  facet normal 0 1 -0
    outer loop
      vertex 5.35147 78.5 15.9672
      vertex 0 78.5 23
      vertex 6.12599 78.5 16.874
    endloop
  endfacet
  facet normal 0 1 -0
    outer loop
      vertex 4.72836 78.5 14.9503
      vertex 0 78.5 23
      vertex 5.35147 78.5 15.9672
    endloop
  endfacet
  facet normal 0 1 -0
    outer loop
      vertex 4.27197 78.5 13.8485
      vertex 0 78.5 23
      vertex 4.72836 78.5 14.9503
    endloop
  endfacet
  facet normal 0 1 -0
    outer loop
      vertex 3.99358 78.5 12.6889
      vertex 0 78.5 23
      vertex 4.27197 78.5 13.8485
    endloop
  endfacet
  facet normal 0 1 -0
    outer loop
      vertex 3.90001 78.5 11.5
      vertex 0 78.5 23
      vertex 3.99358 78.5 12.6889
    endloop
  endfacet
  facet normal 0 1 0
    outer loop
      vertex 0 78.5 2.28882e-07
      vertex 3.90001 78.5 11.5
      vertex 3.99358 78.5 10.3111
    endloop
  endfacet
  facet normal 0 1 0
    outer loop
      vertex 0 78.5 2.28882e-07
      vertex 3.99358 78.5 10.3111
      vertex 4.27197 78.5 9.15147
    endloop
  endfacet
  facet normal 0 1 0
    outer loop
      vertex 12.6889 78.5 3.99358
      vertex 0 78.5 2.28882e-07
      vertex 11.5 78.5 3.90001
    endloop
  endfacet
  facet normal 0 1 0
    outer loop
      vertex 3.90001 78.5 11.5
      vertex 0 78.5 2.28882e-07
      vertex 0 78.5 23
    endloop
  endfacet
  facet normal 0 1 0
    outer loop
      vertex 4.72836 78.5 8.04968
      vertex 0 78.5 2.28882e-07
      vertex 4.27197 78.5 9.15147
    endloop
  endfacet
  facet normal 0 1 0
    outer loop
      vertex 5.35147 78.5 7.03284
      vertex 0 78.5 2.28882e-07
      vertex 4.72836 78.5 8.04968
    endloop
  endfacet
  facet normal 0 1 0
    outer loop
      vertex 6.12599 78.5 6.12599
      vertex 0 78.5 2.28882e-07
      vertex 5.35147 78.5 7.03284
    endloop
  endfacet
  facet normal 0 1 0
    outer loop
      vertex 7.03284 78.5 5.35147
      vertex 0 78.5 2.28882e-07
      vertex 6.12599 78.5 6.12599
    endloop
  endfacet
  facet normal 0 1 0
    outer loop
      vertex 8.04968 78.5 4.72836
      vertex 0 78.5 2.28882e-07
      vertex 7.03284 78.5 5.35147
    endloop
  endfacet
  facet normal 0 1 0
    outer loop
      vertex 9.15147 78.5 4.27197
      vertex 0 78.5 2.28882e-07
      vertex 8.04968 78.5 4.72836
    endloop
  endfacet
  facet normal 0 1 0
    outer loop
      vertex 10.3111 78.5 3.99358
      vertex 0 78.5 2.28882e-07
      vertex 9.15147 78.5 4.27197
    endloop
  endfacet
  facet normal 0 1 0
    outer loop
      vertex 11.5 78.5 3.90001
      vertex 0 78.5 2.28882e-07
      vertex 10.3111 78.5 3.99358
    endloop
  endfacet
  facet normal 1 0 0
    outer loop
      vertex 57 78.5 23
      vertex 57 66.6 11.5
      vertex 57 78.5 2.28882e-07
    endloop
  endfacet
  facet normal 1 0 0
    outer loop
      vertex 57 78.5 23
      vertex 57 66.5495 12.1414
      vertex 57 66.6 11.5
    endloop
  endfacet
  facet normal 1 0 0
    outer loop
      vertex 57 78.5 23
      vertex 57 66.3993 12.767
      vertex 57 66.5495 12.1414
    endloop
  endfacet
  facet normal 1 0 0
    outer loop
      vertex 57 78.5 23
      vertex 57 66.1531 13.3614
      vertex 57 66.3993 12.767
    endloop
  endfacet
  facet normal 1 0 0
    outer loop
      vertex 57 78.5 23
      vertex 57 65.817 13.9099
      vertex 57 66.1531 13.3614
    endloop
  endfacet
  facet normal 1 0 0
    outer loop
      vertex 57 78.5 23
      vertex 57 65.3991 14.3991
      vertex 57 65.817 13.9099
    endloop
  endfacet
  facet normal 1 0 0
    outer loop
      vertex 57 78.5 23
      vertex 57 63.5833 16.215
      vertex 57 65.3991 14.3991
    endloop
  endfacet
  facet normal 1 0 0
    outer loop
      vertex 57 78.5 23
      vertex 57 61.4167 16.215
      vertex 57 63.5833 16.215
    endloop
  endfacet
  facet normal 1 0 0
    outer loop
      vertex 57 58.6007 12.767
      vertex 57 21.5 20.5
      vertex 57 58.4505 12.1414
    endloop
  endfacet
  facet normal 1 0 0
    outer loop
      vertex 57 58.8469 13.3614
      vertex 57 21.5 20.5
      vertex 57 58.6007 12.767
    endloop
  endfacet
  facet normal 1 -0 0
    outer loop
      vertex 57 21.5 20.5
      vertex 57 58.8469 13.3614
      vertex 57 21.5 23
    endloop
  endfacet
  facet normal 1 0 0
    outer loop
      vertex 57 59.183 13.9099
      vertex 57 21.5 23
      vertex 57 58.8469 13.3614
    endloop
  endfacet
  facet normal 1 0 0
    outer loop
      vertex 57 59.6009 14.3991
      vertex 57 21.5 23
      vertex 57 59.183 13.9099
    endloop
  endfacet
  facet normal 1 0 0
    outer loop
      vertex 57 61.4167 16.215
      vertex 57 21.5 23
      vertex 57 59.6009 14.3991
    endloop
  endfacet
  facet normal 1 -0 0
    outer loop
      vertex 57 21.5 23
      vertex 57 61.4167 16.215
      vertex 57 78.5 23
    endloop
  endfacet
  facet normal 1 -0 0
    outer loop
      vertex 57 66.5495 10.8586
      vertex 57 78.5 2.28882e-07
      vertex 57 66.6 11.5
    endloop
  endfacet
  facet normal 1 -0 0
    outer loop
      vertex 57 66.3993 10.233
      vertex 57 78.5 2.28882e-07
      vertex 57 66.5495 10.8586
    endloop
  endfacet
  facet normal 1 -0 0
    outer loop
      vertex 57 66.1531 9.63864
      vertex 57 78.5 2.28882e-07
      vertex 57 66.3993 10.233
    endloop
  endfacet
  facet normal 1 -0 0
    outer loop
      vertex 57 65.817 9.09009
      vertex 57 78.5 2.28882e-07
      vertex 57 66.1531 9.63864
    endloop
  endfacet
  facet normal 1 -0 0
    outer loop
      vertex 57 65.3991 8.60088
      vertex 57 78.5 2.28882e-07
      vertex 57 65.817 9.09009
    endloop
  endfacet
  facet normal 1 -0 0
    outer loop
      vertex 57 64.9099 8.18304
      vertex 57 78.5 2.28882e-07
      vertex 57 65.3991 8.60088
    endloop
  endfacet
  facet normal 1 -0 0
    outer loop
      vertex 57 64.3614 7.84688
      vertex 57 78.5 2.28882e-07
      vertex 57 64.9099 8.18304
    endloop
  endfacet
  facet normal 1 -0 0
    outer loop
      vertex 57 63.767 7.60068
      vertex 57 78.5 2.28882e-07
      vertex 57 64.3614 7.84688
    endloop
  endfacet
  facet normal 1 -0 0
    outer loop
      vertex 57 63.1414 7.45049
      vertex 57 78.5 2.28882e-07
      vertex 57 63.767 7.60068
    endloop
  endfacet
  facet normal 1 -0 0
    outer loop
      vertex 57 62.5 7.40001
      vertex 57 78.5 2.28882e-07
      vertex 57 63.1414 7.45049
    endloop
  endfacet
  facet normal 1 0 0
    outer loop
      vertex 57 61.8586 7.45049
      vertex 57 78.5 2.28882e-07
      vertex 57 62.5 7.40001
    endloop
  endfacet
  facet normal 1 0 0
    outer loop
      vertex 57 61.233 7.60068
      vertex 57 78.5 2.28882e-07
      vertex 57 61.8586 7.45049
    endloop
  endfacet
  facet normal 1 0 0
    outer loop
      vertex 57 13.767 7.60068
      vertex 57 61.233 7.60068
      vertex 57 60.6386 7.84688
    endloop
  endfacet
  facet normal 1 0 0
    outer loop
      vertex 57 58.4505 12.1414
      vertex 57 21.5 20.5
      vertex 57 58.4 11.5
    endloop
  endfacet
  facet normal 1 0 0
    outer loop
      vertex 57 58.4 11.5
      vertex 57 21.5 20.5
      vertex 57 58.4505 10.8586
    endloop
  endfacet
  facet normal 1 0 0
    outer loop
      vertex 57 16.5495 10.8586
      vertex 57 58.4505 10.8586
      vertex 57 21.5 20.5
    endloop
  endfacet
  facet normal 1 0 0
    outer loop
      vertex 57 58.4505 10.8586
      vertex 57 16.5495 10.8586
      vertex 57 58.6007 10.233
    endloop
  endfacet
  facet normal 1 0 0
    outer loop
      vertex 57 16.3993 10.233
      vertex 57 58.6007 10.233
      vertex 57 16.5495 10.8586
    endloop
  endfacet
  facet normal 1 0 0
    outer loop
      vertex 57 58.6007 10.233
      vertex 57 16.3993 10.233
      vertex 57 58.8469 9.63864
    endloop
  endfacet
  facet normal 1 0 0
    outer loop
      vertex 57 16.1531 9.63864
      vertex 57 58.8469 9.63864
      vertex 57 16.3993 10.233
    endloop
  endfacet
  facet normal 1 0 0
    outer loop
      vertex 57 58.8469 9.63864
      vertex 57 16.1531 9.63864
      vertex 57 59.183 9.09009
    endloop
  endfacet
  facet normal 1 0 0
    outer loop
      vertex 57 15.817 9.09009
      vertex 57 59.183 9.09009
      vertex 57 16.1531 9.63864
    endloop
  endfacet
  facet normal 1 0 0
    outer loop
      vertex 57 16.5495 10.8586
      vertex 57 21.5 20.5
      vertex 57 16.6 11.5
    endloop
  endfacet
  facet normal 1 0 0
    outer loop
      vertex 57 59.183 9.09009
      vertex 57 15.817 9.09009
      vertex 57 59.6009 8.60088
    endloop
  endfacet
  facet normal 1 0 0
    outer loop
      vertex 57 15.3991 8.60088
      vertex 57 59.6009 8.60088
      vertex 57 15.817 9.09009
    endloop
  endfacet
  facet normal 1 0 0
    outer loop
      vertex 57 59.6009 8.60088
      vertex 57 15.3991 8.60088
      vertex 57 60.0901 8.18304
    endloop
  endfacet
  facet normal 1 0 0
    outer loop
      vertex 57 14.9099 8.18304
      vertex 57 60.0901 8.18304
      vertex 57 15.3991 8.60088
    endloop
  endfacet
  facet normal 1 0 0
    outer loop
      vertex 57 60.0901 8.18304
      vertex 57 14.9099 8.18304
      vertex 57 60.6386 7.84688
    endloop
  endfacet
  facet normal 1 0 0
    outer loop
      vertex 57 14.3614 7.84688
      vertex 57 60.6386 7.84688
      vertex 57 14.9099 8.18304
    endloop
  endfacet
  facet normal 1 0 0
    outer loop
      vertex 57 13.767 7.60068
      vertex 57 60.6386 7.84688
      vertex 57 14.3614 7.84688
    endloop
  endfacet
  facet normal 1 0 0
    outer loop
      vertex 57 61.233 7.60068
      vertex 57 13.767 7.60068
      vertex 57 0 2.28882e-07
    endloop
  endfacet
  facet normal 1 0 0
    outer loop
      vertex 57 0 2.28882e-07
      vertex 57 13.767 7.60068
      vertex 57 13.1414 7.45049
    endloop
  endfacet
  facet normal 1 0 0
    outer loop
      vertex 57 0 2.28882e-07
      vertex 57 13.1414 7.45049
      vertex 57 12.5 7.40001
    endloop
  endfacet
  facet normal 1 0 0
    outer loop
      vertex 57 0 2.28882e-07
      vertex 57 12.5 7.40001
      vertex 57 11.8586 7.45049
    endloop
  endfacet
  facet normal 1 0 0
    outer loop
      vertex 57 0 20.5
      vertex 57 8.45049 10.8586
      vertex 57 8.40001 11.5
    endloop
  endfacet
  facet normal 1 0 0
    outer loop
      vertex 57 0 2.28882e-07
      vertex 57 8.45049 10.8586
      vertex 57 0 20.5
    endloop
  endfacet
  facet normal 1 0 0
    outer loop
      vertex 57 8.45049 10.8586
      vertex 57 0 2.28882e-07
      vertex 57 8.60068 10.233
    endloop
  endfacet
  facet normal 1 0 0
    outer loop
      vertex 57 8.60068 10.233
      vertex 57 0 2.28882e-07
      vertex 57 8.84688 9.63864
    endloop
  endfacet
  facet normal 1 0 0
    outer loop
      vertex 57 61.233 7.60068
      vertex 57 0 2.28882e-07
      vertex 57 78.5 2.28882e-07
    endloop
  endfacet
  facet normal 1 0 0
    outer loop
      vertex 57 11.233 7.60068
      vertex 57 0 2.28882e-07
      vertex 57 11.8586 7.45049
    endloop
  endfacet
  facet normal 1 0 0
    outer loop
      vertex 57 10.6386 7.84688
      vertex 57 0 2.28882e-07
      vertex 57 11.233 7.60068
    endloop
  endfacet
  facet normal 1 0 0
    outer loop
      vertex 57 10.0901 8.18304
      vertex 57 0 2.28882e-07
      vertex 57 10.6386 7.84688
    endloop
  endfacet
  facet normal 1 0 0
    outer loop
      vertex 57 9.60088 8.60088
      vertex 57 0 2.28882e-07
      vertex 57 10.0901 8.18304
    endloop
  endfacet
  facet normal 1 0 0
    outer loop
      vertex 57 9.18304 9.09009
      vertex 57 0 2.28882e-07
      vertex 57 9.60088 8.60088
    endloop
  endfacet
  facet normal 1 0 0
    outer loop
      vertex 57 8.84688 9.63864
      vertex 57 0 2.28882e-07
      vertex 57 9.18304 9.09009
    endloop
  endfacet
  facet normal 1 0 0
    outer loop
      vertex 57 21.5 20.5
      vertex 57 16.5495 12.1414
      vertex 57 16.6 11.5
    endloop
  endfacet
  facet normal 1 0 0
    outer loop
      vertex 57 21.5 20.5
      vertex 57 16.3993 12.767
      vertex 57 16.5495 12.1414
    endloop
  endfacet
  facet normal 1 0 0
    outer loop
      vertex 57 21.5 20.5
      vertex 57 16.1531 13.3614
      vertex 57 16.3993 12.767
    endloop
  endfacet
  facet normal 1 0 0
    outer loop
      vertex 57 21.5 20.5
      vertex 57 15.817 13.9099
      vertex 57 16.1531 13.3614
    endloop
  endfacet
  facet normal 1 0 0
    outer loop
      vertex 57 21.5 20.5
      vertex 57 15.3991 14.3991
      vertex 57 15.817 13.9099
    endloop
  endfacet
  facet normal 1 0 0
    outer loop
      vertex 57 21.5 20.5
      vertex 57 13.5833 16.215
      vertex 57 15.3991 14.3991
    endloop
  endfacet
  facet normal 1 0 0
    outer loop
      vertex 57 21.5 20.5
      vertex 57 11.4167 16.215
      vertex 57 13.5833 16.215
    endloop
  endfacet
  facet normal 1 0 0
    outer loop
      vertex 57 8.45049 12.1414
      vertex 57 0 20.5
      vertex 57 8.40001 11.5
    endloop
  endfacet
  facet normal 1 0 0
    outer loop
      vertex 57 8.60068 12.767
      vertex 57 0 20.5
      vertex 57 8.45049 12.1414
    endloop
  endfacet
  facet normal 1 0 0
    outer loop
      vertex 57 8.84688 13.3614
      vertex 57 0 20.5
      vertex 57 8.60068 12.767
    endloop
  endfacet
  facet normal 1 0 0
    outer loop
      vertex 57 9.18304 13.9099
      vertex 57 0 20.5
      vertex 57 8.84688 13.3614
    endloop
  endfacet
  facet normal 1 0 0
    outer loop
      vertex 57 9.60088 14.3991
      vertex 57 0 20.5
      vertex 57 9.18304 13.9099
    endloop
  endfacet
  facet normal 1 0 0
    outer loop
      vertex 57 11.4167 16.215
      vertex 57 0 20.5
      vertex 57 9.60088 14.3991
    endloop
  endfacet
  facet normal 1 -0 0
    outer loop
      vertex 57 0 20.5
      vertex 57 11.4167 16.215
      vertex 57 21.5 20.5
    endloop
  endfacet
  facet normal 0 -1 0
    outer loop
      vertex 29.9481 0 5.36903
      vertex 38 0 20.5
      vertex 29.7268 0 5.42215
    endloop
  endfacet
  facet normal 0 -1 0
    outer loop
      vertex 38 0 20.5
      vertex 45.2732 0 5.42215
      vertex 45.5 0 5.44
    endloop
  endfacet
  facet normal 0 -1 0
    outer loop
      vertex 30.1583 0 5.28196
      vertex 38 0 20.5
      vertex 29.9481 0 5.36903
    endloop
  endfacet
  facet normal 0 -1 0
    outer loop
      vertex 38 0 20.5
      vertex 45.0519 0 5.36903
      vertex 45.2732 0 5.42215
    endloop
  endfacet
  facet normal 0 -1 0
    outer loop
      vertex 30.3523 0 5.16307
      vertex 38 0 20.5
      vertex 30.1583 0 5.28196
    endloop
  endfacet
  facet normal 0 -1 0
    outer loop
      vertex 38 0 20.5
      vertex 44.8417 0 5.28196
      vertex 45.0519 0 5.36903
    endloop
  endfacet
  facet normal 0 -1 0
    outer loop
      vertex 30.5253 0 5.01531
      vertex 38 0 20.5
      vertex 30.3523 0 5.16307
    endloop
  endfacet
  facet normal 0 -1 0
    outer loop
      vertex 38 0 20.5
      vertex 44.6477 0 5.16307
      vertex 44.8417 0 5.28196
    endloop
  endfacet
  facet normal 0 -1 0
    outer loop
      vertex 44.4747 0 5.01531
      vertex 38 0 20.5
      vertex 30.5253 0 5.01531
    endloop
  endfacet
  facet normal 0 -1 0
    outer loop
      vertex 38 0 20.5
      vertex 44.4747 0 5.01531
      vertex 44.6477 0 5.16307
    endloop
  endfacet
  facet normal 0 -1 0
    outer loop
      vertex 30.6731 0 4.84229
      vertex 44.4747 0 5.01531
      vertex 30.5253 0 5.01531
    endloop
  endfacet
  facet normal 0 -1 0
    outer loop
      vertex 30.6731 0 4.84229
      vertex 44.3269 0 4.84229
      vertex 44.4747 0 5.01531
    endloop
  endfacet
  facet normal 0 -1 0
    outer loop
      vertex 30.792 0 4.64829
      vertex 44.3269 0 4.84229
      vertex 30.6731 0 4.84229
    endloop
  endfacet
  facet normal 0 -1 0
    outer loop
      vertex 30.792 0 4.64829
      vertex 44.208 0 4.64829
      vertex 44.3269 0 4.84229
    endloop
  endfacet
  facet normal 0 -1 0
    outer loop
      vertex 30.879 0 4.43808
      vertex 44.208 0 4.64829
      vertex 30.792 0 4.64829
    endloop
  endfacet
  facet normal 0 -1 0
    outer loop
      vertex 30.879 0 4.43808
      vertex 44.121 0 4.43808
      vertex 44.208 0 4.64829
    endloop
  endfacet
  facet normal 0 -1 0
    outer loop
      vertex 30.9321 0 4.21683
      vertex 44.121 0 4.43808
      vertex 30.879 0 4.43808
    endloop
  endfacet
  facet normal 0 -1 0
    outer loop
      vertex 30.9321 0 4.21683
      vertex 44.0679 0 4.21683
      vertex 44.121 0 4.43808
    endloop
  endfacet
  facet normal 0 -1 0
    outer loop
      vertex 30.95 0 3.99
      vertex 44.0679 0 4.21683
      vertex 30.9321 0 4.21683
    endloop
  endfacet
  facet normal 0 -1 0
    outer loop
      vertex 30.95 0 3.99
      vertex 44.05 0 3.99
      vertex 44.0679 0 4.21683
    endloop
  endfacet
  facet normal 0 -1 0
    outer loop
      vertex 30.9321 0 3.76317
      vertex 44.05 0 3.99
      vertex 30.95 0 3.99
    endloop
  endfacet
  facet normal 0 -1 0
    outer loop
      vertex 30.9321 0 3.76317
      vertex 44.0679 0 3.76317
      vertex 44.05 0 3.99
    endloop
  endfacet
  facet normal 0 -1 0
    outer loop
      vertex 30.879 0 3.54193
      vertex 44.0679 0 3.76317
      vertex 30.9321 0 3.76317
    endloop
  endfacet
  facet normal 0 -1 0
    outer loop
      vertex 30.879 0 3.54193
      vertex 44.121 0 3.54193
      vertex 44.0679 0 3.76317
    endloop
  endfacet
  facet normal 0 -1 0
    outer loop
      vertex 30.792 0 3.33171
      vertex 44.121 0 3.54193
      vertex 30.879 0 3.54193
    endloop
  endfacet
  facet normal 0 -1 0
    outer loop
      vertex 30.792 0 3.33171
      vertex 44.208 0 3.33171
      vertex 44.121 0 3.54193
    endloop
  endfacet
  facet normal 0 -1 0
    outer loop
      vertex 30.6731 0 3.13771
      vertex 44.208 0 3.33171
      vertex 30.792 0 3.33171
    endloop
  endfacet
  facet normal 0 -1 0
    outer loop
      vertex 30.6731 0 3.13771
      vertex 44.3269 0 3.13771
      vertex 44.208 0 3.33171
    endloop
  endfacet
  facet normal 0 -1 0
    outer loop
      vertex 30.5253 0 2.9647
      vertex 44.3269 0 3.13771
      vertex 30.6731 0 3.13771
    endloop
  endfacet
  facet normal 0 -1 0
    outer loop
      vertex 30.5253 0 2.9647
      vertex 44.4747 0 2.9647
      vertex 44.3269 0 3.13771
    endloop
  endfacet
  facet normal 0 -1 0
    outer loop
      vertex 30.3523 0 2.81693
      vertex 44.4747 0 2.9647
      vertex 30.5253 0 2.9647
    endloop
  endfacet
  facet normal 0 -1 0
    outer loop
      vertex 30.3523 0 2.81693
      vertex 44.6477 0 2.81693
      vertex 44.4747 0 2.9647
    endloop
  endfacet
  facet normal 0 -1 0
    outer loop
      vertex 30.1583 0 2.69804
      vertex 44.6477 0 2.81693
      vertex 30.3523 0 2.81693
    endloop
  endfacet
  facet normal 0 -1 0
    outer loop
      vertex 30.1583 0 2.69804
      vertex 44.8417 0 2.69804
      vertex 44.6477 0 2.81693
    endloop
  endfacet
  facet normal 0 -1 0
    outer loop
      vertex 29.9481 0 2.61097
      vertex 44.8417 0 2.69804
      vertex 30.1583 0 2.69804
    endloop
  endfacet
  facet normal 0 -1 0
    outer loop
      vertex 29.9481 0 2.61097
      vertex 45.0519 0 2.61097
      vertex 44.8417 0 2.69804
    endloop
  endfacet
  facet normal 0 -1 0
    outer loop
      vertex 29.7268 0 2.55785
      vertex 45.0519 0 2.61097
      vertex 29.9481 0 2.61097
    endloop
  endfacet
  facet normal 0 -1 0
    outer loop
      vertex 29.7268 0 2.55785
      vertex 45.2732 0 2.55785
      vertex 45.0519 0 2.61097
    endloop
  endfacet
  facet normal 0 -1 0
    outer loop
      vertex 23 0 2.28882e-07
      vertex 29.7268 0 2.55785
      vertex 29.5 0 2.54
    endloop
  endfacet
  facet normal 0 -1 -0
    outer loop
      vertex 29.7268 0 2.55785
      vertex 23 0 2.28882e-07
      vertex 45.2732 0 2.55785
    endloop
  endfacet
  facet normal 0 -1 0
    outer loop
      vertex 23 0 23
      vertex 38 0 20.5
      vertex 38 0 23
    endloop
  endfacet
  facet normal 0 -1 0
    outer loop
      vertex 29.7268 0 5.42215
      vertex 38 0 20.5
      vertex 29.5 0 5.44
    endloop
  endfacet
  facet normal 0 -1 0
    outer loop
      vertex 23 0 23
      vertex 29.5 0 5.44
      vertex 38 0 20.5
    endloop
  endfacet
  facet normal 0 -1 0
    outer loop
      vertex 23 0 23
      vertex 29.2732 0 5.42215
      vertex 29.5 0 5.44
    endloop
  endfacet
  facet normal 0 -1 0
    outer loop
      vertex 23 0 23
      vertex 29.0519 0 5.36903
      vertex 29.2732 0 5.42215
    endloop
  endfacet
  facet normal 0 -1 0
    outer loop
      vertex 23 0 23
      vertex 28.8417 0 5.28196
      vertex 29.0519 0 5.36903
    endloop
  endfacet
  facet normal 0 -1 0
    outer loop
      vertex 23 0 23
      vertex 28.6477 0 5.16307
      vertex 28.8417 0 5.28196
    endloop
  endfacet
  facet normal 0 -1 0
    outer loop
      vertex 23 0 23
      vertex 28.4747 0 5.01531
      vertex 28.6477 0 5.16307
    endloop
  endfacet
  facet normal 0 -1 0
    outer loop
      vertex 23 0 23
      vertex 28.3269 0 4.84229
      vertex 28.4747 0 5.01531
    endloop
  endfacet
  facet normal 0 -1 0
    outer loop
      vertex 23 0 23
      vertex 28.208 0 4.64829
      vertex 28.3269 0 4.84229
    endloop
  endfacet
  facet normal 0 -1 0
    outer loop
      vertex 23 0 2.28882e-07
      vertex 28.208 0 4.64829
      vertex 23 0 23
    endloop
  endfacet
  facet normal 0 -1 0
    outer loop
      vertex 28.208 0 4.64829
      vertex 23 0 2.28882e-07
      vertex 28.121 0 4.43808
    endloop
  endfacet
  facet normal 0 -1 0
    outer loop
      vertex 28.121 0 4.43808
      vertex 23 0 2.28882e-07
      vertex 28.0679 0 4.21683
    endloop
  endfacet
  facet normal 0 -1 0
    outer loop
      vertex 28.0679 0 4.21683
      vertex 23 0 2.28882e-07
      vertex 28.05 0 3.99
    endloop
  endfacet
  facet normal 0 -1 -0
    outer loop
      vertex 28.05 0 3.99
      vertex 23 0 2.28882e-07
      vertex 28.0679 0 3.76317
    endloop
  endfacet
  facet normal 0 -1 0
    outer loop
      vertex 57 0 2.28882e-07
      vertex 45.2732 0 2.55785
      vertex 23 0 2.28882e-07
    endloop
  endfacet
  facet normal 0 -1 -0
    outer loop
      vertex 29.2732 0 2.55785
      vertex 23 0 2.28882e-07
      vertex 29.5 0 2.54
    endloop
  endfacet
  facet normal 0 -1 -0
    outer loop
      vertex 29.0519 0 2.61097
      vertex 23 0 2.28882e-07
      vertex 29.2732 0 2.55785
    endloop
  endfacet
  facet normal 0 -1 -0
    outer loop
      vertex 28.8417 0 2.69804
      vertex 23 0 2.28882e-07
      vertex 29.0519 0 2.61097
    endloop
  endfacet
  facet normal 0 -1 -0
    outer loop
      vertex 28.6477 0 2.81693
      vertex 23 0 2.28882e-07
      vertex 28.8417 0 2.69804
    endloop
  endfacet
  facet normal 0 -1 -0
    outer loop
      vertex 28.4747 0 2.9647
      vertex 23 0 2.28882e-07
      vertex 28.6477 0 2.81693
    endloop
  endfacet
  facet normal 0 -1 -0
    outer loop
      vertex 28.3269 0 3.13771
      vertex 23 0 2.28882e-07
      vertex 28.4747 0 2.9647
    endloop
  endfacet
  facet normal 0 -1 -0
    outer loop
      vertex 28.208 0 3.33171
      vertex 23 0 2.28882e-07
      vertex 28.3269 0 3.13771
    endloop
  endfacet
  facet normal 0 -1 -0
    outer loop
      vertex 28.121 0 3.54193
      vertex 23 0 2.28882e-07
      vertex 28.208 0 3.33171
    endloop
  endfacet
  facet normal 0 -1 -0
    outer loop
      vertex 28.0679 0 3.76317
      vertex 23 0 2.28882e-07
      vertex 28.121 0 3.54193
    endloop
  endfacet
  facet normal 0 -1 0
    outer loop
      vertex 45.7268 0 5.42215
      vertex 38 0 20.5
      vertex 45.5 0 5.44
    endloop
  endfacet
  facet normal 0 -1 0
    outer loop
      vertex 38 0 20.5
      vertex 45.7268 0 5.42215
      vertex 57 0 20.5
    endloop
  endfacet
  facet normal 0 -1 0
    outer loop
      vertex 45.9481 0 5.36903
      vertex 57 0 20.5
      vertex 45.7268 0 5.42215
    endloop
  endfacet
  facet normal 0 -1 0
    outer loop
      vertex 46.1583 0 5.28196
      vertex 57 0 20.5
      vertex 45.9481 0 5.36903
    endloop
  endfacet
  facet normal 0 -1 0
    outer loop
      vertex 46.3523 0 5.16307
      vertex 57 0 20.5
      vertex 46.1583 0 5.28196
    endloop
  endfacet
  facet normal 0 -1 0
    outer loop
      vertex 46.5253 0 5.01531
      vertex 57 0 20.5
      vertex 46.3523 0 5.16307
    endloop
  endfacet
  facet normal 0 -1 0
    outer loop
      vertex 46.6731 0 4.84229
      vertex 57 0 20.5
      vertex 46.5253 0 5.01531
    endloop
  endfacet
  facet normal 0 -1 0
    outer loop
      vertex 57 0 2.28882e-07
      vertex 46.6731 0 4.84229
      vertex 46.792 0 4.64829
    endloop
  endfacet
  facet normal 0 -1 0
    outer loop
      vertex 57 0 2.28882e-07
      vertex 46.792 0 4.64829
      vertex 46.879 0 4.43808
    endloop
  endfacet
  facet normal 0 -1 0
    outer loop
      vertex 57 0 2.28882e-07
      vertex 46.879 0 4.43808
      vertex 46.9321 0 4.21683
    endloop
  endfacet
  facet normal 0 -1 0
    outer loop
      vertex 57 0 2.28882e-07
      vertex 46.9321 0 4.21683
      vertex 46.95 0 3.99
    endloop
  endfacet
  facet normal 0 -1 0
    outer loop
      vertex 57 0 2.28882e-07
      vertex 46.95 0 3.99
      vertex 46.9321 0 3.76317
    endloop
  endfacet
  facet normal 0 -1 0
    outer loop
      vertex 57 0 2.28882e-07
      vertex 46.9321 0 3.76317
      vertex 46.879 0 3.54193
    endloop
  endfacet
  facet normal 0 -1 0
    outer loop
      vertex 57 0 2.28882e-07
      vertex 46.879 0 3.54193
      vertex 46.792 0 3.33171
    endloop
  endfacet
  facet normal 0 -1 0
    outer loop
      vertex 45.2732 0 2.55785
      vertex 57 0 2.28882e-07
      vertex 45.5 0 2.54
    endloop
  endfacet
  facet normal 0 -1 0
    outer loop
      vertex 46.6731 0 4.84229
      vertex 57 0 2.28882e-07
      vertex 57 0 20.5
    endloop
  endfacet
  facet normal 0 -1 0
    outer loop
      vertex 46.6731 0 3.13771
      vertex 57 0 2.28882e-07
      vertex 46.792 0 3.33171
    endloop
  endfacet
  facet normal 0 -1 0
    outer loop
      vertex 46.5253 0 2.9647
      vertex 57 0 2.28882e-07
      vertex 46.6731 0 3.13771
    endloop
  endfacet
  facet normal 0 -1 0
    outer loop
      vertex 46.3523 0 2.81693
      vertex 57 0 2.28882e-07
      vertex 46.5253 0 2.9647
    endloop
  endfacet
  facet normal 0 -1 0
    outer loop
      vertex 46.1583 0 2.69804
      vertex 57 0 2.28882e-07
      vertex 46.3523 0 2.81693
    endloop
  endfacet
  facet normal 0 -1 0
    outer loop
      vertex 45.9481 0 2.61097
      vertex 57 0 2.28882e-07
      vertex 46.1583 0 2.69804
    endloop
  endfacet
  facet normal 0 -1 0
    outer loop
      vertex 45.7268 0 2.55785
      vertex 57 0 2.28882e-07
      vertex 45.9481 0 2.61097
    endloop
  endfacet
  facet normal 0 -1 0
    outer loop
      vertex 45.5 0 2.54
      vertex 57 0 2.28882e-07
      vertex 45.7268 0 2.55785
    endloop
  endfacet
  facet normal 0.996917 0 -0.0784604
    outer loop
      vertex 3.99358 53 12.6889
      vertex 3.90001 78.5 11.5
      vertex 3.99358 78.5 12.6889
    endloop
  endfacet
  facet normal 0.996917 0 -0.0784604
    outer loop
      vertex 3.90001 78.5 11.5
      vertex 3.99358 53 12.6889
      vertex 3.90001 53 11.5
    endloop
  endfacet
  facet normal 0.233435 0 0.972372
    outer loop
      vertex 9.15147 78.5 4.27197
      vertex 10.3111 53 3.99358
      vertex 10.3111 78.5 3.99358
    endloop
  endfacet
  facet normal 0.233435 0 0.972372
    outer loop
      vertex 10.3111 53 3.99358
      vertex 9.15147 78.5 4.27197
      vertex 9.15147 53 4.27197
    endloop
  endfacet
  facet normal -0.852662 0 -0.522464
    outer loop
      vertex 18.2716 53 14.9503
      vertex 17.6485 78.5 15.9672
      vertex 18.2716 78.5 14.9503
    endloop
  endfacet
  facet normal -0.852662 -0 -0.522464
    outer loop
      vertex 17.6485 78.5 15.9672
      vertex 18.2716 53 14.9503
      vertex 17.6485 53 15.9672
    endloop
  endfacet
  facet normal -0.760398 0 -0.649458
    outer loop
      vertex 17.6485 53 15.9672
      vertex 16.874 78.5 16.874
      vertex 17.6485 78.5 15.9672
    endloop
  endfacet
  facet normal -0.760398 -0 -0.649458
    outer loop
      vertex 16.874 78.5 16.874
      vertex 17.6485 53 15.9672
      vertex 16.874 53 16.874
    endloop
  endfacet
  facet normal -0.923873 0 0.3827
    outer loop
      vertex 18.2716 53 8.04968
      vertex 18.728 78.5 9.15147
      vertex 18.2716 78.5 8.04968
    endloop
  endfacet
  facet normal -0.923873 0 0.3827
    outer loop
      vertex 18.728 78.5 9.15147
      vertex 18.2716 53 8.04968
      vertex 18.728 53 9.15147
    endloop
  endfacet
  facet normal 0 0 -1
    outer loop
      vertex 9.49197 53 20.24
      vertex 13.508 78.5 20.24
      vertex 13.508 53 20.24
    endloop
  endfacet
  facet normal -0 0 -1
    outer loop
      vertex 13.508 78.5 20.24
      vertex 9.49197 53 20.24
      vertex 9.49197 78.5 20.24
    endloop
  endfacet
  facet normal 0.76039 0 -0.649467
    outer loop
      vertex 6.12599 53 16.874
      vertex 5.35147 78.5 15.9672
      vertex 6.12599 78.5 16.874
    endloop
  endfacet
  facet normal 0.76039 0 -0.649467
    outer loop
      vertex 5.35147 78.5 15.9672
      vertex 6.12599 53 16.874
      vertex 5.35147 53 15.9672
    endloop
  endfacet
  facet normal -0.649467 0 0.76039
    outer loop
      vertex 15.9672 78.5 5.35147
      vertex 16.874 53 6.12599
      vertex 16.874 78.5 6.12599
    endloop
  endfacet
  facet normal -0.649467 0 0.76039
    outer loop
      vertex 16.874 53 6.12599
      vertex 15.9672 78.5 5.35147
      vertex 15.9672 53 5.35147
    endloop
  endfacet
  facet normal -0.707107 0 -0.707107
    outer loop
      vertex 16.874 53 16.874
      vertex 13.508 78.5 20.24
      vertex 16.874 78.5 16.874
    endloop
  endfacet
  facet normal -0.707107 -0 -0.707107
    outer loop
      vertex 13.508 78.5 20.24
      vertex 16.874 53 16.874
      vertex 13.508 53 20.24
    endloop
  endfacet
  facet normal 0.972372 -0 0.233435
    outer loop
      vertex 3.99358 53 10.3111
      vertex 4.27197 78.5 9.15147
      vertex 3.99358 78.5 10.3111
    endloop
  endfacet
  facet normal 0.972372 0 0.233435
    outer loop
      vertex 4.27197 78.5 9.15147
      vertex 3.99358 53 10.3111
      vertex 4.27197 53 9.15147
    endloop
  endfacet
  facet normal 0.760407 -0 0.649447
    outer loop
      vertex 5.35147 53 7.03284
      vertex 6.12599 78.5 6.12599
      vertex 5.35147 78.5 7.03284
    endloop
  endfacet
  facet normal 0.760407 0 0.649447
    outer loop
      vertex 6.12599 78.5 6.12599
      vertex 5.35147 53 7.03284
      vertex 6.12599 53 6.12599
    endloop
  endfacet
  facet normal 0 1 0
    outer loop
      vertex 13.508 53 20.24
      vertex 12.755 53 16.9625
      vertex 9.49197 53 20.24
    endloop
  endfacet
  facet normal 0 1 0
    outer loop
      vertex 16.874 53 16.874
      vertex 12.755 53 16.9625
      vertex 13.508 53 20.24
    endloop
  endfacet
  facet normal 0 1 0
    outer loop
      vertex 14.8587 53 14.8587
      vertex 16.874 53 16.874
      vertex 17.6485 53 15.9672
    endloop
  endfacet
  facet normal 0 1 0
    outer loop
      vertex 15.3428 53 14.292
      vertex 17.6485 53 15.9672
      vertex 18.2716 53 14.9503
    endloop
  endfacet
  facet normal 0 1 0
    outer loop
      vertex 16.874 53 16.874
      vertex 14.8587 53 14.8587
      vertex 12.755 53 16.9625
    endloop
  endfacet
  facet normal 0 1 0
    outer loop
      vertex 17.6485 53 15.9672
      vertex 15.3428 53 14.292
      vertex 14.8587 53 14.8587
    endloop
  endfacet
  facet normal 0 1 0
    outer loop
      vertex 15.7323 53 13.6564
      vertex 18.2716 53 14.9503
      vertex 18.728 53 13.8485
    endloop
  endfacet
  facet normal 0 1 0
    outer loop
      vertex 18.2716 53 14.9503
      vertex 15.7323 53 13.6564
      vertex 15.3428 53 14.292
    endloop
  endfacet
  facet normal 0 1 0
    outer loop
      vertex 18.728 53 13.8485
      vertex 16.0175 53 12.9678
      vertex 15.7323 53 13.6564
    endloop
  endfacet
  facet normal 0 1 0
    outer loop
      vertex 19.0064 53 12.6889
      vertex 16.0175 53 12.9678
      vertex 18.728 53 13.8485
    endloop
  endfacet
  facet normal 0 1 0
    outer loop
      vertex 19.0064 53 12.6889
      vertex 16.1915 53 12.2431
      vertex 16.0175 53 12.9678
    endloop
  endfacet
  facet normal 0 1 0
    outer loop
      vertex 19.1 53 11.5
      vertex 16.1915 53 12.2431
      vertex 19.0064 53 12.6889
    endloop
  endfacet
  facet normal 0 1 0
    outer loop
      vertex 19.1 53 11.5
      vertex 16.25 53 11.5
      vertex 16.1915 53 12.2431
    endloop
  endfacet
  facet normal 0 1 0
    outer loop
      vertex 19.1 53 11.5
      vertex 16.1915 53 10.7569
      vertex 16.25 53 11.5
    endloop
  endfacet
  facet normal 0 1 -0
    outer loop
      vertex 19.0064 53 10.3111
      vertex 16.1915 53 10.7569
      vertex 19.1 53 11.5
    endloop
  endfacet
  facet normal 0 1 0
    outer loop
      vertex 19.0064 53 10.3111
      vertex 16.0175 53 10.0322
      vertex 16.1915 53 10.7569
    endloop
  endfacet
  facet normal 0 1 -0
    outer loop
      vertex 18.728 53 9.15147
      vertex 16.0175 53 10.0322
      vertex 19.0064 53 10.3111
    endloop
  endfacet
  facet normal 0 1 0
    outer loop
      vertex 16.0175 53 10.0322
      vertex 18.728 53 9.15147
      vertex 15.7323 53 9.34355
    endloop
  endfacet
  facet normal 0 1 -0
    outer loop
      vertex 18.2716 53 8.04968
      vertex 15.7323 53 9.34355
      vertex 18.728 53 9.15147
    endloop
  endfacet
  facet normal 0 1 0
    outer loop
      vertex 15.7323 53 9.34355
      vertex 18.2716 53 8.04968
      vertex 15.3428 53 8.70802
    endloop
  endfacet
  facet normal 0 1 -0
    outer loop
      vertex 17.6485 53 7.03284
      vertex 15.3428 53 8.70802
      vertex 18.2716 53 8.04968
    endloop
  endfacet
  facet normal 0 1 0
    outer loop
      vertex 15.3428 53 8.70802
      vertex 17.6485 53 7.03284
      vertex 14.8587 53 8.14125
    endloop
  endfacet
  facet normal 0 1 -0
    outer loop
      vertex 16.874 53 6.12599
      vertex 14.8587 53 8.14125
      vertex 17.6485 53 7.03284
    endloop
  endfacet
  facet normal 0 1 0
    outer loop
      vertex 14.8587 53 8.14125
      vertex 16.874 53 6.12599
      vertex 14.292 53 7.65718
    endloop
  endfacet
  facet normal 0 1 -0
    outer loop
      vertex 15.9672 53 5.35147
      vertex 14.292 53 7.65718
      vertex 16.874 53 6.12599
    endloop
  endfacet
  facet normal 0 1 0
    outer loop
      vertex 14.292 53 7.65718
      vertex 15.9672 53 5.35147
      vertex 13.6564 53 7.26773
    endloop
  endfacet
  facet normal 0 1 -0
    outer loop
      vertex 14.9503 53 4.72836
      vertex 13.6564 53 7.26773
      vertex 15.9672 53 5.35147
    endloop
  endfacet
  facet normal 0 1 0
    outer loop
      vertex 13.6564 53 7.26773
      vertex 14.9503 53 4.72836
      vertex 12.9678 53 6.98248
    endloop
  endfacet
  facet normal 0 1 -0
    outer loop
      vertex 10.245 53 16.9625
      vertex 9.49197 53 20.24
      vertex 12.755 53 16.9625
    endloop
  endfacet
  facet normal 0 1 0
    outer loop
      vertex 10.245 53 16.9625
      vertex 6.12599 53 16.874
      vertex 9.49197 53 20.24
    endloop
  endfacet
  facet normal 0 1 -0
    outer loop
      vertex 8.14125 53 14.8587
      vertex 6.12599 53 16.874
      vertex 10.245 53 16.9625
    endloop
  endfacet
  facet normal 0 1 0
    outer loop
      vertex 6.12599 53 16.874
      vertex 8.14125 53 14.8587
      vertex 5.35147 53 15.9672
    endloop
  endfacet
  facet normal 0 1 -0
    outer loop
      vertex 7.65718 53 14.292
      vertex 5.35147 53 15.9672
      vertex 8.14125 53 14.8587
    endloop
  endfacet
  facet normal 0 1 0
    outer loop
      vertex 5.35147 53 15.9672
      vertex 7.65718 53 14.292
      vertex 4.72836 53 14.9503
    endloop
  endfacet
  facet normal 0 1 -0
    outer loop
      vertex 7.26773 53 13.6564
      vertex 4.72836 53 14.9503
      vertex 7.65718 53 14.292
    endloop
  endfacet
  facet normal 0 1 0
    outer loop
      vertex 4.72836 53 14.9503
      vertex 7.26773 53 13.6564
      vertex 4.27197 53 13.8485
    endloop
  endfacet
  facet normal 0 1 -0
    outer loop
      vertex 6.98248 53 12.9678
      vertex 4.27197 53 13.8485
      vertex 7.26773 53 13.6564
    endloop
  endfacet
  facet normal 0 1 0
    outer loop
      vertex 6.98248 53 12.9678
      vertex 3.99358 53 12.6889
      vertex 4.27197 53 13.8485
    endloop
  endfacet
  facet normal 0 1 -0
    outer loop
      vertex 6.80849 53 12.2431
      vertex 3.99358 53 12.6889
      vertex 6.98248 53 12.9678
    endloop
  endfacet
  facet normal 0 1 -0
    outer loop
      vertex 6.75 53 11.5
      vertex 3.99358 53 12.6889
      vertex 6.80849 53 12.2431
    endloop
  endfacet
  facet normal 0 1 0
    outer loop
      vertex 6.75 53 11.5
      vertex 3.90001 53 11.5
      vertex 3.99358 53 12.6889
    endloop
  endfacet
  facet normal 0 1 0
    outer loop
      vertex 6.80849 53 10.7569
      vertex 3.90001 53 11.5
      vertex 6.75 53 11.5
    endloop
  endfacet
  facet normal 0 1 0
    outer loop
      vertex 6.80849 53 10.7569
      vertex 3.99358 53 10.3111
      vertex 3.90001 53 11.5
    endloop
  endfacet
  facet normal 0 1 0
    outer loop
      vertex 6.98248 53 10.0322
      vertex 3.99358 53 10.3111
      vertex 6.80849 53 10.7569
    endloop
  endfacet
  facet normal 0 1 0
    outer loop
      vertex 4.27197 53 9.15147
      vertex 6.98248 53 10.0322
      vertex 7.26773 53 9.34355
    endloop
  endfacet
  facet normal 0 1 0
    outer loop
      vertex 6.98248 53 10.0322
      vertex 4.27197 53 9.15147
      vertex 3.99358 53 10.3111
    endloop
  endfacet
  facet normal 0 1 0
    outer loop
      vertex 4.72836 53 8.04968
      vertex 7.26773 53 9.34355
      vertex 7.65718 53 8.70802
    endloop
  endfacet
  facet normal 0 1 0
    outer loop
      vertex 5.35147 53 7.03284
      vertex 7.65718 53 8.70802
      vertex 8.14125 53 8.14125
    endloop
  endfacet
  facet normal 0 1 0
    outer loop
      vertex 7.26773 53 9.34355
      vertex 4.72836 53 8.04968
      vertex 4.27197 53 9.15147
    endloop
  endfacet
  facet normal 0 1 0
    outer loop
      vertex 6.12599 53 6.12599
      vertex 8.14125 53 8.14125
      vertex 8.70802 53 7.65718
    endloop
  endfacet
  facet normal 0 1 0
    outer loop
      vertex 7.03284 53 5.35147
      vertex 8.70802 53 7.65718
      vertex 9.34355 53 7.26773
    endloop
  endfacet
  facet normal 0 1 0
    outer loop
      vertex 7.65718 53 8.70802
      vertex 5.35147 53 7.03284
      vertex 4.72836 53 8.04968
    endloop
  endfacet
  facet normal 0 1 0
    outer loop
      vertex 8.04968 53 4.72836
      vertex 9.34355 53 7.26773
      vertex 10.0322 53 6.98248
    endloop
  endfacet
  facet normal 0 1 0
    outer loop
      vertex 9.15147 53 4.27197
      vertex 10.0322 53 6.98248
      vertex 10.7569 53 6.80849
    endloop
  endfacet
  facet normal 0 1 0
    outer loop
      vertex 10.3111 53 3.99358
      vertex 10.7569 53 6.80849
      vertex 11.5 53 6.75
    endloop
  endfacet
  facet normal 0 1 -0
    outer loop
      vertex 13.8485 53 4.27197
      vertex 12.9678 53 6.98248
      vertex 14.9503 53 4.72836
    endloop
  endfacet
  facet normal 0 1 0
    outer loop
      vertex 8.14125 53 8.14125
      vertex 6.12599 53 6.12599
      vertex 5.35147 53 7.03284
    endloop
  endfacet
  facet normal 0 1 0
    outer loop
      vertex 12.9678 53 6.98248
      vertex 13.8485 53 4.27197
      vertex 12.2431 53 6.80849
    endloop
  endfacet
  facet normal 0 1 0
    outer loop
      vertex 8.70802 53 7.65718
      vertex 7.03284 53 5.35147
      vertex 6.12599 53 6.12599
    endloop
  endfacet
  facet normal 0 1 -0
    outer loop
      vertex 12.6889 53 3.99358
      vertex 12.2431 53 6.80849
      vertex 13.8485 53 4.27197
    endloop
  endfacet
  facet normal 0 1 0
    outer loop
      vertex 9.34355 53 7.26773
      vertex 8.04968 53 4.72836
      vertex 7.03284 53 5.35147
    endloop
  endfacet
  facet normal 0 1 0
    outer loop
      vertex 12.2431 53 6.80849
      vertex 12.6889 53 3.99358
      vertex 11.5 53 6.75
    endloop
  endfacet
  facet normal 0 1 0
    outer loop
      vertex 10.0322 53 6.98248
      vertex 9.15147 53 4.27197
      vertex 8.04968 53 4.72836
    endloop
  endfacet
  facet normal 0 1 0
    outer loop
      vertex 11.5 53 3.90001
      vertex 11.5 53 6.75
      vertex 12.6889 53 3.99358
    endloop
  endfacet
  facet normal 0 1 0
    outer loop
      vertex 10.7569 53 6.80849
      vertex 10.3111 53 3.99358
      vertex 9.15147 53 4.27197
    endloop
  endfacet
  facet normal 0 1 0
    outer loop
      vertex 11.5 53 6.75
      vertex 11.5 53 3.90001
      vertex 10.3111 53 3.99358
    endloop
  endfacet
  facet normal 0.923875 -0 0.382693
    outer loop
      vertex 4.27197 53 9.15147
      vertex 4.72836 78.5 8.04968
      vertex 4.27197 78.5 9.15147
    endloop
  endfacet
  facet normal 0.923875 0 0.382693
    outer loop
      vertex 4.72836 78.5 8.04968
      vertex 4.27197 53 9.15147
      vertex 4.72836 53 8.04968
    endloop
  endfacet
  facet normal 0.649447 0 0.760407
    outer loop
      vertex 6.12599 78.5 6.12599
      vertex 7.03284 53 5.35147
      vertex 7.03284 78.5 5.35147
    endloop
  endfacet
  facet normal 0.649447 0 0.760407
    outer loop
      vertex 7.03284 53 5.35147
      vertex 6.12599 78.5 6.12599
      vertex 6.12599 53 6.12599
    endloop
  endfacet
  facet normal -0.233441 0 0.972371
    outer loop
      vertex 12.6889 78.5 3.99358
      vertex 13.8485 53 4.27197
      vertex 13.8485 78.5 4.27197
    endloop
  endfacet
  facet normal -0.233441 0 0.972371
    outer loop
      vertex 13.8485 53 4.27197
      vertex 12.6889 78.5 3.99358
      vertex 12.6889 53 3.99358
    endloop
  endfacet
  facet normal -0.996915 0 0.0784854
    outer loop
      vertex 19.0064 53 10.3111
      vertex 19.1 78.5 11.5
      vertex 19.0064 78.5 10.3111
    endloop
  endfacet
  facet normal -0.996915 0 0.0784854
    outer loop
      vertex 19.1 78.5 11.5
      vertex 19.0064 53 10.3111
      vertex 19.1 53 11.5
    endloop
  endfacet
  facet normal 0.923877 0 -0.38269
    outer loop
      vertex 4.72836 53 14.9503
      vertex 4.27197 78.5 13.8485
      vertex 4.72836 78.5 14.9503
    endloop
  endfacet
  facet normal 0.923877 0 -0.38269
    outer loop
      vertex 4.27197 78.5 13.8485
      vertex 4.72836 53 14.9503
      vertex 4.27197 53 13.8485
    endloop
  endfacet
  facet normal -0.52247 0 0.852658
    outer loop
      vertex 14.9503 78.5 4.72836
      vertex 15.9672 53 5.35147
      vertex 15.9672 78.5 5.35147
    endloop
  endfacet
  facet normal -0.52247 0 0.852658
    outer loop
      vertex 15.9672 53 5.35147
      vertex 14.9503 78.5 4.72836
      vertex 14.9503 53 4.72836
    endloop
  endfacet
  facet normal -0.996915 0 -0.0784854
    outer loop
      vertex 19.1 53 11.5
      vertex 19.0064 78.5 12.6889
      vertex 19.1 78.5 11.5
    endloop
  endfacet
  facet normal -0.996915 -0 -0.0784854
    outer loop
      vertex 19.0064 78.5 12.6889
      vertex 19.1 53 11.5
      vertex 19.0064 53 12.6889
    endloop
  endfacet
  facet normal 0.0784604 0 0.996917
    outer loop
      vertex 10.3111 78.5 3.99358
      vertex 11.5 53 3.90001
      vertex 11.5 78.5 3.90001
    endloop
  endfacet
  facet normal 0.0784604 0 0.996917
    outer loop
      vertex 11.5 53 3.90001
      vertex 10.3111 78.5 3.99358
      vertex 10.3111 53 3.99358
    endloop
  endfacet
  facet normal -0.760416 0 0.649437
    outer loop
      vertex 16.874 53 6.12599
      vertex 17.6485 78.5 7.03284
      vertex 16.874 78.5 6.12599
    endloop
  endfacet
  facet normal -0.760416 0 0.649437
    outer loop
      vertex 17.6485 78.5 7.03284
      vertex 16.874 53 6.12599
      vertex 17.6485 53 7.03284
    endloop
  endfacet
  facet normal 0.852658 0 -0.52247
    outer loop
      vertex 5.35147 53 15.9672
      vertex 4.72836 78.5 14.9503
      vertex 5.35147 78.5 15.9672
    endloop
  endfacet
  facet normal 0.852658 0 -0.52247
    outer loop
      vertex 4.72836 78.5 14.9503
      vertex 5.35147 53 15.9672
      vertex 4.72836 53 14.9503
    endloop
  endfacet
  facet normal -0.972369 0 -0.233449
    outer loop
      vertex 19.0064 53 12.6889
      vertex 18.728 78.5 13.8485
      vertex 19.0064 78.5 12.6889
    endloop
  endfacet
  facet normal -0.972369 -0 -0.233449
    outer loop
      vertex 18.728 78.5 13.8485
      vertex 19.0064 53 12.6889
      vertex 18.728 53 13.8485
    endloop
  endfacet
  facet normal 0.852644 -0 0.522492
    outer loop
      vertex 4.72836 53 8.04968
      vertex 5.35147 78.5 7.03284
      vertex 4.72836 78.5 8.04968
    endloop
  endfacet
  facet normal 0.852644 0 0.522492
    outer loop
      vertex 5.35147 78.5 7.03284
      vertex 4.72836 53 8.04968
      vertex 5.35147 53 7.03284
    endloop
  endfacet
  facet normal -0.38269 0 0.923877
    outer loop
      vertex 13.8485 78.5 4.27197
      vertex 14.9503 53 4.72836
      vertex 14.9503 78.5 4.72836
    endloop
  endfacet
  facet normal -0.38269 0 0.923877
    outer loop
      vertex 14.9503 53 4.72836
      vertex 13.8485 78.5 4.27197
      vertex 13.8485 53 4.27197
    endloop
  endfacet
  facet normal 0.996917 -0 0.0784604
    outer loop
      vertex 3.90001 53 11.5
      vertex 3.99358 78.5 10.3111
      vertex 3.90001 78.5 11.5
    endloop
  endfacet
  facet normal 0.996917 0 0.0784604
    outer loop
      vertex 3.99358 78.5 10.3111
      vertex 3.90001 53 11.5
      vertex 3.99358 53 10.3111
    endloop
  endfacet
  facet normal -0.852648 0 0.522486
    outer loop
      vertex 17.6485 53 7.03284
      vertex 18.2716 78.5 8.04968
      vertex 17.6485 78.5 7.03284
    endloop
  endfacet
  facet normal -0.852648 0 0.522486
    outer loop
      vertex 18.2716 78.5 8.04968
      vertex 17.6485 53 7.03284
      vertex 18.2716 53 8.04968
    endloop
  endfacet
  facet normal 0.707109 0 -0.707105
    outer loop
      vertex 9.49197 53 20.24
      vertex 6.12599 78.5 16.874
      vertex 9.49197 78.5 20.24
    endloop
  endfacet
  facet normal 0.707109 0 -0.707105
    outer loop
      vertex 6.12599 78.5 16.874
      vertex 9.49197 53 20.24
      vertex 6.12599 53 16.874
    endloop
  endfacet
  facet normal -0.97237 0 0.233443
    outer loop
      vertex 18.728 53 9.15147
      vertex 19.0064 78.5 10.3111
      vertex 18.728 78.5 9.15147
    endloop
  endfacet
  facet normal -0.97237 0 0.233443
    outer loop
      vertex 19.0064 78.5 10.3111
      vertex 18.728 53 9.15147
      vertex 19.0064 53 10.3111
    endloop
  endfacet
  facet normal 0.972371 0 -0.233441
    outer loop
      vertex 4.27197 53 13.8485
      vertex 3.99358 78.5 12.6889
      vertex 4.27197 78.5 13.8485
    endloop
  endfacet
  facet normal 0.972371 0 -0.233441
    outer loop
      vertex 3.99358 78.5 12.6889
      vertex 4.27197 53 13.8485
      vertex 3.99358 53 12.6889
    endloop
  endfacet
  facet normal -0.0784604 0 0.996917
    outer loop
      vertex 11.5 78.5 3.90001
      vertex 12.6889 53 3.99358
      vertex 12.6889 78.5 3.99358
    endloop
  endfacet
  facet normal -0.0784604 0 0.996917
    outer loop
      vertex 12.6889 53 3.99358
      vertex 11.5 78.5 3.90001
      vertex 11.5 53 3.90001
    endloop
  endfacet
  facet normal 0.382693 0 0.923875
    outer loop
      vertex 8.04968 78.5 4.72836
      vertex 9.15147 53 4.27197
      vertex 9.15147 78.5 4.27197
    endloop
  endfacet
  facet normal 0.382693 0 0.923875
    outer loop
      vertex 9.15147 53 4.27197
      vertex 8.04968 78.5 4.72836
      vertex 8.04968 53 4.72836
    endloop
  endfacet
  facet normal 0.522492 0 0.852644
    outer loop
      vertex 7.03284 78.5 5.35147
      vertex 8.04968 53 4.72836
      vertex 8.04968 78.5 4.72836
    endloop
  endfacet
  facet normal 0.522492 0 0.852644
    outer loop
      vertex 8.04968 53 4.72836
      vertex 7.03284 78.5 5.35147
      vertex 7.03284 53 5.35147
    endloop
  endfacet
  facet normal -0.923874 0 -0.382697
    outer loop
      vertex 18.728 53 13.8485
      vertex 18.2716 78.5 14.9503
      vertex 18.728 78.5 13.8485
    endloop
  endfacet
  facet normal -0.923874 -0 -0.382697
    outer loop
      vertex 18.2716 78.5 14.9503
      vertex 18.728 53 13.8485
      vertex 18.2716 53 14.9503
    endloop
  endfacet
  facet normal 0.996917 0 -0.0784604
    outer loop
      vertex 3.99358 -3.5 12.6889
      vertex 3.90001 22 11.5
      vertex 3.99358 22 12.6889
    endloop
  endfacet
  facet normal 0.996917 0 -0.0784604
    outer loop
      vertex 3.90001 22 11.5
      vertex 3.99358 -3.5 12.6889
      vertex 3.90001 -3.5 11.5
    endloop
  endfacet
  facet normal 0.233435 0 0.972372
    outer loop
      vertex 9.15147 22 4.27197
      vertex 10.3111 -3.5 3.99358
      vertex 10.3111 22 3.99358
    endloop
  endfacet
  facet normal 0.233435 0 0.972372
    outer loop
      vertex 10.3111 -3.5 3.99358
      vertex 9.15147 22 4.27197
      vertex 9.15147 -3.5 4.27197
    endloop
  endfacet
  facet normal -0.852662 0 -0.522464
    outer loop
      vertex 18.2716 -3.5 14.9503
      vertex 17.6485 22 15.9672
      vertex 18.2716 22 14.9503
    endloop
  endfacet
  facet normal -0.852662 -0 -0.522464
    outer loop
      vertex 17.6485 22 15.9672
      vertex 18.2716 -3.5 14.9503
      vertex 17.6485 -3.5 15.9672
    endloop
  endfacet
  facet normal -0.760398 0 -0.649458
    outer loop
      vertex 17.6485 -3.5 15.9672
      vertex 16.874 22 16.874
      vertex 17.6485 22 15.9672
    endloop
  endfacet
  facet normal -0.760398 -0 -0.649458
    outer loop
      vertex 16.874 22 16.874
      vertex 17.6485 -3.5 15.9672
      vertex 16.874 -3.5 16.874
    endloop
  endfacet
  facet normal -0.923873 0 0.3827
    outer loop
      vertex 18.2716 -3.5 8.04968
      vertex 18.728 22 9.15147
      vertex 18.2716 22 8.04968
    endloop
  endfacet
  facet normal -0.923873 0 0.3827
    outer loop
      vertex 18.728 22 9.15147
      vertex 18.2716 -3.5 8.04968
      vertex 18.728 -3.5 9.15147
    endloop
  endfacet
  facet normal 0 0 -1
    outer loop
      vertex 9.49197 -3.5 20.24
      vertex 13.508 22 20.24
      vertex 13.508 -3.5 20.24
    endloop
  endfacet
  facet normal -0 0 -1
    outer loop
      vertex 13.508 22 20.24
      vertex 9.49197 -3.5 20.24
      vertex 9.49197 22 20.24
    endloop
  endfacet
  facet normal 0.76039 0 -0.649467
    outer loop
      vertex 6.12599 -3.5 16.874
      vertex 5.35147 22 15.9672
      vertex 6.12599 22 16.874
    endloop
  endfacet
  facet normal 0.76039 0 -0.649467
    outer loop
      vertex 5.35147 22 15.9672
      vertex 6.12599 -3.5 16.874
      vertex 5.35147 -3.5 15.9672
    endloop
  endfacet
  facet normal -0.649467 0 0.76039
    outer loop
      vertex 15.9672 22 5.35147
      vertex 16.874 -3.5 6.12599
      vertex 16.874 22 6.12599
    endloop
  endfacet
  facet normal -0.649467 0 0.76039
    outer loop
      vertex 16.874 -3.5 6.12599
      vertex 15.9672 22 5.35147
      vertex 15.9672 -3.5 5.35147
    endloop
  endfacet
  facet normal -0.707107 0 -0.707107
    outer loop
      vertex 16.874 -3.5 16.874
      vertex 13.508 22 20.24
      vertex 16.874 22 16.874
    endloop
  endfacet
  facet normal -0.707107 -0 -0.707107
    outer loop
      vertex 13.508 22 20.24
      vertex 16.874 -3.5 16.874
      vertex 13.508 -3.5 20.24
    endloop
  endfacet
  facet normal 0.972372 -0 0.233435
    outer loop
      vertex 3.99358 -3.5 10.3111
      vertex 4.27197 22 9.15147
      vertex 3.99358 22 10.3111
    endloop
  endfacet
  facet normal 0.972372 0 0.233435
    outer loop
      vertex 4.27197 22 9.15147
      vertex 3.99358 -3.5 10.3111
      vertex 4.27197 -3.5 9.15147
    endloop
  endfacet
  facet normal 0.760407 -0 0.649447
    outer loop
      vertex 5.35147 -3.5 7.03284
      vertex 6.12599 22 6.12599
      vertex 5.35147 22 7.03284
    endloop
  endfacet
  facet normal 0.760407 0 0.649447
    outer loop
      vertex 6.12599 22 6.12599
      vertex 5.35147 -3.5 7.03284
      vertex 6.12599 -3.5 6.12599
    endloop
  endfacet
  facet normal 0.923875 -0 0.382693
    outer loop
      vertex 4.27197 -3.5 9.15147
      vertex 4.72836 22 8.04968
      vertex 4.27197 22 9.15147
    endloop
  endfacet
  facet normal 0.923875 0 0.382693
    outer loop
      vertex 4.72836 22 8.04968
      vertex 4.27197 -3.5 9.15147
      vertex 4.72836 -3.5 8.04968
    endloop
  endfacet
  facet normal 0.649447 0 0.760407
    outer loop
      vertex 6.12599 22 6.12599
      vertex 7.03284 -3.5 5.35147
      vertex 7.03284 22 5.35147
    endloop
  endfacet
  facet normal 0.649447 0 0.760407
    outer loop
      vertex 7.03284 -3.5 5.35147
      vertex 6.12599 22 6.12599
      vertex 6.12599 -3.5 6.12599
    endloop
  endfacet
  facet normal -0.233441 0 0.972371
    outer loop
      vertex 12.6889 22 3.99358
      vertex 13.8485 -3.5 4.27197
      vertex 13.8485 22 4.27197
    endloop
  endfacet
  facet normal -0.233441 0 0.972371
    outer loop
      vertex 13.8485 -3.5 4.27197
      vertex 12.6889 22 3.99358
      vertex 12.6889 -3.5 3.99358
    endloop
  endfacet
  facet normal -0.996915 0 0.0784854
    outer loop
      vertex 19.0064 -3.5 10.3111
      vertex 19.1 22 11.5
      vertex 19.0064 22 10.3111
    endloop
  endfacet
  facet normal -0.996915 0 0.0784854
    outer loop
      vertex 19.1 22 11.5
      vertex 19.0064 -3.5 10.3111
      vertex 19.1 -3.5 11.5
    endloop
  endfacet
  facet normal 0.923877 0 -0.38269
    outer loop
      vertex 4.72836 -3.5 14.9503
      vertex 4.27197 22 13.8485
      vertex 4.72836 22 14.9503
    endloop
  endfacet
  facet normal 0.923877 0 -0.38269
    outer loop
      vertex 4.27197 22 13.8485
      vertex 4.72836 -3.5 14.9503
      vertex 4.27197 -3.5 13.8485
    endloop
  endfacet
  facet normal -0.52247 0 0.852658
    outer loop
      vertex 14.9503 22 4.72836
      vertex 15.9672 -3.5 5.35147
      vertex 15.9672 22 5.35147
    endloop
  endfacet
  facet normal -0.52247 0 0.852658
    outer loop
      vertex 15.9672 -3.5 5.35147
      vertex 14.9503 22 4.72836
      vertex 14.9503 -3.5 4.72836
    endloop
  endfacet
  facet normal -0.996915 0 -0.0784854
    outer loop
      vertex 19.1 -3.5 11.5
      vertex 19.0064 22 12.6889
      vertex 19.1 22 11.5
    endloop
  endfacet
  facet normal -0.996915 -0 -0.0784854
    outer loop
      vertex 19.0064 22 12.6889
      vertex 19.1 -3.5 11.5
      vertex 19.0064 -3.5 12.6889
    endloop
  endfacet
  facet normal 0.0784604 0 0.996917
    outer loop
      vertex 10.3111 22 3.99358
      vertex 11.5 -3.5 3.90001
      vertex 11.5 22 3.90001
    endloop
  endfacet
  facet normal 0.0784604 0 0.996917
    outer loop
      vertex 11.5 -3.5 3.90001
      vertex 10.3111 22 3.99358
      vertex 10.3111 -3.5 3.99358
    endloop
  endfacet
  facet normal -0.760416 0 0.649437
    outer loop
      vertex 16.874 -3.5 6.12599
      vertex 17.6485 22 7.03284
      vertex 16.874 22 6.12599
    endloop
  endfacet
  facet normal -0.760416 0 0.649437
    outer loop
      vertex 17.6485 22 7.03284
      vertex 16.874 -3.5 6.12599
      vertex 17.6485 -3.5 7.03284
    endloop
  endfacet
  facet normal 0.852658 0 -0.52247
    outer loop
      vertex 5.35147 -3.5 15.9672
      vertex 4.72836 22 14.9503
      vertex 5.35147 22 15.9672
    endloop
  endfacet
  facet normal 0.852658 0 -0.52247
    outer loop
      vertex 4.72836 22 14.9503
      vertex 5.35147 -3.5 15.9672
      vertex 4.72836 -3.5 14.9503
    endloop
  endfacet
  facet normal -0.972369 0 -0.233449
    outer loop
      vertex 19.0064 -3.5 12.6889
      vertex 18.728 22 13.8485
      vertex 19.0064 22 12.6889
    endloop
  endfacet
  facet normal -0.972369 -0 -0.233449
    outer loop
      vertex 18.728 22 13.8485
      vertex 19.0064 -3.5 12.6889
      vertex 18.728 -3.5 13.8485
    endloop
  endfacet
  facet normal 0.852644 -0 0.522492
    outer loop
      vertex 4.72836 -3.5 8.04968
      vertex 5.35147 22 7.03284
      vertex 4.72836 22 8.04968
    endloop
  endfacet
  facet normal 0.852644 0 0.522492
    outer loop
      vertex 5.35147 22 7.03284
      vertex 4.72836 -3.5 8.04968
      vertex 5.35147 -3.5 7.03284
    endloop
  endfacet
  facet normal 0 -1 0
    outer loop
      vertex 9.49197 22 20.24
      vertex 10.245 22 16.9625
      vertex 13.508 22 20.24
    endloop
  endfacet
  facet normal 0 -1 0
    outer loop
      vertex 6.12599 22 16.874
      vertex 10.245 22 16.9625
      vertex 9.49197 22 20.24
    endloop
  endfacet
  facet normal 0 -1 0
    outer loop
      vertex 8.14125 22 14.8587
      vertex 6.12599 22 16.874
      vertex 5.35147 22 15.9672
    endloop
  endfacet
  facet normal 0 -1 0
    outer loop
      vertex 7.65718 22 14.292
      vertex 5.35147 22 15.9672
      vertex 4.72836 22 14.9503
    endloop
  endfacet
  facet normal 0 -1 0
    outer loop
      vertex 6.12599 22 16.874
      vertex 8.14125 22 14.8587
      vertex 10.245 22 16.9625
    endloop
  endfacet
  facet normal 0 -1 0
    outer loop
      vertex 5.35147 22 15.9672
      vertex 7.65718 22 14.292
      vertex 8.14125 22 14.8587
    endloop
  endfacet
  facet normal 0 -1 0
    outer loop
      vertex 7.26773 22 13.6564
      vertex 4.72836 22 14.9503
      vertex 4.27197 22 13.8485
    endloop
  endfacet
  facet normal 0 -1 0
    outer loop
      vertex 4.72836 22 14.9503
      vertex 7.26773 22 13.6564
      vertex 7.65718 22 14.292
    endloop
  endfacet
  facet normal 0 -1 0
    outer loop
      vertex 4.27197 22 13.8485
      vertex 6.98248 22 12.9678
      vertex 7.26773 22 13.6564
    endloop
  endfacet
  facet normal 0 -1 0
    outer loop
      vertex 3.99358 22 12.6889
      vertex 6.98248 22 12.9678
      vertex 4.27197 22 13.8485
    endloop
  endfacet
  facet normal 0 -1 0
    outer loop
      vertex 3.99358 22 12.6889
      vertex 6.80849 22 12.2431
      vertex 6.98248 22 12.9678
    endloop
  endfacet
  facet normal 0 -1 0
    outer loop
      vertex 3.90001 22 11.5
      vertex 6.80849 22 12.2431
      vertex 3.99358 22 12.6889
    endloop
  endfacet
  facet normal 0 -1 0
    outer loop
      vertex 3.90001 22 11.5
      vertex 6.75 22 11.5
      vertex 6.80849 22 12.2431
    endloop
  endfacet
  facet normal 0 -1 0
    outer loop
      vertex 3.90001 22 11.5
      vertex 6.80849 22 10.7569
      vertex 6.75 22 11.5
    endloop
  endfacet
  facet normal 0 -1 0
    outer loop
      vertex 3.99358 22 10.3111
      vertex 6.80849 22 10.7569
      vertex 3.90001 22 11.5
    endloop
  endfacet
  facet normal 0 -1 0
    outer loop
      vertex 3.99358 22 10.3111
      vertex 6.98248 22 10.0322
      vertex 6.80849 22 10.7569
    endloop
  endfacet
  facet normal 0 -1 0
    outer loop
      vertex 4.27197 22 9.15147
      vertex 6.98248 22 10.0322
      vertex 3.99358 22 10.3111
    endloop
  endfacet
  facet normal 0 -1 -0
    outer loop
      vertex 6.98248 22 10.0322
      vertex 4.27197 22 9.15147
      vertex 7.26773 22 9.34355
    endloop
  endfacet
  facet normal 0 -1 0
    outer loop
      vertex 4.72836 22 8.04968
      vertex 7.26773 22 9.34355
      vertex 4.27197 22 9.15147
    endloop
  endfacet
  facet normal 0 -1 -0
    outer loop
      vertex 7.26773 22 9.34355
      vertex 4.72836 22 8.04968
      vertex 7.65718 22 8.70802
    endloop
  endfacet
  facet normal 0 -1 0
    outer loop
      vertex 5.35147 22 7.03284
      vertex 7.65718 22 8.70802
      vertex 4.72836 22 8.04968
    endloop
  endfacet
  facet normal 0 -1 -0
    outer loop
      vertex 7.65718 22 8.70802
      vertex 5.35147 22 7.03284
      vertex 8.14125 22 8.14125
    endloop
  endfacet
  facet normal 0 -1 0
    outer loop
      vertex 6.12599 22 6.12599
      vertex 8.14125 22 8.14125
      vertex 5.35147 22 7.03284
    endloop
  endfacet
  facet normal 0 -1 -0
    outer loop
      vertex 8.14125 22 8.14125
      vertex 6.12599 22 6.12599
      vertex 8.70802 22 7.65718
    endloop
  endfacet
  facet normal 0 -1 0
    outer loop
      vertex 7.03284 22 5.35147
      vertex 8.70802 22 7.65718
      vertex 6.12599 22 6.12599
    endloop
  endfacet
  facet normal 0 -1 -0
    outer loop
      vertex 8.70802 22 7.65718
      vertex 7.03284 22 5.35147
      vertex 9.34355 22 7.26773
    endloop
  endfacet
  facet normal 0 -1 0
    outer loop
      vertex 8.04968 22 4.72836
      vertex 9.34355 22 7.26773
      vertex 7.03284 22 5.35147
    endloop
  endfacet
  facet normal 0 -1 -0
    outer loop
      vertex 9.34355 22 7.26773
      vertex 8.04968 22 4.72836
      vertex 10.0322 22 6.98248
    endloop
  endfacet
  facet normal 0 -1 0
    outer loop
      vertex 12.755 22 16.9625
      vertex 13.508 22 20.24
      vertex 10.245 22 16.9625
    endloop
  endfacet
  facet normal 0 -1 0
    outer loop
      vertex 12.755 22 16.9625
      vertex 16.874 22 16.874
      vertex 13.508 22 20.24
    endloop
  endfacet
  facet normal 0 -1 0
    outer loop
      vertex 14.8587 22 14.8587
      vertex 16.874 22 16.874
      vertex 12.755 22 16.9625
    endloop
  endfacet
  facet normal 0 -1 -0
    outer loop
      vertex 16.874 22 16.874
      vertex 14.8587 22 14.8587
      vertex 17.6485 22 15.9672
    endloop
  endfacet
  facet normal 0 -1 0
    outer loop
      vertex 15.3428 22 14.292
      vertex 17.6485 22 15.9672
      vertex 14.8587 22 14.8587
    endloop
  endfacet
  facet normal 0 -1 -0
    outer loop
      vertex 17.6485 22 15.9672
      vertex 15.3428 22 14.292
      vertex 18.2716 22 14.9503
    endloop
  endfacet
  facet normal 0 -1 0
    outer loop
      vertex 15.7323 22 13.6564
      vertex 18.2716 22 14.9503
      vertex 15.3428 22 14.292
    endloop
  endfacet
  facet normal 0 -1 -0
    outer loop
      vertex 18.2716 22 14.9503
      vertex 15.7323 22 13.6564
      vertex 18.728 22 13.8485
    endloop
  endfacet
  facet normal 0 -1 0
    outer loop
      vertex 16.0175 22 12.9678
      vertex 18.728 22 13.8485
      vertex 15.7323 22 13.6564
    endloop
  endfacet
  facet normal 0 -1 0
    outer loop
      vertex 16.0175 22 12.9678
      vertex 19.0064 22 12.6889
      vertex 18.728 22 13.8485
    endloop
  endfacet
  facet normal 0 -1 0
    outer loop
      vertex 16.1915 22 12.2431
      vertex 19.0064 22 12.6889
      vertex 16.0175 22 12.9678
    endloop
  endfacet
  facet normal 0 -1 0
    outer loop
      vertex 16.25 22 11.5
      vertex 19.0064 22 12.6889
      vertex 16.1915 22 12.2431
    endloop
  endfacet
  facet normal 0 -1 0
    outer loop
      vertex 16.25 22 11.5
      vertex 19.1 22 11.5
      vertex 19.0064 22 12.6889
    endloop
  endfacet
  facet normal 0 -1 0
    outer loop
      vertex 16.1915 22 10.7569
      vertex 19.1 22 11.5
      vertex 16.25 22 11.5
    endloop
  endfacet
  facet normal 0 -1 0
    outer loop
      vertex 16.1915 22 10.7569
      vertex 19.0064 22 10.3111
      vertex 19.1 22 11.5
    endloop
  endfacet
  facet normal 0 -1 0
    outer loop
      vertex 16.0175 22 10.0322
      vertex 19.0064 22 10.3111
      vertex 16.1915 22 10.7569
    endloop
  endfacet
  facet normal 0 -1 0
    outer loop
      vertex 18.728 22 9.15147
      vertex 16.0175 22 10.0322
      vertex 15.7323 22 9.34355
    endloop
  endfacet
  facet normal 0 -1 0
    outer loop
      vertex 16.0175 22 10.0322
      vertex 18.728 22 9.15147
      vertex 19.0064 22 10.3111
    endloop
  endfacet
  facet normal 0 -1 0
    outer loop
      vertex 18.2716 22 8.04968
      vertex 15.7323 22 9.34355
      vertex 15.3428 22 8.70802
    endloop
  endfacet
  facet normal 0 -1 0
    outer loop
      vertex 17.6485 22 7.03284
      vertex 15.3428 22 8.70802
      vertex 14.8587 22 8.14125
    endloop
  endfacet
  facet normal 0 -1 0
    outer loop
      vertex 15.7323 22 9.34355
      vertex 18.2716 22 8.04968
      vertex 18.728 22 9.15147
    endloop
  endfacet
  facet normal 0 -1 0
    outer loop
      vertex 16.874 22 6.12599
      vertex 14.8587 22 8.14125
      vertex 14.292 22 7.65718
    endloop
  endfacet
  facet normal 0 -1 0
    outer loop
      vertex 15.9672 22 5.35147
      vertex 14.292 22 7.65718
      vertex 13.6564 22 7.26773
    endloop
  endfacet
  facet normal 0 -1 0
    outer loop
      vertex 15.3428 22 8.70802
      vertex 17.6485 22 7.03284
      vertex 18.2716 22 8.04968
    endloop
  endfacet
  facet normal 0 -1 0
    outer loop
      vertex 14.9503 22 4.72836
      vertex 13.6564 22 7.26773
      vertex 12.9678 22 6.98248
    endloop
  endfacet
  facet normal 0 -1 0
    outer loop
      vertex 13.8485 22 4.27197
      vertex 12.9678 22 6.98248
      vertex 12.2431 22 6.80849
    endloop
  endfacet
  facet normal 0 -1 0
    outer loop
      vertex 12.6889 22 3.99358
      vertex 12.2431 22 6.80849
      vertex 11.5 22 6.75
    endloop
  endfacet
  facet normal 0 -1 0
    outer loop
      vertex 9.15147 22 4.27197
      vertex 10.0322 22 6.98248
      vertex 8.04968 22 4.72836
    endloop
  endfacet
  facet normal 0 -1 0
    outer loop
      vertex 14.8587 22 8.14125
      vertex 16.874 22 6.12599
      vertex 17.6485 22 7.03284
    endloop
  endfacet
  facet normal 0 -1 -0
    outer loop
      vertex 10.0322 22 6.98248
      vertex 9.15147 22 4.27197
      vertex 10.7569 22 6.80849
    endloop
  endfacet
  facet normal 0 -1 0
    outer loop
      vertex 14.292 22 7.65718
      vertex 15.9672 22 5.35147
      vertex 16.874 22 6.12599
    endloop
  endfacet
  facet normal 0 -1 0
    outer loop
      vertex 10.3111 22 3.99358
      vertex 10.7569 22 6.80849
      vertex 9.15147 22 4.27197
    endloop
  endfacet
  facet normal 0 -1 0
    outer loop
      vertex 13.6564 22 7.26773
      vertex 14.9503 22 4.72836
      vertex 15.9672 22 5.35147
    endloop
  endfacet
  facet normal 0 -1 -0
    outer loop
      vertex 10.7569 22 6.80849
      vertex 10.3111 22 3.99358
      vertex 11.5 22 6.75
    endloop
  endfacet
  facet normal 0 -1 0
    outer loop
      vertex 12.9678 22 6.98248
      vertex 13.8485 22 4.27197
      vertex 14.9503 22 4.72836
    endloop
  endfacet
  facet normal 0 -1 0
    outer loop
      vertex 11.5 22 3.90001
      vertex 11.5 22 6.75
      vertex 10.3111 22 3.99358
    endloop
  endfacet
  facet normal 0 -1 0
    outer loop
      vertex 12.2431 22 6.80849
      vertex 12.6889 22 3.99358
      vertex 13.8485 22 4.27197
    endloop
  endfacet
  facet normal 0 -1 0
    outer loop
      vertex 11.5 22 6.75
      vertex 11.5 22 3.90001
      vertex 12.6889 22 3.99358
    endloop
  endfacet
  facet normal -0.38269 0 0.923877
    outer loop
      vertex 13.8485 22 4.27197
      vertex 14.9503 -3.5 4.72836
      vertex 14.9503 22 4.72836
    endloop
  endfacet
  facet normal -0.38269 0 0.923877
    outer loop
      vertex 14.9503 -3.5 4.72836
      vertex 13.8485 22 4.27197
      vertex 13.8485 -3.5 4.27197
    endloop
  endfacet
  facet normal 0.996917 -0 0.0784604
    outer loop
      vertex 3.90001 -3.5 11.5
      vertex 3.99358 22 10.3111
      vertex 3.90001 22 11.5
    endloop
  endfacet
  facet normal 0.996917 0 0.0784604
    outer loop
      vertex 3.99358 22 10.3111
      vertex 3.90001 -3.5 11.5
      vertex 3.99358 -3.5 10.3111
    endloop
  endfacet
  facet normal -0.852648 0 0.522486
    outer loop
      vertex 17.6485 -3.5 7.03284
      vertex 18.2716 22 8.04968
      vertex 17.6485 22 7.03284
    endloop
  endfacet
  facet normal -0.852648 0 0.522486
    outer loop
      vertex 18.2716 22 8.04968
      vertex 17.6485 -3.5 7.03284
      vertex 18.2716 -3.5 8.04968
    endloop
  endfacet
  facet normal 0.707109 0 -0.707105
    outer loop
      vertex 9.49197 -3.5 20.24
      vertex 6.12599 22 16.874
      vertex 9.49197 22 20.24
    endloop
  endfacet
  facet normal 0.707109 0 -0.707105
    outer loop
      vertex 6.12599 22 16.874
      vertex 9.49197 -3.5 20.24
      vertex 6.12599 -3.5 16.874
    endloop
  endfacet
  facet normal -0.97237 0 0.233443
    outer loop
      vertex 18.728 -3.5 9.15147
      vertex 19.0064 22 10.3111
      vertex 18.728 22 9.15147
    endloop
  endfacet
  facet normal -0.97237 0 0.233443
    outer loop
      vertex 19.0064 22 10.3111
      vertex 18.728 -3.5 9.15147
      vertex 19.0064 -3.5 10.3111
    endloop
  endfacet
  facet normal -0.0784604 0 0.996917
    outer loop
      vertex 11.5 22 3.90001
      vertex 12.6889 -3.5 3.99358
      vertex 12.6889 22 3.99358
    endloop
  endfacet
  facet normal -0.0784604 0 0.996917
    outer loop
      vertex 12.6889 -3.5 3.99358
      vertex 11.5 22 3.90001
      vertex 11.5 -3.5 3.90001
    endloop
  endfacet
  facet normal 0.972371 0 -0.233441
    outer loop
      vertex 4.27197 -3.5 13.8485
      vertex 3.99358 22 12.6889
      vertex 4.27197 22 13.8485
    endloop
  endfacet
  facet normal 0.972371 0 -0.233441
    outer loop
      vertex 3.99358 22 12.6889
      vertex 4.27197 -3.5 13.8485
      vertex 3.99358 -3.5 12.6889
    endloop
  endfacet
  facet normal 0.382693 0 0.923875
    outer loop
      vertex 8.04968 22 4.72836
      vertex 9.15147 -3.5 4.27197
      vertex 9.15147 22 4.27197
    endloop
  endfacet
  facet normal 0.382693 0 0.923875
    outer loop
      vertex 9.15147 -3.5 4.27197
      vertex 8.04968 22 4.72836
      vertex 8.04968 -3.5 4.72836
    endloop
  endfacet
  facet normal 0.522492 0 0.852644
    outer loop
      vertex 7.03284 22 5.35147
      vertex 8.04968 -3.5 4.72836
      vertex 8.04968 22 4.72836
    endloop
  endfacet
  facet normal 0.522492 0 0.852644
    outer loop
      vertex 8.04968 -3.5 4.72836
      vertex 7.03284 22 5.35147
      vertex 7.03284 -3.5 5.35147
    endloop
  endfacet
  facet normal -0.923874 0 -0.382697
    outer loop
      vertex 18.728 -3.5 13.8485
      vertex 18.2716 22 14.9503
      vertex 18.728 22 13.8485
    endloop
  endfacet
  facet normal -0.923874 -0 -0.382697
    outer loop
      vertex 18.2716 22 14.9503
      vertex 18.728 -3.5 13.8485
      vertex 18.2716 -3.5 14.9503
    endloop
  endfacet
  facet normal 0.996917 0 -0.0784681
    outer loop
      vertex 6.80849 22 12.2431
      vertex 6.75 53 11.5
      vertex 6.80849 53 12.2431
    endloop
  endfacet
  facet normal 0.996917 0 -0.0784681
    outer loop
      vertex 6.75 53 11.5
      vertex 6.80849 22 12.2431
      vertex 6.75 22 11.5
    endloop
  endfacet
  facet normal 0.233452 0 0.972368
    outer loop
      vertex 10.0322 53 6.98248
      vertex 10.7569 22 6.80849
      vertex 10.7569 53 6.80849
    endloop
  endfacet
  facet normal 0.233452 0 0.972368
    outer loop
      vertex 10.7569 22 6.80849
      vertex 10.0322 53 6.98248
      vertex 10.0322 22 6.98248
    endloop
  endfacet
  facet normal -0.852638 0 -0.522502
    outer loop
      vertex 15.7323 22 13.6564
      vertex 15.3428 53 14.292
      vertex 15.7323 53 13.6564
    endloop
  endfacet
  facet normal -0.852638 -0 -0.522502
    outer loop
      vertex 15.3428 53 14.292
      vertex 15.7323 22 13.6564
      vertex 15.3428 22 14.292
    endloop
  endfacet
  facet normal -0.760345 0 -0.64952
    outer loop
      vertex 15.3428 22 14.292
      vertex 14.8587 53 14.8587
      vertex 15.3428 53 14.292
    endloop
  endfacet
  facet normal -0.760345 -0 -0.64952
    outer loop
      vertex 14.8587 53 14.8587
      vertex 15.3428 22 14.292
      vertex 14.8587 22 14.8587
    endloop
  endfacet
  facet normal -0.923902 0 0.382628
    outer loop
      vertex 15.7323 22 9.34355
      vertex 16.0175 53 10.0322
      vertex 15.7323 53 9.34355
    endloop
  endfacet
  facet normal -0.923902 0 0.382628
    outer loop
      vertex 16.0175 53 10.0322
      vertex 15.7323 22 9.34355
      vertex 16.0175 22 10.0322
    endloop
  endfacet
  facet normal 0 0 -1
    outer loop
      vertex 10.245 22 16.9625
      vertex 12.755 53 16.9625
      vertex 12.755 22 16.9625
    endloop
  endfacet
  facet normal -0 0 -1
    outer loop
      vertex 12.755 53 16.9625
      vertex 10.245 22 16.9625
      vertex 10.245 53 16.9625
    endloop
  endfacet
  facet normal 0.760365 0 -0.649497
    outer loop
      vertex 8.14125 22 14.8587
      vertex 7.65718 53 14.292
      vertex 8.14125 53 14.8587
    endloop
  endfacet
  facet normal 0.760365 0 -0.649497
    outer loop
      vertex 7.65718 53 14.292
      vertex 8.14125 22 14.8587
      vertex 7.65718 22 14.292
    endloop
  endfacet
  facet normal -0.996916 0 -0.0784814
    outer loop
      vertex 16.25 22 11.5
      vertex 16.1915 53 12.2431
      vertex 16.25 53 11.5
    endloop
  endfacet
  facet normal -0.996916 -0 -0.0784814
    outer loop
      vertex 16.1915 53 12.2431
      vertex 16.25 22 11.5
      vertex 16.1915 22 12.2431
    endloop
  endfacet
  facet normal -0.649497 0 0.760365
    outer loop
      vertex 14.292 53 7.65718
      vertex 14.8587 22 8.14125
      vertex 14.8587 53 8.14125
    endloop
  endfacet
  facet normal -0.649497 0 0.760365
    outer loop
      vertex 14.8587 22 8.14125
      vertex 14.292 53 7.65718
      vertex 14.292 22 7.65718
    endloop
  endfacet
  facet normal -0.707124 0 -0.70709
    outer loop
      vertex 14.8587 22 14.8587
      vertex 12.755 53 16.9625
      vertex 14.8587 53 14.8587
    endloop
  endfacet
  facet normal -0.707124 -0 -0.70709
    outer loop
      vertex 12.755 53 16.9625
      vertex 14.8587 22 14.8587
      vertex 12.755 22 16.9625
    endloop
  endfacet
  facet normal 0.972368 -0 0.233452
    outer loop
      vertex 6.80849 22 10.7569
      vertex 6.98248 53 10.0322
      vertex 6.80849 53 10.7569
    endloop
  endfacet
  facet normal 0.972368 0 0.233452
    outer loop
      vertex 6.98248 53 10.0322
      vertex 6.80849 22 10.7569
      vertex 6.98248 22 10.0322
    endloop
  endfacet
  facet normal 0.760404 -0 0.64945
    outer loop
      vertex 7.65718 22 8.70802
      vertex 8.14125 53 8.14125
      vertex 7.65718 53 8.70802
    endloop
  endfacet
  facet normal 0.760404 0 0.64945
    outer loop
      vertex 8.14125 53 8.14125
      vertex 7.65718 22 8.70802
      vertex 8.14125 22 8.14125
    endloop
  endfacet
  facet normal 0.923879 -0 0.382686
    outer loop
      vertex 6.98248 22 10.0322
      vertex 7.26773 53 9.34355
      vertex 6.98248 53 10.0322
    endloop
  endfacet
  facet normal 0.923879 0 0.382686
    outer loop
      vertex 7.26773 53 9.34355
      vertex 6.98248 22 10.0322
      vertex 7.26773 22 9.34355
    endloop
  endfacet
  facet normal 0.64945 0 0.760404
    outer loop
      vertex 8.14125 53 8.14125
      vertex 8.70802 22 7.65718
      vertex 8.70802 53 7.65718
    endloop
  endfacet
  facet normal 0.64945 0 0.760404
    outer loop
      vertex 8.70802 22 7.65718
      vertex 8.14125 53 8.14125
      vertex 8.14125 22 8.14125
    endloop
  endfacet
  facet normal -0.0784681 0 0.996917
    outer loop
      vertex 11.5 53 6.75
      vertex 12.2431 22 6.80849
      vertex 12.2431 53 6.80849
    endloop
  endfacet
  facet normal -0.0784681 0 0.996917
    outer loop
      vertex 12.2431 22 6.80849
      vertex 11.5 53 6.75
      vertex 11.5 22 6.75
    endloop
  endfacet
  facet normal -0.996916 0 0.0784814
    outer loop
      vertex 16.1915 22 10.7569
      vertex 16.25 53 11.5
      vertex 16.1915 53 10.7569
    endloop
  endfacet
  facet normal -0.996916 0 0.0784814
    outer loop
      vertex 16.25 53 11.5
      vertex 16.1915 22 10.7569
      vertex 16.25 22 11.5
    endloop
  endfacet
  facet normal 0.923869 0 -0.382709
    outer loop
      vertex 7.26773 22 13.6564
      vertex 6.98248 53 12.9678
      vertex 7.26773 53 13.6564
    endloop
  endfacet
  facet normal 0.923869 0 -0.382709
    outer loop
      vertex 6.98248 53 12.9678
      vertex 7.26773 22 13.6564
      vertex 6.98248 22 12.9678
    endloop
  endfacet
  facet normal -0.972365 0 -0.233464
    outer loop
      vertex 16.1915 22 12.2431
      vertex 16.0175 53 12.9678
      vertex 16.1915 53 12.2431
    endloop
  endfacet
  facet normal -0.972365 -0 -0.233464
    outer loop
      vertex 16.0175 53 12.9678
      vertex 16.1915 22 12.2431
      vertex 16.0175 22 12.9678
    endloop
  endfacet
  facet normal -0.522454 0 0.852668
    outer loop
      vertex 13.6564 53 7.26773
      vertex 14.292 22 7.65718
      vertex 14.292 53 7.65718
    endloop
  endfacet
  facet normal -0.522454 0 0.852668
    outer loop
      vertex 14.292 22 7.65718
      vertex 13.6564 53 7.26773
      vertex 13.6564 22 7.26773
    endloop
  endfacet
  facet normal 0.0784681 0 0.996917
    outer loop
      vertex 10.7569 53 6.80849
      vertex 11.5 22 6.75
      vertex 11.5 53 6.75
    endloop
  endfacet
  facet normal 0.0784681 0 0.996917
    outer loop
      vertex 11.5 22 6.75
      vertex 10.7569 53 6.80849
      vertex 10.7569 22 6.80849
    endloop
  endfacet
  facet normal -0.760384 0 0.649473
    outer loop
      vertex 14.8587 22 8.14125
      vertex 15.3428 53 8.70802
      vertex 14.8587 53 8.14125
    endloop
  endfacet
  facet normal -0.760384 0 0.649473
    outer loop
      vertex 15.3428 53 8.70802
      vertex 14.8587 22 8.14125
      vertex 15.3428 22 8.70802
    endloop
  endfacet
  facet normal 0.852668 0 -0.522454
    outer loop
      vertex 7.65718 22 14.292
      vertex 7.26773 53 13.6564
      vertex 7.65718 53 14.292
    endloop
  endfacet
  facet normal 0.852668 0 -0.522454
    outer loop
      vertex 7.26773 53 13.6564
      vertex 7.65718 22 14.292
      vertex 7.26773 22 13.6564
    endloop
  endfacet
  facet normal 0.852642 -0 0.522495
    outer loop
      vertex 7.26773 22 9.34355
      vertex 7.65718 53 8.70802
      vertex 7.26773 53 9.34355
    endloop
  endfacet
  facet normal 0.852642 0 0.522495
    outer loop
      vertex 7.65718 53 8.70802
      vertex 7.26773 22 9.34355
      vertex 7.65718 22 8.70802
    endloop
  endfacet
  facet normal -0.382709 0 0.923869
    outer loop
      vertex 12.9678 53 6.98248
      vertex 13.6564 22 7.26773
      vertex 13.6564 53 7.26773
    endloop
  endfacet
  facet normal -0.382709 0 0.923869
    outer loop
      vertex 13.6564 22 7.26773
      vertex 12.9678 53 6.98248
      vertex 12.9678 22 6.98248
    endloop
  endfacet
  facet normal 0.996917 -0 0.0784681
    outer loop
      vertex 6.75 22 11.5
      vertex 6.80849 53 10.7569
      vertex 6.75 53 11.5
    endloop
  endfacet
  facet normal 0.996917 0 0.0784681
    outer loop
      vertex 6.80849 53 10.7569
      vertex 6.75 22 11.5
      vertex 6.80849 22 10.7569
    endloop
  endfacet
  facet normal -0.852612 0 0.522544
    outer loop
      vertex 15.3428 22 8.70802
      vertex 15.7323 53 9.34355
      vertex 15.3428 53 8.70802
    endloop
  endfacet
  facet normal -0.852612 0 0.522544
    outer loop
      vertex 15.7323 53 9.34355
      vertex 15.3428 22 8.70802
      vertex 15.7323 22 9.34355
    endloop
  endfacet
  facet normal 0.707115 0 -0.707098
    outer loop
      vertex 10.245 22 16.9625
      vertex 8.14125 53 14.8587
      vertex 10.245 53 16.9625
    endloop
  endfacet
  facet normal 0.707115 0 -0.707098
    outer loop
      vertex 8.14125 53 14.8587
      vertex 10.245 22 16.9625
      vertex 8.14125 22 14.8587
    endloop
  endfacet
  facet normal 0.972368 0 -0.233452
    outer loop
      vertex 6.98248 22 12.9678
      vertex 6.80849 53 12.2431
      vertex 6.98248 53 12.9678
    endloop
  endfacet
  facet normal 0.972368 0 -0.233452
    outer loop
      vertex 6.80849 53 12.2431
      vertex 6.98248 22 12.9678
      vertex 6.80849 22 12.2431
    endloop
  endfacet
  facet normal 0.382686 0 0.923879
    outer loop
      vertex 9.34355 53 7.26773
      vertex 10.0322 22 6.98248
      vertex 10.0322 53 6.98248
    endloop
  endfacet
  facet normal 0.382686 0 0.923879
    outer loop
      vertex 10.0322 22 6.98248
      vertex 9.34355 53 7.26773
      vertex 9.34355 22 7.26773
    endloop
  endfacet
  facet normal -0.972365 0 0.233464
    outer loop
      vertex 16.0175 22 10.0322
      vertex 16.1915 53 10.7569
      vertex 16.0175 53 10.0322
    endloop
  endfacet
  facet normal -0.972365 0 0.233464
    outer loop
      vertex 16.1915 53 10.7569
      vertex 16.0175 22 10.0322
      vertex 16.1915 22 10.7569
    endloop
  endfacet
  facet normal 0.522495 0 0.852642
    outer loop
      vertex 8.70802 53 7.65718
      vertex 9.34355 22 7.26773
      vertex 9.34355 53 7.26773
    endloop
  endfacet
  facet normal 0.522495 0 0.852642
    outer loop
      vertex 9.34355 22 7.26773
      vertex 8.70802 53 7.65718
      vertex 8.70802 22 7.65718
    endloop
  endfacet
  facet normal -0.233452 0 0.972368
    outer loop
      vertex 12.2431 53 6.80849
      vertex 12.9678 22 6.98248
      vertex 12.9678 53 6.98248
    endloop
  endfacet
  facet normal -0.233452 0 0.972368
    outer loop
      vertex 12.9678 22 6.98248
      vertex 12.2431 53 6.80849
      vertex 12.2431 22 6.80849
    endloop
  endfacet
  facet normal -0.923893 0 -0.382652
    outer loop
      vertex 16.0175 22 12.9678
      vertex 15.7323 53 13.6564
      vertex 16.0175 53 12.9678
    endloop
  endfacet
  facet normal -0.923893 -0 -0.382652
    outer loop
      vertex 15.7323 53 13.6564
      vertex 16.0175 22 12.9678
      vertex 15.7323 22 13.6564
    endloop
  endfacet
  facet normal 0.233323 0.972399 -0
    outer loop
      vertex 39.2732 61.0679 2.28882e-07
      vertex 39.0519 61.121 7.6471
      vertex 39.2732 61.0679 7.6691
    endloop
  endfacet
  facet normal 0.233323 0.972399 0
    outer loop
      vertex 39.0519 61.121 7.6471
      vertex 39.2732 61.0679 2.28882e-07
      vertex 39.0519 61.121 2.28882e-07
    endloop
  endfacet
  facet normal -0.972399 -0.233323 -0
    outer loop
      vertex 40.9321 62.7268 7.41786
      vertex 40.879 62.9481 2.28882e-07
      vertex 40.9321 62.7268 2.28882e-07
    endloop
  endfacet
  facet normal -0.972399 -0.233323 0
    outer loop
      vertex 40.879 62.9481 2.28882e-07
      vertex 40.9321 62.7268 7.41786
      vertex 40.879 62.9481 7.43527
    endloop
  endfacet
  facet normal -0.522464 -0.852661 0
    outer loop
      vertex 40.1583 63.792 2.28882e-07
      vertex 40.1991 63.767 7.60068
      vertex 40.1583 63.792 7.61103
    endloop
  endfacet
  facet normal -0.522575 -0.852593 8.19419e-07
    outer loop
      vertex 40.1583 63.792 2.28882e-07
      vertex 40.3523 63.6731 7.57814
      vertex 40.1991 63.767 7.60068
    endloop
  endfacet
  facet normal -0.522552 -0.852608 -0
    outer loop
      vertex 40.3523 63.6731 7.57814
      vertex 40.1583 63.792 2.28882e-07
      vertex 40.3523 63.6731 2.28882e-07
    endloop
  endfacet
  facet normal 0.64956 0.76031 -0
    outer loop
      vertex 38.6477 61.3269 2.28882e-07
      vertex 38.4747 61.4747 7.54266
      vertex 38.6477 61.3269 7.57814
    endloop
  endfacet
  facet normal 0.64956 0.76031 0
    outer loop
      vertex 38.4747 61.4747 7.54266
      vertex 38.6477 61.3269 2.28882e-07
      vertex 38.4747 61.4747 2.28882e-07
    endloop
  endfacet
  facet normal -0.9969 -0.0786795 -0
    outer loop
      vertex 40.95 62.5 7.40001
      vertex 40.9321 62.7268 2.28882e-07
      vertex 40.95 62.5 2.28882e-07
    endloop
  endfacet
  facet normal -0.9969 -0.0786795 0
    outer loop
      vertex 40.9321 62.7268 2.28882e-07
      vertex 40.95 62.5 7.40001
      vertex 40.9321 62.7268 7.41786
    endloop
  endfacet
  facet normal 0.233323 -0.972399 0
    outer loop
      vertex 39.2732 63.9321 2.28882e-07
      vertex 39.0519 63.879 7.6471
      vertex 39.0519 63.879 2.28882e-07
    endloop
  endfacet
  facet normal 0.233323 -0.972399 0
    outer loop
      vertex 39.0519 63.879 7.6471
      vertex 39.2732 63.9321 2.28882e-07
      vertex 39.2732 63.9321 7.6691
    endloop
  endfacet
  facet normal -0.923985 0.382429 0
    outer loop
      vertex 40.792 61.8417 2.28882e-07
      vertex 40.879 62.0519 7.43527
      vertex 40.879 62.0519 2.28882e-07
    endloop
  endfacet
  facet normal -0.923994 0.382408 7.05614e-07
    outer loop
      vertex 40.879 62.0519 7.43527
      vertex 40.792 61.8417 2.28882e-07
      vertex 40.799 61.8586 7.45049
    endloop
  endfacet
  facet normal -0.923884 0.382674 0
    outer loop
      vertex 40.799 61.8586 7.45049
      vertex 40.792 61.8417 2.28882e-07
      vertex 40.792 61.8417 7.45455
    endloop
  endfacet
  facet normal 0.9969 0.0786795 -0
    outer loop
      vertex 38.0679 62.2732 2.28882e-07
      vertex 38.05 62.5 7.40001
      vertex 38.0679 62.2732 7.41786
    endloop
  endfacet
  facet normal 0.9969 0.0786795 0
    outer loop
      vertex 38.05 62.5 7.40001
      vertex 38.0679 62.2732 2.28882e-07
      vertex 38.05 62.5 2.28882e-07
    endloop
  endfacet
  facet normal -0.233323 0.972399 0
    outer loop
      vertex 39.7268 61.0679 2.28882e-07
      vertex 39.9481 61.121 7.6471
      vertex 39.9481 61.121 2.28882e-07
    endloop
  endfacet
  facet normal -0.233323 0.972399 0
    outer loop
      vertex 39.9481 61.121 7.6471
      vertex 39.7268 61.0679 2.28882e-07
      vertex 39.7268 61.0679 7.6691
    endloop
  endfacet
  facet normal -0.9969 0.0786795 0
    outer loop
      vertex 40.9321 62.2732 2.28882e-07
      vertex 40.95 62.5 7.40001
      vertex 40.95 62.5 2.28882e-07
    endloop
  endfacet
  facet normal -0.9969 0.0786795 0
    outer loop
      vertex 40.95 62.5 7.40001
      vertex 40.9321 62.2732 2.28882e-07
      vertex 40.9321 62.2732 7.41786
    endloop
  endfacet
  facet normal -0.233323 -0.972399 0
    outer loop
      vertex 39.7268 63.9321 2.28882e-07
      vertex 39.9481 63.879 7.6471
      vertex 39.7268 63.9321 7.6691
    endloop
  endfacet
  facet normal -0.233323 -0.972399 -0
    outer loop
      vertex 39.9481 63.879 7.6471
      vertex 39.7268 63.9321 2.28882e-07
      vertex 39.9481 63.879 2.28882e-07
    endloop
  endfacet
  facet normal -0.972399 0.233323 0
    outer loop
      vertex 40.879 62.0519 2.28882e-07
      vertex 40.9321 62.2732 7.41786
      vertex 40.9321 62.2732 2.28882e-07
    endloop
  endfacet
  facet normal -0.972399 0.233323 0
    outer loop
      vertex 40.9321 62.2732 7.41786
      vertex 40.879 62.0519 2.28882e-07
      vertex 40.879 62.0519 7.43527
    endloop
  endfacet
  facet normal -0.852608 -0.522552 -0
    outer loop
      vertex 40.792 63.1583 7.45455
      vertex 40.6731 63.3523 2.28882e-07
      vertex 40.792 63.1583 2.28882e-07
    endloop
  endfacet
  facet normal -0.852608 -0.522552 0
    outer loop
      vertex 40.6731 63.3523 2.28882e-07
      vertex 40.792 63.1583 7.45455
      vertex 40.6731 63.3523 7.50112
    endloop
  endfacet
  facet normal 0.972399 -0.233323 0
    outer loop
      vertex 38.0679 62.7268 7.41786
      vertex 38.121 62.9481 2.28882e-07
      vertex 38.121 62.9481 7.43527
    endloop
  endfacet
  facet normal 0.972399 -0.233323 0
    outer loop
      vertex 38.121 62.9481 2.28882e-07
      vertex 38.0679 62.7268 7.41786
      vertex 38.0679 62.7268 2.28882e-07
    endloop
  endfacet
  facet normal 0.382429 0.923985 -0
    outer loop
      vertex 39.0519 61.121 2.28882e-07
      vertex 38.8417 61.208 7.61103
      vertex 39.0519 61.121 7.6471
    endloop
  endfacet
  facet normal 0.382429 0.923985 0
    outer loop
      vertex 38.8417 61.208 7.61103
      vertex 39.0519 61.121 2.28882e-07
      vertex 38.8417 61.208 2.28882e-07
    endloop
  endfacet
  facet normal 0.923994 0.382408 7.05614e-07
    outer loop
      vertex 38.208 61.8417 2.28882e-07
      vertex 38.121 62.0519 7.43527
      vertex 38.201 61.8586 7.45049
    endloop
  endfacet
  facet normal 0.923884 0.382674 -0
    outer loop
      vertex 38.208 61.8417 2.28882e-07
      vertex 38.201 61.8586 7.45049
      vertex 38.208 61.8417 7.45455
    endloop
  endfacet
  facet normal 0.923985 0.382429 0
    outer loop
      vertex 38.121 62.0519 7.43527
      vertex 38.208 61.8417 2.28882e-07
      vertex 38.121 62.0519 2.28882e-07
    endloop
  endfacet
  facet normal -0.64956 0.76031 0
    outer loop
      vertex 40.3523 61.3269 2.28882e-07
      vertex 40.5253 61.4747 7.54266
      vertex 40.5253 61.4747 2.28882e-07
    endloop
  endfacet
  facet normal -0.64956 0.76031 0
    outer loop
      vertex 40.5253 61.4747 7.54266
      vertex 40.3523 61.3269 2.28882e-07
      vertex 40.3523 61.3269 7.57814
    endloop
  endfacet
  facet normal 0.76031 0.64956 -0
    outer loop
      vertex 38.4747 61.4747 2.28882e-07
      vertex 38.3269 61.6477 7.50112
      vertex 38.4747 61.4747 7.54266
    endloop
  endfacet
  facet normal 0.76031 0.64956 0
    outer loop
      vertex 38.3269 61.6477 7.50112
      vertex 38.4747 61.4747 2.28882e-07
      vertex 38.3269 61.6477 2.28882e-07
    endloop
  endfacet
  facet normal 0.76031 -0.64956 0
    outer loop
      vertex 38.3269 63.3523 7.50112
      vertex 38.4747 63.5253 2.28882e-07
      vertex 38.4747 63.5253 7.54266
    endloop
  endfacet
  facet normal 0.76031 -0.64956 0
    outer loop
      vertex 38.4747 63.5253 2.28882e-07
      vertex 38.3269 63.3523 7.50112
      vertex 38.3269 63.3523 2.28882e-07
    endloop
  endfacet
  facet normal -0.382429 0.923985 0
    outer loop
      vertex 39.9481 61.121 2.28882e-07
      vertex 40.1583 61.208 7.61103
      vertex 40.1583 61.208 2.28882e-07
    endloop
  endfacet
  facet normal -0.382429 0.923985 0
    outer loop
      vertex 40.1583 61.208 7.61103
      vertex 39.9481 61.121 2.28882e-07
      vertex 39.9481 61.121 7.6471
    endloop
  endfacet
  facet normal -0.522552 0.852608 0
    outer loop
      vertex 40.1583 61.208 2.28882e-07
      vertex 40.3523 61.3269 7.57814
      vertex 40.3523 61.3269 2.28882e-07
    endloop
  endfacet
  facet normal -0.522575 0.852593 8.19419e-07
    outer loop
      vertex 40.3523 61.3269 7.57814
      vertex 40.1583 61.208 2.28882e-07
      vertex 40.1991 61.233 7.60068
    endloop
  endfacet
  facet normal -0.522464 0.852661 0
    outer loop
      vertex 40.1991 61.233 7.60068
      vertex 40.1583 61.208 2.28882e-07
      vertex 40.1583 61.208 7.61103
    endloop
  endfacet
  facet normal 0.9969 -0.0786795 0
    outer loop
      vertex 38.05 62.5 7.40001
      vertex 38.0679 62.7268 2.28882e-07
      vertex 38.0679 62.7268 7.41786
    endloop
  endfacet
  facet normal 0.9969 -0.0786795 0
    outer loop
      vertex 38.0679 62.7268 2.28882e-07
      vertex 38.05 62.5 7.40001
      vertex 38.05 62.5 2.28882e-07
    endloop
  endfacet
  facet normal -0.64956 -0.76031 0
    outer loop
      vertex 40.3523 63.6731 2.28882e-07
      vertex 40.5253 63.5253 7.54266
      vertex 40.3523 63.6731 7.57814
    endloop
  endfacet
  facet normal -0.64956 -0.76031 -0
    outer loop
      vertex 40.5253 63.5253 7.54266
      vertex 40.3523 63.6731 2.28882e-07
      vertex 40.5253 63.5253 2.28882e-07
    endloop
  endfacet
  facet normal -0.76031 0.64956 0
    outer loop
      vertex 40.5253 61.4747 2.28882e-07
      vertex 40.6731 61.6477 7.50112
      vertex 40.6731 61.6477 2.28882e-07
    endloop
  endfacet
  facet normal -0.76031 0.64956 0
    outer loop
      vertex 40.6731 61.6477 7.50112
      vertex 40.5253 61.4747 2.28882e-07
      vertex 40.5253 61.4747 7.54266
    endloop
  endfacet
  facet normal 0.522552 -0.852608 0
    outer loop
      vertex 38.8417 63.792 2.28882e-07
      vertex 38.6477 63.6731 7.57814
      vertex 38.6477 63.6731 2.28882e-07
    endloop
  endfacet
  facet normal 0.522575 -0.852593 8.19419e-07
    outer loop
      vertex 38.6477 63.6731 7.57814
      vertex 38.8417 63.792 2.28882e-07
      vertex 38.8009 63.767 7.60068
    endloop
  endfacet
  facet normal 0.522464 -0.852661 0
    outer loop
      vertex 38.8009 63.767 7.60068
      vertex 38.8417 63.792 2.28882e-07
      vertex 38.8417 63.792 7.61103
    endloop
  endfacet
  facet normal 0.522464 0.852661 -0
    outer loop
      vertex 38.8417 61.208 2.28882e-07
      vertex 38.8009 61.233 7.60068
      vertex 38.8417 61.208 7.61103
    endloop
  endfacet
  facet normal 0.522575 0.852593 8.19419e-07
    outer loop
      vertex 38.8417 61.208 2.28882e-07
      vertex 38.6477 61.3269 7.57814
      vertex 38.8009 61.233 7.60068
    endloop
  endfacet
  facet normal 0.522552 0.852608 0
    outer loop
      vertex 38.6477 61.3269 7.57814
      vertex 38.8417 61.208 2.28882e-07
      vertex 38.6477 61.3269 2.28882e-07
    endloop
  endfacet
  facet normal -0.923884 -0.382674 0
    outer loop
      vertex 40.792 63.1583 2.28882e-07
      vertex 40.799 63.1414 7.45049
      vertex 40.792 63.1583 7.45455
    endloop
  endfacet
  facet normal -0.923985 -0.382429 -0
    outer loop
      vertex 40.879 62.9481 7.43527
      vertex 40.792 63.1583 2.28882e-07
      vertex 40.879 62.9481 2.28882e-07
    endloop
  endfacet
  facet normal -0.923994 -0.382408 7.05614e-07
    outer loop
      vertex 40.792 63.1583 2.28882e-07
      vertex 40.879 62.9481 7.43527
      vertex 40.799 63.1414 7.45049
    endloop
  endfacet
  facet normal 0.852608 -0.522552 0
    outer loop
      vertex 38.208 63.1583 7.45455
      vertex 38.3269 63.3523 2.28882e-07
      vertex 38.3269 63.3523 7.50112
    endloop
  endfacet
  facet normal 0.852608 -0.522552 0
    outer loop
      vertex 38.3269 63.3523 2.28882e-07
      vertex 38.208 63.1583 7.45455
      vertex 38.208 63.1583 2.28882e-07
    endloop
  endfacet
  facet normal 0.0786795 -0.9969 0
    outer loop
      vertex 39.5 63.95 2.28882e-07
      vertex 39.2732 63.9321 7.6691
      vertex 39.2732 63.9321 2.28882e-07
    endloop
  endfacet
  facet normal 0.0786795 -0.9969 0
    outer loop
      vertex 39.2732 63.9321 7.6691
      vertex 39.5 63.95 2.28882e-07
      vertex 39.5 63.95 7.67649
    endloop
  endfacet
  facet normal 0.972399 0.233323 -0
    outer loop
      vertex 38.121 62.0519 2.28882e-07
      vertex 38.0679 62.2732 7.41786
      vertex 38.121 62.0519 7.43527
    endloop
  endfacet
  facet normal 0.972399 0.233323 0
    outer loop
      vertex 38.0679 62.2732 7.41786
      vertex 38.121 62.0519 2.28882e-07
      vertex 38.0679 62.2732 2.28882e-07
    endloop
  endfacet
  facet normal -0.852608 0.522552 0
    outer loop
      vertex 40.6731 61.6477 2.28882e-07
      vertex 40.792 61.8417 7.45455
      vertex 40.792 61.8417 2.28882e-07
    endloop
  endfacet
  facet normal -0.852608 0.522552 0
    outer loop
      vertex 40.792 61.8417 7.45455
      vertex 40.6731 61.6477 2.28882e-07
      vertex 40.6731 61.6477 7.50112
    endloop
  endfacet
  facet normal -0.76031 -0.64956 -0
    outer loop
      vertex 40.6731 63.3523 7.50112
      vertex 40.5253 63.5253 2.28882e-07
      vertex 40.6731 63.3523 2.28882e-07
    endloop
  endfacet
  facet normal -0.76031 -0.64956 0
    outer loop
      vertex 40.5253 63.5253 2.28882e-07
      vertex 40.6731 63.3523 7.50112
      vertex 40.5253 63.5253 7.54266
    endloop
  endfacet
  facet normal 0.852608 0.522552 -0
    outer loop
      vertex 38.3269 61.6477 2.28882e-07
      vertex 38.208 61.8417 7.45455
      vertex 38.3269 61.6477 7.50112
    endloop
  endfacet
  facet normal 0.852608 0.522552 0
    outer loop
      vertex 38.208 61.8417 7.45455
      vertex 38.3269 61.6477 2.28882e-07
      vertex 38.208 61.8417 2.28882e-07
    endloop
  endfacet
  facet normal -0.382429 -0.923985 0
    outer loop
      vertex 39.9481 63.879 2.28882e-07
      vertex 40.1583 63.792 7.61103
      vertex 39.9481 63.879 7.6471
    endloop
  endfacet
  facet normal -0.382429 -0.923985 -0
    outer loop
      vertex 40.1583 63.792 7.61103
      vertex 39.9481 63.879 2.28882e-07
      vertex 40.1583 63.792 2.28882e-07
    endloop
  endfacet
  facet normal -0.0786795 0.9969 0
    outer loop
      vertex 39.5 61.05 2.28882e-07
      vertex 39.7268 61.0679 7.6691
      vertex 39.7268 61.0679 2.28882e-07
    endloop
  endfacet
  facet normal -0.0786795 0.9969 0
    outer loop
      vertex 39.7268 61.0679 7.6691
      vertex 39.5 61.05 2.28882e-07
      vertex 39.5 61.05 7.67649
    endloop
  endfacet
  facet normal 0.0786795 0.9969 -0
    outer loop
      vertex 39.5 61.05 2.28882e-07
      vertex 39.2732 61.0679 7.6691
      vertex 39.5 61.05 7.67649
    endloop
  endfacet
  facet normal 0.0786795 0.9969 0
    outer loop
      vertex 39.2732 61.0679 7.6691
      vertex 39.5 61.05 2.28882e-07
      vertex 39.2732 61.0679 2.28882e-07
    endloop
  endfacet
  facet normal 0.382429 -0.923985 0
    outer loop
      vertex 39.0519 63.879 2.28882e-07
      vertex 38.8417 63.792 7.61103
      vertex 38.8417 63.792 2.28882e-07
    endloop
  endfacet
  facet normal 0.382429 -0.923985 0
    outer loop
      vertex 38.8417 63.792 7.61103
      vertex 39.0519 63.879 2.28882e-07
      vertex 39.0519 63.879 7.6471
    endloop
  endfacet
  facet normal -0.0786795 -0.9969 0
    outer loop
      vertex 39.5 63.95 2.28882e-07
      vertex 39.7268 63.9321 7.6691
      vertex 39.5 63.95 7.67649
    endloop
  endfacet
  facet normal -0.0786795 -0.9969 -0
    outer loop
      vertex 39.7268 63.9321 7.6691
      vertex 39.5 63.95 2.28882e-07
      vertex 39.7268 63.9321 2.28882e-07
    endloop
  endfacet
  facet normal 0.923884 -0.382674 0
    outer loop
      vertex 38.201 63.1414 7.45049
      vertex 38.208 63.1583 2.28882e-07
      vertex 38.208 63.1583 7.45455
    endloop
  endfacet
  facet normal 0.923994 -0.382408 7.05614e-07
    outer loop
      vertex 38.121 62.9481 7.43527
      vertex 38.208 63.1583 2.28882e-07
      vertex 38.201 63.1414 7.45049
    endloop
  endfacet
  facet normal 0.923985 -0.382429 0
    outer loop
      vertex 38.208 63.1583 2.28882e-07
      vertex 38.121 62.9481 7.43527
      vertex 38.121 62.9481 2.28882e-07
    endloop
  endfacet
  facet normal 0.64956 -0.76031 0
    outer loop
      vertex 38.6477 63.6731 2.28882e-07
      vertex 38.4747 63.5253 7.54266
      vertex 38.4747 63.5253 2.28882e-07
    endloop
  endfacet
  facet normal 0.64956 -0.76031 0
    outer loop
      vertex 38.4747 63.5253 7.54266
      vertex 38.6477 63.6731 2.28882e-07
      vertex 38.6477 63.6731 7.57814
    endloop
  endfacet
  facet normal 0.233323 0.972399 -0
    outer loop
      vertex 52.7732 61.0679 2.28882e-07
      vertex 52.5519 61.121 7.6471
      vertex 52.7732 61.0679 7.6691
    endloop
  endfacet
  facet normal 0.233323 0.972399 0
    outer loop
      vertex 52.5519 61.121 7.6471
      vertex 52.7732 61.0679 2.28882e-07
      vertex 52.5519 61.121 2.28882e-07
    endloop
  endfacet
  facet normal -0.972399 0.233323 0
    outer loop
      vertex 54.379 62.0519 2.28882e-07
      vertex 54.4321 62.2732 7.41786
      vertex 54.4321 62.2732 2.28882e-07
    endloop
  endfacet
  facet normal -0.972399 0.233323 0
    outer loop
      vertex 54.4321 62.2732 7.41786
      vertex 54.379 62.0519 2.28882e-07
      vertex 54.379 62.0519 7.43527
    endloop
  endfacet
  facet normal -0.9969 0.0786795 0
    outer loop
      vertex 54.4321 62.2732 2.28882e-07
      vertex 54.45 62.5 7.40001
      vertex 54.45 62.5 2.28882e-07
    endloop
  endfacet
  facet normal -0.9969 0.0786795 0
    outer loop
      vertex 54.45 62.5 7.40001
      vertex 54.4321 62.2732 2.28882e-07
      vertex 54.4321 62.2732 7.41786
    endloop
  endfacet
  facet normal -0.923985 0.382429 0
    outer loop
      vertex 54.292 61.8417 2.28882e-07
      vertex 54.379 62.0519 7.43527
      vertex 54.379 62.0519 2.28882e-07
    endloop
  endfacet
  facet normal -0.923994 0.382408 7.05614e-07
    outer loop
      vertex 54.379 62.0519 7.43527
      vertex 54.292 61.8417 2.28882e-07
      vertex 54.299 61.8586 7.45049
    endloop
  endfacet
  facet normal -0.923884 0.382674 0
    outer loop
      vertex 54.299 61.8586 7.45049
      vertex 54.292 61.8417 2.28882e-07
      vertex 54.292 61.8417 7.45455
    endloop
  endfacet
  facet normal -0.233323 0.972399 0
    outer loop
      vertex 53.2268 61.0679 2.28882e-07
      vertex 53.4481 61.121 7.6471
      vertex 53.4481 61.121 2.28882e-07
    endloop
  endfacet
  facet normal -0.233323 0.972399 0
    outer loop
      vertex 53.4481 61.121 7.6471
      vertex 53.2268 61.0679 2.28882e-07
      vertex 53.2268 61.0679 7.6691
    endloop
  endfacet
  facet normal 0.233323 -0.972399 0
    outer loop
      vertex 52.7732 63.9321 2.28882e-07
      vertex 52.5519 63.879 7.6471
      vertex 52.5519 63.879 2.28882e-07
    endloop
  endfacet
  facet normal 0.233323 -0.972399 0
    outer loop
      vertex 52.5519 63.879 7.6471
      vertex 52.7732 63.9321 2.28882e-07
      vertex 52.7732 63.9321 7.6691
    endloop
  endfacet
  facet normal -0.9969 -0.0786795 -0
    outer loop
      vertex 54.45 62.5 7.40001
      vertex 54.4321 62.7268 2.28882e-07
      vertex 54.45 62.5 2.28882e-07
    endloop
  endfacet
  facet normal -0.9969 -0.0786795 0
    outer loop
      vertex 54.4321 62.7268 2.28882e-07
      vertex 54.45 62.5 7.40001
      vertex 54.4321 62.7268 7.41786
    endloop
  endfacet
  facet normal 0.522552 -0.852608 0
    outer loop
      vertex 52.3417 63.792 2.28882e-07
      vertex 52.1477 63.6731 7.57814
      vertex 52.1477 63.6731 2.28882e-07
    endloop
  endfacet
  facet normal 0.522575 -0.852593 8.19419e-07
    outer loop
      vertex 52.1477 63.6731 7.57814
      vertex 52.3417 63.792 2.28882e-07
      vertex 52.3009 63.767 7.60068
    endloop
  endfacet
  facet normal 0.522464 -0.852661 0
    outer loop
      vertex 52.3009 63.767 7.60068
      vertex 52.3417 63.792 2.28882e-07
      vertex 52.3417 63.792 7.61103
    endloop
  endfacet
  facet normal -0.382429 0.923985 0
    outer loop
      vertex 53.4481 61.121 2.28882e-07
      vertex 53.6583 61.208 7.61103
      vertex 53.6583 61.208 2.28882e-07
    endloop
  endfacet
  facet normal -0.382429 0.923985 0
    outer loop
      vertex 53.6583 61.208 7.61103
      vertex 53.4481 61.121 2.28882e-07
      vertex 53.4481 61.121 7.6471
    endloop
  endfacet
  facet normal 0.76031 -0.64956 0
    outer loop
      vertex 51.8269 63.3523 7.50112
      vertex 51.9747 63.5253 2.28882e-07
      vertex 51.9747 63.5253 7.54266
    endloop
  endfacet
  facet normal 0.76031 -0.64956 0
    outer loop
      vertex 51.9747 63.5253 2.28882e-07
      vertex 51.8269 63.3523 7.50112
      vertex 51.8269 63.3523 2.28882e-07
    endloop
  endfacet
  facet normal 0.64956 0.76031 -0
    outer loop
      vertex 52.1477 61.3269 2.28882e-07
      vertex 51.9747 61.4747 7.54266
      vertex 52.1477 61.3269 7.57814
    endloop
  endfacet
  facet normal 0.64956 0.76031 0
    outer loop
      vertex 51.9747 61.4747 7.54266
      vertex 52.1477 61.3269 2.28882e-07
      vertex 51.9747 61.4747 2.28882e-07
    endloop
  endfacet
  facet normal 0.972399 0.233323 -0
    outer loop
      vertex 51.621 62.0519 2.28882e-07
      vertex 51.5679 62.2732 7.41786
      vertex 51.621 62.0519 7.43527
    endloop
  endfacet
  facet normal 0.972399 0.233323 0
    outer loop
      vertex 51.5679 62.2732 7.41786
      vertex 51.621 62.0519 2.28882e-07
      vertex 51.5679 62.2732 2.28882e-07
    endloop
  endfacet
  facet normal 0.382429 -0.923985 0
    outer loop
      vertex 52.5519 63.879 2.28882e-07
      vertex 52.3417 63.792 7.61103
      vertex 52.3417 63.792 2.28882e-07
    endloop
  endfacet
  facet normal 0.382429 -0.923985 0
    outer loop
      vertex 52.3417 63.792 7.61103
      vertex 52.5519 63.879 2.28882e-07
      vertex 52.5519 63.879 7.6471
    endloop
  endfacet
  facet normal -0.522464 -0.852661 0
    outer loop
      vertex 53.6583 63.792 2.28882e-07
      vertex 53.6991 63.767 7.60068
      vertex 53.6583 63.792 7.61103
    endloop
  endfacet
  facet normal -0.522575 -0.852593 8.19419e-07
    outer loop
      vertex 53.6583 63.792 2.28882e-07
      vertex 53.8523 63.6731 7.57814
      vertex 53.6991 63.767 7.60068
    endloop
  endfacet
  facet normal -0.522552 -0.852608 -0
    outer loop
      vertex 53.8523 63.6731 7.57814
      vertex 53.6583 63.792 2.28882e-07
      vertex 53.8523 63.6731 2.28882e-07
    endloop
  endfacet
  facet normal 0.522464 0.852661 -0
    outer loop
      vertex 52.3417 61.208 2.28882e-07
      vertex 52.3009 61.233 7.60068
      vertex 52.3417 61.208 7.61103
    endloop
  endfacet
  facet normal 0.522575 0.852593 8.19419e-07
    outer loop
      vertex 52.3417 61.208 2.28882e-07
      vertex 52.1477 61.3269 7.57814
      vertex 52.3009 61.233 7.60068
    endloop
  endfacet
  facet normal 0.522552 0.852608 0
    outer loop
      vertex 52.1477 61.3269 7.57814
      vertex 52.3417 61.208 2.28882e-07
      vertex 52.1477 61.3269 2.28882e-07
    endloop
  endfacet
  facet normal -0.382429 -0.923985 0
    outer loop
      vertex 53.4481 63.879 2.28882e-07
      vertex 53.6583 63.792 7.61103
      vertex 53.4481 63.879 7.6471
    endloop
  endfacet
  facet normal -0.382429 -0.923985 -0
    outer loop
      vertex 53.6583 63.792 7.61103
      vertex 53.4481 63.879 2.28882e-07
      vertex 53.6583 63.792 2.28882e-07
    endloop
  endfacet
  facet normal -0.972399 -0.233323 -0
    outer loop
      vertex 54.4321 62.7268 7.41786
      vertex 54.379 62.9481 2.28882e-07
      vertex 54.4321 62.7268 2.28882e-07
    endloop
  endfacet
  facet normal -0.972399 -0.233323 0
    outer loop
      vertex 54.379 62.9481 2.28882e-07
      vertex 54.4321 62.7268 7.41786
      vertex 54.379 62.9481 7.43527
    endloop
  endfacet
  facet normal 0.0786795 -0.9969 0
    outer loop
      vertex 53 63.95 2.28882e-07
      vertex 52.7732 63.9321 7.6691
      vertex 52.7732 63.9321 2.28882e-07
    endloop
  endfacet
  facet normal 0.0786795 -0.9969 0
    outer loop
      vertex 52.7732 63.9321 7.6691
      vertex 53 63.95 2.28882e-07
      vertex 53 63.95 7.67649
    endloop
  endfacet
  facet normal -0.923884 -0.382674 0
    outer loop
      vertex 54.292 63.1583 2.28882e-07
      vertex 54.299 63.1414 7.45049
      vertex 54.292 63.1583 7.45455
    endloop
  endfacet
  facet normal -0.923985 -0.382429 -0
    outer loop
      vertex 54.379 62.9481 7.43527
      vertex 54.292 63.1583 2.28882e-07
      vertex 54.379 62.9481 2.28882e-07
    endloop
  endfacet
  facet normal -0.923994 -0.382408 7.05614e-07
    outer loop
      vertex 54.292 63.1583 2.28882e-07
      vertex 54.379 62.9481 7.43527
      vertex 54.299 63.1414 7.45049
    endloop
  endfacet
  facet normal -0.233323 -0.972399 0
    outer loop
      vertex 53.2268 63.9321 2.28882e-07
      vertex 53.4481 63.879 7.6471
      vertex 53.2268 63.9321 7.6691
    endloop
  endfacet
  facet normal -0.233323 -0.972399 -0
    outer loop
      vertex 53.4481 63.879 7.6471
      vertex 53.2268 63.9321 2.28882e-07
      vertex 53.4481 63.879 2.28882e-07
    endloop
  endfacet
  facet normal -0.852608 -0.522552 -0
    outer loop
      vertex 54.292 63.1583 7.45455
      vertex 54.1731 63.3523 2.28882e-07
      vertex 54.292 63.1583 2.28882e-07
    endloop
  endfacet
  facet normal -0.852608 -0.522552 0
    outer loop
      vertex 54.1731 63.3523 2.28882e-07
      vertex 54.292 63.1583 7.45455
      vertex 54.1731 63.3523 7.50112
    endloop
  endfacet
  facet normal -0.76031 -0.64956 -0
    outer loop
      vertex 54.1731 63.3523 7.50112
      vertex 54.0253 63.5253 2.28882e-07
      vertex 54.1731 63.3523 2.28882e-07
    endloop
  endfacet
  facet normal -0.76031 -0.64956 0
    outer loop
      vertex 54.0253 63.5253 2.28882e-07
      vertex 54.1731 63.3523 7.50112
      vertex 54.0253 63.5253 7.54266
    endloop
  endfacet
  facet normal -0.0786795 0.9969 0
    outer loop
      vertex 53 61.05 2.28882e-07
      vertex 53.2268 61.0679 7.6691
      vertex 53.2268 61.0679 2.28882e-07
    endloop
  endfacet
  facet normal -0.0786795 0.9969 0
    outer loop
      vertex 53.2268 61.0679 7.6691
      vertex 53 61.05 2.28882e-07
      vertex 53 61.05 7.67649
    endloop
  endfacet
  facet normal 0.0786795 0.9969 -0
    outer loop
      vertex 53 61.05 2.28882e-07
      vertex 52.7732 61.0679 7.6691
      vertex 53 61.05 7.67649
    endloop
  endfacet
  facet normal 0.0786795 0.9969 0
    outer loop
      vertex 52.7732 61.0679 7.6691
      vertex 53 61.05 2.28882e-07
      vertex 52.7732 61.0679 2.28882e-07
    endloop
  endfacet
  facet normal 0.382429 0.923985 -0
    outer loop
      vertex 52.5519 61.121 2.28882e-07
      vertex 52.3417 61.208 7.61103
      vertex 52.5519 61.121 7.6471
    endloop
  endfacet
  facet normal 0.382429 0.923985 0
    outer loop
      vertex 52.3417 61.208 7.61103
      vertex 52.5519 61.121 2.28882e-07
      vertex 52.3417 61.208 2.28882e-07
    endloop
  endfacet
  facet normal -0.64956 0.76031 0
    outer loop
      vertex 53.8523 61.3269 2.28882e-07
      vertex 54.0253 61.4747 7.54266
      vertex 54.0253 61.4747 2.28882e-07
    endloop
  endfacet
  facet normal -0.64956 0.76031 0
    outer loop
      vertex 54.0253 61.4747 7.54266
      vertex 53.8523 61.3269 2.28882e-07
      vertex 53.8523 61.3269 7.57814
    endloop
  endfacet
  facet normal -0.76031 0.64956 0
    outer loop
      vertex 54.0253 61.4747 2.28882e-07
      vertex 54.1731 61.6477 7.50112
      vertex 54.1731 61.6477 2.28882e-07
    endloop
  endfacet
  facet normal -0.76031 0.64956 0
    outer loop
      vertex 54.1731 61.6477 7.50112
      vertex 54.0253 61.4747 2.28882e-07
      vertex 54.0253 61.4747 7.54266
    endloop
  endfacet
  facet normal -0.522552 0.852608 0
    outer loop
      vertex 53.6583 61.208 2.28882e-07
      vertex 53.8523 61.3269 7.57814
      vertex 53.8523 61.3269 2.28882e-07
    endloop
  endfacet
  facet normal -0.522575 0.852593 8.19419e-07
    outer loop
      vertex 53.8523 61.3269 7.57814
      vertex 53.6583 61.208 2.28882e-07
      vertex 53.6991 61.233 7.60068
    endloop
  endfacet
  facet normal -0.522464 0.852661 0
    outer loop
      vertex 53.6991 61.233 7.60068
      vertex 53.6583 61.208 2.28882e-07
      vertex 53.6583 61.208 7.61103
    endloop
  endfacet
  facet normal 0.972399 -0.233323 0
    outer loop
      vertex 51.5679 62.7268 7.41786
      vertex 51.621 62.9481 2.28882e-07
      vertex 51.621 62.9481 7.43527
    endloop
  endfacet
  facet normal 0.972399 -0.233323 0
    outer loop
      vertex 51.621 62.9481 2.28882e-07
      vertex 51.5679 62.7268 7.41786
      vertex 51.5679 62.7268 2.28882e-07
    endloop
  endfacet
  facet normal -0.852608 0.522552 0
    outer loop
      vertex 54.1731 61.6477 2.28882e-07
      vertex 54.292 61.8417 7.45455
      vertex 54.292 61.8417 2.28882e-07
    endloop
  endfacet
  facet normal -0.852608 0.522552 0
    outer loop
      vertex 54.292 61.8417 7.45455
      vertex 54.1731 61.6477 2.28882e-07
      vertex 54.1731 61.6477 7.50112
    endloop
  endfacet
  facet normal -0.64956 -0.76031 0
    outer loop
      vertex 53.8523 63.6731 2.28882e-07
      vertex 54.0253 63.5253 7.54266
      vertex 53.8523 63.6731 7.57814
    endloop
  endfacet
  facet normal -0.64956 -0.76031 -0
    outer loop
      vertex 54.0253 63.5253 7.54266
      vertex 53.8523 63.6731 2.28882e-07
      vertex 54.0253 63.5253 2.28882e-07
    endloop
  endfacet
  facet normal 0.923884 -0.382674 0
    outer loop
      vertex 51.701 63.1414 7.45049
      vertex 51.708 63.1583 2.28882e-07
      vertex 51.708 63.1583 7.45455
    endloop
  endfacet
  facet normal 0.923994 -0.382408 7.05614e-07
    outer loop
      vertex 51.621 62.9481 7.43527
      vertex 51.708 63.1583 2.28882e-07
      vertex 51.701 63.1414 7.45049
    endloop
  endfacet
  facet normal 0.923985 -0.382429 0
    outer loop
      vertex 51.708 63.1583 2.28882e-07
      vertex 51.621 62.9481 7.43527
      vertex 51.621 62.9481 2.28882e-07
    endloop
  endfacet
  facet normal 0.852608 0.522552 -0
    outer loop
      vertex 51.8269 61.6477 2.28882e-07
      vertex 51.708 61.8417 7.45455
      vertex 51.8269 61.6477 7.50112
    endloop
  endfacet
  facet normal 0.852608 0.522552 0
    outer loop
      vertex 51.708 61.8417 7.45455
      vertex 51.8269 61.6477 2.28882e-07
      vertex 51.708 61.8417 2.28882e-07
    endloop
  endfacet
  facet normal 0.852608 -0.522552 0
    outer loop
      vertex 51.708 63.1583 7.45455
      vertex 51.8269 63.3523 2.28882e-07
      vertex 51.8269 63.3523 7.50112
    endloop
  endfacet
  facet normal 0.852608 -0.522552 0
    outer loop
      vertex 51.8269 63.3523 2.28882e-07
      vertex 51.708 63.1583 7.45455
      vertex 51.708 63.1583 2.28882e-07
    endloop
  endfacet
  facet normal 0.76031 0.64956 -0
    outer loop
      vertex 51.9747 61.4747 2.28882e-07
      vertex 51.8269 61.6477 7.50112
      vertex 51.9747 61.4747 7.54266
    endloop
  endfacet
  facet normal 0.76031 0.64956 0
    outer loop
      vertex 51.8269 61.6477 7.50112
      vertex 51.9747 61.4747 2.28882e-07
      vertex 51.8269 61.6477 2.28882e-07
    endloop
  endfacet
  facet normal 0.9969 -0.0786795 0
    outer loop
      vertex 51.55 62.5 7.40001
      vertex 51.5679 62.7268 2.28882e-07
      vertex 51.5679 62.7268 7.41786
    endloop
  endfacet
  facet normal 0.9969 -0.0786795 0
    outer loop
      vertex 51.5679 62.7268 2.28882e-07
      vertex 51.55 62.5 7.40001
      vertex 51.55 62.5 2.28882e-07
    endloop
  endfacet
  facet normal 0.9969 0.0786795 -0
    outer loop
      vertex 51.5679 62.2732 2.28882e-07
      vertex 51.55 62.5 7.40001
      vertex 51.5679 62.2732 7.41786
    endloop
  endfacet
  facet normal 0.9969 0.0786795 0
    outer loop
      vertex 51.55 62.5 7.40001
      vertex 51.5679 62.2732 2.28882e-07
      vertex 51.55 62.5 2.28882e-07
    endloop
  endfacet
  facet normal -0.0786795 -0.9969 0
    outer loop
      vertex 53 63.95 2.28882e-07
      vertex 53.2268 63.9321 7.6691
      vertex 53 63.95 7.67649
    endloop
  endfacet
  facet normal -0.0786795 -0.9969 -0
    outer loop
      vertex 53.2268 63.9321 7.6691
      vertex 53 63.95 2.28882e-07
      vertex 53.2268 63.9321 2.28882e-07
    endloop
  endfacet
  facet normal 0.923994 0.382408 7.05614e-07
    outer loop
      vertex 51.708 61.8417 2.28882e-07
      vertex 51.621 62.0519 7.43527
      vertex 51.701 61.8586 7.45049
    endloop
  endfacet
  facet normal 0.923884 0.382674 -0
    outer loop
      vertex 51.708 61.8417 2.28882e-07
      vertex 51.701 61.8586 7.45049
      vertex 51.708 61.8417 7.45455
    endloop
  endfacet
  facet normal 0.923985 0.382429 0
    outer loop
      vertex 51.621 62.0519 7.43527
      vertex 51.708 61.8417 2.28882e-07
      vertex 51.621 62.0519 2.28882e-07
    endloop
  endfacet
  facet normal 0.64956 -0.76031 0
    outer loop
      vertex 52.1477 63.6731 2.28882e-07
      vertex 51.9747 63.5253 7.54266
      vertex 51.9747 63.5253 2.28882e-07
    endloop
  endfacet
  facet normal 0.64956 -0.76031 0
    outer loop
      vertex 51.9747 63.5253 7.54266
      vertex 52.1477 63.6731 2.28882e-07
      vertex 52.1477 63.6731 7.57814
    endloop
  endfacet
  facet normal 0.233373 0.972387 -0
    outer loop
      vertex 8.77317 44.0679 18
      vertex 8.55192 44.121 23
      vertex 8.77317 44.0679 23
    endloop
  endfacet
  facet normal 0.233373 0.972387 0
    outer loop
      vertex 8.55192 44.121 23
      vertex 8.77317 44.0679 18
      vertex 8.55192 44.121 18
    endloop
  endfacet
  facet normal -0.972399 0.233323 0
    outer loop
      vertex 10.379 45.0519 18
      vertex 10.4321 45.2732 23
      vertex 10.4321 45.2732 18
    endloop
  endfacet
  facet normal -0.972399 0.233323 0
    outer loop
      vertex 10.4321 45.2732 23
      vertex 10.379 45.0519 18
      vertex 10.379 45.0519 23
    endloop
  endfacet
  facet normal -0.9969 0.0786795 0
    outer loop
      vertex 10.4321 45.2732 18
      vertex 10.45 45.5 23
      vertex 10.45 45.5 18
    endloop
  endfacet
  facet normal -0.9969 0.0786795 0
    outer loop
      vertex 10.45 45.5 23
      vertex 10.4321 45.2732 18
      vertex 10.4321 45.2732 23
    endloop
  endfacet
  facet normal -0.923985 0.382429 0
    outer loop
      vertex 10.292 44.8417 18
      vertex 10.379 45.0519 23
      vertex 10.379 45.0519 18
    endloop
  endfacet
  facet normal -0.923985 0.382429 0
    outer loop
      vertex 10.379 45.0519 23
      vertex 10.292 44.8417 18
      vertex 10.292 44.8417 23
    endloop
  endfacet
  facet normal -0.233383 0.972385 0
    outer loop
      vertex 9.44807 44.121 18
      vertex 9.22683 44.0679 23
      vertex 9.44807 44.121 23
    endloop
  endfacet
  facet normal -0.233383 0.972385 0
    outer loop
      vertex 9.22683 44.0679 23
      vertex 9.44807 44.121 18
      vertex 9.22683 44.0679 18
    endloop
  endfacet
  facet normal 0.233373 -0.972387 0
    outer loop
      vertex 8.55192 46.879 18
      vertex 8.77317 46.9321 23
      vertex 8.55192 46.879 23
    endloop
  endfacet
  facet normal 0.233373 -0.972387 0
    outer loop
      vertex 8.77317 46.9321 23
      vertex 8.55192 46.879 18
      vertex 8.77317 46.9321 18
    endloop
  endfacet
  facet normal -0.9969 -0.0786795 0
    outer loop
      vertex 10.45 45.5 18
      vertex 10.4321 45.7268 23
      vertex 10.4321 45.7268 18
    endloop
  endfacet
  facet normal -0.9969 -0.0786795 0
    outer loop
      vertex 10.4321 45.7268 23
      vertex 10.45 45.5 18
      vertex 10.45 45.5 23
    endloop
  endfacet
  facet normal 0.522552 -0.852608 0
    outer loop
      vertex 8.14771 46.6731 18
      vertex 8.34171 46.792 23
      vertex 8.14771 46.6731 23
    endloop
  endfacet
  facet normal 0.522552 -0.852608 0
    outer loop
      vertex 8.34171 46.792 23
      vertex 8.14771 46.6731 18
      vertex 8.34171 46.792 18
    endloop
  endfacet
  facet normal -0.382398 0.923998 0
    outer loop
      vertex 9.65829 44.208 18
      vertex 9.44807 44.121 23
      vertex 9.65829 44.208 23
    endloop
  endfacet
  facet normal -0.382398 0.923998 0
    outer loop
      vertex 9.44807 44.121 23
      vertex 9.65829 44.208 18
      vertex 9.44807 44.121 18
    endloop
  endfacet
  facet normal 0.760397 -0.649458 0
    outer loop
      vertex 7.82693 46.3523 23
      vertex 7.97469 46.5253 18
      vertex 7.97469 46.5253 23
    endloop
  endfacet
  facet normal 0.760397 -0.649458 0
    outer loop
      vertex 7.97469 46.5253 18
      vertex 7.82693 46.3523 23
      vertex 7.82693 46.3523 18
    endloop
  endfacet
  facet normal 0.649517 0.760347 -0
    outer loop
      vertex 8.14771 44.3269 18
      vertex 7.97469 44.4747 23
      vertex 8.14771 44.3269 23
    endloop
  endfacet
  facet normal 0.649517 0.760347 0
    outer loop
      vertex 7.97469 44.4747 23
      vertex 8.14771 44.3269 18
      vertex 7.97469 44.4747 18
    endloop
  endfacet
  facet normal 0.972379 0.233406 0
    outer loop
      vertex 7.62097 45.0519 23
      vertex 7.56785 45.2732 18
      vertex 7.56785 45.2732 23
    endloop
  endfacet
  facet normal 0.972379 0.233406 0
    outer loop
      vertex 7.56785 45.2732 18
      vertex 7.62097 45.0519 23
      vertex 7.62097 45.0519 18
    endloop
  endfacet
  facet normal 0 0 1
    outer loop
      vertex 10.4321 45.7268 18
      vertex 10.4321 45.2732 18
      vertex 10.45 45.5 18
    endloop
  endfacet
  facet normal 0 0 1
    outer loop
      vertex 10.379 45.9481 18
      vertex 10.4321 45.2732 18
      vertex 10.4321 45.7268 18
    endloop
  endfacet
  facet normal 0 0 1
    outer loop
      vertex 10.379 45.9481 18
      vertex 10.379 45.0519 18
      vertex 10.4321 45.2732 18
    endloop
  endfacet
  facet normal 0 0 1
    outer loop
      vertex 10.292 46.1583 18
      vertex 10.379 45.0519 18
      vertex 10.379 45.9481 18
    endloop
  endfacet
  facet normal 0 0 1
    outer loop
      vertex 10.292 46.1583 18
      vertex 10.292 44.8417 18
      vertex 10.379 45.0519 18
    endloop
  endfacet
  facet normal 0 0 1
    outer loop
      vertex 10.1731 46.3523 18
      vertex 10.292 44.8417 18
      vertex 10.292 46.1583 18
    endloop
  endfacet
  facet normal 0 0 1
    outer loop
      vertex 10.1731 46.3523 18
      vertex 10.1731 44.6477 18
      vertex 10.292 44.8417 18
    endloop
  endfacet
  facet normal 0 0 1
    outer loop
      vertex 10.0253 46.5253 18
      vertex 10.1731 44.6477 18
      vertex 10.1731 46.3523 18
    endloop
  endfacet
  facet normal 0 0 1
    outer loop
      vertex 10.0253 46.5253 18
      vertex 10.0253 44.4747 18
      vertex 10.1731 44.6477 18
    endloop
  endfacet
  facet normal 0 0 1
    outer loop
      vertex 9.85229 46.6731 18
      vertex 10.0253 44.4747 18
      vertex 10.0253 46.5253 18
    endloop
  endfacet
  facet normal 0 0 1
    outer loop
      vertex 9.85229 46.6731 18
      vertex 9.85229 44.3269 18
      vertex 10.0253 44.4747 18
    endloop
  endfacet
  facet normal 0 0 1
    outer loop
      vertex 9.65829 46.792 18
      vertex 9.85229 44.3269 18
      vertex 9.85229 46.6731 18
    endloop
  endfacet
  facet normal 0 0 1
    outer loop
      vertex 9.65829 46.792 18
      vertex 9.65829 44.208 18
      vertex 9.85229 44.3269 18
    endloop
  endfacet
  facet normal 0 0 1
    outer loop
      vertex 9.44807 46.879 18
      vertex 9.65829 44.208 18
      vertex 9.65829 46.792 18
    endloop
  endfacet
  facet normal 0 0 1
    outer loop
      vertex 9.44807 46.879 18
      vertex 9.44807 44.121 18
      vertex 9.65829 44.208 18
    endloop
  endfacet
  facet normal 0 0 1
    outer loop
      vertex 9.22683 46.9321 18
      vertex 9.44807 44.121 18
      vertex 9.44807 46.879 18
    endloop
  endfacet
  facet normal 0 0 1
    outer loop
      vertex 9.22683 46.9321 18
      vertex 9.22683 44.0679 18
      vertex 9.44807 44.121 18
    endloop
  endfacet
  facet normal 0 0 1
    outer loop
      vertex 9 46.95 18
      vertex 9.22683 44.0679 18
      vertex 9.22683 46.9321 18
    endloop
  endfacet
  facet normal 0 0 1
    outer loop
      vertex 9 46.95 18
      vertex 9 44.05 18
      vertex 9.22683 44.0679 18
    endloop
  endfacet
  facet normal -0 0 1
    outer loop
      vertex 8.77317 46.9321 18
      vertex 9 44.05 18
      vertex 9 46.95 18
    endloop
  endfacet
  facet normal 0 0 1
    outer loop
      vertex 8.77317 46.9321 18
      vertex 8.77317 44.0679 18
      vertex 9 44.05 18
    endloop
  endfacet
  facet normal -0 0 1
    outer loop
      vertex 8.55192 46.879 18
      vertex 8.77317 44.0679 18
      vertex 8.77317 46.9321 18
    endloop
  endfacet
  facet normal 0 0 1
    outer loop
      vertex 8.55192 46.879 18
      vertex 8.55192 44.121 18
      vertex 8.77317 44.0679 18
    endloop
  endfacet
  facet normal -0 0 1
    outer loop
      vertex 8.34171 46.792 18
      vertex 8.55192 44.121 18
      vertex 8.55192 46.879 18
    endloop
  endfacet
  facet normal 0 0 1
    outer loop
      vertex 8.34171 46.792 18
      vertex 8.34171 44.208 18
      vertex 8.55192 44.121 18
    endloop
  endfacet
  facet normal -0 0 1
    outer loop
      vertex 8.14771 46.6731 18
      vertex 8.34171 44.208 18
      vertex 8.34171 46.792 18
    endloop
  endfacet
  facet normal 0 0 1
    outer loop
      vertex 8.14771 46.6731 18
      vertex 8.14771 44.3269 18
      vertex 8.34171 44.208 18
    endloop
  endfacet
  facet normal -0 0 1
    outer loop
      vertex 7.97469 46.5253 18
      vertex 8.14771 44.3269 18
      vertex 8.14771 46.6731 18
    endloop
  endfacet
  facet normal 0 0 1
    outer loop
      vertex 7.97469 46.5253 18
      vertex 7.97469 44.4747 18
      vertex 8.14771 44.3269 18
    endloop
  endfacet
  facet normal -0 0 1
    outer loop
      vertex 7.82693 46.3523 18
      vertex 7.97469 44.4747 18
      vertex 7.97469 46.5253 18
    endloop
  endfacet
  facet normal 0 0 1
    outer loop
      vertex 7.82693 46.3523 18
      vertex 7.82693 44.6477 18
      vertex 7.97469 44.4747 18
    endloop
  endfacet
  facet normal -0 0 1
    outer loop
      vertex 7.70804 46.1583 18
      vertex 7.82693 44.6477 18
      vertex 7.82693 46.3523 18
    endloop
  endfacet
  facet normal 0 0 1
    outer loop
      vertex 7.70804 46.1583 18
      vertex 7.70804 44.8417 18
      vertex 7.82693 44.6477 18
    endloop
  endfacet
  facet normal -0 0 1
    outer loop
      vertex 7.62097 45.9481 18
      vertex 7.70804 44.8417 18
      vertex 7.70804 46.1583 18
    endloop
  endfacet
  facet normal 0 0 1
    outer loop
      vertex 7.62097 45.9481 18
      vertex 7.62097 45.0519 18
      vertex 7.70804 44.8417 18
    endloop
  endfacet
  facet normal -0 0 1
    outer loop
      vertex 7.56785 45.7268 18
      vertex 7.62097 45.0519 18
      vertex 7.62097 45.9481 18
    endloop
  endfacet
  facet normal 0 0 1
    outer loop
      vertex 7.56785 45.7268 18
      vertex 7.56785 45.2732 18
      vertex 7.62097 45.0519 18
    endloop
  endfacet
  facet normal 0 -0 1
    outer loop
      vertex 7.56785 45.2732 18
      vertex 7.56785 45.7268 18
      vertex 7.55 45.5 18
    endloop
  endfacet
  facet normal 0.382414 -0.923991 0
    outer loop
      vertex 8.34171 46.792 18
      vertex 8.55192 46.879 23
      vertex 8.34171 46.792 23
    endloop
  endfacet
  facet normal 0.382414 -0.923991 0
    outer loop
      vertex 8.55192 46.879 23
      vertex 8.34171 46.792 18
      vertex 8.55192 46.879 18
    endloop
  endfacet
  facet normal -0.522552 -0.852608 0
    outer loop
      vertex 9.65829 46.792 18
      vertex 9.85229 46.6731 23
      vertex 9.65829 46.792 23
    endloop
  endfacet
  facet normal -0.522552 -0.852608 -0
    outer loop
      vertex 9.85229 46.6731 23
      vertex 9.65829 46.792 18
      vertex 9.85229 46.6731 18
    endloop
  endfacet
  facet normal 0.522552 0.852608 -0
    outer loop
      vertex 8.34171 44.208 18
      vertex 8.14771 44.3269 23
      vertex 8.34171 44.208 23
    endloop
  endfacet
  facet normal 0.522552 0.852608 0
    outer loop
      vertex 8.14771 44.3269 23
      vertex 8.34171 44.208 18
      vertex 8.14771 44.3269 18
    endloop
  endfacet
  facet normal -0.382398 -0.923998 0
    outer loop
      vertex 9.44807 46.879 18
      vertex 9.65829 46.792 23
      vertex 9.44807 46.879 23
    endloop
  endfacet
  facet normal -0.382398 -0.923998 -0
    outer loop
      vertex 9.65829 46.792 23
      vertex 9.44807 46.879 18
      vertex 9.65829 46.792 18
    endloop
  endfacet
  facet normal -0.972399 -0.233323 0
    outer loop
      vertex 10.4321 45.7268 18
      vertex 10.379 45.9481 23
      vertex 10.379 45.9481 18
    endloop
  endfacet
  facet normal -0.972399 -0.233323 0
    outer loop
      vertex 10.379 45.9481 23
      vertex 10.4321 45.7268 18
      vertex 10.4321 45.7268 23
    endloop
  endfacet
  facet normal 0.0786692 -0.996901 0
    outer loop
      vertex 8.77317 46.9321 18
      vertex 9 46.95 23
      vertex 8.77317 46.9321 23
    endloop
  endfacet
  facet normal 0.0786692 -0.996901 0
    outer loop
      vertex 9 46.95 23
      vertex 8.77317 46.9321 18
      vertex 9 46.95 18
    endloop
  endfacet
  facet normal -0.923985 -0.382429 0
    outer loop
      vertex 10.379 45.9481 18
      vertex 10.292 46.1583 23
      vertex 10.292 46.1583 18
    endloop
  endfacet
  facet normal -0.923985 -0.382429 0
    outer loop
      vertex 10.292 46.1583 23
      vertex 10.379 45.9481 18
      vertex 10.379 45.9481 23
    endloop
  endfacet
  facet normal -0.233383 -0.972385 0
    outer loop
      vertex 9.22683 46.9321 18
      vertex 9.44807 46.879 23
      vertex 9.22683 46.9321 23
    endloop
  endfacet
  facet normal -0.233383 -0.972385 -0
    outer loop
      vertex 9.44807 46.879 23
      vertex 9.22683 46.9321 18
      vertex 9.44807 46.879 18
    endloop
  endfacet
  facet normal -0.852608 -0.522552 0
    outer loop
      vertex 10.292 46.1583 18
      vertex 10.1731 46.3523 23
      vertex 10.1731 46.3523 18
    endloop
  endfacet
  facet normal -0.852608 -0.522552 0
    outer loop
      vertex 10.1731 46.3523 23
      vertex 10.292 46.1583 18
      vertex 10.292 46.1583 23
    endloop
  endfacet
  facet normal -0.0786692 0.996901 0
    outer loop
      vertex 9.22683 44.0679 18
      vertex 9 44.05 23
      vertex 9.22683 44.0679 23
    endloop
  endfacet
  facet normal -0.0786692 0.996901 0
    outer loop
      vertex 9 44.05 23
      vertex 9.22683 44.0679 18
      vertex 9 44.05 18
    endloop
  endfacet
  facet normal 0.0786692 0.996901 -0
    outer loop
      vertex 9 44.05 18
      vertex 8.77317 44.0679 23
      vertex 9 44.05 23
    endloop
  endfacet
  facet normal 0.0786692 0.996901 0
    outer loop
      vertex 8.77317 44.0679 23
      vertex 9 44.05 18
      vertex 8.77317 44.0679 18
    endloop
  endfacet
  facet normal 0.382414 0.923991 -0
    outer loop
      vertex 8.55192 44.121 18
      vertex 8.34171 44.208 23
      vertex 8.55192 44.121 23
    endloop
  endfacet
  facet normal 0.382414 0.923991 0
    outer loop
      vertex 8.34171 44.208 23
      vertex 8.55192 44.121 18
      vertex 8.34171 44.208 18
    endloop
  endfacet
  facet normal -0.649538 0.760329 0
    outer loop
      vertex 10.0253 44.4747 18
      vertex 9.85229 44.3269 23
      vertex 10.0253 44.4747 23
    endloop
  endfacet
  facet normal -0.649538 0.760329 0
    outer loop
      vertex 9.85229 44.3269 23
      vertex 10.0253 44.4747 18
      vertex 9.85229 44.3269 18
    endloop
  endfacet
  facet normal -0.76031 0.64956 0
    outer loop
      vertex 10.0253 44.4747 18
      vertex 10.1731 44.6477 23
      vertex 10.1731 44.6477 18
    endloop
  endfacet
  facet normal -0.76031 0.64956 0
    outer loop
      vertex 10.1731 44.6477 23
      vertex 10.0253 44.4747 18
      vertex 10.0253 44.4747 23
    endloop
  endfacet
  facet normal -0.522552 0.852608 0
    outer loop
      vertex 9.85229 44.3269 18
      vertex 9.65829 44.208 23
      vertex 9.85229 44.3269 23
    endloop
  endfacet
  facet normal -0.522552 0.852608 0
    outer loop
      vertex 9.65829 44.208 23
      vertex 9.85229 44.3269 18
      vertex 9.65829 44.208 18
    endloop
  endfacet
  facet normal 0.972379 -0.233406 0
    outer loop
      vertex 7.56785 45.7268 23
      vertex 7.62097 45.9481 18
      vertex 7.62097 45.9481 23
    endloop
  endfacet
  facet normal 0.972379 -0.233406 0
    outer loop
      vertex 7.62097 45.9481 18
      vertex 7.56785 45.7268 23
      vertex 7.56785 45.7268 18
    endloop
  endfacet
  facet normal -0.852608 0.522552 0
    outer loop
      vertex 10.1731 44.6477 18
      vertex 10.292 44.8417 23
      vertex 10.292 44.8417 18
    endloop
  endfacet
  facet normal -0.852608 0.522552 0
    outer loop
      vertex 10.292 44.8417 23
      vertex 10.1731 44.6477 18
      vertex 10.1731 44.6477 23
    endloop
  endfacet
  facet normal -0.649538 -0.760329 0
    outer loop
      vertex 9.85229 46.6731 18
      vertex 10.0253 46.5253 23
      vertex 9.85229 46.6731 23
    endloop
  endfacet
  facet normal -0.649538 -0.760329 -0
    outer loop
      vertex 10.0253 46.5253 23
      vertex 9.85229 46.6731 18
      vertex 10.0253 46.5253 18
    endloop
  endfacet
  facet normal 0.923876 -0.382692 0
    outer loop
      vertex 7.62097 45.9481 23
      vertex 7.70804 46.1583 18
      vertex 7.70804 46.1583 23
    endloop
  endfacet
  facet normal 0.923876 -0.382692 0
    outer loop
      vertex 7.70804 46.1583 18
      vertex 7.62097 45.9481 23
      vertex 7.62097 45.9481 18
    endloop
  endfacet
  facet normal 0.852627 0.52252 0
    outer loop
      vertex 7.82693 44.6477 23
      vertex 7.70804 44.8417 18
      vertex 7.70804 44.8417 23
    endloop
  endfacet
  facet normal 0.852627 0.52252 0
    outer loop
      vertex 7.70804 44.8417 18
      vertex 7.82693 44.6477 23
      vertex 7.82693 44.6477 18
    endloop
  endfacet
  facet normal 0.852627 -0.52252 0
    outer loop
      vertex 7.70804 46.1583 23
      vertex 7.82693 46.3523 18
      vertex 7.82693 46.3523 23
    endloop
  endfacet
  facet normal 0.852627 -0.52252 0
    outer loop
      vertex 7.82693 46.3523 18
      vertex 7.70804 46.1583 23
      vertex 7.70804 46.1583 18
    endloop
  endfacet
  facet normal 0.760397 0.649458 0
    outer loop
      vertex 7.97469 44.4747 23
      vertex 7.82693 44.6477 18
      vertex 7.82693 44.6477 23
    endloop
  endfacet
  facet normal 0.760397 0.649458 0
    outer loop
      vertex 7.82693 44.6477 18
      vertex 7.97469 44.4747 23
      vertex 7.97469 44.4747 18
    endloop
  endfacet
  facet normal 0.996917 -0.0784611 0
    outer loop
      vertex 7.55 45.5 23
      vertex 7.56785 45.7268 18
      vertex 7.56785 45.7268 23
    endloop
  endfacet
  facet normal 0.996917 -0.0784611 0
    outer loop
      vertex 7.56785 45.7268 18
      vertex 7.55 45.5 23
      vertex 7.55 45.5 18
    endloop
  endfacet
  facet normal -0.76031 -0.64956 0
    outer loop
      vertex 10.1731 46.3523 18
      vertex 10.0253 46.5253 23
      vertex 10.0253 46.5253 18
    endloop
  endfacet
  facet normal -0.76031 -0.64956 0
    outer loop
      vertex 10.0253 46.5253 23
      vertex 10.1731 46.3523 18
      vertex 10.1731 46.3523 23
    endloop
  endfacet
  facet normal 0.996917 0.0784611 0
    outer loop
      vertex 7.56785 45.2732 23
      vertex 7.55 45.5 18
      vertex 7.55 45.5 23
    endloop
  endfacet
  facet normal 0.996917 0.0784611 0
    outer loop
      vertex 7.55 45.5 18
      vertex 7.56785 45.2732 23
      vertex 7.56785 45.2732 18
    endloop
  endfacet
  facet normal -0.0786692 -0.996901 0
    outer loop
      vertex 9 46.95 18
      vertex 9.22683 46.9321 23
      vertex 9 46.95 23
    endloop
  endfacet
  facet normal -0.0786692 -0.996901 -0
    outer loop
      vertex 9.22683 46.9321 23
      vertex 9 46.95 18
      vertex 9.22683 46.9321 18
    endloop
  endfacet
  facet normal 0.923876 0.382692 0
    outer loop
      vertex 7.70804 44.8417 23
      vertex 7.62097 45.0519 18
      vertex 7.62097 45.0519 23
    endloop
  endfacet
  facet normal 0.923876 0.382692 0
    outer loop
      vertex 7.62097 45.0519 18
      vertex 7.70804 44.8417 23
      vertex 7.70804 44.8417 18
    endloop
  endfacet
  facet normal 0.649517 -0.760347 0
    outer loop
      vertex 7.97469 46.5253 18
      vertex 8.14771 46.6731 23
      vertex 7.97469 46.5253 23
    endloop
  endfacet
  facet normal 0.649517 -0.760347 0
    outer loop
      vertex 8.14771 46.6731 23
      vertex 7.97469 46.5253 18
      vertex 8.14771 46.6731 18
    endloop
  endfacet
  facet normal 0.233323 0.972399 -0
    outer loop
      vertex 22.7732 44.0679 18
      vertex 22.5519 44.121 23
      vertex 22.7732 44.0679 23
    endloop
  endfacet
  facet normal 0.233323 0.972399 0
    outer loop
      vertex 22.5519 44.121 23
      vertex 22.7732 44.0679 18
      vertex 22.5519 44.121 18
    endloop
  endfacet
  facet normal -0.972399 0.233323 0
    outer loop
      vertex 24.379 45.0519 18
      vertex 24.4321 45.2732 23
      vertex 24.4321 45.2732 18
    endloop
  endfacet
  facet normal -0.972399 0.233323 0
    outer loop
      vertex 24.4321 45.2732 23
      vertex 24.379 45.0519 18
      vertex 24.379 45.0519 23
    endloop
  endfacet
  facet normal -0.9969 0.0786795 0
    outer loop
      vertex 24.4321 45.2732 18
      vertex 24.45 45.5 23
      vertex 24.45 45.5 18
    endloop
  endfacet
  facet normal -0.9969 0.0786795 0
    outer loop
      vertex 24.45 45.5 23
      vertex 24.4321 45.2732 18
      vertex 24.4321 45.2732 23
    endloop
  endfacet
  facet normal -0.923985 0.382429 0
    outer loop
      vertex 24.292 44.8417 18
      vertex 24.379 45.0519 23
      vertex 24.379 45.0519 18
    endloop
  endfacet
  facet normal -0.923985 0.382429 0
    outer loop
      vertex 24.379 45.0519 23
      vertex 24.292 44.8417 18
      vertex 24.292 44.8417 23
    endloop
  endfacet
  facet normal -0.233323 0.972399 0
    outer loop
      vertex 23.4481 44.121 18
      vertex 23.2268 44.0679 23
      vertex 23.4481 44.121 23
    endloop
  endfacet
  facet normal -0.233323 0.972399 0
    outer loop
      vertex 23.2268 44.0679 23
      vertex 23.4481 44.121 18
      vertex 23.2268 44.0679 18
    endloop
  endfacet
  facet normal 0.233323 -0.972399 0
    outer loop
      vertex 22.5519 46.879 18
      vertex 22.7732 46.9321 23
      vertex 22.5519 46.879 23
    endloop
  endfacet
  facet normal 0.233323 -0.972399 0
    outer loop
      vertex 22.7732 46.9321 23
      vertex 22.5519 46.879 18
      vertex 22.7732 46.9321 18
    endloop
  endfacet
  facet normal -0.9969 -0.0786795 0
    outer loop
      vertex 24.45 45.5 18
      vertex 24.4321 45.7268 23
      vertex 24.4321 45.7268 18
    endloop
  endfacet
  facet normal -0.9969 -0.0786795 0
    outer loop
      vertex 24.4321 45.7268 23
      vertex 24.45 45.5 18
      vertex 24.45 45.5 23
    endloop
  endfacet
  facet normal 0.522552 -0.852608 0
    outer loop
      vertex 22.1477 46.6731 18
      vertex 22.3417 46.792 23
      vertex 22.1477 46.6731 23
    endloop
  endfacet
  facet normal 0.522552 -0.852608 0
    outer loop
      vertex 22.3417 46.792 23
      vertex 22.1477 46.6731 18
      vertex 22.3417 46.792 18
    endloop
  endfacet
  facet normal -0.382429 0.923985 0
    outer loop
      vertex 23.6583 44.208 18
      vertex 23.4481 44.121 23
      vertex 23.6583 44.208 23
    endloop
  endfacet
  facet normal -0.382429 0.923985 0
    outer loop
      vertex 23.4481 44.121 23
      vertex 23.6583 44.208 18
      vertex 23.4481 44.121 18
    endloop
  endfacet
  facet normal 0.76031 -0.64956 0
    outer loop
      vertex 21.8269 46.3523 23
      vertex 21.9747 46.5253 18
      vertex 21.9747 46.5253 23
    endloop
  endfacet
  facet normal 0.76031 -0.64956 0
    outer loop
      vertex 21.9747 46.5253 18
      vertex 21.8269 46.3523 23
      vertex 21.8269 46.3523 18
    endloop
  endfacet
  facet normal 0.64956 0.76031 -0
    outer loop
      vertex 22.1477 44.3269 18
      vertex 21.9747 44.4747 23
      vertex 22.1477 44.3269 23
    endloop
  endfacet
  facet normal 0.64956 0.76031 0
    outer loop
      vertex 21.9747 44.4747 23
      vertex 22.1477 44.3269 18
      vertex 21.9747 44.4747 18
    endloop
  endfacet
  facet normal 0.972399 0.233323 0
    outer loop
      vertex 21.621 45.0519 23
      vertex 21.5679 45.2732 18
      vertex 21.5679 45.2732 23
    endloop
  endfacet
  facet normal 0.972399 0.233323 0
    outer loop
      vertex 21.5679 45.2732 18
      vertex 21.621 45.0519 23
      vertex 21.621 45.0519 18
    endloop
  endfacet
  facet normal 0 0 1
    outer loop
      vertex 24.4321 45.7268 18
      vertex 24.4321 45.2732 18
      vertex 24.45 45.5 18
    endloop
  endfacet
  facet normal 0 0 1
    outer loop
      vertex 24.379 45.9481 18
      vertex 24.4321 45.2732 18
      vertex 24.4321 45.7268 18
    endloop
  endfacet
  facet normal 0 0 1
    outer loop
      vertex 24.379 45.9481 18
      vertex 24.379 45.0519 18
      vertex 24.4321 45.2732 18
    endloop
  endfacet
  facet normal 0 0 1
    outer loop
      vertex 24.292 46.1583 18
      vertex 24.379 45.0519 18
      vertex 24.379 45.9481 18
    endloop
  endfacet
  facet normal 0 0 1
    outer loop
      vertex 24.292 46.1583 18
      vertex 24.292 44.8417 18
      vertex 24.379 45.0519 18
    endloop
  endfacet
  facet normal 0 0 1
    outer loop
      vertex 24.1731 46.3523 18
      vertex 24.292 44.8417 18
      vertex 24.292 46.1583 18
    endloop
  endfacet
  facet normal 0 0 1
    outer loop
      vertex 24.1731 46.3523 18
      vertex 24.1731 44.6477 18
      vertex 24.292 44.8417 18
    endloop
  endfacet
  facet normal 0 0 1
    outer loop
      vertex 24.0253 46.5253 18
      vertex 24.1731 44.6477 18
      vertex 24.1731 46.3523 18
    endloop
  endfacet
  facet normal 0 0 1
    outer loop
      vertex 24.0253 46.5253 18
      vertex 24.0253 44.4747 18
      vertex 24.1731 44.6477 18
    endloop
  endfacet
  facet normal 0 0 1
    outer loop
      vertex 23.8523 46.6731 18
      vertex 24.0253 44.4747 18
      vertex 24.0253 46.5253 18
    endloop
  endfacet
  facet normal 0 0 1
    outer loop
      vertex 23.8523 46.6731 18
      vertex 23.8523 44.3269 18
      vertex 24.0253 44.4747 18
    endloop
  endfacet
  facet normal 0 0 1
    outer loop
      vertex 23.6583 46.792 18
      vertex 23.8523 44.3269 18
      vertex 23.8523 46.6731 18
    endloop
  endfacet
  facet normal 0 0 1
    outer loop
      vertex 23.6583 46.792 18
      vertex 23.6583 44.208 18
      vertex 23.8523 44.3269 18
    endloop
  endfacet
  facet normal 0 0 1
    outer loop
      vertex 23.4481 46.879 18
      vertex 23.6583 44.208 18
      vertex 23.6583 46.792 18
    endloop
  endfacet
  facet normal 0 0 1
    outer loop
      vertex 23.4481 46.879 18
      vertex 23.4481 44.121 18
      vertex 23.6583 44.208 18
    endloop
  endfacet
  facet normal 0 0 1
    outer loop
      vertex 23.2268 46.9321 18
      vertex 23.4481 44.121 18
      vertex 23.4481 46.879 18
    endloop
  endfacet
  facet normal 0 0 1
    outer loop
      vertex 23.2268 46.9321 18
      vertex 23.2268 44.0679 18
      vertex 23.4481 44.121 18
    endloop
  endfacet
  facet normal 0 0 1
    outer loop
      vertex 23 46.95 18
      vertex 23.2268 44.0679 18
      vertex 23.2268 46.9321 18
    endloop
  endfacet
  facet normal 0 0 1
    outer loop
      vertex 23 46.95 18
      vertex 23 44.05 18
      vertex 23.2268 44.0679 18
    endloop
  endfacet
  facet normal -0 0 1
    outer loop
      vertex 22.7732 46.9321 18
      vertex 23 44.05 18
      vertex 23 46.95 18
    endloop
  endfacet
  facet normal 0 0 1
    outer loop
      vertex 22.7732 46.9321 18
      vertex 22.7732 44.0679 18
      vertex 23 44.05 18
    endloop
  endfacet
  facet normal -0 0 1
    outer loop
      vertex 22.5519 46.879 18
      vertex 22.7732 44.0679 18
      vertex 22.7732 46.9321 18
    endloop
  endfacet
  facet normal 0 0 1
    outer loop
      vertex 22.5519 46.879 18
      vertex 22.5519 44.121 18
      vertex 22.7732 44.0679 18
    endloop
  endfacet
  facet normal -0 0 1
    outer loop
      vertex 22.3417 46.792 18
      vertex 22.5519 44.121 18
      vertex 22.5519 46.879 18
    endloop
  endfacet
  facet normal 0 0 1
    outer loop
      vertex 22.3417 46.792 18
      vertex 22.3417 44.208 18
      vertex 22.5519 44.121 18
    endloop
  endfacet
  facet normal -0 0 1
    outer loop
      vertex 22.1477 46.6731 18
      vertex 22.3417 44.208 18
      vertex 22.3417 46.792 18
    endloop
  endfacet
  facet normal 0 0 1
    outer loop
      vertex 22.1477 46.6731 18
      vertex 22.1477 44.3269 18
      vertex 22.3417 44.208 18
    endloop
  endfacet
  facet normal -0 0 1
    outer loop
      vertex 21.9747 46.5253 18
      vertex 22.1477 44.3269 18
      vertex 22.1477 46.6731 18
    endloop
  endfacet
  facet normal 0 0 1
    outer loop
      vertex 21.9747 46.5253 18
      vertex 21.9747 44.4747 18
      vertex 22.1477 44.3269 18
    endloop
  endfacet
  facet normal -0 0 1
    outer loop
      vertex 21.8269 46.3523 18
      vertex 21.9747 44.4747 18
      vertex 21.9747 46.5253 18
    endloop
  endfacet
  facet normal 0 0 1
    outer loop
      vertex 21.8269 46.3523 18
      vertex 21.8269 44.6477 18
      vertex 21.9747 44.4747 18
    endloop
  endfacet
  facet normal -0 0 1
    outer loop
      vertex 21.708 46.1583 18
      vertex 21.8269 44.6477 18
      vertex 21.8269 46.3523 18
    endloop
  endfacet
  facet normal 0 0 1
    outer loop
      vertex 21.708 46.1583 18
      vertex 21.708 44.8417 18
      vertex 21.8269 44.6477 18
    endloop
  endfacet
  facet normal -0 0 1
    outer loop
      vertex 21.621 45.9481 18
      vertex 21.708 44.8417 18
      vertex 21.708 46.1583 18
    endloop
  endfacet
  facet normal 0 0 1
    outer loop
      vertex 21.621 45.9481 18
      vertex 21.621 45.0519 18
      vertex 21.708 44.8417 18
    endloop
  endfacet
  facet normal -0 0 1
    outer loop
      vertex 21.5679 45.7268 18
      vertex 21.621 45.0519 18
      vertex 21.621 45.9481 18
    endloop
  endfacet
  facet normal 0 0 1
    outer loop
      vertex 21.5679 45.7268 18
      vertex 21.5679 45.2732 18
      vertex 21.621 45.0519 18
    endloop
  endfacet
  facet normal 0 -0 1
    outer loop
      vertex 21.5679 45.2732 18
      vertex 21.5679 45.7268 18
      vertex 21.55 45.5 18
    endloop
  endfacet
  facet normal 0.382429 -0.923985 0
    outer loop
      vertex 22.3417 46.792 18
      vertex 22.5519 46.879 23
      vertex 22.3417 46.792 23
    endloop
  endfacet
  facet normal 0.382429 -0.923985 0
    outer loop
      vertex 22.5519 46.879 23
      vertex 22.3417 46.792 18
      vertex 22.5519 46.879 18
    endloop
  endfacet
  facet normal -0.522552 -0.852608 0
    outer loop
      vertex 23.6583 46.792 18
      vertex 23.8523 46.6731 23
      vertex 23.6583 46.792 23
    endloop
  endfacet
  facet normal -0.522552 -0.852608 -0
    outer loop
      vertex 23.8523 46.6731 23
      vertex 23.6583 46.792 18
      vertex 23.8523 46.6731 18
    endloop
  endfacet
  facet normal 0.522552 0.852608 -0
    outer loop
      vertex 22.3417 44.208 18
      vertex 22.1477 44.3269 23
      vertex 22.3417 44.208 23
    endloop
  endfacet
  facet normal 0.522552 0.852608 0
    outer loop
      vertex 22.1477 44.3269 23
      vertex 22.3417 44.208 18
      vertex 22.1477 44.3269 18
    endloop
  endfacet
  facet normal -0.382429 -0.923985 0
    outer loop
      vertex 23.4481 46.879 18
      vertex 23.6583 46.792 23
      vertex 23.4481 46.879 23
    endloop
  endfacet
  facet normal -0.382429 -0.923985 -0
    outer loop
      vertex 23.6583 46.792 23
      vertex 23.4481 46.879 18
      vertex 23.6583 46.792 18
    endloop
  endfacet
  facet normal -0.972399 -0.233323 0
    outer loop
      vertex 24.4321 45.7268 18
      vertex 24.379 45.9481 23
      vertex 24.379 45.9481 18
    endloop
  endfacet
  facet normal -0.972399 -0.233323 0
    outer loop
      vertex 24.379 45.9481 23
      vertex 24.4321 45.7268 18
      vertex 24.4321 45.7268 23
    endloop
  endfacet
  facet normal 0.0786795 -0.9969 0
    outer loop
      vertex 22.7732 46.9321 18
      vertex 23 46.95 23
      vertex 22.7732 46.9321 23
    endloop
  endfacet
  facet normal 0.0786795 -0.9969 0
    outer loop
      vertex 23 46.95 23
      vertex 22.7732 46.9321 18
      vertex 23 46.95 18
    endloop
  endfacet
  facet normal -0.923985 -0.382429 0
    outer loop
      vertex 24.379 45.9481 18
      vertex 24.292 46.1583 23
      vertex 24.292 46.1583 18
    endloop
  endfacet
  facet normal -0.923985 -0.382429 0
    outer loop
      vertex 24.292 46.1583 23
      vertex 24.379 45.9481 18
      vertex 24.379 45.9481 23
    endloop
  endfacet
  facet normal -0.233323 -0.972399 0
    outer loop
      vertex 23.2268 46.9321 18
      vertex 23.4481 46.879 23
      vertex 23.2268 46.9321 23
    endloop
  endfacet
  facet normal -0.233323 -0.972399 -0
    outer loop
      vertex 23.4481 46.879 23
      vertex 23.2268 46.9321 18
      vertex 23.4481 46.879 18
    endloop
  endfacet
  facet normal -0.852608 -0.522552 0
    outer loop
      vertex 24.292 46.1583 18
      vertex 24.1731 46.3523 23
      vertex 24.1731 46.3523 18
    endloop
  endfacet
  facet normal -0.852608 -0.522552 0
    outer loop
      vertex 24.1731 46.3523 23
      vertex 24.292 46.1583 18
      vertex 24.292 46.1583 23
    endloop
  endfacet
  facet normal -0.76031 -0.64956 0
    outer loop
      vertex 24.1731 46.3523 18
      vertex 24.0253 46.5253 23
      vertex 24.0253 46.5253 18
    endloop
  endfacet
  facet normal -0.76031 -0.64956 0
    outer loop
      vertex 24.0253 46.5253 23
      vertex 24.1731 46.3523 18
      vertex 24.1731 46.3523 23
    endloop
  endfacet
  facet normal -0.0786795 0.9969 0
    outer loop
      vertex 23.2268 44.0679 18
      vertex 23 44.05 23
      vertex 23.2268 44.0679 23
    endloop
  endfacet
  facet normal -0.0786795 0.9969 0
    outer loop
      vertex 23 44.05 23
      vertex 23.2268 44.0679 18
      vertex 23 44.05 18
    endloop
  endfacet
  facet normal 0.0786795 0.9969 -0
    outer loop
      vertex 23 44.05 18
      vertex 22.7732 44.0679 23
      vertex 23 44.05 23
    endloop
  endfacet
  facet normal 0.0786795 0.9969 0
    outer loop
      vertex 22.7732 44.0679 23
      vertex 23 44.05 18
      vertex 22.7732 44.0679 18
    endloop
  endfacet
  facet normal 0.382429 0.923985 -0
    outer loop
      vertex 22.5519 44.121 18
      vertex 22.3417 44.208 23
      vertex 22.5519 44.121 23
    endloop
  endfacet
  facet normal 0.382429 0.923985 0
    outer loop
      vertex 22.3417 44.208 23
      vertex 22.5519 44.121 18
      vertex 22.3417 44.208 18
    endloop
  endfacet
  facet normal -0.64956 0.76031 0
    outer loop
      vertex 24.0253 44.4747 18
      vertex 23.8523 44.3269 23
      vertex 24.0253 44.4747 23
    endloop
  endfacet
  facet normal -0.64956 0.76031 0
    outer loop
      vertex 23.8523 44.3269 23
      vertex 24.0253 44.4747 18
      vertex 23.8523 44.3269 18
    endloop
  endfacet
  facet normal -0.76031 0.64956 0
    outer loop
      vertex 24.0253 44.4747 18
      vertex 24.1731 44.6477 23
      vertex 24.1731 44.6477 18
    endloop
  endfacet
  facet normal -0.76031 0.64956 0
    outer loop
      vertex 24.1731 44.6477 23
      vertex 24.0253 44.4747 18
      vertex 24.0253 44.4747 23
    endloop
  endfacet
  facet normal -0.522552 0.852608 0
    outer loop
      vertex 23.8523 44.3269 18
      vertex 23.6583 44.208 23
      vertex 23.8523 44.3269 23
    endloop
  endfacet
  facet normal -0.522552 0.852608 0
    outer loop
      vertex 23.6583 44.208 23
      vertex 23.8523 44.3269 18
      vertex 23.6583 44.208 18
    endloop
  endfacet
  facet normal 0.972399 -0.233323 0
    outer loop
      vertex 21.5679 45.7268 23
      vertex 21.621 45.9481 18
      vertex 21.621 45.9481 23
    endloop
  endfacet
  facet normal 0.972399 -0.233323 0
    outer loop
      vertex 21.621 45.9481 18
      vertex 21.5679 45.7268 23
      vertex 21.5679 45.7268 18
    endloop
  endfacet
  facet normal -0.852608 0.522552 0
    outer loop
      vertex 24.1731 44.6477 18
      vertex 24.292 44.8417 23
      vertex 24.292 44.8417 18
    endloop
  endfacet
  facet normal -0.852608 0.522552 0
    outer loop
      vertex 24.292 44.8417 23
      vertex 24.1731 44.6477 18
      vertex 24.1731 44.6477 23
    endloop
  endfacet
  facet normal -0.64956 -0.76031 0
    outer loop
      vertex 23.8523 46.6731 18
      vertex 24.0253 46.5253 23
      vertex 23.8523 46.6731 23
    endloop
  endfacet
  facet normal -0.64956 -0.76031 -0
    outer loop
      vertex 24.0253 46.5253 23
      vertex 23.8523 46.6731 18
      vertex 24.0253 46.5253 18
    endloop
  endfacet
  facet normal 0.923985 -0.382429 0
    outer loop
      vertex 21.621 45.9481 23
      vertex 21.708 46.1583 18
      vertex 21.708 46.1583 23
    endloop
  endfacet
  facet normal 0.923985 -0.382429 0
    outer loop
      vertex 21.708 46.1583 18
      vertex 21.621 45.9481 23
      vertex 21.621 45.9481 18
    endloop
  endfacet
  facet normal 0.852608 0.522552 0
    outer loop
      vertex 21.8269 44.6477 23
      vertex 21.708 44.8417 18
      vertex 21.708 44.8417 23
    endloop
  endfacet
  facet normal 0.852608 0.522552 0
    outer loop
      vertex 21.708 44.8417 18
      vertex 21.8269 44.6477 23
      vertex 21.8269 44.6477 18
    endloop
  endfacet
  facet normal 0.852608 -0.522552 0
    outer loop
      vertex 21.708 46.1583 23
      vertex 21.8269 46.3523 18
      vertex 21.8269 46.3523 23
    endloop
  endfacet
  facet normal 0.852608 -0.522552 0
    outer loop
      vertex 21.8269 46.3523 18
      vertex 21.708 46.1583 23
      vertex 21.708 46.1583 18
    endloop
  endfacet
  facet normal 0.76031 0.64956 0
    outer loop
      vertex 21.9747 44.4747 23
      vertex 21.8269 44.6477 18
      vertex 21.8269 44.6477 23
    endloop
  endfacet
  facet normal 0.76031 0.64956 0
    outer loop
      vertex 21.8269 44.6477 18
      vertex 21.9747 44.4747 23
      vertex 21.9747 44.4747 18
    endloop
  endfacet
  facet normal 0.9969 -0.0786795 0
    outer loop
      vertex 21.55 45.5 23
      vertex 21.5679 45.7268 18
      vertex 21.5679 45.7268 23
    endloop
  endfacet
  facet normal 0.9969 -0.0786795 0
    outer loop
      vertex 21.5679 45.7268 18
      vertex 21.55 45.5 23
      vertex 21.55 45.5 18
    endloop
  endfacet
  facet normal 0.9969 0.0786795 0
    outer loop
      vertex 21.5679 45.2732 23
      vertex 21.55 45.5 18
      vertex 21.55 45.5 23
    endloop
  endfacet
  facet normal 0.9969 0.0786795 0
    outer loop
      vertex 21.55 45.5 18
      vertex 21.5679 45.2732 23
      vertex 21.5679 45.2732 18
    endloop
  endfacet
  facet normal -0.0786795 -0.9969 0
    outer loop
      vertex 23 46.95 18
      vertex 23.2268 46.9321 23
      vertex 23 46.95 23
    endloop
  endfacet
  facet normal -0.0786795 -0.9969 -0
    outer loop
      vertex 23.2268 46.9321 23
      vertex 23 46.95 18
      vertex 23.2268 46.9321 18
    endloop
  endfacet
  facet normal 0.923985 0.382429 0
    outer loop
      vertex 21.708 44.8417 23
      vertex 21.621 45.0519 18
      vertex 21.621 45.0519 23
    endloop
  endfacet
  facet normal 0.923985 0.382429 0
    outer loop
      vertex 21.621 45.0519 18
      vertex 21.708 44.8417 23
      vertex 21.708 44.8417 18
    endloop
  endfacet
  facet normal 0.64956 -0.76031 0
    outer loop
      vertex 21.9747 46.5253 18
      vertex 22.1477 46.6731 23
      vertex 21.9747 46.5253 23
    endloop
  endfacet
  facet normal 0.64956 -0.76031 0
    outer loop
      vertex 22.1477 46.6731 23
      vertex 21.9747 46.5253 18
      vertex 22.1477 46.6731 18
    endloop
  endfacet
  facet normal -0.233323 -0.972399 0
    outer loop
      vertex 39.7268 13.9321 2.28882e-07
      vertex 39.9481 13.879 7.6471
      vertex 39.7268 13.9321 7.6691
    endloop
  endfacet
  facet normal -0.233323 -0.972399 -0
    outer loop
      vertex 39.9481 13.879 7.6471
      vertex 39.7268 13.9321 2.28882e-07
      vertex 39.9481 13.879 2.28882e-07
    endloop
  endfacet
  facet normal -0.972399 0.233323 0
    outer loop
      vertex 40.879 12.0519 2.28882e-07
      vertex 40.9321 12.2732 7.41786
      vertex 40.9321 12.2732 2.28882e-07
    endloop
  endfacet
  facet normal -0.972399 0.233323 0
    outer loop
      vertex 40.9321 12.2732 7.41786
      vertex 40.879 12.0519 2.28882e-07
      vertex 40.879 12.0519 7.43527
    endloop
  endfacet
  facet normal -0.9969 0.0786795 0
    outer loop
      vertex 40.9321 12.2732 2.28882e-07
      vertex 40.95 12.5 7.40001
      vertex 40.95 12.5 2.28882e-07
    endloop
  endfacet
  facet normal -0.9969 0.0786795 0
    outer loop
      vertex 40.95 12.5 7.40001
      vertex 40.9321 12.2732 2.28882e-07
      vertex 40.9321 12.2732 7.41786
    endloop
  endfacet
  facet normal -0.923985 0.382429 0
    outer loop
      vertex 40.792 11.8417 2.28882e-07
      vertex 40.879 12.0519 7.43527
      vertex 40.879 12.0519 2.28882e-07
    endloop
  endfacet
  facet normal -0.923994 0.382408 7.05614e-07
    outer loop
      vertex 40.879 12.0519 7.43527
      vertex 40.792 11.8417 2.28882e-07
      vertex 40.799 11.8586 7.45049
    endloop
  endfacet
  facet normal -0.923884 0.382674 0
    outer loop
      vertex 40.799 11.8586 7.45049
      vertex 40.792 11.8417 2.28882e-07
      vertex 40.792 11.8417 7.45455
    endloop
  endfacet
  facet normal 0.0786795 -0.9969 0
    outer loop
      vertex 39.5 13.95 2.28882e-07
      vertex 39.2732 13.9321 7.6691
      vertex 39.2732 13.9321 2.28882e-07
    endloop
  endfacet
  facet normal 0.0786795 -0.9969 0
    outer loop
      vertex 39.2732 13.9321 7.6691
      vertex 39.5 13.95 2.28882e-07
      vertex 39.5 13.95 7.67649
    endloop
  endfacet
  facet normal -0.9969 -0.0786795 -0
    outer loop
      vertex 40.95 12.5 7.40001
      vertex 40.9321 12.7268 2.28882e-07
      vertex 40.95 12.5 2.28882e-07
    endloop
  endfacet
  facet normal -0.9969 -0.0786795 0
    outer loop
      vertex 40.9321 12.7268 2.28882e-07
      vertex 40.95 12.5 7.40001
      vertex 40.9321 12.7268 7.41786
    endloop
  endfacet
  facet normal 0.64956 0.76031 -0
    outer loop
      vertex 38.6477 11.3269 2.28882e-07
      vertex 38.4747 11.4747 7.54266
      vertex 38.6477 11.3269 7.57814
    endloop
  endfacet
  facet normal 0.64956 0.76031 0
    outer loop
      vertex 38.4747 11.4747 7.54266
      vertex 38.6477 11.3269 2.28882e-07
      vertex 38.4747 11.4747 2.28882e-07
    endloop
  endfacet
  facet normal -0.64956 0.76031 0
    outer loop
      vertex 40.3523 11.3269 2.28882e-07
      vertex 40.5253 11.4747 7.54266
      vertex 40.5253 11.4747 2.28882e-07
    endloop
  endfacet
  facet normal -0.64956 0.76031 0
    outer loop
      vertex 40.5253 11.4747 7.54266
      vertex 40.3523 11.3269 2.28882e-07
      vertex 40.3523 11.3269 7.57814
    endloop
  endfacet
  facet normal -0.0786795 -0.9969 0
    outer loop
      vertex 39.5 13.95 2.28882e-07
      vertex 39.7268 13.9321 7.6691
      vertex 39.5 13.95 7.67649
    endloop
  endfacet
  facet normal -0.0786795 -0.9969 -0
    outer loop
      vertex 39.7268 13.9321 7.6691
      vertex 39.5 13.95 2.28882e-07
      vertex 39.7268 13.9321 2.28882e-07
    endloop
  endfacet
  facet normal -0.64956 -0.76031 0
    outer loop
      vertex 40.3523 13.6731 2.28882e-07
      vertex 40.5253 13.5253 7.54266
      vertex 40.3523 13.6731 7.57814
    endloop
  endfacet
  facet normal -0.64956 -0.76031 -0
    outer loop
      vertex 40.5253 13.5253 7.54266
      vertex 40.3523 13.6731 2.28882e-07
      vertex 40.5253 13.5253 2.28882e-07
    endloop
  endfacet
  facet normal 0.923884 -0.382674 0
    outer loop
      vertex 38.201 13.1414 7.45049
      vertex 38.208 13.1583 2.28882e-07
      vertex 38.208 13.1583 7.45455
    endloop
  endfacet
  facet normal 0.923994 -0.382408 7.05614e-07
    outer loop
      vertex 38.121 12.9481 7.43527
      vertex 38.208 13.1583 2.28882e-07
      vertex 38.201 13.1414 7.45049
    endloop
  endfacet
  facet normal 0.923985 -0.382429 0
    outer loop
      vertex 38.208 13.1583 2.28882e-07
      vertex 38.121 12.9481 7.43527
      vertex 38.121 12.9481 2.28882e-07
    endloop
  endfacet
  facet normal 0.9969 0.0786795 -0
    outer loop
      vertex 38.0679 12.2732 2.28882e-07
      vertex 38.05 12.5 7.40001
      vertex 38.0679 12.2732 7.41786
    endloop
  endfacet
  facet normal 0.9969 0.0786795 0
    outer loop
      vertex 38.05 12.5 7.40001
      vertex 38.0679 12.2732 2.28882e-07
      vertex 38.05 12.5 2.28882e-07
    endloop
  endfacet
  facet normal -0.923884 -0.382674 0
    outer loop
      vertex 40.792 13.1583 2.28882e-07
      vertex 40.799 13.1414 7.45049
      vertex 40.792 13.1583 7.45455
    endloop
  endfacet
  facet normal -0.923985 -0.382429 -0
    outer loop
      vertex 40.879 12.9481 7.43527
      vertex 40.792 13.1583 2.28882e-07
      vertex 40.879 12.9481 2.28882e-07
    endloop
  endfacet
  facet normal -0.923994 -0.382408 7.05614e-07
    outer loop
      vertex 40.792 13.1583 2.28882e-07
      vertex 40.879 12.9481 7.43527
      vertex 40.799 13.1414 7.45049
    endloop
  endfacet
  facet normal 0.923994 0.382408 7.05614e-07
    outer loop
      vertex 38.208 11.8417 2.28882e-07
      vertex 38.121 12.0519 7.43527
      vertex 38.201 11.8586 7.45049
    endloop
  endfacet
  facet normal 0.923884 0.382674 -0
    outer loop
      vertex 38.208 11.8417 2.28882e-07
      vertex 38.201 11.8586 7.45049
      vertex 38.208 11.8417 7.45455
    endloop
  endfacet
  facet normal 0.923985 0.382429 0
    outer loop
      vertex 38.121 12.0519 7.43527
      vertex 38.208 11.8417 2.28882e-07
      vertex 38.121 12.0519 2.28882e-07
    endloop
  endfacet
  facet normal -0.76031 -0.64956 -0
    outer loop
      vertex 40.6731 13.3523 7.50112
      vertex 40.5253 13.5253 2.28882e-07
      vertex 40.6731 13.3523 2.28882e-07
    endloop
  endfacet
  facet normal -0.76031 -0.64956 0
    outer loop
      vertex 40.5253 13.5253 2.28882e-07
      vertex 40.6731 13.3523 7.50112
      vertex 40.5253 13.5253 7.54266
    endloop
  endfacet
  facet normal -0.852608 -0.522552 -0
    outer loop
      vertex 40.792 13.1583 7.45455
      vertex 40.6731 13.3523 2.28882e-07
      vertex 40.792 13.1583 2.28882e-07
    endloop
  endfacet
  facet normal -0.852608 -0.522552 0
    outer loop
      vertex 40.6731 13.3523 2.28882e-07
      vertex 40.792 13.1583 7.45455
      vertex 40.6731 13.3523 7.50112
    endloop
  endfacet
  facet normal 0.852608 0.522552 -0
    outer loop
      vertex 38.3269 11.6477 2.28882e-07
      vertex 38.208 11.8417 7.45455
      vertex 38.3269 11.6477 7.50112
    endloop
  endfacet
  facet normal 0.852608 0.522552 0
    outer loop
      vertex 38.208 11.8417 7.45455
      vertex 38.3269 11.6477 2.28882e-07
      vertex 38.208 11.8417 2.28882e-07
    endloop
  endfacet
  facet normal -0.382429 -0.923985 0
    outer loop
      vertex 39.9481 13.879 2.28882e-07
      vertex 40.1583 13.792 7.61103
      vertex 39.9481 13.879 7.6471
    endloop
  endfacet
  facet normal -0.382429 -0.923985 -0
    outer loop
      vertex 40.1583 13.792 7.61103
      vertex 39.9481 13.879 2.28882e-07
      vertex 40.1583 13.792 2.28882e-07
    endloop
  endfacet
  facet normal 0.972399 -0.233323 0
    outer loop
      vertex 38.0679 12.7268 7.41786
      vertex 38.121 12.9481 2.28882e-07
      vertex 38.121 12.9481 7.43527
    endloop
  endfacet
  facet normal 0.972399 -0.233323 0
    outer loop
      vertex 38.121 12.9481 2.28882e-07
      vertex 38.0679 12.7268 7.41786
      vertex 38.0679 12.7268 2.28882e-07
    endloop
  endfacet
  facet normal 0.76031 0.64956 -0
    outer loop
      vertex 38.4747 11.4747 2.28882e-07
      vertex 38.3269 11.6477 7.50112
      vertex 38.4747 11.4747 7.54266
    endloop
  endfacet
  facet normal 0.76031 0.64956 0
    outer loop
      vertex 38.3269 11.6477 7.50112
      vertex 38.4747 11.4747 2.28882e-07
      vertex 38.3269 11.6477 2.28882e-07
    endloop
  endfacet
  facet normal 0.233323 0.972399 -0
    outer loop
      vertex 39.2732 11.0679 2.28882e-07
      vertex 39.0519 11.121 7.6471
      vertex 39.2732 11.0679 7.6691
    endloop
  endfacet
  facet normal 0.233323 0.972399 0
    outer loop
      vertex 39.0519 11.121 7.6471
      vertex 39.2732 11.0679 2.28882e-07
      vertex 39.0519 11.121 2.28882e-07
    endloop
  endfacet
  facet normal 0.522464 0.852661 -0
    outer loop
      vertex 38.8417 11.208 2.28882e-07
      vertex 38.8009 11.233 7.60068
      vertex 38.8417 11.208 7.61103
    endloop
  endfacet
  facet normal 0.522575 0.852593 8.19419e-07
    outer loop
      vertex 38.8417 11.208 2.28882e-07
      vertex 38.6477 11.3269 7.57814
      vertex 38.8009 11.233 7.60068
    endloop
  endfacet
  facet normal 0.522552 0.852608 0
    outer loop
      vertex 38.6477 11.3269 7.57814
      vertex 38.8417 11.208 2.28882e-07
      vertex 38.6477 11.3269 2.28882e-07
    endloop
  endfacet
  facet normal 0.64956 -0.76031 0
    outer loop
      vertex 38.6477 13.6731 2.28882e-07
      vertex 38.4747 13.5253 7.54266
      vertex 38.4747 13.5253 2.28882e-07
    endloop
  endfacet
  facet normal 0.64956 -0.76031 0
    outer loop
      vertex 38.4747 13.5253 7.54266
      vertex 38.6477 13.6731 2.28882e-07
      vertex 38.6477 13.6731 7.57814
    endloop
  endfacet
  facet normal 0.522552 -0.852608 0
    outer loop
      vertex 38.8417 13.792 2.28882e-07
      vertex 38.6477 13.6731 7.57814
      vertex 38.6477 13.6731 2.28882e-07
    endloop
  endfacet
  facet normal 0.522575 -0.852593 8.19419e-07
    outer loop
      vertex 38.6477 13.6731 7.57814
      vertex 38.8417 13.792 2.28882e-07
      vertex 38.8009 13.767 7.60068
    endloop
  endfacet
  facet normal 0.522464 -0.852661 0
    outer loop
      vertex 38.8009 13.767 7.60068
      vertex 38.8417 13.792 2.28882e-07
      vertex 38.8417 13.792 7.61103
    endloop
  endfacet
  facet normal -0.382429 0.923985 0
    outer loop
      vertex 39.9481 11.121 2.28882e-07
      vertex 40.1583 11.208 7.61103
      vertex 40.1583 11.208 2.28882e-07
    endloop
  endfacet
  facet normal -0.382429 0.923985 0
    outer loop
      vertex 40.1583 11.208 7.61103
      vertex 39.9481 11.121 2.28882e-07
      vertex 39.9481 11.121 7.6471
    endloop
  endfacet
  facet normal -0.76031 0.64956 0
    outer loop
      vertex 40.5253 11.4747 2.28882e-07
      vertex 40.6731 11.6477 7.50112
      vertex 40.6731 11.6477 2.28882e-07
    endloop
  endfacet
  facet normal -0.76031 0.64956 0
    outer loop
      vertex 40.6731 11.6477 7.50112
      vertex 40.5253 11.4747 2.28882e-07
      vertex 40.5253 11.4747 7.54266
    endloop
  endfacet
  facet normal 0.972399 0.233323 -0
    outer loop
      vertex 38.121 12.0519 2.28882e-07
      vertex 38.0679 12.2732 7.41786
      vertex 38.121 12.0519 7.43527
    endloop
  endfacet
  facet normal 0.972399 0.233323 0
    outer loop
      vertex 38.0679 12.2732 7.41786
      vertex 38.121 12.0519 2.28882e-07
      vertex 38.0679 12.2732 2.28882e-07
    endloop
  endfacet
  facet normal 0.382429 -0.923985 0
    outer loop
      vertex 39.0519 13.879 2.28882e-07
      vertex 38.8417 13.792 7.61103
      vertex 38.8417 13.792 2.28882e-07
    endloop
  endfacet
  facet normal 0.382429 -0.923985 0
    outer loop
      vertex 38.8417 13.792 7.61103
      vertex 39.0519 13.879 2.28882e-07
      vertex 39.0519 13.879 7.6471
    endloop
  endfacet
  facet normal -0.522552 0.852608 0
    outer loop
      vertex 40.1583 11.208 2.28882e-07
      vertex 40.3523 11.3269 7.57814
      vertex 40.3523 11.3269 2.28882e-07
    endloop
  endfacet
  facet normal -0.522575 0.852593 8.19419e-07
    outer loop
      vertex 40.3523 11.3269 7.57814
      vertex 40.1583 11.208 2.28882e-07
      vertex 40.1991 11.233 7.60068
    endloop
  endfacet
  facet normal -0.522464 0.852661 0
    outer loop
      vertex 40.1991 11.233 7.60068
      vertex 40.1583 11.208 2.28882e-07
      vertex 40.1583 11.208 7.61103
    endloop
  endfacet
  facet normal 0.0786795 0.9969 -0
    outer loop
      vertex 39.5 11.05 2.28882e-07
      vertex 39.2732 11.0679 7.6691
      vertex 39.5 11.05 7.67649
    endloop
  endfacet
  facet normal 0.0786795 0.9969 0
    outer loop
      vertex 39.2732 11.0679 7.6691
      vertex 39.5 11.05 2.28882e-07
      vertex 39.2732 11.0679 2.28882e-07
    endloop
  endfacet
  facet normal 0.382429 0.923985 -0
    outer loop
      vertex 39.0519 11.121 2.28882e-07
      vertex 38.8417 11.208 7.61103
      vertex 39.0519 11.121 7.6471
    endloop
  endfacet
  facet normal 0.382429 0.923985 0
    outer loop
      vertex 38.8417 11.208 7.61103
      vertex 39.0519 11.121 2.28882e-07
      vertex 38.8417 11.208 2.28882e-07
    endloop
  endfacet
  facet normal -0.972399 -0.233323 -0
    outer loop
      vertex 40.9321 12.7268 7.41786
      vertex 40.879 12.9481 2.28882e-07
      vertex 40.9321 12.7268 2.28882e-07
    endloop
  endfacet
  facet normal -0.972399 -0.233323 0
    outer loop
      vertex 40.879 12.9481 2.28882e-07
      vertex 40.9321 12.7268 7.41786
      vertex 40.879 12.9481 7.43527
    endloop
  endfacet
  facet normal -0.852608 0.522552 0
    outer loop
      vertex 40.6731 11.6477 2.28882e-07
      vertex 40.792 11.8417 7.45455
      vertex 40.792 11.8417 2.28882e-07
    endloop
  endfacet
  facet normal -0.852608 0.522552 0
    outer loop
      vertex 40.792 11.8417 7.45455
      vertex 40.6731 11.6477 2.28882e-07
      vertex 40.6731 11.6477 7.50112
    endloop
  endfacet
  facet normal 0.76031 -0.64956 0
    outer loop
      vertex 38.3269 13.3523 7.50112
      vertex 38.4747 13.5253 2.28882e-07
      vertex 38.4747 13.5253 7.54266
    endloop
  endfacet
  facet normal 0.76031 -0.64956 0
    outer loop
      vertex 38.4747 13.5253 2.28882e-07
      vertex 38.3269 13.3523 7.50112
      vertex 38.3269 13.3523 2.28882e-07
    endloop
  endfacet
  facet normal 0.233323 -0.972399 0
    outer loop
      vertex 39.2732 13.9321 2.28882e-07
      vertex 39.0519 13.879 7.6471
      vertex 39.0519 13.879 2.28882e-07
    endloop
  endfacet
  facet normal 0.233323 -0.972399 0
    outer loop
      vertex 39.0519 13.879 7.6471
      vertex 39.2732 13.9321 2.28882e-07
      vertex 39.2732 13.9321 7.6691
    endloop
  endfacet
  facet normal -0.233323 0.972399 0
    outer loop
      vertex 39.7268 11.0679 2.28882e-07
      vertex 39.9481 11.121 7.6471
      vertex 39.9481 11.121 2.28882e-07
    endloop
  endfacet
  facet normal -0.233323 0.972399 0
    outer loop
      vertex 39.9481 11.121 7.6471
      vertex 39.7268 11.0679 2.28882e-07
      vertex 39.7268 11.0679 7.6691
    endloop
  endfacet
  facet normal -0.0786795 0.9969 0
    outer loop
      vertex 39.5 11.05 2.28882e-07
      vertex 39.7268 11.0679 7.6691
      vertex 39.7268 11.0679 2.28882e-07
    endloop
  endfacet
  facet normal -0.0786795 0.9969 0
    outer loop
      vertex 39.7268 11.0679 7.6691
      vertex 39.5 11.05 2.28882e-07
      vertex 39.5 11.05 7.67649
    endloop
  endfacet
  facet normal -0.522464 -0.852661 0
    outer loop
      vertex 40.1583 13.792 2.28882e-07
      vertex 40.1991 13.767 7.60068
      vertex 40.1583 13.792 7.61103
    endloop
  endfacet
  facet normal -0.522575 -0.852593 8.19419e-07
    outer loop
      vertex 40.1583 13.792 2.28882e-07
      vertex 40.3523 13.6731 7.57814
      vertex 40.1991 13.767 7.60068
    endloop
  endfacet
  facet normal -0.522552 -0.852608 -0
    outer loop
      vertex 40.3523 13.6731 7.57814
      vertex 40.1583 13.792 2.28882e-07
      vertex 40.3523 13.6731 2.28882e-07
    endloop
  endfacet
  facet normal 0.9969 -0.0786795 0
    outer loop
      vertex 38.05 12.5 7.40001
      vertex 38.0679 12.7268 2.28882e-07
      vertex 38.0679 12.7268 7.41786
    endloop
  endfacet
  facet normal 0.9969 -0.0786795 0
    outer loop
      vertex 38.0679 12.7268 2.28882e-07
      vertex 38.05 12.5 7.40001
      vertex 38.05 12.5 2.28882e-07
    endloop
  endfacet
  facet normal 0.852608 -0.522552 0
    outer loop
      vertex 38.208 13.1583 7.45455
      vertex 38.3269 13.3523 2.28882e-07
      vertex 38.3269 13.3523 7.50112
    endloop
  endfacet
  facet normal 0.852608 -0.522552 0
    outer loop
      vertex 38.3269 13.3523 2.28882e-07
      vertex 38.208 13.1583 7.45455
      vertex 38.208 13.1583 2.28882e-07
    endloop
  endfacet
  facet normal -0.233323 -0.972399 0
    outer loop
      vertex 53.2268 13.9321 2.28882e-07
      vertex 53.4481 13.879 7.6471
      vertex 53.2268 13.9321 7.6691
    endloop
  endfacet
  facet normal -0.233323 -0.972399 -0
    outer loop
      vertex 53.4481 13.879 7.6471
      vertex 53.2268 13.9321 2.28882e-07
      vertex 53.4481 13.879 2.28882e-07
    endloop
  endfacet
  facet normal -0.972399 0.233323 0
    outer loop
      vertex 54.379 12.0519 2.28882e-07
      vertex 54.4321 12.2732 7.41786
      vertex 54.4321 12.2732 2.28882e-07
    endloop
  endfacet
  facet normal -0.972399 0.233323 0
    outer loop
      vertex 54.4321 12.2732 7.41786
      vertex 54.379 12.0519 2.28882e-07
      vertex 54.379 12.0519 7.43527
    endloop
  endfacet
  facet normal -0.9969 0.0786795 0
    outer loop
      vertex 54.4321 12.2732 2.28882e-07
      vertex 54.45 12.5 7.40001
      vertex 54.45 12.5 2.28882e-07
    endloop
  endfacet
  facet normal -0.9969 0.0786795 0
    outer loop
      vertex 54.45 12.5 7.40001
      vertex 54.4321 12.2732 2.28882e-07
      vertex 54.4321 12.2732 7.41786
    endloop
  endfacet
  facet normal -0.923985 0.382429 0
    outer loop
      vertex 54.292 11.8417 2.28882e-07
      vertex 54.379 12.0519 7.43527
      vertex 54.379 12.0519 2.28882e-07
    endloop
  endfacet
  facet normal -0.923994 0.382408 7.05614e-07
    outer loop
      vertex 54.379 12.0519 7.43527
      vertex 54.292 11.8417 2.28882e-07
      vertex 54.299 11.8586 7.45049
    endloop
  endfacet
  facet normal -0.923884 0.382674 0
    outer loop
      vertex 54.299 11.8586 7.45049
      vertex 54.292 11.8417 2.28882e-07
      vertex 54.292 11.8417 7.45455
    endloop
  endfacet
  facet normal 0.0786795 -0.9969 0
    outer loop
      vertex 53 13.95 2.28882e-07
      vertex 52.7732 13.9321 7.6691
      vertex 52.7732 13.9321 2.28882e-07
    endloop
  endfacet
  facet normal 0.0786795 -0.9969 0
    outer loop
      vertex 52.7732 13.9321 7.6691
      vertex 53 13.95 2.28882e-07
      vertex 53 13.95 7.67649
    endloop
  endfacet
  facet normal -0.9969 -0.0786795 -0
    outer loop
      vertex 54.45 12.5 7.40001
      vertex 54.4321 12.7268 2.28882e-07
      vertex 54.45 12.5 2.28882e-07
    endloop
  endfacet
  facet normal -0.9969 -0.0786795 0
    outer loop
      vertex 54.4321 12.7268 2.28882e-07
      vertex 54.45 12.5 7.40001
      vertex 54.4321 12.7268 7.41786
    endloop
  endfacet
  facet normal 0.64956 0.76031 -0
    outer loop
      vertex 52.1477 11.3269 2.28882e-07
      vertex 51.9747 11.4747 7.54266
      vertex 52.1477 11.3269 7.57814
    endloop
  endfacet
  facet normal 0.64956 0.76031 0
    outer loop
      vertex 51.9747 11.4747 7.54266
      vertex 52.1477 11.3269 2.28882e-07
      vertex 51.9747 11.4747 2.28882e-07
    endloop
  endfacet
  facet normal 0.382429 -0.923985 0
    outer loop
      vertex 52.5519 13.879 2.28882e-07
      vertex 52.3417 13.792 7.61103
      vertex 52.3417 13.792 2.28882e-07
    endloop
  endfacet
  facet normal 0.382429 -0.923985 0
    outer loop
      vertex 52.3417 13.792 7.61103
      vertex 52.5519 13.879 2.28882e-07
      vertex 52.5519 13.879 7.6471
    endloop
  endfacet
  facet normal -0.64956 0.76031 0
    outer loop
      vertex 53.8523 11.3269 2.28882e-07
      vertex 54.0253 11.4747 7.54266
      vertex 54.0253 11.4747 2.28882e-07
    endloop
  endfacet
  facet normal -0.64956 0.76031 0
    outer loop
      vertex 54.0253 11.4747 7.54266
      vertex 53.8523 11.3269 2.28882e-07
      vertex 53.8523 11.3269 7.57814
    endloop
  endfacet
  facet normal -0.0786795 -0.9969 0
    outer loop
      vertex 53 13.95 2.28882e-07
      vertex 53.2268 13.9321 7.6691
      vertex 53 13.95 7.67649
    endloop
  endfacet
  facet normal -0.0786795 -0.9969 -0
    outer loop
      vertex 53.2268 13.9321 7.6691
      vertex 53 13.95 2.28882e-07
      vertex 53.2268 13.9321 2.28882e-07
    endloop
  endfacet
  facet normal -0.64956 -0.76031 0
    outer loop
      vertex 53.8523 13.6731 2.28882e-07
      vertex 54.0253 13.5253 7.54266
      vertex 53.8523 13.6731 7.57814
    endloop
  endfacet
  facet normal -0.64956 -0.76031 -0
    outer loop
      vertex 54.0253 13.5253 7.54266
      vertex 53.8523 13.6731 2.28882e-07
      vertex 54.0253 13.5253 2.28882e-07
    endloop
  endfacet
  facet normal 0.923884 -0.382674 0
    outer loop
      vertex 51.701 13.1414 7.45049
      vertex 51.708 13.1583 2.28882e-07
      vertex 51.708 13.1583 7.45455
    endloop
  endfacet
  facet normal 0.923994 -0.382408 7.05614e-07
    outer loop
      vertex 51.621 12.9481 7.43527
      vertex 51.708 13.1583 2.28882e-07
      vertex 51.701 13.1414 7.45049
    endloop
  endfacet
  facet normal 0.923985 -0.382429 0
    outer loop
      vertex 51.708 13.1583 2.28882e-07
      vertex 51.621 12.9481 7.43527
      vertex 51.621 12.9481 2.28882e-07
    endloop
  endfacet
  facet normal 0.9969 0.0786795 -0
    outer loop
      vertex 51.5679 12.2732 2.28882e-07
      vertex 51.55 12.5 7.40001
      vertex 51.5679 12.2732 7.41786
    endloop
  endfacet
  facet normal 0.9969 0.0786795 0
    outer loop
      vertex 51.55 12.5 7.40001
      vertex 51.5679 12.2732 2.28882e-07
      vertex 51.55 12.5 2.28882e-07
    endloop
  endfacet
  facet normal -0.923884 -0.382674 0
    outer loop
      vertex 54.292 13.1583 2.28882e-07
      vertex 54.299 13.1414 7.45049
      vertex 54.292 13.1583 7.45455
    endloop
  endfacet
  facet normal -0.923985 -0.382429 -0
    outer loop
      vertex 54.379 12.9481 7.43527
      vertex 54.292 13.1583 2.28882e-07
      vertex 54.379 12.9481 2.28882e-07
    endloop
  endfacet
  facet normal -0.923994 -0.382408 7.05614e-07
    outer loop
      vertex 54.292 13.1583 2.28882e-07
      vertex 54.379 12.9481 7.43527
      vertex 54.299 13.1414 7.45049
    endloop
  endfacet
  facet normal 0.923994 0.382408 7.05614e-07
    outer loop
      vertex 51.708 11.8417 2.28882e-07
      vertex 51.621 12.0519 7.43527
      vertex 51.701 11.8586 7.45049
    endloop
  endfacet
  facet normal 0.923884 0.382674 -0
    outer loop
      vertex 51.708 11.8417 2.28882e-07
      vertex 51.701 11.8586 7.45049
      vertex 51.708 11.8417 7.45455
    endloop
  endfacet
  facet normal 0.923985 0.382429 0
    outer loop
      vertex 51.621 12.0519 7.43527
      vertex 51.708 11.8417 2.28882e-07
      vertex 51.621 12.0519 2.28882e-07
    endloop
  endfacet
  facet normal -0.76031 -0.64956 -0
    outer loop
      vertex 54.1731 13.3523 7.50112
      vertex 54.0253 13.5253 2.28882e-07
      vertex 54.1731 13.3523 2.28882e-07
    endloop
  endfacet
  facet normal -0.76031 -0.64956 0
    outer loop
      vertex 54.0253 13.5253 2.28882e-07
      vertex 54.1731 13.3523 7.50112
      vertex 54.0253 13.5253 7.54266
    endloop
  endfacet
  facet normal -0.852608 -0.522552 -0
    outer loop
      vertex 54.292 13.1583 7.45455
      vertex 54.1731 13.3523 2.28882e-07
      vertex 54.292 13.1583 2.28882e-07
    endloop
  endfacet
  facet normal -0.852608 -0.522552 0
    outer loop
      vertex 54.1731 13.3523 2.28882e-07
      vertex 54.292 13.1583 7.45455
      vertex 54.1731 13.3523 7.50112
    endloop
  endfacet
  facet normal 0.852608 0.522552 -0
    outer loop
      vertex 51.8269 11.6477 2.28882e-07
      vertex 51.708 11.8417 7.45455
      vertex 51.8269 11.6477 7.50112
    endloop
  endfacet
  facet normal 0.852608 0.522552 0
    outer loop
      vertex 51.708 11.8417 7.45455
      vertex 51.8269 11.6477 2.28882e-07
      vertex 51.708 11.8417 2.28882e-07
    endloop
  endfacet
  facet normal -0.382429 -0.923985 0
    outer loop
      vertex 53.4481 13.879 2.28882e-07
      vertex 53.6583 13.792 7.61103
      vertex 53.4481 13.879 7.6471
    endloop
  endfacet
  facet normal -0.382429 -0.923985 -0
    outer loop
      vertex 53.6583 13.792 7.61103
      vertex 53.4481 13.879 2.28882e-07
      vertex 53.6583 13.792 2.28882e-07
    endloop
  endfacet
  facet normal 0.972399 -0.233323 0
    outer loop
      vertex 51.5679 12.7268 7.41786
      vertex 51.621 12.9481 2.28882e-07
      vertex 51.621 12.9481 7.43527
    endloop
  endfacet
  facet normal 0.972399 -0.233323 0
    outer loop
      vertex 51.621 12.9481 2.28882e-07
      vertex 51.5679 12.7268 7.41786
      vertex 51.5679 12.7268 2.28882e-07
    endloop
  endfacet
  facet normal 0.76031 0.64956 -0
    outer loop
      vertex 51.9747 11.4747 2.28882e-07
      vertex 51.8269 11.6477 7.50112
      vertex 51.9747 11.4747 7.54266
    endloop
  endfacet
  facet normal 0.76031 0.64956 0
    outer loop
      vertex 51.8269 11.6477 7.50112
      vertex 51.9747 11.4747 2.28882e-07
      vertex 51.8269 11.6477 2.28882e-07
    endloop
  endfacet
  facet normal 0.233323 0.972399 -0
    outer loop
      vertex 52.7732 11.0679 2.28882e-07
      vertex 52.5519 11.121 7.6471
      vertex 52.7732 11.0679 7.6691
    endloop
  endfacet
  facet normal 0.233323 0.972399 0
    outer loop
      vertex 52.5519 11.121 7.6471
      vertex 52.7732 11.0679 2.28882e-07
      vertex 52.5519 11.121 2.28882e-07
    endloop
  endfacet
  facet normal 0.522464 0.852661 -0
    outer loop
      vertex 52.3417 11.208 2.28882e-07
      vertex 52.3009 11.233 7.60068
      vertex 52.3417 11.208 7.61103
    endloop
  endfacet
  facet normal 0.522575 0.852593 8.19419e-07
    outer loop
      vertex 52.3417 11.208 2.28882e-07
      vertex 52.1477 11.3269 7.57814
      vertex 52.3009 11.233 7.60068
    endloop
  endfacet
  facet normal 0.522552 0.852608 0
    outer loop
      vertex 52.1477 11.3269 7.57814
      vertex 52.3417 11.208 2.28882e-07
      vertex 52.1477 11.3269 2.28882e-07
    endloop
  endfacet
  facet normal 0.64956 -0.76031 0
    outer loop
      vertex 52.1477 13.6731 2.28882e-07
      vertex 51.9747 13.5253 7.54266
      vertex 51.9747 13.5253 2.28882e-07
    endloop
  endfacet
  facet normal 0.64956 -0.76031 0
    outer loop
      vertex 51.9747 13.5253 7.54266
      vertex 52.1477 13.6731 2.28882e-07
      vertex 52.1477 13.6731 7.57814
    endloop
  endfacet
  facet normal 0.522552 -0.852608 0
    outer loop
      vertex 52.3417 13.792 2.28882e-07
      vertex 52.1477 13.6731 7.57814
      vertex 52.1477 13.6731 2.28882e-07
    endloop
  endfacet
  facet normal 0.522575 -0.852593 8.19419e-07
    outer loop
      vertex 52.1477 13.6731 7.57814
      vertex 52.3417 13.792 2.28882e-07
      vertex 52.3009 13.767 7.60068
    endloop
  endfacet
  facet normal 0.522464 -0.852661 0
    outer loop
      vertex 52.3009 13.767 7.60068
      vertex 52.3417 13.792 2.28882e-07
      vertex 52.3417 13.792 7.61103
    endloop
  endfacet
  facet normal -0.382429 0.923985 0
    outer loop
      vertex 53.4481 11.121 2.28882e-07
      vertex 53.6583 11.208 7.61103
      vertex 53.6583 11.208 2.28882e-07
    endloop
  endfacet
  facet normal -0.382429 0.923985 0
    outer loop
      vertex 53.6583 11.208 7.61103
      vertex 53.4481 11.121 2.28882e-07
      vertex 53.4481 11.121 7.6471
    endloop
  endfacet
  facet normal -0.76031 0.64956 0
    outer loop
      vertex 54.0253 11.4747 2.28882e-07
      vertex 54.1731 11.6477 7.50112
      vertex 54.1731 11.6477 2.28882e-07
    endloop
  endfacet
  facet normal -0.76031 0.64956 0
    outer loop
      vertex 54.1731 11.6477 7.50112
      vertex 54.0253 11.4747 2.28882e-07
      vertex 54.0253 11.4747 7.54266
    endloop
  endfacet
  facet normal 0.972399 0.233323 -0
    outer loop
      vertex 51.621 12.0519 2.28882e-07
      vertex 51.5679 12.2732 7.41786
      vertex 51.621 12.0519 7.43527
    endloop
  endfacet
  facet normal 0.972399 0.233323 0
    outer loop
      vertex 51.5679 12.2732 7.41786
      vertex 51.621 12.0519 2.28882e-07
      vertex 51.5679 12.2732 2.28882e-07
    endloop
  endfacet
  facet normal -0.522552 0.852608 0
    outer loop
      vertex 53.6583 11.208 2.28882e-07
      vertex 53.8523 11.3269 7.57814
      vertex 53.8523 11.3269 2.28882e-07
    endloop
  endfacet
  facet normal -0.522575 0.852593 8.19419e-07
    outer loop
      vertex 53.8523 11.3269 7.57814
      vertex 53.6583 11.208 2.28882e-07
      vertex 53.6991 11.233 7.60068
    endloop
  endfacet
  facet normal -0.522464 0.852661 0
    outer loop
      vertex 53.6991 11.233 7.60068
      vertex 53.6583 11.208 2.28882e-07
      vertex 53.6583 11.208 7.61103
    endloop
  endfacet
  facet normal 0.0786795 0.9969 -0
    outer loop
      vertex 53 11.05 2.28882e-07
      vertex 52.7732 11.0679 7.6691
      vertex 53 11.05 7.67649
    endloop
  endfacet
  facet normal 0.0786795 0.9969 0
    outer loop
      vertex 52.7732 11.0679 7.6691
      vertex 53 11.05 2.28882e-07
      vertex 52.7732 11.0679 2.28882e-07
    endloop
  endfacet
  facet normal 0.382429 0.923985 -0
    outer loop
      vertex 52.5519 11.121 2.28882e-07
      vertex 52.3417 11.208 7.61103
      vertex 52.5519 11.121 7.6471
    endloop
  endfacet
  facet normal 0.382429 0.923985 0
    outer loop
      vertex 52.3417 11.208 7.61103
      vertex 52.5519 11.121 2.28882e-07
      vertex 52.3417 11.208 2.28882e-07
    endloop
  endfacet
  facet normal -0.972399 -0.233323 -0
    outer loop
      vertex 54.4321 12.7268 7.41786
      vertex 54.379 12.9481 2.28882e-07
      vertex 54.4321 12.7268 2.28882e-07
    endloop
  endfacet
  facet normal -0.972399 -0.233323 0
    outer loop
      vertex 54.379 12.9481 2.28882e-07
      vertex 54.4321 12.7268 7.41786
      vertex 54.379 12.9481 7.43527
    endloop
  endfacet
  facet normal -0.852608 0.522552 0
    outer loop
      vertex 54.1731 11.6477 2.28882e-07
      vertex 54.292 11.8417 7.45455
      vertex 54.292 11.8417 2.28882e-07
    endloop
  endfacet
  facet normal -0.852608 0.522552 0
    outer loop
      vertex 54.292 11.8417 7.45455
      vertex 54.1731 11.6477 2.28882e-07
      vertex 54.1731 11.6477 7.50112
    endloop
  endfacet
  facet normal 0.76031 -0.64956 0
    outer loop
      vertex 51.8269 13.3523 7.50112
      vertex 51.9747 13.5253 2.28882e-07
      vertex 51.9747 13.5253 7.54266
    endloop
  endfacet
  facet normal 0.76031 -0.64956 0
    outer loop
      vertex 51.9747 13.5253 2.28882e-07
      vertex 51.8269 13.3523 7.50112
      vertex 51.8269 13.3523 2.28882e-07
    endloop
  endfacet
  facet normal 0.233323 -0.972399 0
    outer loop
      vertex 52.7732 13.9321 2.28882e-07
      vertex 52.5519 13.879 7.6471
      vertex 52.5519 13.879 2.28882e-07
    endloop
  endfacet
  facet normal 0.233323 -0.972399 0
    outer loop
      vertex 52.5519 13.879 7.6471
      vertex 52.7732 13.9321 2.28882e-07
      vertex 52.7732 13.9321 7.6691
    endloop
  endfacet
  facet normal -0.233323 0.972399 0
    outer loop
      vertex 53.2268 11.0679 2.28882e-07
      vertex 53.4481 11.121 7.6471
      vertex 53.4481 11.121 2.28882e-07
    endloop
  endfacet
  facet normal -0.233323 0.972399 0
    outer loop
      vertex 53.4481 11.121 7.6471
      vertex 53.2268 11.0679 2.28882e-07
      vertex 53.2268 11.0679 7.6691
    endloop
  endfacet
  facet normal -0.0786795 0.9969 0
    outer loop
      vertex 53 11.05 2.28882e-07
      vertex 53.2268 11.0679 7.6691
      vertex 53.2268 11.0679 2.28882e-07
    endloop
  endfacet
  facet normal -0.0786795 0.9969 0
    outer loop
      vertex 53.2268 11.0679 7.6691
      vertex 53 11.05 2.28882e-07
      vertex 53 11.05 7.67649
    endloop
  endfacet
  facet normal -0.522464 -0.852661 0
    outer loop
      vertex 53.6583 13.792 2.28882e-07
      vertex 53.6991 13.767 7.60068
      vertex 53.6583 13.792 7.61103
    endloop
  endfacet
  facet normal -0.522575 -0.852593 8.19419e-07
    outer loop
      vertex 53.6583 13.792 2.28882e-07
      vertex 53.8523 13.6731 7.57814
      vertex 53.6991 13.767 7.60068
    endloop
  endfacet
  facet normal -0.522552 -0.852608 -0
    outer loop
      vertex 53.8523 13.6731 7.57814
      vertex 53.6583 13.792 2.28882e-07
      vertex 53.8523 13.6731 2.28882e-07
    endloop
  endfacet
  facet normal 0.9969 -0.0786795 0
    outer loop
      vertex 51.55 12.5 7.40001
      vertex 51.5679 12.7268 2.28882e-07
      vertex 51.5679 12.7268 7.41786
    endloop
  endfacet
  facet normal 0.9969 -0.0786795 0
    outer loop
      vertex 51.5679 12.7268 2.28882e-07
      vertex 51.55 12.5 7.40001
      vertex 51.55 12.5 2.28882e-07
    endloop
  endfacet
  facet normal 0.852608 -0.522552 0
    outer loop
      vertex 51.708 13.1583 7.45455
      vertex 51.8269 13.3523 2.28882e-07
      vertex 51.8269 13.3523 7.50112
    endloop
  endfacet
  facet normal 0.852608 -0.522552 0
    outer loop
      vertex 51.8269 13.3523 2.28882e-07
      vertex 51.708 13.1583 7.45455
      vertex 51.708 13.1583 2.28882e-07
    endloop
  endfacet
  facet normal -0.233383 -0.972385 0
    outer loop
      vertex 9.22683 30.9321 18
      vertex 9.44807 30.879 23
      vertex 9.22683 30.9321 23
    endloop
  endfacet
  facet normal -0.233383 -0.972385 -0
    outer loop
      vertex 9.44807 30.879 23
      vertex 9.22683 30.9321 18
      vertex 9.44807 30.879 18
    endloop
  endfacet
  facet normal -0.972399 0.233323 0
    outer loop
      vertex 10.379 29.0519 18
      vertex 10.4321 29.2732 23
      vertex 10.4321 29.2732 18
    endloop
  endfacet
  facet normal -0.972399 0.233323 0
    outer loop
      vertex 10.4321 29.2732 23
      vertex 10.379 29.0519 18
      vertex 10.379 29.0519 23
    endloop
  endfacet
  facet normal -0.9969 0.0786795 0
    outer loop
      vertex 10.4321 29.2732 18
      vertex 10.45 29.5 23
      vertex 10.45 29.5 18
    endloop
  endfacet
  facet normal -0.9969 0.0786795 0
    outer loop
      vertex 10.45 29.5 23
      vertex 10.4321 29.2732 18
      vertex 10.4321 29.2732 23
    endloop
  endfacet
  facet normal -0.923985 0.382429 0
    outer loop
      vertex 10.292 28.8417 18
      vertex 10.379 29.0519 23
      vertex 10.379 29.0519 18
    endloop
  endfacet
  facet normal -0.923985 0.382429 0
    outer loop
      vertex 10.379 29.0519 23
      vertex 10.292 28.8417 18
      vertex 10.292 28.8417 23
    endloop
  endfacet
  facet normal 0.0786692 -0.996901 0
    outer loop
      vertex 8.77317 30.9321 18
      vertex 9 30.95 23
      vertex 8.77317 30.9321 23
    endloop
  endfacet
  facet normal 0.0786692 -0.996901 0
    outer loop
      vertex 9 30.95 23
      vertex 8.77317 30.9321 18
      vertex 9 30.95 18
    endloop
  endfacet
  facet normal -0.9969 -0.0786795 0
    outer loop
      vertex 10.45 29.5 18
      vertex 10.4321 29.7268 23
      vertex 10.4321 29.7268 18
    endloop
  endfacet
  facet normal -0.9969 -0.0786795 0
    outer loop
      vertex 10.4321 29.7268 23
      vertex 10.45 29.5 18
      vertex 10.45 29.5 23
    endloop
  endfacet
  facet normal 0.649517 0.760347 -0
    outer loop
      vertex 8.14771 28.3269 18
      vertex 7.97469 28.4747 23
      vertex 8.14771 28.3269 23
    endloop
  endfacet
  facet normal 0.649517 0.760347 0
    outer loop
      vertex 7.97469 28.4747 23
      vertex 8.14771 28.3269 18
      vertex 7.97469 28.4747 18
    endloop
  endfacet
  facet normal 0.382414 -0.923991 0
    outer loop
      vertex 8.34171 30.792 18
      vertex 8.55192 30.879 23
      vertex 8.34171 30.792 23
    endloop
  endfacet
  facet normal 0.382414 -0.923991 0
    outer loop
      vertex 8.55192 30.879 23
      vertex 8.34171 30.792 18
      vertex 8.55192 30.879 18
    endloop
  endfacet
  facet normal -0.649538 0.760329 0
    outer loop
      vertex 10.0253 28.4747 18
      vertex 9.85229 28.3269 23
      vertex 10.0253 28.4747 23
    endloop
  endfacet
  facet normal -0.649538 0.760329 0
    outer loop
      vertex 9.85229 28.3269 23
      vertex 10.0253 28.4747 18
      vertex 9.85229 28.3269 18
    endloop
  endfacet
  facet normal -0.0786692 -0.996901 0
    outer loop
      vertex 9 30.95 18
      vertex 9.22683 30.9321 23
      vertex 9 30.95 23
    endloop
  endfacet
  facet normal -0.0786692 -0.996901 -0
    outer loop
      vertex 9.22683 30.9321 23
      vertex 9 30.95 18
      vertex 9.22683 30.9321 18
    endloop
  endfacet
  facet normal -0.649538 -0.760329 0
    outer loop
      vertex 9.85229 30.6731 18
      vertex 10.0253 30.5253 23
      vertex 9.85229 30.6731 23
    endloop
  endfacet
  facet normal -0.649538 -0.760329 -0
    outer loop
      vertex 10.0253 30.5253 23
      vertex 9.85229 30.6731 18
      vertex 10.0253 30.5253 18
    endloop
  endfacet
  facet normal 0.923876 -0.382692 0
    outer loop
      vertex 7.62097 29.9481 23
      vertex 7.70804 30.1583 18
      vertex 7.70804 30.1583 23
    endloop
  endfacet
  facet normal 0.923876 -0.382692 0
    outer loop
      vertex 7.70804 30.1583 18
      vertex 7.62097 29.9481 23
      vertex 7.62097 29.9481 18
    endloop
  endfacet
  facet normal 0.996917 0.0784611 0
    outer loop
      vertex 7.56785 29.2732 23
      vertex 7.55 29.5 18
      vertex 7.55 29.5 23
    endloop
  endfacet
  facet normal 0.996917 0.0784611 0
    outer loop
      vertex 7.55 29.5 18
      vertex 7.56785 29.2732 23
      vertex 7.56785 29.2732 18
    endloop
  endfacet
  facet normal -0.923985 -0.382429 0
    outer loop
      vertex 10.379 29.9481 18
      vertex 10.292 30.1583 23
      vertex 10.292 30.1583 18
    endloop
  endfacet
  facet normal -0.923985 -0.382429 0
    outer loop
      vertex 10.292 30.1583 23
      vertex 10.379 29.9481 18
      vertex 10.379 29.9481 23
    endloop
  endfacet
  facet normal 0.923876 0.382692 0
    outer loop
      vertex 7.70804 28.8417 23
      vertex 7.62097 29.0519 18
      vertex 7.62097 29.0519 23
    endloop
  endfacet
  facet normal 0.923876 0.382692 0
    outer loop
      vertex 7.62097 29.0519 18
      vertex 7.70804 28.8417 23
      vertex 7.70804 28.8417 18
    endloop
  endfacet
  facet normal -0.76031 -0.64956 0
    outer loop
      vertex 10.1731 30.3523 18
      vertex 10.0253 30.5253 23
      vertex 10.0253 30.5253 18
    endloop
  endfacet
  facet normal -0.76031 -0.64956 0
    outer loop
      vertex 10.0253 30.5253 23
      vertex 10.1731 30.3523 18
      vertex 10.1731 30.3523 23
    endloop
  endfacet
  facet normal -0.852608 -0.522552 0
    outer loop
      vertex 10.292 30.1583 18
      vertex 10.1731 30.3523 23
      vertex 10.1731 30.3523 18
    endloop
  endfacet
  facet normal -0.852608 -0.522552 0
    outer loop
      vertex 10.1731 30.3523 23
      vertex 10.292 30.1583 18
      vertex 10.292 30.1583 23
    endloop
  endfacet
  facet normal 0.852627 0.52252 0
    outer loop
      vertex 7.82693 28.6477 23
      vertex 7.70804 28.8417 18
      vertex 7.70804 28.8417 23
    endloop
  endfacet
  facet normal 0.852627 0.52252 0
    outer loop
      vertex 7.70804 28.8417 18
      vertex 7.82693 28.6477 23
      vertex 7.82693 28.6477 18
    endloop
  endfacet
  facet normal -0.382398 -0.923998 0
    outer loop
      vertex 9.44807 30.879 18
      vertex 9.65829 30.792 23
      vertex 9.44807 30.879 23
    endloop
  endfacet
  facet normal -0.382398 -0.923998 -0
    outer loop
      vertex 9.65829 30.792 23
      vertex 9.44807 30.879 18
      vertex 9.65829 30.792 18
    endloop
  endfacet
  facet normal 0.972379 -0.233406 0
    outer loop
      vertex 7.56785 29.7268 23
      vertex 7.62097 29.9481 18
      vertex 7.62097 29.9481 23
    endloop
  endfacet
  facet normal 0.972379 -0.233406 0
    outer loop
      vertex 7.62097 29.9481 18
      vertex 7.56785 29.7268 23
      vertex 7.56785 29.7268 18
    endloop
  endfacet
  facet normal 0.760397 0.649458 0
    outer loop
      vertex 7.97469 28.4747 23
      vertex 7.82693 28.6477 18
      vertex 7.82693 28.6477 23
    endloop
  endfacet
  facet normal 0.760397 0.649458 0
    outer loop
      vertex 7.82693 28.6477 18
      vertex 7.97469 28.4747 23
      vertex 7.97469 28.4747 18
    endloop
  endfacet
  facet normal 0.233373 0.972387 -0
    outer loop
      vertex 8.77317 28.0679 18
      vertex 8.55192 28.121 23
      vertex 8.77317 28.0679 23
    endloop
  endfacet
  facet normal 0.233373 0.972387 0
    outer loop
      vertex 8.55192 28.121 23
      vertex 8.77317 28.0679 18
      vertex 8.55192 28.121 18
    endloop
  endfacet
  facet normal 0.522552 0.852608 -0
    outer loop
      vertex 8.34171 28.208 18
      vertex 8.14771 28.3269 23
      vertex 8.34171 28.208 23
    endloop
  endfacet
  facet normal 0.522552 0.852608 0
    outer loop
      vertex 8.14771 28.3269 23
      vertex 8.34171 28.208 18
      vertex 8.14771 28.3269 18
    endloop
  endfacet
  facet normal 0.649517 -0.760347 0
    outer loop
      vertex 7.97469 30.5253 18
      vertex 8.14771 30.6731 23
      vertex 7.97469 30.5253 23
    endloop
  endfacet
  facet normal 0.649517 -0.760347 0
    outer loop
      vertex 8.14771 30.6731 23
      vertex 7.97469 30.5253 18
      vertex 8.14771 30.6731 18
    endloop
  endfacet
  facet normal 0.522552 -0.852608 0
    outer loop
      vertex 8.14771 30.6731 18
      vertex 8.34171 30.792 23
      vertex 8.14771 30.6731 23
    endloop
  endfacet
  facet normal 0.522552 -0.852608 0
    outer loop
      vertex 8.34171 30.792 23
      vertex 8.14771 30.6731 18
      vertex 8.34171 30.792 18
    endloop
  endfacet
  facet normal -0.382398 0.923998 0
    outer loop
      vertex 9.65829 28.208 18
      vertex 9.44807 28.121 23
      vertex 9.65829 28.208 23
    endloop
  endfacet
  facet normal -0.382398 0.923998 0
    outer loop
      vertex 9.44807 28.121 23
      vertex 9.65829 28.208 18
      vertex 9.44807 28.121 18
    endloop
  endfacet
  facet normal -0.76031 0.64956 0
    outer loop
      vertex 10.0253 28.4747 18
      vertex 10.1731 28.6477 23
      vertex 10.1731 28.6477 18
    endloop
  endfacet
  facet normal -0.76031 0.64956 0
    outer loop
      vertex 10.1731 28.6477 23
      vertex 10.0253 28.4747 18
      vertex 10.0253 28.4747 23
    endloop
  endfacet
  facet normal 0.972379 0.233406 0
    outer loop
      vertex 7.62097 29.0519 23
      vertex 7.56785 29.2732 18
      vertex 7.56785 29.2732 23
    endloop
  endfacet
  facet normal 0.972379 0.233406 0
    outer loop
      vertex 7.56785 29.2732 18
      vertex 7.62097 29.0519 23
      vertex 7.62097 29.0519 18
    endloop
  endfacet
  facet normal -0.522552 0.852608 0
    outer loop
      vertex 9.85229 28.3269 18
      vertex 9.65829 28.208 23
      vertex 9.85229 28.3269 23
    endloop
  endfacet
  facet normal -0.522552 0.852608 0
    outer loop
      vertex 9.65829 28.208 23
      vertex 9.85229 28.3269 18
      vertex 9.65829 28.208 18
    endloop
  endfacet
  facet normal 0.0786692 0.996901 -0
    outer loop
      vertex 9 28.05 18
      vertex 8.77317 28.0679 23
      vertex 9 28.05 23
    endloop
  endfacet
  facet normal 0.0786692 0.996901 0
    outer loop
      vertex 8.77317 28.0679 23
      vertex 9 28.05 18
      vertex 8.77317 28.0679 18
    endloop
  endfacet
  facet normal 0.382414 0.923991 -0
    outer loop
      vertex 8.55192 28.121 18
      vertex 8.34171 28.208 23
      vertex 8.55192 28.121 23
    endloop
  endfacet
  facet normal 0.382414 0.923991 0
    outer loop
      vertex 8.34171 28.208 23
      vertex 8.55192 28.121 18
      vertex 8.34171 28.208 18
    endloop
  endfacet
  facet normal -0.972399 -0.233323 0
    outer loop
      vertex 10.4321 29.7268 18
      vertex 10.379 29.9481 23
      vertex 10.379 29.9481 18
    endloop
  endfacet
  facet normal -0.972399 -0.233323 0
    outer loop
      vertex 10.379 29.9481 23
      vertex 10.4321 29.7268 18
      vertex 10.4321 29.7268 23
    endloop
  endfacet
  facet normal -0.852608 0.522552 0
    outer loop
      vertex 10.1731 28.6477 18
      vertex 10.292 28.8417 23
      vertex 10.292 28.8417 18
    endloop
  endfacet
  facet normal -0.852608 0.522552 0
    outer loop
      vertex 10.292 28.8417 23
      vertex 10.1731 28.6477 18
      vertex 10.1731 28.6477 23
    endloop
  endfacet
  facet normal 0.760397 -0.649458 0
    outer loop
      vertex 7.82693 30.3523 23
      vertex 7.97469 30.5253 18
      vertex 7.97469 30.5253 23
    endloop
  endfacet
  facet normal 0.760397 -0.649458 0
    outer loop
      vertex 7.97469 30.5253 18
      vertex 7.82693 30.3523 23
      vertex 7.82693 30.3523 18
    endloop
  endfacet
  facet normal 0.233373 -0.972387 0
    outer loop
      vertex 8.55192 30.879 18
      vertex 8.77317 30.9321 23
      vertex 8.55192 30.879 23
    endloop
  endfacet
  facet normal 0.233373 -0.972387 0
    outer loop
      vertex 8.77317 30.9321 23
      vertex 8.55192 30.879 18
      vertex 8.77317 30.9321 18
    endloop
  endfacet
  facet normal -0.233383 0.972385 0
    outer loop
      vertex 9.44807 28.121 18
      vertex 9.22683 28.0679 23
      vertex 9.44807 28.121 23
    endloop
  endfacet
  facet normal -0.233383 0.972385 0
    outer loop
      vertex 9.22683 28.0679 23
      vertex 9.44807 28.121 18
      vertex 9.22683 28.0679 18
    endloop
  endfacet
  facet normal 0 0 1
    outer loop
      vertex 10.4321 29.7268 18
      vertex 10.4321 29.2732 18
      vertex 10.45 29.5 18
    endloop
  endfacet
  facet normal 0 0 1
    outer loop
      vertex 10.379 29.9481 18
      vertex 10.4321 29.2732 18
      vertex 10.4321 29.7268 18
    endloop
  endfacet
  facet normal 0 0 1
    outer loop
      vertex 10.379 29.9481 18
      vertex 10.379 29.0519 18
      vertex 10.4321 29.2732 18
    endloop
  endfacet
  facet normal 0 0 1
    outer loop
      vertex 10.292 30.1583 18
      vertex 10.379 29.0519 18
      vertex 10.379 29.9481 18
    endloop
  endfacet
  facet normal 0 0 1
    outer loop
      vertex 10.292 30.1583 18
      vertex 10.292 28.8417 18
      vertex 10.379 29.0519 18
    endloop
  endfacet
  facet normal 0 0 1
    outer loop
      vertex 10.1731 30.3523 18
      vertex 10.292 28.8417 18
      vertex 10.292 30.1583 18
    endloop
  endfacet
  facet normal 0 0 1
    outer loop
      vertex 10.1731 30.3523 18
      vertex 10.1731 28.6477 18
      vertex 10.292 28.8417 18
    endloop
  endfacet
  facet normal 0 0 1
    outer loop
      vertex 10.0253 30.5253 18
      vertex 10.1731 28.6477 18
      vertex 10.1731 30.3523 18
    endloop
  endfacet
  facet normal 0 0 1
    outer loop
      vertex 10.0253 30.5253 18
      vertex 10.0253 28.4747 18
      vertex 10.1731 28.6477 18
    endloop
  endfacet
  facet normal 0 0 1
    outer loop
      vertex 9.85229 30.6731 18
      vertex 10.0253 28.4747 18
      vertex 10.0253 30.5253 18
    endloop
  endfacet
  facet normal 0 0 1
    outer loop
      vertex 9.85229 30.6731 18
      vertex 9.85229 28.3269 18
      vertex 10.0253 28.4747 18
    endloop
  endfacet
  facet normal 0 0 1
    outer loop
      vertex 9.65829 30.792 18
      vertex 9.85229 28.3269 18
      vertex 9.85229 30.6731 18
    endloop
  endfacet
  facet normal 0 0 1
    outer loop
      vertex 9.65829 30.792 18
      vertex 9.65829 28.208 18
      vertex 9.85229 28.3269 18
    endloop
  endfacet
  facet normal 0 0 1
    outer loop
      vertex 9.44807 30.879 18
      vertex 9.65829 28.208 18
      vertex 9.65829 30.792 18
    endloop
  endfacet
  facet normal 0 0 1
    outer loop
      vertex 9.44807 30.879 18
      vertex 9.44807 28.121 18
      vertex 9.65829 28.208 18
    endloop
  endfacet
  facet normal 0 0 1
    outer loop
      vertex 9.22683 30.9321 18
      vertex 9.44807 28.121 18
      vertex 9.44807 30.879 18
    endloop
  endfacet
  facet normal 0 0 1
    outer loop
      vertex 9.22683 30.9321 18
      vertex 9.22683 28.0679 18
      vertex 9.44807 28.121 18
    endloop
  endfacet
  facet normal 0 0 1
    outer loop
      vertex 9 30.95 18
      vertex 9.22683 28.0679 18
      vertex 9.22683 30.9321 18
    endloop
  endfacet
  facet normal 0 0 1
    outer loop
      vertex 9 30.95 18
      vertex 9 28.05 18
      vertex 9.22683 28.0679 18
    endloop
  endfacet
  facet normal -0 0 1
    outer loop
      vertex 8.77317 30.9321 18
      vertex 9 28.05 18
      vertex 9 30.95 18
    endloop
  endfacet
  facet normal 0 0 1
    outer loop
      vertex 8.77317 30.9321 18
      vertex 8.77317 28.0679 18
      vertex 9 28.05 18
    endloop
  endfacet
  facet normal -0 0 1
    outer loop
      vertex 8.55192 30.879 18
      vertex 8.77317 28.0679 18
      vertex 8.77317 30.9321 18
    endloop
  endfacet
  facet normal 0 0 1
    outer loop
      vertex 8.55192 30.879 18
      vertex 8.55192 28.121 18
      vertex 8.77317 28.0679 18
    endloop
  endfacet
  facet normal -0 0 1
    outer loop
      vertex 8.34171 30.792 18
      vertex 8.55192 28.121 18
      vertex 8.55192 30.879 18
    endloop
  endfacet
  facet normal 0 0 1
    outer loop
      vertex 8.34171 30.792 18
      vertex 8.34171 28.208 18
      vertex 8.55192 28.121 18
    endloop
  endfacet
  facet normal -0 0 1
    outer loop
      vertex 8.14771 30.6731 18
      vertex 8.34171 28.208 18
      vertex 8.34171 30.792 18
    endloop
  endfacet
  facet normal 0 0 1
    outer loop
      vertex 8.14771 30.6731 18
      vertex 8.14771 28.3269 18
      vertex 8.34171 28.208 18
    endloop
  endfacet
  facet normal -0 0 1
    outer loop
      vertex 7.97469 30.5253 18
      vertex 8.14771 28.3269 18
      vertex 8.14771 30.6731 18
    endloop
  endfacet
  facet normal 0 0 1
    outer loop
      vertex 7.97469 30.5253 18
      vertex 7.97469 28.4747 18
      vertex 8.14771 28.3269 18
    endloop
  endfacet
  facet normal -0 0 1
    outer loop
      vertex 7.82693 30.3523 18
      vertex 7.97469 28.4747 18
      vertex 7.97469 30.5253 18
    endloop
  endfacet
  facet normal 0 0 1
    outer loop
      vertex 7.82693 30.3523 18
      vertex 7.82693 28.6477 18
      vertex 7.97469 28.4747 18
    endloop
  endfacet
  facet normal -0 0 1
    outer loop
      vertex 7.70804 30.1583 18
      vertex 7.82693 28.6477 18
      vertex 7.82693 30.3523 18
    endloop
  endfacet
  facet normal 0 0 1
    outer loop
      vertex 7.70804 30.1583 18
      vertex 7.70804 28.8417 18
      vertex 7.82693 28.6477 18
    endloop
  endfacet
  facet normal -0 0 1
    outer loop
      vertex 7.62097 29.9481 18
      vertex 7.70804 28.8417 18
      vertex 7.70804 30.1583 18
    endloop
  endfacet
  facet normal 0 0 1
    outer loop
      vertex 7.62097 29.9481 18
      vertex 7.62097 29.0519 18
      vertex 7.70804 28.8417 18
    endloop
  endfacet
  facet normal -0 0 1
    outer loop
      vertex 7.56785 29.7268 18
      vertex 7.62097 29.0519 18
      vertex 7.62097 29.9481 18
    endloop
  endfacet
  facet normal 0 0 1
    outer loop
      vertex 7.56785 29.7268 18
      vertex 7.56785 29.2732 18
      vertex 7.62097 29.0519 18
    endloop
  endfacet
  facet normal 0 -0 1
    outer loop
      vertex 7.56785 29.2732 18
      vertex 7.56785 29.7268 18
      vertex 7.55 29.5 18
    endloop
  endfacet
  facet normal -0.0786692 0.996901 0
    outer loop
      vertex 9.22683 28.0679 18
      vertex 9 28.05 23
      vertex 9.22683 28.0679 23
    endloop
  endfacet
  facet normal -0.0786692 0.996901 0
    outer loop
      vertex 9 28.05 23
      vertex 9.22683 28.0679 18
      vertex 9 28.05 18
    endloop
  endfacet
  facet normal -0.522552 -0.852608 0
    outer loop
      vertex 9.65829 30.792 18
      vertex 9.85229 30.6731 23
      vertex 9.65829 30.792 23
    endloop
  endfacet
  facet normal -0.522552 -0.852608 -0
    outer loop
      vertex 9.85229 30.6731 23
      vertex 9.65829 30.792 18
      vertex 9.85229 30.6731 18
    endloop
  endfacet
  facet normal 0.996917 -0.0784611 0
    outer loop
      vertex 7.55 29.5 23
      vertex 7.56785 29.7268 18
      vertex 7.56785 29.7268 23
    endloop
  endfacet
  facet normal 0.996917 -0.0784611 0
    outer loop
      vertex 7.56785 29.7268 18
      vertex 7.55 29.5 23
      vertex 7.55 29.5 18
    endloop
  endfacet
  facet normal 0.852627 -0.52252 0
    outer loop
      vertex 7.70804 30.1583 23
      vertex 7.82693 30.3523 18
      vertex 7.82693 30.3523 23
    endloop
  endfacet
  facet normal 0.852627 -0.52252 0
    outer loop
      vertex 7.82693 30.3523 18
      vertex 7.70804 30.1583 23
      vertex 7.70804 30.1583 18
    endloop
  endfacet
  facet normal -0.233323 -0.972399 0
    outer loop
      vertex 23.2268 30.9321 18
      vertex 23.4481 30.879 23
      vertex 23.2268 30.9321 23
    endloop
  endfacet
  facet normal -0.233323 -0.972399 -0
    outer loop
      vertex 23.4481 30.879 23
      vertex 23.2268 30.9321 18
      vertex 23.4481 30.879 18
    endloop
  endfacet
  facet normal -0.972399 0.233323 0
    outer loop
      vertex 24.379 29.0519 18
      vertex 24.4321 29.2732 23
      vertex 24.4321 29.2732 18
    endloop
  endfacet
  facet normal -0.972399 0.233323 0
    outer loop
      vertex 24.4321 29.2732 23
      vertex 24.379 29.0519 18
      vertex 24.379 29.0519 23
    endloop
  endfacet
  facet normal -0.9969 0.0786795 0
    outer loop
      vertex 24.4321 29.2732 18
      vertex 24.45 29.5 23
      vertex 24.45 29.5 18
    endloop
  endfacet
  facet normal -0.9969 0.0786795 0
    outer loop
      vertex 24.45 29.5 23
      vertex 24.4321 29.2732 18
      vertex 24.4321 29.2732 23
    endloop
  endfacet
  facet normal -0.923985 0.382429 0
    outer loop
      vertex 24.292 28.8417 18
      vertex 24.379 29.0519 23
      vertex 24.379 29.0519 18
    endloop
  endfacet
  facet normal -0.923985 0.382429 0
    outer loop
      vertex 24.379 29.0519 23
      vertex 24.292 28.8417 18
      vertex 24.292 28.8417 23
    endloop
  endfacet
  facet normal 0.0786795 -0.9969 0
    outer loop
      vertex 22.7732 30.9321 18
      vertex 23 30.95 23
      vertex 22.7732 30.9321 23
    endloop
  endfacet
  facet normal 0.0786795 -0.9969 0
    outer loop
      vertex 23 30.95 23
      vertex 22.7732 30.9321 18
      vertex 23 30.95 18
    endloop
  endfacet
  facet normal -0.9969 -0.0786795 0
    outer loop
      vertex 24.45 29.5 18
      vertex 24.4321 29.7268 23
      vertex 24.4321 29.7268 18
    endloop
  endfacet
  facet normal -0.9969 -0.0786795 0
    outer loop
      vertex 24.4321 29.7268 23
      vertex 24.45 29.5 18
      vertex 24.45 29.5 23
    endloop
  endfacet
  facet normal 0.64956 0.76031 -0
    outer loop
      vertex 22.1477 28.3269 18
      vertex 21.9747 28.4747 23
      vertex 22.1477 28.3269 23
    endloop
  endfacet
  facet normal 0.64956 0.76031 0
    outer loop
      vertex 21.9747 28.4747 23
      vertex 22.1477 28.3269 18
      vertex 21.9747 28.4747 18
    endloop
  endfacet
  facet normal -0.64956 0.76031 0
    outer loop
      vertex 24.0253 28.4747 18
      vertex 23.8523 28.3269 23
      vertex 24.0253 28.4747 23
    endloop
  endfacet
  facet normal -0.64956 0.76031 0
    outer loop
      vertex 23.8523 28.3269 23
      vertex 24.0253 28.4747 18
      vertex 23.8523 28.3269 18
    endloop
  endfacet
  facet normal -0.0786795 -0.9969 0
    outer loop
      vertex 23 30.95 18
      vertex 23.2268 30.9321 23
      vertex 23 30.95 23
    endloop
  endfacet
  facet normal -0.0786795 -0.9969 -0
    outer loop
      vertex 23.2268 30.9321 23
      vertex 23 30.95 18
      vertex 23.2268 30.9321 18
    endloop
  endfacet
  facet normal -0.64956 -0.76031 0
    outer loop
      vertex 23.8523 30.6731 18
      vertex 24.0253 30.5253 23
      vertex 23.8523 30.6731 23
    endloop
  endfacet
  facet normal -0.64956 -0.76031 -0
    outer loop
      vertex 24.0253 30.5253 23
      vertex 23.8523 30.6731 18
      vertex 24.0253 30.5253 18
    endloop
  endfacet
  facet normal 0.923985 -0.382429 0
    outer loop
      vertex 21.621 29.9481 23
      vertex 21.708 30.1583 18
      vertex 21.708 30.1583 23
    endloop
  endfacet
  facet normal 0.923985 -0.382429 0
    outer loop
      vertex 21.708 30.1583 18
      vertex 21.621 29.9481 23
      vertex 21.621 29.9481 18
    endloop
  endfacet
  facet normal 0.9969 0.0786795 0
    outer loop
      vertex 21.5679 29.2732 23
      vertex 21.55 29.5 18
      vertex 21.55 29.5 23
    endloop
  endfacet
  facet normal 0.9969 0.0786795 0
    outer loop
      vertex 21.55 29.5 18
      vertex 21.5679 29.2732 23
      vertex 21.5679 29.2732 18
    endloop
  endfacet
  facet normal -0.923985 -0.382429 0
    outer loop
      vertex 24.379 29.9481 18
      vertex 24.292 30.1583 23
      vertex 24.292 30.1583 18
    endloop
  endfacet
  facet normal -0.923985 -0.382429 0
    outer loop
      vertex 24.292 30.1583 23
      vertex 24.379 29.9481 18
      vertex 24.379 29.9481 23
    endloop
  endfacet
  facet normal 0.923985 0.382429 0
    outer loop
      vertex 21.708 28.8417 23
      vertex 21.621 29.0519 18
      vertex 21.621 29.0519 23
    endloop
  endfacet
  facet normal 0.923985 0.382429 0
    outer loop
      vertex 21.621 29.0519 18
      vertex 21.708 28.8417 23
      vertex 21.708 28.8417 18
    endloop
  endfacet
  facet normal -0.76031 -0.64956 0
    outer loop
      vertex 24.1731 30.3523 18
      vertex 24.0253 30.5253 23
      vertex 24.0253 30.5253 18
    endloop
  endfacet
  facet normal -0.76031 -0.64956 0
    outer loop
      vertex 24.0253 30.5253 23
      vertex 24.1731 30.3523 18
      vertex 24.1731 30.3523 23
    endloop
  endfacet
  facet normal -0.852608 -0.522552 0
    outer loop
      vertex 24.292 30.1583 18
      vertex 24.1731 30.3523 23
      vertex 24.1731 30.3523 18
    endloop
  endfacet
  facet normal -0.852608 -0.522552 0
    outer loop
      vertex 24.1731 30.3523 23
      vertex 24.292 30.1583 18
      vertex 24.292 30.1583 23
    endloop
  endfacet
  facet normal 0.852608 0.522552 0
    outer loop
      vertex 21.8269 28.6477 23
      vertex 21.708 28.8417 18
      vertex 21.708 28.8417 23
    endloop
  endfacet
  facet normal 0.852608 0.522552 0
    outer loop
      vertex 21.708 28.8417 18
      vertex 21.8269 28.6477 23
      vertex 21.8269 28.6477 18
    endloop
  endfacet
  facet normal -0.382429 -0.923985 0
    outer loop
      vertex 23.4481 30.879 18
      vertex 23.6583 30.792 23
      vertex 23.4481 30.879 23
    endloop
  endfacet
  facet normal -0.382429 -0.923985 -0
    outer loop
      vertex 23.6583 30.792 23
      vertex 23.4481 30.879 18
      vertex 23.6583 30.792 18
    endloop
  endfacet
  facet normal 0.972399 -0.233323 0
    outer loop
      vertex 21.5679 29.7268 23
      vertex 21.621 29.9481 18
      vertex 21.621 29.9481 23
    endloop
  endfacet
  facet normal 0.972399 -0.233323 0
    outer loop
      vertex 21.621 29.9481 18
      vertex 21.5679 29.7268 23
      vertex 21.5679 29.7268 18
    endloop
  endfacet
  facet normal 0.76031 0.64956 0
    outer loop
      vertex 21.9747 28.4747 23
      vertex 21.8269 28.6477 18
      vertex 21.8269 28.6477 23
    endloop
  endfacet
  facet normal 0.76031 0.64956 0
    outer loop
      vertex 21.8269 28.6477 18
      vertex 21.9747 28.4747 23
      vertex 21.9747 28.4747 18
    endloop
  endfacet
  facet normal 0.233323 0.972399 -0
    outer loop
      vertex 22.7732 28.0679 18
      vertex 22.5519 28.121 23
      vertex 22.7732 28.0679 23
    endloop
  endfacet
  facet normal 0.233323 0.972399 0
    outer loop
      vertex 22.5519 28.121 23
      vertex 22.7732 28.0679 18
      vertex 22.5519 28.121 18
    endloop
  endfacet
  facet normal 0.522552 0.852608 -0
    outer loop
      vertex 22.3417 28.208 18
      vertex 22.1477 28.3269 23
      vertex 22.3417 28.208 23
    endloop
  endfacet
  facet normal 0.522552 0.852608 0
    outer loop
      vertex 22.1477 28.3269 23
      vertex 22.3417 28.208 18
      vertex 22.1477 28.3269 18
    endloop
  endfacet
  facet normal 0.64956 -0.76031 0
    outer loop
      vertex 21.9747 30.5253 18
      vertex 22.1477 30.6731 23
      vertex 21.9747 30.5253 23
    endloop
  endfacet
  facet normal 0.64956 -0.76031 0
    outer loop
      vertex 22.1477 30.6731 23
      vertex 21.9747 30.5253 18
      vertex 22.1477 30.6731 18
    endloop
  endfacet
  facet normal 0.522552 -0.852608 0
    outer loop
      vertex 22.1477 30.6731 18
      vertex 22.3417 30.792 23
      vertex 22.1477 30.6731 23
    endloop
  endfacet
  facet normal 0.522552 -0.852608 0
    outer loop
      vertex 22.3417 30.792 23
      vertex 22.1477 30.6731 18
      vertex 22.3417 30.792 18
    endloop
  endfacet
  facet normal -0.382429 0.923985 0
    outer loop
      vertex 23.6583 28.208 18
      vertex 23.4481 28.121 23
      vertex 23.6583 28.208 23
    endloop
  endfacet
  facet normal -0.382429 0.923985 0
    outer loop
      vertex 23.4481 28.121 23
      vertex 23.6583 28.208 18
      vertex 23.4481 28.121 18
    endloop
  endfacet
  facet normal -0.76031 0.64956 0
    outer loop
      vertex 24.0253 28.4747 18
      vertex 24.1731 28.6477 23
      vertex 24.1731 28.6477 18
    endloop
  endfacet
  facet normal -0.76031 0.64956 0
    outer loop
      vertex 24.1731 28.6477 23
      vertex 24.0253 28.4747 18
      vertex 24.0253 28.4747 23
    endloop
  endfacet
  facet normal 0.972399 0.233323 0
    outer loop
      vertex 21.621 29.0519 23
      vertex 21.5679 29.2732 18
      vertex 21.5679 29.2732 23
    endloop
  endfacet
  facet normal 0.972399 0.233323 0
    outer loop
      vertex 21.5679 29.2732 18
      vertex 21.621 29.0519 23
      vertex 21.621 29.0519 18
    endloop
  endfacet
  facet normal 0.382429 -0.923985 0
    outer loop
      vertex 22.3417 30.792 18
      vertex 22.5519 30.879 23
      vertex 22.3417 30.792 23
    endloop
  endfacet
  facet normal 0.382429 -0.923985 0
    outer loop
      vertex 22.5519 30.879 23
      vertex 22.3417 30.792 18
      vertex 22.5519 30.879 18
    endloop
  endfacet
  facet normal -0.522552 0.852608 0
    outer loop
      vertex 23.8523 28.3269 18
      vertex 23.6583 28.208 23
      vertex 23.8523 28.3269 23
    endloop
  endfacet
  facet normal -0.522552 0.852608 0
    outer loop
      vertex 23.6583 28.208 23
      vertex 23.8523 28.3269 18
      vertex 23.6583 28.208 18
    endloop
  endfacet
  facet normal 0.0786795 0.9969 -0
    outer loop
      vertex 23 28.05 18
      vertex 22.7732 28.0679 23
      vertex 23 28.05 23
    endloop
  endfacet
  facet normal 0.0786795 0.9969 0
    outer loop
      vertex 22.7732 28.0679 23
      vertex 23 28.05 18
      vertex 22.7732 28.0679 18
    endloop
  endfacet
  facet normal 0.382429 0.923985 -0
    outer loop
      vertex 22.5519 28.121 18
      vertex 22.3417 28.208 23
      vertex 22.5519 28.121 23
    endloop
  endfacet
  facet normal 0.382429 0.923985 0
    outer loop
      vertex 22.3417 28.208 23
      vertex 22.5519 28.121 18
      vertex 22.3417 28.208 18
    endloop
  endfacet
  facet normal -0.972399 -0.233323 0
    outer loop
      vertex 24.4321 29.7268 18
      vertex 24.379 29.9481 23
      vertex 24.379 29.9481 18
    endloop
  endfacet
  facet normal -0.972399 -0.233323 0
    outer loop
      vertex 24.379 29.9481 23
      vertex 24.4321 29.7268 18
      vertex 24.4321 29.7268 23
    endloop
  endfacet
  facet normal -0.852608 0.522552 0
    outer loop
      vertex 24.1731 28.6477 18
      vertex 24.292 28.8417 23
      vertex 24.292 28.8417 18
    endloop
  endfacet
  facet normal -0.852608 0.522552 0
    outer loop
      vertex 24.292 28.8417 23
      vertex 24.1731 28.6477 18
      vertex 24.1731 28.6477 23
    endloop
  endfacet
  facet normal 0.76031 -0.64956 0
    outer loop
      vertex 21.8269 30.3523 23
      vertex 21.9747 30.5253 18
      vertex 21.9747 30.5253 23
    endloop
  endfacet
  facet normal 0.76031 -0.64956 0
    outer loop
      vertex 21.9747 30.5253 18
      vertex 21.8269 30.3523 23
      vertex 21.8269 30.3523 18
    endloop
  endfacet
  facet normal 0.233323 -0.972399 0
    outer loop
      vertex 22.5519 30.879 18
      vertex 22.7732 30.9321 23
      vertex 22.5519 30.879 23
    endloop
  endfacet
  facet normal 0.233323 -0.972399 0
    outer loop
      vertex 22.7732 30.9321 23
      vertex 22.5519 30.879 18
      vertex 22.7732 30.9321 18
    endloop
  endfacet
  facet normal -0.233323 0.972399 0
    outer loop
      vertex 23.4481 28.121 18
      vertex 23.2268 28.0679 23
      vertex 23.4481 28.121 23
    endloop
  endfacet
  facet normal -0.233323 0.972399 0
    outer loop
      vertex 23.2268 28.0679 23
      vertex 23.4481 28.121 18
      vertex 23.2268 28.0679 18
    endloop
  endfacet
  facet normal 0 0 1
    outer loop
      vertex 24.4321 29.7268 18
      vertex 24.4321 29.2732 18
      vertex 24.45 29.5 18
    endloop
  endfacet
  facet normal 0 0 1
    outer loop
      vertex 24.379 29.9481 18
      vertex 24.4321 29.2732 18
      vertex 24.4321 29.7268 18
    endloop
  endfacet
  facet normal 0 0 1
    outer loop
      vertex 24.379 29.9481 18
      vertex 24.379 29.0519 18
      vertex 24.4321 29.2732 18
    endloop
  endfacet
  facet normal 0 0 1
    outer loop
      vertex 24.292 30.1583 18
      vertex 24.379 29.0519 18
      vertex 24.379 29.9481 18
    endloop
  endfacet
  facet normal 0 0 1
    outer loop
      vertex 24.292 30.1583 18
      vertex 24.292 28.8417 18
      vertex 24.379 29.0519 18
    endloop
  endfacet
  facet normal 0 0 1
    outer loop
      vertex 24.1731 30.3523 18
      vertex 24.292 28.8417 18
      vertex 24.292 30.1583 18
    endloop
  endfacet
  facet normal 0 0 1
    outer loop
      vertex 24.1731 30.3523 18
      vertex 24.1731 28.6477 18
      vertex 24.292 28.8417 18
    endloop
  endfacet
  facet normal 0 0 1
    outer loop
      vertex 24.0253 30.5253 18
      vertex 24.1731 28.6477 18
      vertex 24.1731 30.3523 18
    endloop
  endfacet
  facet normal 0 0 1
    outer loop
      vertex 24.0253 30.5253 18
      vertex 24.0253 28.4747 18
      vertex 24.1731 28.6477 18
    endloop
  endfacet
  facet normal 0 0 1
    outer loop
      vertex 23.8523 30.6731 18
      vertex 24.0253 28.4747 18
      vertex 24.0253 30.5253 18
    endloop
  endfacet
  facet normal 0 0 1
    outer loop
      vertex 23.8523 30.6731 18
      vertex 23.8523 28.3269 18
      vertex 24.0253 28.4747 18
    endloop
  endfacet
  facet normal 0 0 1
    outer loop
      vertex 23.6583 30.792 18
      vertex 23.8523 28.3269 18
      vertex 23.8523 30.6731 18
    endloop
  endfacet
  facet normal 0 0 1
    outer loop
      vertex 23.6583 30.792 18
      vertex 23.6583 28.208 18
      vertex 23.8523 28.3269 18
    endloop
  endfacet
  facet normal 0 0 1
    outer loop
      vertex 23.4481 30.879 18
      vertex 23.6583 28.208 18
      vertex 23.6583 30.792 18
    endloop
  endfacet
  facet normal 0 0 1
    outer loop
      vertex 23.4481 30.879 18
      vertex 23.4481 28.121 18
      vertex 23.6583 28.208 18
    endloop
  endfacet
  facet normal 0 0 1
    outer loop
      vertex 23.2268 30.9321 18
      vertex 23.4481 28.121 18
      vertex 23.4481 30.879 18
    endloop
  endfacet
  facet normal 0 0 1
    outer loop
      vertex 23.2268 30.9321 18
      vertex 23.2268 28.0679 18
      vertex 23.4481 28.121 18
    endloop
  endfacet
  facet normal 0 0 1
    outer loop
      vertex 23 30.95 18
      vertex 23.2268 28.0679 18
      vertex 23.2268 30.9321 18
    endloop
  endfacet
  facet normal 0 0 1
    outer loop
      vertex 23 30.95 18
      vertex 23 28.05 18
      vertex 23.2268 28.0679 18
    endloop
  endfacet
  facet normal -0 0 1
    outer loop
      vertex 22.7732 30.9321 18
      vertex 23 28.05 18
      vertex 23 30.95 18
    endloop
  endfacet
  facet normal 0 0 1
    outer loop
      vertex 22.7732 30.9321 18
      vertex 22.7732 28.0679 18
      vertex 23 28.05 18
    endloop
  endfacet
  facet normal -0 0 1
    outer loop
      vertex 22.5519 30.879 18
      vertex 22.7732 28.0679 18
      vertex 22.7732 30.9321 18
    endloop
  endfacet
  facet normal 0 0 1
    outer loop
      vertex 22.5519 30.879 18
      vertex 22.5519 28.121 18
      vertex 22.7732 28.0679 18
    endloop
  endfacet
  facet normal -0 0 1
    outer loop
      vertex 22.3417 30.792 18
      vertex 22.5519 28.121 18
      vertex 22.5519 30.879 18
    endloop
  endfacet
  facet normal 0 0 1
    outer loop
      vertex 22.3417 30.792 18
      vertex 22.3417 28.208 18
      vertex 22.5519 28.121 18
    endloop
  endfacet
  facet normal -0 0 1
    outer loop
      vertex 22.1477 30.6731 18
      vertex 22.3417 28.208 18
      vertex 22.3417 30.792 18
    endloop
  endfacet
  facet normal 0 0 1
    outer loop
      vertex 22.1477 30.6731 18
      vertex 22.1477 28.3269 18
      vertex 22.3417 28.208 18
    endloop
  endfacet
  facet normal -0 0 1
    outer loop
      vertex 21.9747 30.5253 18
      vertex 22.1477 28.3269 18
      vertex 22.1477 30.6731 18
    endloop
  endfacet
  facet normal 0 0 1
    outer loop
      vertex 21.9747 30.5253 18
      vertex 21.9747 28.4747 18
      vertex 22.1477 28.3269 18
    endloop
  endfacet
  facet normal -0 0 1
    outer loop
      vertex 21.8269 30.3523 18
      vertex 21.9747 28.4747 18
      vertex 21.9747 30.5253 18
    endloop
  endfacet
  facet normal 0 0 1
    outer loop
      vertex 21.8269 30.3523 18
      vertex 21.8269 28.6477 18
      vertex 21.9747 28.4747 18
    endloop
  endfacet
  facet normal -0 0 1
    outer loop
      vertex 21.708 30.1583 18
      vertex 21.8269 28.6477 18
      vertex 21.8269 30.3523 18
    endloop
  endfacet
  facet normal 0 0 1
    outer loop
      vertex 21.708 30.1583 18
      vertex 21.708 28.8417 18
      vertex 21.8269 28.6477 18
    endloop
  endfacet
  facet normal -0 0 1
    outer loop
      vertex 21.621 29.9481 18
      vertex 21.708 28.8417 18
      vertex 21.708 30.1583 18
    endloop
  endfacet
  facet normal 0 0 1
    outer loop
      vertex 21.621 29.9481 18
      vertex 21.621 29.0519 18
      vertex 21.708 28.8417 18
    endloop
  endfacet
  facet normal -0 0 1
    outer loop
      vertex 21.5679 29.7268 18
      vertex 21.621 29.0519 18
      vertex 21.621 29.9481 18
    endloop
  endfacet
  facet normal 0 0 1
    outer loop
      vertex 21.5679 29.7268 18
      vertex 21.5679 29.2732 18
      vertex 21.621 29.0519 18
    endloop
  endfacet
  facet normal 0 -0 1
    outer loop
      vertex 21.5679 29.2732 18
      vertex 21.5679 29.7268 18
      vertex 21.55 29.5 18
    endloop
  endfacet
  facet normal -0.0786795 0.9969 0
    outer loop
      vertex 23.2268 28.0679 18
      vertex 23 28.05 23
      vertex 23.2268 28.0679 23
    endloop
  endfacet
  facet normal -0.0786795 0.9969 0
    outer loop
      vertex 23 28.05 23
      vertex 23.2268 28.0679 18
      vertex 23 28.05 18
    endloop
  endfacet
  facet normal -0.522552 -0.852608 0
    outer loop
      vertex 23.6583 30.792 18
      vertex 23.8523 30.6731 23
      vertex 23.6583 30.792 23
    endloop
  endfacet
  facet normal -0.522552 -0.852608 -0
    outer loop
      vertex 23.8523 30.6731 23
      vertex 23.6583 30.792 18
      vertex 23.8523 30.6731 18
    endloop
  endfacet
  facet normal 0.9969 -0.0786795 0
    outer loop
      vertex 21.55 29.5 23
      vertex 21.5679 29.7268 18
      vertex 21.5679 29.7268 23
    endloop
  endfacet
  facet normal 0.9969 -0.0786795 0
    outer loop
      vertex 21.5679 29.7268 18
      vertex 21.55 29.5 23
      vertex 21.55 29.5 18
    endloop
  endfacet
  facet normal 0.852608 -0.522552 0
    outer loop
      vertex 21.708 30.1583 23
      vertex 21.8269 30.3523 18
      vertex 21.8269 30.3523 23
    endloop
  endfacet
  facet normal 0.852608 -0.522552 0
    outer loop
      vertex 21.8269 30.3523 18
      vertex 21.708 30.1583 23
      vertex 21.708 30.1583 18
    endloop
  endfacet
  facet normal 0 0.852655 -0.522475
    outer loop
      vertex 57 58.8469 13.3614
      vertex 30.5 59.183 13.9099
      vertex 57 59.183 13.9099
    endloop
  endfacet
  facet normal 0 0.852655 -0.522475
    outer loop
      vertex 30.5 59.183 13.9099
      vertex 57 58.8469 13.3614
      vertex 30.5 58.8469 13.3614
    endloop
  endfacet
  facet normal 0 0.760342 -0.649523
    outer loop
      vertex 57 59.183 13.9099
      vertex 30.5 59.6009 14.3991
      vertex 57 59.6009 14.3991
    endloop
  endfacet
  facet normal 0 0.760342 -0.649523
    outer loop
      vertex 30.5 59.6009 14.3991
      vertex 57 59.183 13.9099
      vertex 30.5 59.183 13.9099
    endloop
  endfacet
  facet normal 0 0.852676 0.52244
    outer loop
      vertex 57 59.183 9.09009
      vertex 30.5 58.8469 9.63864
      vertex 57 58.8469 9.63864
    endloop
  endfacet
  facet normal 0 0.852676 0.52244
    outer loop
      vertex 30.5 58.8469 9.63864
      vertex 57 59.183 9.09009
      vertex 30.5 59.183 9.09009
    endloop
  endfacet
  facet normal 1 0 0
    outer loop
      vertex 30.5 66.5495 12.1414
      vertex 30.5 66.5495 10.8586
      vertex 30.5 66.6 11.5
    endloop
  endfacet
  facet normal 1 0 0
    outer loop
      vertex 30.5 66.3993 12.767
      vertex 30.5 66.5495 10.8586
      vertex 30.5 66.5495 12.1414
    endloop
  endfacet
  facet normal 1 0 0
    outer loop
      vertex 30.5 66.3993 12.767
      vertex 30.5 66.3993 10.233
      vertex 30.5 66.5495 10.8586
    endloop
  endfacet
  facet normal 1 0 0
    outer loop
      vertex 30.5 66.1531 13.3614
      vertex 30.5 66.3993 10.233
      vertex 30.5 66.3993 12.767
    endloop
  endfacet
  facet normal 1 0 0
    outer loop
      vertex 30.5 66.1531 13.3614
      vertex 30.5 66.1531 9.63864
      vertex 30.5 66.3993 10.233
    endloop
  endfacet
  facet normal 1 0 0
    outer loop
      vertex 30.5 65.817 13.9099
      vertex 30.5 66.1531 9.63864
      vertex 30.5 66.1531 13.3614
    endloop
  endfacet
  facet normal 1 0 0
    outer loop
      vertex 30.5 65.817 13.9099
      vertex 30.5 65.817 9.09009
      vertex 30.5 66.1531 9.63864
    endloop
  endfacet
  facet normal 1 0 0
    outer loop
      vertex 30.5 65.3991 14.3991
      vertex 30.5 65.817 9.09009
      vertex 30.5 65.817 13.9099
    endloop
  endfacet
  facet normal 1 0 0
    outer loop
      vertex 30.5 65.3991 14.3991
      vertex 30.5 65.3991 8.60088
      vertex 30.5 65.817 9.09009
    endloop
  endfacet
  facet normal 1 0 0
    outer loop
      vertex 30.5 65.3991 14.3991
      vertex 30.5 64.9099 8.18304
      vertex 30.5 65.3991 8.60088
    endloop
  endfacet
  facet normal 1 0 0
    outer loop
      vertex 30.5 65.3991 14.3991
      vertex 30.5 64.3614 7.84688
      vertex 30.5 64.9099 8.18304
    endloop
  endfacet
  facet normal 1 0 0
    outer loop
      vertex 30.5 65.3991 14.3991
      vertex 30.5 63.767 7.60068
      vertex 30.5 64.3614 7.84688
    endloop
  endfacet
  facet normal 1 0 0
    outer loop
      vertex 30.5 59.6009 14.3991
      vertex 30.5 65.3991 14.3991
      vertex 30.5 63.5833 16.215
    endloop
  endfacet
  facet normal 1 0 0
    outer loop
      vertex 30.5 65.3991 14.3991
      vertex 30.5 59.6009 14.3991
      vertex 30.5 63.767 7.60068
    endloop
  endfacet
  facet normal 1 0 0
    outer loop
      vertex 30.5 63.767 7.60068
      vertex 30.5 59.6009 14.3991
      vertex 30.5 63.1414 7.45049
    endloop
  endfacet
  facet normal 1 0 0
    outer loop
      vertex 30.5 63.1414 7.45049
      vertex 30.5 59.6009 14.3991
      vertex 30.5 62.5 7.40001
    endloop
  endfacet
  facet normal 1 0 0
    outer loop
      vertex 30.5 59.6009 14.3991
      vertex 30.5 63.5833 16.215
      vertex 30.5 61.4167 16.215
    endloop
  endfacet
  facet normal 1 0 0
    outer loop
      vertex 30.5 62.5 7.40001
      vertex 30.5 59.6009 14.3991
      vertex 30.5 61.8586 7.45049
    endloop
  endfacet
  facet normal 1 0 0
    outer loop
      vertex 30.5 61.8586 7.45049
      vertex 30.5 59.6009 14.3991
      vertex 30.5 61.233 7.60068
    endloop
  endfacet
  facet normal 1 0 0
    outer loop
      vertex 30.5 61.233 7.60068
      vertex 30.5 59.6009 14.3991
      vertex 30.5 60.6386 7.84688
    endloop
  endfacet
  facet normal 1 0 0
    outer loop
      vertex 30.5 60.6386 7.84688
      vertex 30.5 59.6009 14.3991
      vertex 30.5 60.0901 8.18304
    endloop
  endfacet
  facet normal 1 0 0
    outer loop
      vertex 30.5 59.6009 14.3991
      vertex 30.5 59.6009 8.60088
      vertex 30.5 60.0901 8.18304
    endloop
  endfacet
  facet normal 1 -0 0
    outer loop
      vertex 30.5 59.183 13.9099
      vertex 30.5 59.6009 8.60088
      vertex 30.5 59.6009 14.3991
    endloop
  endfacet
  facet normal 1 0 0
    outer loop
      vertex 30.5 59.183 13.9099
      vertex 30.5 59.183 9.09009
      vertex 30.5 59.6009 8.60088
    endloop
  endfacet
  facet normal 1 -0 0
    outer loop
      vertex 30.5 58.8469 13.3614
      vertex 30.5 59.183 9.09009
      vertex 30.5 59.183 13.9099
    endloop
  endfacet
  facet normal 1 0 0
    outer loop
      vertex 30.5 58.8469 13.3614
      vertex 30.5 58.8469 9.63864
      vertex 30.5 59.183 9.09009
    endloop
  endfacet
  facet normal 1 -0 0
    outer loop
      vertex 30.5 58.6007 12.767
      vertex 30.5 58.8469 9.63864
      vertex 30.5 58.8469 13.3614
    endloop
  endfacet
  facet normal 1 0 0
    outer loop
      vertex 30.5 58.6007 12.767
      vertex 30.5 58.6007 10.233
      vertex 30.5 58.8469 9.63864
    endloop
  endfacet
  facet normal 1 -0 0
    outer loop
      vertex 30.5 58.4505 12.1414
      vertex 30.5 58.6007 10.233
      vertex 30.5 58.6007 12.767
    endloop
  endfacet
  facet normal 1 0 0
    outer loop
      vertex 30.5 58.4505 12.1414
      vertex 30.5 58.4505 10.8586
      vertex 30.5 58.6007 10.233
    endloop
  endfacet
  facet normal 1 0 -0
    outer loop
      vertex 30.5 58.4505 10.8586
      vertex 30.5 58.4505 12.1414
      vertex 30.5 58.4 11.5
    endloop
  endfacet
  facet normal 0 -0.852676 0.52244
    outer loop
      vertex 30.5 65.817 9.09009
      vertex 57 66.1531 9.63864
      vertex 30.5 66.1531 9.63864
    endloop
  endfacet
  facet normal 0 -0.852676 0.52244
    outer loop
      vertex 57 66.1531 9.63864
      vertex 30.5 65.817 9.09009
      vertex 57 65.817 9.09009
    endloop
  endfacet
  facet normal 0 -0.649469 0.760388
    outer loop
      vertex 30.5 65.3991 8.60088
      vertex 57 64.9099 8.18304
      vertex 57 65.3991 8.60088
    endloop
  endfacet
  facet normal 0 -0.649469 0.760388
    outer loop
      vertex 57 64.9099 8.18304
      vertex 30.5 65.3991 8.60088
      vertex 30.5 64.9099 8.18304
    endloop
  endfacet
  facet normal 0 -0.522542 0.852613
    outer loop
      vertex 30.5 64.9099 8.18304
      vertex 57 64.3614 7.84688
      vertex 57 64.9099 8.18304
    endloop
  endfacet
  facet normal 0 -0.522542 0.852613
    outer loop
      vertex 57 64.3614 7.84688
      vertex 30.5 64.9099 8.18304
      vertex 30.5 64.3614 7.84688
    endloop
  endfacet
  facet normal 0 0 -1
    outer loop
      vertex 30.5 61.4167 16.215
      vertex 57 63.5833 16.215
      vertex 57 61.4167 16.215
    endloop
  endfacet
  facet normal -0 0 -1
    outer loop
      vertex 57 63.5833 16.215
      vertex 30.5 61.4167 16.215
      vertex 30.5 63.5833 16.215
    endloop
  endfacet
  facet normal 0 -0.972368 0.233455
    outer loop
      vertex 30.5 66.3993 10.233
      vertex 57 66.5495 10.8586
      vertex 30.5 66.5495 10.8586
    endloop
  endfacet
  facet normal 0 -0.972368 0.233455
    outer loop
      vertex 57 66.5495 10.8586
      vertex 30.5 66.3993 10.233
      vertex 57 66.3993 10.233
    endloop
  endfacet
  facet normal 0 -0.996915 -0.0784911
    outer loop
      vertex 30.5 66.6 11.5
      vertex 57 66.5495 12.1414
      vertex 30.5 66.5495 12.1414
    endloop
  endfacet
  facet normal 0 -0.996915 -0.0784911
    outer loop
      vertex 57 66.5495 12.1414
      vertex 30.5 66.6 11.5
      vertex 57 66.6 11.5
    endloop
  endfacet
  facet normal 0 0.972368 0.233455
    outer loop
      vertex 57 58.6007 10.233
      vertex 30.5 58.4505 10.8586
      vertex 57 58.4505 10.8586
    endloop
  endfacet
  facet normal 0 0.972368 0.233455
    outer loop
      vertex 30.5 58.4505 10.8586
      vertex 57 58.6007 10.233
      vertex 30.5 58.6007 10.233
    endloop
  endfacet
  facet normal 0 0.996915 0.0784911
    outer loop
      vertex 57 58.4505 10.8586
      vertex 30.5 58.4 11.5
      vertex 57 58.4 11.5
    endloop
  endfacet
  facet normal 0 0.996915 0.0784911
    outer loop
      vertex 30.5 58.4 11.5
      vertex 57 58.4505 10.8586
      vertex 30.5 58.4505 10.8586
    endloop
  endfacet
  facet normal 0 0.707126 -0.707087
    outer loop
      vertex 57 59.6009 14.3991
      vertex 30.5 61.4167 16.215
      vertex 57 61.4167 16.215
    endloop
  endfacet
  facet normal 0 0.707126 -0.707087
    outer loop
      vertex 30.5 61.4167 16.215
      vertex 57 59.6009 14.3991
      vertex 30.5 59.6009 14.3991
    endloop
  endfacet
  facet normal 0 0.923875 0.382694
    outer loop
      vertex 57 58.8469 9.63864
      vertex 30.5 58.6007 10.233
      vertex 57 58.6007 10.233
    endloop
  endfacet
  facet normal 0 0.923875 0.382694
    outer loop
      vertex 30.5 58.6007 10.233
      vertex 57 58.8469 9.63864
      vertex 30.5 58.8469 9.63864
    endloop
  endfacet
  facet normal 0 0.923884 -0.382672
    outer loop
      vertex 57 58.6007 12.767
      vertex 30.5 58.8469 13.3614
      vertex 57 58.8469 13.3614
    endloop
  endfacet
  facet normal 0 0.923884 -0.382672
    outer loop
      vertex 30.5 58.8469 13.3614
      vertex 57 58.6007 12.767
      vertex 30.5 58.6007 12.767
    endloop
  endfacet
  facet normal 0 -0.0784948 0.996915
    outer loop
      vertex 30.5 63.1414 7.45049
      vertex 38.121 62.9481 7.43527
      vertex 38.201 63.1414 7.45049
    endloop
  endfacet
  facet normal 1.66448e-06 -0.0784296 0.99692
    outer loop
      vertex 30.5 63.1414 7.45049
      vertex 38.0679 62.7268 7.41786
      vertex 38.121 62.9481 7.43527
    endloop
  endfacet
  facet normal -7.28681e-08 -0.0784611 0.996917
    outer loop
      vertex 30.5 63.1414 7.45049
      vertex 38.05 62.5 7.40001
      vertex 38.0679 62.7268 7.41786
    endloop
  endfacet
  facet normal 0 -0.0784602 0.996917
    outer loop
      vertex 38.05 62.5 7.40001
      vertex 30.5 63.1414 7.45049
      vertex 30.5 62.5 7.40001
    endloop
  endfacet
  facet normal 0 -0.0784611 0.996917
    outer loop
      vertex 51.5679 62.7268 7.41786
      vertex 40.95 62.5 7.40001
      vertex 51.55 62.5 7.40001
    endloop
  endfacet
  facet normal 0 -0.0784292 0.99692
    outer loop
      vertex 40.9321 62.7268 7.41786
      vertex 51.5679 62.7268 7.41786
      vertex 51.621 62.9481 7.43527
    endloop
  endfacet
  facet normal 0 -0.0784948 0.996915
    outer loop
      vertex 40.879 62.9481 7.43527
      vertex 51.621 62.9481 7.43527
      vertex 51.701 63.1414 7.45049
    endloop
  endfacet
  facet normal 0 -0.0784611 0.996917
    outer loop
      vertex 51.5679 62.7268 7.41786
      vertex 40.9321 62.7268 7.41786
      vertex 40.95 62.5 7.40001
    endloop
  endfacet
  facet normal 0 -0.0784292 0.99692
    outer loop
      vertex 51.621 62.9481 7.43527
      vertex 40.879 62.9481 7.43527
      vertex 40.9321 62.7268 7.41786
    endloop
  endfacet
  facet normal 0 -0.0784948 0.996915
    outer loop
      vertex 40.879 62.9481 7.43527
      vertex 51.701 63.1414 7.45049
      vertex 40.799 63.1414 7.45049
    endloop
  endfacet
  facet normal 7.62645e-08 -0.0784602 0.996917
    outer loop
      vertex 54.4321 62.7268 7.41786
      vertex 57 62.5 7.40001
      vertex 57 63.1414 7.45049
    endloop
  endfacet
  facet normal 0 -0.0784611 0.996917
    outer loop
      vertex 57 62.5 7.40001
      vertex 54.4321 62.7268 7.41786
      vertex 54.45 62.5 7.40001
    endloop
  endfacet
  facet normal -4.78454e-06 -0.0784303 0.99692
    outer loop
      vertex 57 63.1414 7.45049
      vertex 54.379 62.9481 7.43527
      vertex 54.4321 62.7268 7.41786
    endloop
  endfacet
  facet normal 0 -0.0784948 0.996915
    outer loop
      vertex 54.379 62.9481 7.43527
      vertex 57 63.1414 7.45049
      vertex 54.299 63.1414 7.45049
    endloop
  endfacet
  facet normal 0 -0.760342 -0.649523
    outer loop
      vertex 30.5 65.817 13.9099
      vertex 57 65.3991 14.3991
      vertex 30.5 65.3991 14.3991
    endloop
  endfacet
  facet normal 0 -0.760342 -0.649523
    outer loop
      vertex 57 65.3991 14.3991
      vertex 30.5 65.817 13.9099
      vertex 57 65.817 13.9099
    endloop
  endfacet
  facet normal -0 0.649469 0.760388
    outer loop
      vertex 30.5 60.0901 8.18304
      vertex 57 59.6009 8.60088
      vertex 57 60.0901 8.18304
    endloop
  endfacet
  facet normal 0 0.649469 0.760388
    outer loop
      vertex 57 59.6009 8.60088
      vertex 30.5 60.0901 8.18304
      vertex 30.5 59.6009 8.60088
    endloop
  endfacet
  facet normal -0 0.382672 0.923884
    outer loop
      vertex 53.6991 61.233 7.60068
      vertex 57 60.6386 7.84688
      vertex 57 61.233 7.60068
    endloop
  endfacet
  facet normal -2.56134e-05 0.382551 0.923935
    outer loop
      vertex 53.6583 61.208 7.61103
      vertex 57 60.6386 7.84688
      vertex 53.6991 61.233 7.60068
    endloop
  endfacet
  facet normal 4.34597e-05 0.382897 0.923791
    outer loop
      vertex 53.4481 61.121 7.6471
      vertex 57 60.6386 7.84688
      vertex 53.6583 61.208 7.61103
    endloop
  endfacet
  facet normal 1.40194e-05 0.382712 0.923868
    outer loop
      vertex 53.2268 61.0679 7.6691
      vertex 57 60.6386 7.84688
      vertex 53.4481 61.121 7.6471
    endloop
  endfacet
  facet normal -5.4552e-05 0.382197 0.924081
    outer loop
      vertex 53 61.05 7.67649
      vertex 57 60.6386 7.84688
      vertex 53.2268 61.0679 7.6691
    endloop
  endfacet
  facet normal 0.000413729 0.386081 0.922465
    outer loop
      vertex 52.7732 61.0679 7.6691
      vertex 57 60.6386 7.84688
      vertex 53 61.05 7.67649
    endloop
  endfacet
  facet normal -0 0.382515 0.923949
    outer loop
      vertex 40.1991 61.233 7.60068
      vertex 52.3417 61.208 7.61103
      vertex 52.3009 61.233 7.60068
    endloop
  endfacet
  facet normal -0 0.382515 0.923949
    outer loop
      vertex 40.1583 61.208 7.61103
      vertex 52.3417 61.208 7.61103
      vertex 40.1991 61.233 7.60068
    endloop
  endfacet
  facet normal 0 0.382986 0.923754
    outer loop
      vertex 52.3417 61.208 7.61103
      vertex 40.1583 61.208 7.61103
      vertex 52.5519 61.121 7.6471
    endloop
  endfacet
  facet normal -0 0.382986 0.923754
    outer loop
      vertex 39.9481 61.121 7.6471
      vertex 52.5519 61.121 7.6471
      vertex 40.1583 61.208 7.61103
    endloop
  endfacet
  facet normal 0 0.382762 0.923847
    outer loop
      vertex 52.5519 61.121 7.6471
      vertex 39.9481 61.121 7.6471
      vertex 52.7732 61.0679 7.6691
    endloop
  endfacet
  facet normal -0 0.382762 0.923847
    outer loop
      vertex 39.7268 61.0679 7.6691
      vertex 52.7732 61.0679 7.6691
      vertex 39.9481 61.121 7.6471
    endloop
  endfacet
  facet normal 0 0.382606 0.923911
    outer loop
      vertex 52.7732 61.0679 7.6691
      vertex 39.7268 61.0679 7.6691
      vertex 57 60.6386 7.84688
    endloop
  endfacet
  facet normal -2.21307e-05 0.381846 0.924226
    outer loop
      vertex 39.5 61.05 7.67649
      vertex 57 60.6386 7.84688
      vertex 39.7268 61.0679 7.6691
    endloop
  endfacet
  facet normal 0 0.382672 0.923884
    outer loop
      vertex 30.5 60.6386 7.84688
      vertex 38.8009 61.233 7.60068
      vertex 30.5 61.233 7.60068
    endloop
  endfacet
  facet normal 1.17997e-05 0.382531 0.923942
    outer loop
      vertex 38.8009 61.233 7.60068
      vertex 30.5 60.6386 7.84688
      vertex 38.8417 61.208 7.61103
    endloop
  endfacet
  facet normal -2.10975e-05 0.382943 0.923772
    outer loop
      vertex 38.8417 61.208 7.61103
      vertex 30.5 60.6386 7.84688
      vertex 39.0519 61.121 7.6471
    endloop
  endfacet
  facet normal -7.38281e-06 0.382735 0.923858
    outer loop
      vertex 39.0519 61.121 7.6471
      vertex 30.5 60.6386 7.84688
      vertex 39.2732 61.0679 7.6691
    endloop
  endfacet
  facet normal 3.53639e-05 0.38199 0.924167
    outer loop
      vertex 39.2732 61.0679 7.6691
      vertex 30.5 60.6386 7.84688
      vertex 39.5 61.05 7.67649
    endloop
  endfacet
  facet normal 0 0.38265 0.923893
    outer loop
      vertex 39.5 61.05 7.67649
      vertex 30.5 60.6386 7.84688
      vertex 57 60.6386 7.84688
    endloop
  endfacet
  facet normal 0 0.760348 0.649516
    outer loop
      vertex 57 59.6009 8.60088
      vertex 30.5 59.183 9.09009
      vertex 57 59.183 9.09009
    endloop
  endfacet
  facet normal 0 0.760348 0.649516
    outer loop
      vertex 30.5 59.183 9.09009
      vertex 57 59.6009 8.60088
      vertex 30.5 59.6009 8.60088
    endloop
  endfacet
  facet normal 0 0.233441 0.972371
    outer loop
      vertex 30.5 61.233 7.60068
      vertex 38.201 61.8586 7.45049
      vertex 30.5 61.8586 7.45049
    endloop
  endfacet
  facet normal -1.24681e-05 0.233586 0.972336
    outer loop
      vertex 38.201 61.8586 7.45049
      vertex 30.5 61.233 7.60068
      vertex 38.208 61.8417 7.45455
    endloop
  endfacet
  facet normal 1.27833e-06 0.233421 0.972376
    outer loop
      vertex 38.208 61.8417 7.45455
      vertex 30.5 61.233 7.60068
      vertex 38.3269 61.6477 7.50112
    endloop
  endfacet
  facet normal -1.89478e-06 0.233478 0.972362
    outer loop
      vertex 38.3269 61.6477 7.50112
      vertex 30.5 61.233 7.60068
      vertex 38.4747 61.4747 7.54266
    endloop
  endfacet
  facet normal -1.27475e-07 0.233423 0.972375
    outer loop
      vertex 38.4747 61.4747 7.54266
      vertex 30.5 61.233 7.60068
      vertex 38.6477 61.3269 7.57814
    endloop
  endfacet
  facet normal 0 0.233412 0.972378
    outer loop
      vertex 38.6477 61.3269 7.57814
      vertex 30.5 61.233 7.60068
      vertex 38.8009 61.233 7.60068
    endloop
  endfacet
  facet normal -0 0.233591 0.972335
    outer loop
      vertex 40.799 61.8586 7.45049
      vertex 51.708 61.8417 7.45455
      vertex 51.701 61.8586 7.45049
    endloop
  endfacet
  facet normal -0 0.233591 0.972335
    outer loop
      vertex 40.792 61.8417 7.45455
      vertex 51.708 61.8417 7.45455
      vertex 40.799 61.8586 7.45049
    endloop
  endfacet
  facet normal 0 0.23342 0.972376
    outer loop
      vertex 51.708 61.8417 7.45455
      vertex 40.792 61.8417 7.45455
      vertex 51.8269 61.6477 7.50112
    endloop
  endfacet
  facet normal -0 0.23342 0.972376
    outer loop
      vertex 40.6731 61.6477 7.50112
      vertex 51.8269 61.6477 7.50112
      vertex 40.792 61.8417 7.45455
    endloop
  endfacet
  facet normal 0 0.233479 0.972362
    outer loop
      vertex 51.8269 61.6477 7.50112
      vertex 40.6731 61.6477 7.50112
      vertex 51.9747 61.4747 7.54266
    endloop
  endfacet
  facet normal -0 0.233479 0.972362
    outer loop
      vertex 40.5253 61.4747 7.54266
      vertex 51.9747 61.4747 7.54266
      vertex 40.6731 61.6477 7.50112
    endloop
  endfacet
  facet normal 0 0.233423 0.972375
    outer loop
      vertex 51.9747 61.4747 7.54266
      vertex 40.5253 61.4747 7.54266
      vertex 52.1477 61.3269 7.57814
    endloop
  endfacet
  facet normal -0 0.233423 0.972375
    outer loop
      vertex 40.3523 61.3269 7.57814
      vertex 52.1477 61.3269 7.57814
      vertex 40.5253 61.4747 7.54266
    endloop
  endfacet
  facet normal 0 0.233412 0.972378
    outer loop
      vertex 52.1477 61.3269 7.57814
      vertex 40.3523 61.3269 7.57814
      vertex 52.3009 61.233 7.60068
    endloop
  endfacet
  facet normal 0 0.233412 0.972378
    outer loop
      vertex 52.3009 61.233 7.60068
      vertex 40.3523 61.3269 7.57814
      vertex 40.1991 61.233 7.60068
    endloop
  endfacet
  facet normal -0 0.233441 0.972371
    outer loop
      vertex 54.299 61.8586 7.45049
      vertex 57 61.233 7.60068
      vertex 57 61.8586 7.45049
    endloop
  endfacet
  facet normal 3.35282e-05 0.233577 0.972338
    outer loop
      vertex 54.292 61.8417 7.45455
      vertex 57 61.233 7.60068
      vertex 54.299 61.8586 7.45049
    endloop
  endfacet
  facet normal -3.35281e-06 0.233422 0.972375
    outer loop
      vertex 54.1731 61.6477 7.50112
      vertex 57 61.233 7.60068
      vertex 54.292 61.8417 7.45455
    endloop
  endfacet
  facet normal 4.87289e-06 0.233475 0.972363
    outer loop
      vertex 54.0253 61.4747 7.54266
      vertex 57 61.233 7.60068
      vertex 54.1731 61.6477 7.50112
    endloop
  endfacet
  facet normal 3.23132e-07 0.233422 0.972375
    outer loop
      vertex 53.8523 61.3269 7.57814
      vertex 57 61.233 7.60068
      vertex 54.0253 61.4747 7.54266
    endloop
  endfacet
  facet normal 0 0.233412 0.972378
    outer loop
      vertex 57 61.233 7.60068
      vertex 53.8523 61.3269 7.57814
      vertex 53.6991 61.233 7.60068
    endloop
  endfacet
  facet normal 0 -0.382672 0.923884
    outer loop
      vertex 57 64.3614 7.84688
      vertex 53.6991 63.767 7.60068
      vertex 57 63.767 7.60068
    endloop
  endfacet
  facet normal -2.56134e-05 -0.382551 0.923935
    outer loop
      vertex 57 64.3614 7.84688
      vertex 53.6583 63.792 7.61103
      vertex 53.6991 63.767 7.60068
    endloop
  endfacet
  facet normal 4.34597e-05 -0.382897 0.923791
    outer loop
      vertex 57 64.3614 7.84688
      vertex 53.4481 63.879 7.6471
      vertex 53.6583 63.792 7.61103
    endloop
  endfacet
  facet normal 1.40194e-05 -0.382712 0.923868
    outer loop
      vertex 57 64.3614 7.84688
      vertex 53.2268 63.9321 7.6691
      vertex 53.4481 63.879 7.6471
    endloop
  endfacet
  facet normal -5.4552e-05 -0.382197 0.924081
    outer loop
      vertex 57 64.3614 7.84688
      vertex 53 63.95 7.67649
      vertex 53.2268 63.9321 7.6691
    endloop
  endfacet
  facet normal 0.000413729 -0.386081 0.922465
    outer loop
      vertex 57 64.3614 7.84688
      vertex 52.7732 63.9321 7.6691
      vertex 53 63.95 7.67649
    endloop
  endfacet
  facet normal 0 -0.382515 0.923949
    outer loop
      vertex 52.3417 63.792 7.61103
      vertex 40.1991 63.767 7.60068
      vertex 52.3009 63.767 7.60068
    endloop
  endfacet
  facet normal 0 -0.382986 0.923754
    outer loop
      vertex 40.1583 63.792 7.61103
      vertex 52.3417 63.792 7.61103
      vertex 52.5519 63.879 7.6471
    endloop
  endfacet
  facet normal 0 -0.382762 0.923847
    outer loop
      vertex 39.9481 63.879 7.6471
      vertex 52.5519 63.879 7.6471
      vertex 52.7732 63.9321 7.6691
    endloop
  endfacet
  facet normal 0 -0.382606 0.923911
    outer loop
      vertex 39.7268 63.9321 7.6691
      vertex 52.7732 63.9321 7.6691
      vertex 57 64.3614 7.84688
    endloop
  endfacet
  facet normal 0 -0.382515 0.923949
    outer loop
      vertex 52.3417 63.792 7.61103
      vertex 40.1583 63.792 7.61103
      vertex 40.1991 63.767 7.60068
    endloop
  endfacet
  facet normal 0 -0.382986 0.923754
    outer loop
      vertex 52.5519 63.879 7.6471
      vertex 39.9481 63.879 7.6471
      vertex 40.1583 63.792 7.61103
    endloop
  endfacet
  facet normal 0 -0.382762 0.923847
    outer loop
      vertex 52.7732 63.9321 7.6691
      vertex 39.7268 63.9321 7.6691
      vertex 39.9481 63.879 7.6471
    endloop
  endfacet
  facet normal -2.21307e-05 -0.381846 0.924226
    outer loop
      vertex 57 64.3614 7.84688
      vertex 39.5 63.95 7.67649
      vertex 39.7268 63.9321 7.6691
    endloop
  endfacet
  facet normal 0 -0.38265 0.923893
    outer loop
      vertex 30.5 64.3614 7.84688
      vertex 39.5 63.95 7.67649
      vertex 57 64.3614 7.84688
    endloop
  endfacet
  facet normal 3.53639e-05 -0.38199 0.924167
    outer loop
      vertex 30.5 64.3614 7.84688
      vertex 39.2732 63.9321 7.6691
      vertex 39.5 63.95 7.67649
    endloop
  endfacet
  facet normal -7.38281e-06 -0.382735 0.923858
    outer loop
      vertex 30.5 64.3614 7.84688
      vertex 39.0519 63.879 7.6471
      vertex 39.2732 63.9321 7.6691
    endloop
  endfacet
  facet normal -2.10975e-05 -0.382943 0.923772
    outer loop
      vertex 30.5 64.3614 7.84688
      vertex 38.8417 63.792 7.61103
      vertex 39.0519 63.879 7.6471
    endloop
  endfacet
  facet normal 1.17997e-05 -0.382531 0.923942
    outer loop
      vertex 30.5 64.3614 7.84688
      vertex 38.8009 63.767 7.60068
      vertex 38.8417 63.792 7.61103
    endloop
  endfacet
  facet normal 0 -0.382672 0.923884
    outer loop
      vertex 38.8009 63.767 7.60068
      vertex 30.5 64.3614 7.84688
      vertex 30.5 63.767 7.60068
    endloop
  endfacet
  facet normal 0 -0.923884 -0.382672
    outer loop
      vertex 30.5 66.3993 12.767
      vertex 57 66.1531 13.3614
      vertex 30.5 66.1531 13.3614
    endloop
  endfacet
  facet normal 0 -0.923884 -0.382672
    outer loop
      vertex 57 66.1531 13.3614
      vertex 30.5 66.3993 12.767
      vertex 57 66.3993 12.767
    endloop
  endfacet
  facet normal 0 -0.707126 -0.707087
    outer loop
      vertex 30.5 65.3991 14.3991
      vertex 57 63.5833 16.215
      vertex 30.5 63.5833 16.215
    endloop
  endfacet
  facet normal 0 -0.707126 -0.707087
    outer loop
      vertex 57 63.5833 16.215
      vertex 30.5 65.3991 14.3991
      vertex 57 65.3991 14.3991
    endloop
  endfacet
  facet normal 0 -0.852655 -0.522475
    outer loop
      vertex 30.5 66.1531 13.3614
      vertex 57 65.817 13.9099
      vertex 30.5 65.817 13.9099
    endloop
  endfacet
  facet normal 0 -0.852655 -0.522475
    outer loop
      vertex 57 65.817 13.9099
      vertex 30.5 66.1531 13.3614
      vertex 57 66.1531 13.3614
    endloop
  endfacet
  facet normal 0 0.0784602 0.996917
    outer loop
      vertex 30.5 61.8586 7.45049
      vertex 38.05 62.5 7.40001
      vertex 30.5 62.5 7.40001
    endloop
  endfacet
  facet normal -7.28681e-08 0.0784611 0.996917
    outer loop
      vertex 38.05 62.5 7.40001
      vertex 30.5 61.8586 7.45049
      vertex 38.0679 62.2732 7.41786
    endloop
  endfacet
  facet normal 1.66448e-06 0.0784296 0.99692
    outer loop
      vertex 38.0679 62.2732 7.41786
      vertex 30.5 61.8586 7.45049
      vertex 38.121 62.0519 7.43527
    endloop
  endfacet
  facet normal 0 0.0784948 0.996915
    outer loop
      vertex 38.121 62.0519 7.43527
      vertex 30.5 61.8586 7.45049
      vertex 38.201 61.8586 7.45049
    endloop
  endfacet
  facet normal -0 0.0784611 0.996917
    outer loop
      vertex 40.95 62.5 7.40001
      vertex 51.5679 62.2732 7.41786
      vertex 51.55 62.5 7.40001
    endloop
  endfacet
  facet normal -0 0.0784611 0.996917
    outer loop
      vertex 40.9321 62.2732 7.41786
      vertex 51.5679 62.2732 7.41786
      vertex 40.95 62.5 7.40001
    endloop
  endfacet
  facet normal 0 0.0784292 0.99692
    outer loop
      vertex 51.5679 62.2732 7.41786
      vertex 40.9321 62.2732 7.41786
      vertex 51.621 62.0519 7.43527
    endloop
  endfacet
  facet normal -0 0.0784292 0.99692
    outer loop
      vertex 40.879 62.0519 7.43527
      vertex 51.621 62.0519 7.43527
      vertex 40.9321 62.2732 7.41786
    endloop
  endfacet
  facet normal 0 0.0784948 0.996915
    outer loop
      vertex 51.621 62.0519 7.43527
      vertex 40.879 62.0519 7.43527
      vertex 51.701 61.8586 7.45049
    endloop
  endfacet
  facet normal 0 0.0784948 0.996915
    outer loop
      vertex 51.701 61.8586 7.45049
      vertex 40.879 62.0519 7.43527
      vertex 40.799 61.8586 7.45049
    endloop
  endfacet
  facet normal 0 0.0784611 0.996917
    outer loop
      vertex 54.4321 62.2732 7.41786
      vertex 57 62.5 7.40001
      vertex 54.45 62.5 7.40001
    endloop
  endfacet
  facet normal 7.62645e-08 0.0784602 0.996917
    outer loop
      vertex 57 62.5 7.40001
      vertex 54.4321 62.2732 7.41786
      vertex 57 61.8586 7.45049
    endloop
  endfacet
  facet normal -4.78454e-06 0.0784303 0.99692
    outer loop
      vertex 54.379 62.0519 7.43527
      vertex 57 61.8586 7.45049
      vertex 54.4321 62.2732 7.41786
    endloop
  endfacet
  facet normal 0 0.0784948 0.996915
    outer loop
      vertex 57 61.8586 7.45049
      vertex 54.379 62.0519 7.43527
      vertex 54.299 61.8586 7.45049
    endloop
  endfacet
  facet normal 0 -0.972368 -0.233455
    outer loop
      vertex 30.5 66.5495 12.1414
      vertex 57 66.3993 12.767
      vertex 30.5 66.3993 12.767
    endloop
  endfacet
  facet normal 0 -0.972368 -0.233455
    outer loop
      vertex 57 66.3993 12.767
      vertex 30.5 66.5495 12.1414
      vertex 57 66.5495 12.1414
    endloop
  endfacet
  facet normal 0 -0.760348 0.649516
    outer loop
      vertex 30.5 65.3991 8.60088
      vertex 57 65.817 9.09009
      vertex 30.5 65.817 9.09009
    endloop
  endfacet
  facet normal 0 -0.760348 0.649516
    outer loop
      vertex 57 65.817 9.09009
      vertex 30.5 65.3991 8.60088
      vertex 57 65.3991 8.60088
    endloop
  endfacet
  facet normal 0 0.996915 -0.0784911
    outer loop
      vertex 57 58.4 11.5
      vertex 30.5 58.4505 12.1414
      vertex 57 58.4505 12.1414
    endloop
  endfacet
  facet normal 0 0.996915 -0.0784911
    outer loop
      vertex 30.5 58.4505 12.1414
      vertex 57 58.4 11.5
      vertex 30.5 58.4 11.5
    endloop
  endfacet
  facet normal 0 -0.233412 0.972378
    outer loop
      vertex 30.5 63.767 7.60068
      vertex 38.6477 63.6731 7.57814
      vertex 38.8009 63.767 7.60068
    endloop
  endfacet
  facet normal -1.27475e-07 -0.233423 0.972375
    outer loop
      vertex 30.5 63.767 7.60068
      vertex 38.4747 63.5253 7.54266
      vertex 38.6477 63.6731 7.57814
    endloop
  endfacet
  facet normal -1.89478e-06 -0.233478 0.972362
    outer loop
      vertex 30.5 63.767 7.60068
      vertex 38.3269 63.3523 7.50112
      vertex 38.4747 63.5253 7.54266
    endloop
  endfacet
  facet normal 1.27833e-06 -0.233421 0.972376
    outer loop
      vertex 30.5 63.767 7.60068
      vertex 38.208 63.1583 7.45455
      vertex 38.3269 63.3523 7.50112
    endloop
  endfacet
  facet normal -1.24681e-05 -0.233586 0.972336
    outer loop
      vertex 30.5 63.767 7.60068
      vertex 38.201 63.1414 7.45049
      vertex 38.208 63.1583 7.45455
    endloop
  endfacet
  facet normal 0 -0.233441 0.972371
    outer loop
      vertex 38.201 63.1414 7.45049
      vertex 30.5 63.767 7.60068
      vertex 30.5 63.1414 7.45049
    endloop
  endfacet
  facet normal 0 -0.233591 0.972335
    outer loop
      vertex 51.708 63.1583 7.45455
      vertex 40.799 63.1414 7.45049
      vertex 51.701 63.1414 7.45049
    endloop
  endfacet
  facet normal 0 -0.23342 0.972376
    outer loop
      vertex 40.792 63.1583 7.45455
      vertex 51.708 63.1583 7.45455
      vertex 51.8269 63.3523 7.50112
    endloop
  endfacet
  facet normal 0 -0.233479 0.972362
    outer loop
      vertex 40.6731 63.3523 7.50112
      vertex 51.8269 63.3523 7.50112
      vertex 51.9747 63.5253 7.54266
    endloop
  endfacet
  facet normal 0 -0.233423 0.972375
    outer loop
      vertex 40.5253 63.5253 7.54266
      vertex 51.9747 63.5253 7.54266
      vertex 52.1477 63.6731 7.57814
    endloop
  endfacet
  facet normal 0 -0.233412 0.972378
    outer loop
      vertex 40.3523 63.6731 7.57814
      vertex 52.1477 63.6731 7.57814
      vertex 52.3009 63.767 7.60068
    endloop
  endfacet
  facet normal 0 -0.233591 0.972335
    outer loop
      vertex 51.708 63.1583 7.45455
      vertex 40.792 63.1583 7.45455
      vertex 40.799 63.1414 7.45049
    endloop
  endfacet
  facet normal 0 -0.23342 0.972376
    outer loop
      vertex 51.8269 63.3523 7.50112
      vertex 40.6731 63.3523 7.50112
      vertex 40.792 63.1583 7.45455
    endloop
  endfacet
  facet normal 0 -0.233479 0.972362
    outer loop
      vertex 51.9747 63.5253 7.54266
      vertex 40.5253 63.5253 7.54266
      vertex 40.6731 63.3523 7.50112
    endloop
  endfacet
  facet normal 0 -0.233423 0.972375
    outer loop
      vertex 52.1477 63.6731 7.57814
      vertex 40.3523 63.6731 7.57814
      vertex 40.5253 63.5253 7.54266
    endloop
  endfacet
  facet normal 0 -0.233412 0.972378
    outer loop
      vertex 40.3523 63.6731 7.57814
      vertex 52.3009 63.767 7.60068
      vertex 40.1991 63.767 7.60068
    endloop
  endfacet
  facet normal 0 -0.233441 0.972371
    outer loop
      vertex 57 63.767 7.60068
      vertex 54.299 63.1414 7.45049
      vertex 57 63.1414 7.45049
    endloop
  endfacet
  facet normal 3.35282e-05 -0.233577 0.972338
    outer loop
      vertex 57 63.767 7.60068
      vertex 54.292 63.1583 7.45455
      vertex 54.299 63.1414 7.45049
    endloop
  endfacet
  facet normal -3.35281e-06 -0.233422 0.972375
    outer loop
      vertex 57 63.767 7.60068
      vertex 54.1731 63.3523 7.50112
      vertex 54.292 63.1583 7.45455
    endloop
  endfacet
  facet normal 4.87289e-06 -0.233475 0.972363
    outer loop
      vertex 57 63.767 7.60068
      vertex 54.0253 63.5253 7.54266
      vertex 54.1731 63.3523 7.50112
    endloop
  endfacet
  facet normal 3.23132e-07 -0.233422 0.972375
    outer loop
      vertex 57 63.767 7.60068
      vertex 53.8523 63.6731 7.57814
      vertex 54.0253 63.5253 7.54266
    endloop
  endfacet
  facet normal 0 -0.233412 0.972378
    outer loop
      vertex 53.8523 63.6731 7.57814
      vertex 57 63.767 7.60068
      vertex 53.6991 63.767 7.60068
    endloop
  endfacet
  facet normal -0 0.522542 0.852613
    outer loop
      vertex 30.5 60.6386 7.84688
      vertex 57 60.0901 8.18304
      vertex 57 60.6386 7.84688
    endloop
  endfacet
  facet normal 0 0.522542 0.852613
    outer loop
      vertex 57 60.0901 8.18304
      vertex 30.5 60.6386 7.84688
      vertex 30.5 60.0901 8.18304
    endloop
  endfacet
  facet normal 0 -0.923875 0.382694
    outer loop
      vertex 30.5 66.1531 9.63864
      vertex 57 66.3993 10.233
      vertex 30.5 66.3993 10.233
    endloop
  endfacet
  facet normal 0 -0.923875 0.382694
    outer loop
      vertex 57 66.3993 10.233
      vertex 30.5 66.1531 9.63864
      vertex 57 66.1531 9.63864
    endloop
  endfacet
  facet normal 0 -0.996915 0.0784911
    outer loop
      vertex 30.5 66.5495 10.8586
      vertex 57 66.6 11.5
      vertex 30.5 66.6 11.5
    endloop
  endfacet
  facet normal 0 -0.996915 0.0784911
    outer loop
      vertex 57 66.6 11.5
      vertex 30.5 66.5495 10.8586
      vertex 57 66.5495 10.8586
    endloop
  endfacet
  facet normal 0 0.972368 -0.233455
    outer loop
      vertex 57 58.4505 12.1414
      vertex 30.5 58.6007 12.767
      vertex 57 58.6007 12.767
    endloop
  endfacet
  facet normal 0 0.972368 -0.233455
    outer loop
      vertex 30.5 58.6007 12.767
      vertex 57 58.4505 12.1414
      vertex 30.5 58.4505 12.1414
    endloop
  endfacet
  facet normal 0 -0.972368 0.233455
    outer loop
      vertex 30.5 16.3993 10.233
      vertex 57 16.5495 10.8586
      vertex 30.5 16.5495 10.8586
    endloop
  endfacet
  facet normal 0 -0.972368 0.233455
    outer loop
      vertex 57 16.5495 10.8586
      vertex 30.5 16.3993 10.233
      vertex 57 16.3993 10.233
    endloop
  endfacet
  facet normal -0 0.522542 0.852613
    outer loop
      vertex 30.5 10.6386 7.84688
      vertex 57 10.0901 8.18304
      vertex 57 10.6386 7.84688
    endloop
  endfacet
  facet normal 0 0.522542 0.852613
    outer loop
      vertex 57 10.0901 8.18304
      vertex 30.5 10.6386 7.84688
      vertex 30.5 10.0901 8.18304
    endloop
  endfacet
  facet normal 0 0.852613 -0.522542
    outer loop
      vertex 57 8.84688 13.3614
      vertex 30.5 9.18304 13.9099
      vertex 57 9.18304 13.9099
    endloop
  endfacet
  facet normal 0 0.852613 -0.522542
    outer loop
      vertex 30.5 9.18304 13.9099
      vertex 57 8.84688 13.3614
      vertex 30.5 8.84688 13.3614
    endloop
  endfacet
  facet normal 0 0.972371 0.233441
    outer loop
      vertex 57 8.60068 10.233
      vertex 30.5 8.45049 10.8586
      vertex 57 8.45049 10.8586
    endloop
  endfacet
  facet normal 0 0.972371 0.233441
    outer loop
      vertex 30.5 8.45049 10.8586
      vertex 57 8.60068 10.233
      vertex 30.5 8.60068 10.233
    endloop
  endfacet
  facet normal 0 0.760388 -0.649469
    outer loop
      vertex 57 9.18304 13.9099
      vertex 30.5 9.60088 14.3991
      vertex 57 9.60088 14.3991
    endloop
  endfacet
  facet normal 0 0.760388 -0.649469
    outer loop
      vertex 30.5 9.60088 14.3991
      vertex 57 9.18304 13.9099
      vertex 30.5 9.18304 13.9099
    endloop
  endfacet
  facet normal 0 0.233441 0.972371
    outer loop
      vertex 30.5 11.233 7.60068
      vertex 38.201 11.8586 7.45049
      vertex 30.5 11.8586 7.45049
    endloop
  endfacet
  facet normal -1.24681e-05 0.233586 0.972336
    outer loop
      vertex 38.201 11.8586 7.45049
      vertex 30.5 11.233 7.60068
      vertex 38.208 11.8417 7.45455
    endloop
  endfacet
  facet normal 1.27833e-06 0.233421 0.972376
    outer loop
      vertex 38.208 11.8417 7.45455
      vertex 30.5 11.233 7.60068
      vertex 38.3269 11.6477 7.50112
    endloop
  endfacet
  facet normal -1.89478e-06 0.233478 0.972362
    outer loop
      vertex 38.3269 11.6477 7.50112
      vertex 30.5 11.233 7.60068
      vertex 38.4747 11.4747 7.54266
    endloop
  endfacet
  facet normal -1.27475e-07 0.233423 0.972375
    outer loop
      vertex 38.4747 11.4747 7.54266
      vertex 30.5 11.233 7.60068
      vertex 38.6477 11.3269 7.57814
    endloop
  endfacet
  facet normal 0 0.233412 0.972378
    outer loop
      vertex 38.6477 11.3269 7.57814
      vertex 30.5 11.233 7.60068
      vertex 38.8009 11.233 7.60068
    endloop
  endfacet
  facet normal -0 0.233591 0.972335
    outer loop
      vertex 40.799 11.8586 7.45049
      vertex 51.708 11.8417 7.45455
      vertex 51.701 11.8586 7.45049
    endloop
  endfacet
  facet normal -0 0.233591 0.972335
    outer loop
      vertex 40.792 11.8417 7.45455
      vertex 51.708 11.8417 7.45455
      vertex 40.799 11.8586 7.45049
    endloop
  endfacet
  facet normal 0 0.23342 0.972376
    outer loop
      vertex 51.708 11.8417 7.45455
      vertex 40.792 11.8417 7.45455
      vertex 51.8269 11.6477 7.50112
    endloop
  endfacet
  facet normal -0 0.23342 0.972376
    outer loop
      vertex 40.6731 11.6477 7.50112
      vertex 51.8269 11.6477 7.50112
      vertex 40.792 11.8417 7.45455
    endloop
  endfacet
  facet normal 0 0.233479 0.972362
    outer loop
      vertex 51.8269 11.6477 7.50112
      vertex 40.6731 11.6477 7.50112
      vertex 51.9747 11.4747 7.54266
    endloop
  endfacet
  facet normal -0 0.233479 0.972362
    outer loop
      vertex 40.5253 11.4747 7.54266
      vertex 51.9747 11.4747 7.54266
      vertex 40.6731 11.6477 7.50112
    endloop
  endfacet
  facet normal 0 0.233423 0.972375
    outer loop
      vertex 51.9747 11.4747 7.54266
      vertex 40.5253 11.4747 7.54266
      vertex 52.1477 11.3269 7.57814
    endloop
  endfacet
  facet normal -0 0.233423 0.972375
    outer loop
      vertex 40.3523 11.3269 7.57814
      vertex 52.1477 11.3269 7.57814
      vertex 40.5253 11.4747 7.54266
    endloop
  endfacet
  facet normal 0 0.233412 0.972378
    outer loop
      vertex 52.1477 11.3269 7.57814
      vertex 40.3523 11.3269 7.57814
      vertex 52.3009 11.233 7.60068
    endloop
  endfacet
  facet normal 0 0.233412 0.972378
    outer loop
      vertex 52.3009 11.233 7.60068
      vertex 40.3523 11.3269 7.57814
      vertex 40.1991 11.233 7.60068
    endloop
  endfacet
  facet normal -0 0.233441 0.972371
    outer loop
      vertex 54.299 11.8586 7.45049
      vertex 57 11.233 7.60068
      vertex 57 11.8586 7.45049
    endloop
  endfacet
  facet normal 3.35282e-05 0.233577 0.972338
    outer loop
      vertex 54.292 11.8417 7.45455
      vertex 57 11.233 7.60068
      vertex 54.299 11.8586 7.45049
    endloop
  endfacet
  facet normal -3.35281e-06 0.233422 0.972375
    outer loop
      vertex 54.1731 11.6477 7.50112
      vertex 57 11.233 7.60068
      vertex 54.292 11.8417 7.45455
    endloop
  endfacet
  facet normal 4.87289e-06 0.233475 0.972363
    outer loop
      vertex 54.0253 11.4747 7.54266
      vertex 57 11.233 7.60068
      vertex 54.1731 11.6477 7.50112
    endloop
  endfacet
  facet normal 3.23132e-07 0.233422 0.972375
    outer loop
      vertex 53.8523 11.3269 7.57814
      vertex 57 11.233 7.60068
      vertex 54.0253 11.4747 7.54266
    endloop
  endfacet
  facet normal 0 0.233412 0.972378
    outer loop
      vertex 57 11.233 7.60068
      vertex 53.8523 11.3269 7.57814
      vertex 53.6991 11.233 7.60068
    endloop
  endfacet
  facet normal -0 0.382672 0.923884
    outer loop
      vertex 53.6991 11.233 7.60068
      vertex 57 10.6386 7.84688
      vertex 57 11.233 7.60068
    endloop
  endfacet
  facet normal -2.56134e-05 0.382551 0.923935
    outer loop
      vertex 53.6583 11.208 7.61103
      vertex 57 10.6386 7.84688
      vertex 53.6991 11.233 7.60068
    endloop
  endfacet
  facet normal 4.34597e-05 0.382897 0.923791
    outer loop
      vertex 53.4481 11.121 7.6471
      vertex 57 10.6386 7.84688
      vertex 53.6583 11.208 7.61103
    endloop
  endfacet
  facet normal 1.40194e-05 0.382712 0.923868
    outer loop
      vertex 53.2268 11.0679 7.6691
      vertex 57 10.6386 7.84688
      vertex 53.4481 11.121 7.6471
    endloop
  endfacet
  facet normal -5.4552e-05 0.382197 0.924081
    outer loop
      vertex 53 11.05 7.67649
      vertex 57 10.6386 7.84688
      vertex 53.2268 11.0679 7.6691
    endloop
  endfacet
  facet normal 0.000413729 0.386081 0.922465
    outer loop
      vertex 52.7732 11.0679 7.6691
      vertex 57 10.6386 7.84688
      vertex 53 11.05 7.67649
    endloop
  endfacet
  facet normal -0 0.382515 0.923949
    outer loop
      vertex 40.1991 11.233 7.60068
      vertex 52.3417 11.208 7.61103
      vertex 52.3009 11.233 7.60068
    endloop
  endfacet
  facet normal -0 0.382515 0.923949
    outer loop
      vertex 40.1583 11.208 7.61103
      vertex 52.3417 11.208 7.61103
      vertex 40.1991 11.233 7.60068
    endloop
  endfacet
  facet normal 0 0.382986 0.923754
    outer loop
      vertex 52.3417 11.208 7.61103
      vertex 40.1583 11.208 7.61103
      vertex 52.5519 11.121 7.6471
    endloop
  endfacet
  facet normal -0 0.382986 0.923754
    outer loop
      vertex 39.9481 11.121 7.6471
      vertex 52.5519 11.121 7.6471
      vertex 40.1583 11.208 7.61103
    endloop
  endfacet
  facet normal 0 0.382762 0.923847
    outer loop
      vertex 52.5519 11.121 7.6471
      vertex 39.9481 11.121 7.6471
      vertex 52.7732 11.0679 7.6691
    endloop
  endfacet
  facet normal -0 0.382762 0.923847
    outer loop
      vertex 39.7268 11.0679 7.6691
      vertex 52.7732 11.0679 7.6691
      vertex 39.9481 11.121 7.6471
    endloop
  endfacet
  facet normal 0 0.382606 0.923911
    outer loop
      vertex 52.7732 11.0679 7.6691
      vertex 39.7268 11.0679 7.6691
      vertex 57 10.6386 7.84688
    endloop
  endfacet
  facet normal -2.21307e-05 0.381846 0.924226
    outer loop
      vertex 39.5 11.05 7.67649
      vertex 57 10.6386 7.84688
      vertex 39.7268 11.0679 7.6691
    endloop
  endfacet
  facet normal 0 0.382672 0.923884
    outer loop
      vertex 30.5 10.6386 7.84688
      vertex 38.8009 11.233 7.60068
      vertex 30.5 11.233 7.60068
    endloop
  endfacet
  facet normal 1.17997e-05 0.382531 0.923942
    outer loop
      vertex 38.8009 11.233 7.60068
      vertex 30.5 10.6386 7.84688
      vertex 38.8417 11.208 7.61103
    endloop
  endfacet
  facet normal -2.10975e-05 0.382943 0.923772
    outer loop
      vertex 38.8417 11.208 7.61103
      vertex 30.5 10.6386 7.84688
      vertex 39.0519 11.121 7.6471
    endloop
  endfacet
  facet normal -7.38281e-06 0.382735 0.923858
    outer loop
      vertex 39.0519 11.121 7.6471
      vertex 30.5 10.6386 7.84688
      vertex 39.2732 11.0679 7.6691
    endloop
  endfacet
  facet normal 3.53639e-05 0.38199 0.924167
    outer loop
      vertex 39.2732 11.0679 7.6691
      vertex 30.5 10.6386 7.84688
      vertex 39.5 11.05 7.67649
    endloop
  endfacet
  facet normal 0 0.38265 0.923893
    outer loop
      vertex 39.5 11.05 7.67649
      vertex 30.5 10.6386 7.84688
      vertex 57 10.6386 7.84688
    endloop
  endfacet
  facet normal 0 0 -1
    outer loop
      vertex 30.5 11.4167 16.215
      vertex 57 13.5833 16.215
      vertex 57 11.4167 16.215
    endloop
  endfacet
  facet normal -0 0 -1
    outer loop
      vertex 57 13.5833 16.215
      vertex 30.5 11.4167 16.215
      vertex 30.5 13.5833 16.215
    endloop
  endfacet
  facet normal 0 0.972371 -0.233441
    outer loop
      vertex 57 8.45049 12.1414
      vertex 30.5 8.60068 12.767
      vertex 57 8.60068 12.767
    endloop
  endfacet
  facet normal 0 0.972371 -0.233441
    outer loop
      vertex 30.5 8.60068 12.767
      vertex 57 8.45049 12.1414
      vertex 30.5 8.45049 12.1414
    endloop
  endfacet
  facet normal 0 0.923884 -0.382672
    outer loop
      vertex 57 8.60068 12.767
      vertex 30.5 8.84688 13.3614
      vertex 57 8.84688 13.3614
    endloop
  endfacet
  facet normal 0 0.923884 -0.382672
    outer loop
      vertex 30.5 8.84688 13.3614
      vertex 57 8.60068 12.767
      vertex 30.5 8.60068 12.767
    endloop
  endfacet
  facet normal 0 -0.852655 -0.522475
    outer loop
      vertex 30.5 16.1531 13.3614
      vertex 57 15.817 13.9099
      vertex 30.5 15.817 13.9099
    endloop
  endfacet
  facet normal 0 -0.852655 -0.522475
    outer loop
      vertex 57 15.817 13.9099
      vertex 30.5 16.1531 13.3614
      vertex 57 16.1531 13.3614
    endloop
  endfacet
  facet normal 0 -0.649469 0.760388
    outer loop
      vertex 30.5 15.3991 8.60088
      vertex 57 14.9099 8.18304
      vertex 57 15.3991 8.60088
    endloop
  endfacet
  facet normal 0 -0.649469 0.760388
    outer loop
      vertex 57 14.9099 8.18304
      vertex 30.5 15.3991 8.60088
      vertex 30.5 14.9099 8.18304
    endloop
  endfacet
  facet normal 0 0.707122 -0.707091
    outer loop
      vertex 57 9.60088 14.3991
      vertex 30.5 11.4167 16.215
      vertex 57 11.4167 16.215
    endloop
  endfacet
  facet normal 0 0.707122 -0.707091
    outer loop
      vertex 30.5 11.4167 16.215
      vertex 57 9.60088 14.3991
      vertex 30.5 9.60088 14.3991
    endloop
  endfacet
  facet normal 0 -0.923875 0.382694
    outer loop
      vertex 30.5 16.1531 9.63864
      vertex 57 16.3993 10.233
      vertex 30.5 16.3993 10.233
    endloop
  endfacet
  facet normal 0 -0.923875 0.382694
    outer loop
      vertex 57 16.3993 10.233
      vertex 30.5 16.1531 9.63864
      vertex 57 16.1531 9.63864
    endloop
  endfacet
  facet normal 1 0 0
    outer loop
      vertex 30.5 16.5495 12.1414
      vertex 30.5 16.5495 10.8586
      vertex 30.5 16.6 11.5
    endloop
  endfacet
  facet normal 1 0 0
    outer loop
      vertex 30.5 16.3993 12.767
      vertex 30.5 16.5495 10.8586
      vertex 30.5 16.5495 12.1414
    endloop
  endfacet
  facet normal 1 0 0
    outer loop
      vertex 30.5 16.3993 12.767
      vertex 30.5 16.3993 10.233
      vertex 30.5 16.5495 10.8586
    endloop
  endfacet
  facet normal 1 0 0
    outer loop
      vertex 30.5 16.1531 13.3614
      vertex 30.5 16.3993 10.233
      vertex 30.5 16.3993 12.767
    endloop
  endfacet
  facet normal 1 0 0
    outer loop
      vertex 30.5 16.1531 13.3614
      vertex 30.5 16.1531 9.63864
      vertex 30.5 16.3993 10.233
    endloop
  endfacet
  facet normal 1 0 0
    outer loop
      vertex 30.5 15.817 13.9099
      vertex 30.5 16.1531 9.63864
      vertex 30.5 16.1531 13.3614
    endloop
  endfacet
  facet normal 1 0 0
    outer loop
      vertex 30.5 15.817 13.9099
      vertex 30.5 15.817 9.09009
      vertex 30.5 16.1531 9.63864
    endloop
  endfacet
  facet normal 1 0 0
    outer loop
      vertex 30.5 15.3991 14.3991
      vertex 30.5 15.817 9.09009
      vertex 30.5 15.817 13.9099
    endloop
  endfacet
  facet normal 1 0 0
    outer loop
      vertex 30.5 15.3991 14.3991
      vertex 30.5 15.3991 8.60088
      vertex 30.5 15.817 9.09009
    endloop
  endfacet
  facet normal 1 0 0
    outer loop
      vertex 30.5 15.3991 14.3991
      vertex 30.5 14.9099 8.18304
      vertex 30.5 15.3991 8.60088
    endloop
  endfacet
  facet normal 1 0 0
    outer loop
      vertex 30.5 15.3991 14.3991
      vertex 30.5 14.3614 7.84688
      vertex 30.5 14.9099 8.18304
    endloop
  endfacet
  facet normal 1 0 0
    outer loop
      vertex 30.5 15.3991 14.3991
      vertex 30.5 13.767 7.60068
      vertex 30.5 14.3614 7.84688
    endloop
  endfacet
  facet normal 1 0 0
    outer loop
      vertex 30.5 9.60088 14.3991
      vertex 30.5 15.3991 14.3991
      vertex 30.5 13.5833 16.215
    endloop
  endfacet
  facet normal 1 0 0
    outer loop
      vertex 30.5 15.3991 14.3991
      vertex 30.5 9.60088 14.3991
      vertex 30.5 13.767 7.60068
    endloop
  endfacet
  facet normal 1 0 0
    outer loop
      vertex 30.5 13.767 7.60068
      vertex 30.5 9.60088 14.3991
      vertex 30.5 13.1414 7.45049
    endloop
  endfacet
  facet normal 1 0 0
    outer loop
      vertex 30.5 13.1414 7.45049
      vertex 30.5 9.60088 14.3991
      vertex 30.5 12.5 7.40001
    endloop
  endfacet
  facet normal 1 0 0
    outer loop
      vertex 30.5 9.60088 14.3991
      vertex 30.5 13.5833 16.215
      vertex 30.5 11.4167 16.215
    endloop
  endfacet
  facet normal 1 0 0
    outer loop
      vertex 30.5 12.5 7.40001
      vertex 30.5 9.60088 14.3991
      vertex 30.5 11.8586 7.45049
    endloop
  endfacet
  facet normal 1 0 0
    outer loop
      vertex 30.5 11.8586 7.45049
      vertex 30.5 9.60088 14.3991
      vertex 30.5 11.233 7.60068
    endloop
  endfacet
  facet normal 1 0 0
    outer loop
      vertex 30.5 11.233 7.60068
      vertex 30.5 9.60088 14.3991
      vertex 30.5 10.6386 7.84688
    endloop
  endfacet
  facet normal 1 0 0
    outer loop
      vertex 30.5 10.6386 7.84688
      vertex 30.5 9.60088 14.3991
      vertex 30.5 10.0901 8.18304
    endloop
  endfacet
  facet normal 1 0 0
    outer loop
      vertex 30.5 9.60088 14.3991
      vertex 30.5 9.60088 8.60088
      vertex 30.5 10.0901 8.18304
    endloop
  endfacet
  facet normal 1 -0 0
    outer loop
      vertex 30.5 9.18304 13.9099
      vertex 30.5 9.60088 8.60088
      vertex 30.5 9.60088 14.3991
    endloop
  endfacet
  facet normal 1 0 0
    outer loop
      vertex 30.5 9.18304 13.9099
      vertex 30.5 9.18304 9.09009
      vertex 30.5 9.60088 8.60088
    endloop
  endfacet
  facet normal 1 -0 0
    outer loop
      vertex 30.5 8.84688 13.3614
      vertex 30.5 9.18304 9.09009
      vertex 30.5 9.18304 13.9099
    endloop
  endfacet
  facet normal 1 0 0
    outer loop
      vertex 30.5 8.84688 13.3614
      vertex 30.5 8.84688 9.63864
      vertex 30.5 9.18304 9.09009
    endloop
  endfacet
  facet normal 1 -0 0
    outer loop
      vertex 30.5 8.60068 12.767
      vertex 30.5 8.84688 9.63864
      vertex 30.5 8.84688 13.3614
    endloop
  endfacet
  facet normal 1 0 0
    outer loop
      vertex 30.5 8.60068 12.767
      vertex 30.5 8.60068 10.233
      vertex 30.5 8.84688 9.63864
    endloop
  endfacet
  facet normal 1 -0 0
    outer loop
      vertex 30.5 8.45049 12.1414
      vertex 30.5 8.60068 10.233
      vertex 30.5 8.60068 12.767
    endloop
  endfacet
  facet normal 1 0 0
    outer loop
      vertex 30.5 8.45049 12.1414
      vertex 30.5 8.45049 10.8586
      vertex 30.5 8.60068 10.233
    endloop
  endfacet
  facet normal 1 0 -0
    outer loop
      vertex 30.5 8.45049 10.8586
      vertex 30.5 8.45049 12.1414
      vertex 30.5 8.40001 11.5
    endloop
  endfacet
  facet normal 0 -0.707126 -0.707087
    outer loop
      vertex 30.5 15.3991 14.3991
      vertex 57 13.5833 16.215
      vertex 30.5 13.5833 16.215
    endloop
  endfacet
  facet normal 0 -0.707126 -0.707087
    outer loop
      vertex 57 13.5833 16.215
      vertex 30.5 15.3991 14.3991
      vertex 57 15.3991 14.3991
    endloop
  endfacet
  facet normal 0 -0.382672 0.923884
    outer loop
      vertex 57 14.3614 7.84688
      vertex 53.6991 13.767 7.60068
      vertex 57 13.767 7.60068
    endloop
  endfacet
  facet normal -2.56134e-05 -0.382551 0.923935
    outer loop
      vertex 57 14.3614 7.84688
      vertex 53.6583 13.792 7.61103
      vertex 53.6991 13.767 7.60068
    endloop
  endfacet
  facet normal 4.34597e-05 -0.382897 0.923791
    outer loop
      vertex 57 14.3614 7.84688
      vertex 53.4481 13.879 7.6471
      vertex 53.6583 13.792 7.61103
    endloop
  endfacet
  facet normal 1.40194e-05 -0.382712 0.923868
    outer loop
      vertex 57 14.3614 7.84688
      vertex 53.2268 13.9321 7.6691
      vertex 53.4481 13.879 7.6471
    endloop
  endfacet
  facet normal -5.4552e-05 -0.382197 0.924081
    outer loop
      vertex 57 14.3614 7.84688
      vertex 53 13.95 7.67649
      vertex 53.2268 13.9321 7.6691
    endloop
  endfacet
  facet normal 0.000413729 -0.386081 0.922465
    outer loop
      vertex 57 14.3614 7.84688
      vertex 52.7732 13.9321 7.6691
      vertex 53 13.95 7.67649
    endloop
  endfacet
  facet normal 0 -0.382515 0.923949
    outer loop
      vertex 52.3417 13.792 7.61103
      vertex 40.1991 13.767 7.60068
      vertex 52.3009 13.767 7.60068
    endloop
  endfacet
  facet normal 0 -0.382986 0.923754
    outer loop
      vertex 40.1583 13.792 7.61103
      vertex 52.3417 13.792 7.61103
      vertex 52.5519 13.879 7.6471
    endloop
  endfacet
  facet normal 0 -0.382762 0.923847
    outer loop
      vertex 39.9481 13.879 7.6471
      vertex 52.5519 13.879 7.6471
      vertex 52.7732 13.9321 7.6691
    endloop
  endfacet
  facet normal 0 -0.382606 0.923911
    outer loop
      vertex 39.7268 13.9321 7.6691
      vertex 52.7732 13.9321 7.6691
      vertex 57 14.3614 7.84688
    endloop
  endfacet
  facet normal 0 -0.382515 0.923949
    outer loop
      vertex 52.3417 13.792 7.61103
      vertex 40.1583 13.792 7.61103
      vertex 40.1991 13.767 7.60068
    endloop
  endfacet
  facet normal 0 -0.382986 0.923754
    outer loop
      vertex 52.5519 13.879 7.6471
      vertex 39.9481 13.879 7.6471
      vertex 40.1583 13.792 7.61103
    endloop
  endfacet
  facet normal 0 -0.382762 0.923847
    outer loop
      vertex 52.7732 13.9321 7.6691
      vertex 39.7268 13.9321 7.6691
      vertex 39.9481 13.879 7.6471
    endloop
  endfacet
  facet normal -2.21307e-05 -0.381846 0.924226
    outer loop
      vertex 57 14.3614 7.84688
      vertex 39.5 13.95 7.67649
      vertex 39.7268 13.9321 7.6691
    endloop
  endfacet
  facet normal 0 -0.38265 0.923893
    outer loop
      vertex 30.5 14.3614 7.84688
      vertex 39.5 13.95 7.67649
      vertex 57 14.3614 7.84688
    endloop
  endfacet
  facet normal 3.53639e-05 -0.38199 0.924167
    outer loop
      vertex 30.5 14.3614 7.84688
      vertex 39.2732 13.9321 7.6691
      vertex 39.5 13.95 7.67649
    endloop
  endfacet
  facet normal -7.38281e-06 -0.382735 0.923858
    outer loop
      vertex 30.5 14.3614 7.84688
      vertex 39.0519 13.879 7.6471
      vertex 39.2732 13.9321 7.6691
    endloop
  endfacet
  facet normal -2.10975e-05 -0.382943 0.923772
    outer loop
      vertex 30.5 14.3614 7.84688
      vertex 38.8417 13.792 7.61103
      vertex 39.0519 13.879 7.6471
    endloop
  endfacet
  facet normal 1.17997e-05 -0.382531 0.923942
    outer loop
      vertex 30.5 14.3614 7.84688
      vertex 38.8009 13.767 7.60068
      vertex 38.8417 13.792 7.61103
    endloop
  endfacet
  facet normal 0 -0.382672 0.923884
    outer loop
      vertex 38.8009 13.767 7.60068
      vertex 30.5 14.3614 7.84688
      vertex 30.5 13.767 7.60068
    endloop
  endfacet
  facet normal 0 -0.522542 0.852613
    outer loop
      vertex 30.5 14.9099 8.18304
      vertex 57 14.3614 7.84688
      vertex 57 14.9099 8.18304
    endloop
  endfacet
  facet normal 0 -0.522542 0.852613
    outer loop
      vertex 57 14.3614 7.84688
      vertex 30.5 14.9099 8.18304
      vertex 30.5 14.3614 7.84688
    endloop
  endfacet
  facet normal 0 -0.923884 -0.382672
    outer loop
      vertex 30.5 16.3993 12.767
      vertex 57 16.1531 13.3614
      vertex 30.5 16.1531 13.3614
    endloop
  endfacet
  facet normal 0 -0.923884 -0.382672
    outer loop
      vertex 57 16.1531 13.3614
      vertex 30.5 16.3993 12.767
      vertex 57 16.3993 12.767
    endloop
  endfacet
  facet normal 0 -0.996915 0.0784911
    outer loop
      vertex 30.5 16.5495 10.8586
      vertex 57 16.6 11.5
      vertex 30.5 16.6 11.5
    endloop
  endfacet
  facet normal 0 -0.996915 0.0784911
    outer loop
      vertex 57 16.6 11.5
      vertex 30.5 16.5495 10.8586
      vertex 57 16.5495 10.8586
    endloop
  endfacet
  facet normal 0 0.760394 0.649462
    outer loop
      vertex 57 9.60088 8.60088
      vertex 30.5 9.18304 9.09009
      vertex 57 9.18304 9.09009
    endloop
  endfacet
  facet normal 0 0.760394 0.649462
    outer loop
      vertex 30.5 9.18304 9.09009
      vertex 57 9.60088 8.60088
      vertex 30.5 9.60088 8.60088
    endloop
  endfacet
  facet normal 0 -0.0784948 0.996915
    outer loop
      vertex 30.5 13.1414 7.45049
      vertex 38.121 12.9481 7.43527
      vertex 38.201 13.1414 7.45049
    endloop
  endfacet
  facet normal 1.66448e-06 -0.0784296 0.99692
    outer loop
      vertex 30.5 13.1414 7.45049
      vertex 38.0679 12.7268 7.41786
      vertex 38.121 12.9481 7.43527
    endloop
  endfacet
  facet normal -7.28681e-08 -0.0784611 0.996917
    outer loop
      vertex 30.5 13.1414 7.45049
      vertex 38.05 12.5 7.40001
      vertex 38.0679 12.7268 7.41786
    endloop
  endfacet
  facet normal 0 -0.0784602 0.996917
    outer loop
      vertex 38.05 12.5 7.40001
      vertex 30.5 13.1414 7.45049
      vertex 30.5 12.5 7.40001
    endloop
  endfacet
  facet normal 0 -0.0784611 0.996917
    outer loop
      vertex 51.5679 12.7268 7.41786
      vertex 40.95 12.5 7.40001
      vertex 51.55 12.5 7.40001
    endloop
  endfacet
  facet normal 0 -0.0784292 0.99692
    outer loop
      vertex 40.9321 12.7268 7.41786
      vertex 51.5679 12.7268 7.41786
      vertex 51.621 12.9481 7.43527
    endloop
  endfacet
  facet normal 0 -0.0784948 0.996915
    outer loop
      vertex 40.879 12.9481 7.43527
      vertex 51.621 12.9481 7.43527
      vertex 51.701 13.1414 7.45049
    endloop
  endfacet
  facet normal 0 -0.0784611 0.996917
    outer loop
      vertex 51.5679 12.7268 7.41786
      vertex 40.9321 12.7268 7.41786
      vertex 40.95 12.5 7.40001
    endloop
  endfacet
  facet normal 0 -0.0784292 0.99692
    outer loop
      vertex 51.621 12.9481 7.43527
      vertex 40.879 12.9481 7.43527
      vertex 40.9321 12.7268 7.41786
    endloop
  endfacet
  facet normal 0 -0.0784948 0.996915
    outer loop
      vertex 40.879 12.9481 7.43527
      vertex 51.701 13.1414 7.45049
      vertex 40.799 13.1414 7.45049
    endloop
  endfacet
  facet normal 7.62645e-08 -0.0784602 0.996917
    outer loop
      vertex 54.4321 12.7268 7.41786
      vertex 57 12.5 7.40001
      vertex 57 13.1414 7.45049
    endloop
  endfacet
  facet normal 0 -0.0784611 0.996917
    outer loop
      vertex 57 12.5 7.40001
      vertex 54.4321 12.7268 7.41786
      vertex 54.45 12.5 7.40001
    endloop
  endfacet
  facet normal -4.78454e-06 -0.0784303 0.99692
    outer loop
      vertex 57 13.1414 7.45049
      vertex 54.379 12.9481 7.43527
      vertex 54.4321 12.7268 7.41786
    endloop
  endfacet
  facet normal 0 -0.0784948 0.996915
    outer loop
      vertex 54.379 12.9481 7.43527
      vertex 57 13.1414 7.45049
      vertex 54.299 13.1414 7.45049
    endloop
  endfacet
  facet normal 0 -0.760348 0.649516
    outer loop
      vertex 30.5 15.3991 8.60088
      vertex 57 15.817 9.09009
      vertex 30.5 15.817 9.09009
    endloop
  endfacet
  facet normal 0 -0.760348 0.649516
    outer loop
      vertex 57 15.817 9.09009
      vertex 30.5 15.3991 8.60088
      vertex 57 15.3991 8.60088
    endloop
  endfacet
  facet normal 0 0.923875 0.382694
    outer loop
      vertex 57 8.84688 9.63864
      vertex 30.5 8.60068 10.233
      vertex 57 8.60068 10.233
    endloop
  endfacet
  facet normal 0 0.923875 0.382694
    outer loop
      vertex 30.5 8.60068 10.233
      vertex 57 8.84688 9.63864
      vertex 30.5 8.84688 9.63864
    endloop
  endfacet
  facet normal 0 0.852635 0.522508
    outer loop
      vertex 57 9.18304 9.09009
      vertex 30.5 8.84688 9.63864
      vertex 57 8.84688 9.63864
    endloop
  endfacet
  facet normal 0 0.852635 0.522508
    outer loop
      vertex 30.5 8.84688 9.63864
      vertex 57 9.18304 9.09009
      vertex 30.5 9.18304 9.09009
    endloop
  endfacet
  facet normal 0 -0.852676 0.52244
    outer loop
      vertex 30.5 15.817 9.09009
      vertex 57 16.1531 9.63864
      vertex 30.5 16.1531 9.63864
    endloop
  endfacet
  facet normal 0 -0.852676 0.52244
    outer loop
      vertex 57 16.1531 9.63864
      vertex 30.5 15.817 9.09009
      vertex 57 15.817 9.09009
    endloop
  endfacet
  facet normal 0 -0.996915 -0.0784911
    outer loop
      vertex 30.5 16.6 11.5
      vertex 57 16.5495 12.1414
      vertex 30.5 16.5495 12.1414
    endloop
  endfacet
  facet normal 0 -0.996915 -0.0784911
    outer loop
      vertex 57 16.5495 12.1414
      vertex 30.5 16.6 11.5
      vertex 57 16.6 11.5
    endloop
  endfacet
  facet normal 0 0.0784602 0.996917
    outer loop
      vertex 30.5 11.8586 7.45049
      vertex 38.05 12.5 7.40001
      vertex 30.5 12.5 7.40001
    endloop
  endfacet
  facet normal -7.28681e-08 0.0784611 0.996917
    outer loop
      vertex 38.05 12.5 7.40001
      vertex 30.5 11.8586 7.45049
      vertex 38.0679 12.2732 7.41786
    endloop
  endfacet
  facet normal 1.66448e-06 0.0784296 0.99692
    outer loop
      vertex 38.0679 12.2732 7.41786
      vertex 30.5 11.8586 7.45049
      vertex 38.121 12.0519 7.43527
    endloop
  endfacet
  facet normal 0 0.0784948 0.996915
    outer loop
      vertex 38.121 12.0519 7.43527
      vertex 30.5 11.8586 7.45049
      vertex 38.201 11.8586 7.45049
    endloop
  endfacet
  facet normal -0 0.0784611 0.996917
    outer loop
      vertex 40.95 12.5 7.40001
      vertex 51.5679 12.2732 7.41786
      vertex 51.55 12.5 7.40001
    endloop
  endfacet
  facet normal -0 0.0784611 0.996917
    outer loop
      vertex 40.9321 12.2732 7.41786
      vertex 51.5679 12.2732 7.41786
      vertex 40.95 12.5 7.40001
    endloop
  endfacet
  facet normal 0 0.0784292 0.99692
    outer loop
      vertex 51.5679 12.2732 7.41786
      vertex 40.9321 12.2732 7.41786
      vertex 51.621 12.0519 7.43527
    endloop
  endfacet
  facet normal -0 0.0784292 0.99692
    outer loop
      vertex 40.879 12.0519 7.43527
      vertex 51.621 12.0519 7.43527
      vertex 40.9321 12.2732 7.41786
    endloop
  endfacet
  facet normal 0 0.0784948 0.996915
    outer loop
      vertex 51.621 12.0519 7.43527
      vertex 40.879 12.0519 7.43527
      vertex 51.701 11.8586 7.45049
    endloop
  endfacet
  facet normal 0 0.0784948 0.996915
    outer loop
      vertex 51.701 11.8586 7.45049
      vertex 40.879 12.0519 7.43527
      vertex 40.799 11.8586 7.45049
    endloop
  endfacet
  facet normal 0 0.0784611 0.996917
    outer loop
      vertex 54.4321 12.2732 7.41786
      vertex 57 12.5 7.40001
      vertex 54.45 12.5 7.40001
    endloop
  endfacet
  facet normal 7.62645e-08 0.0784602 0.996917
    outer loop
      vertex 57 12.5 7.40001
      vertex 54.4321 12.2732 7.41786
      vertex 57 11.8586 7.45049
    endloop
  endfacet
  facet normal -4.78454e-06 0.0784303 0.99692
    outer loop
      vertex 54.379 12.0519 7.43527
      vertex 57 11.8586 7.45049
      vertex 54.4321 12.2732 7.41786
    endloop
  endfacet
  facet normal 0 0.0784948 0.996915
    outer loop
      vertex 57 11.8586 7.45049
      vertex 54.379 12.0519 7.43527
      vertex 54.299 11.8586 7.45049
    endloop
  endfacet
  facet normal 0 -0.972368 -0.233455
    outer loop
      vertex 30.5 16.5495 12.1414
      vertex 57 16.3993 12.767
      vertex 30.5 16.3993 12.767
    endloop
  endfacet
  facet normal 0 -0.972368 -0.233455
    outer loop
      vertex 57 16.3993 12.767
      vertex 30.5 16.5495 12.1414
      vertex 57 16.5495 12.1414
    endloop
  endfacet
  facet normal 0 -0.760342 -0.649523
    outer loop
      vertex 30.5 15.817 13.9099
      vertex 57 15.3991 14.3991
      vertex 30.5 15.3991 14.3991
    endloop
  endfacet
  facet normal 0 -0.760342 -0.649523
    outer loop
      vertex 57 15.3991 14.3991
      vertex 30.5 15.817 13.9099
      vertex 57 15.817 13.9099
    endloop
  endfacet
  facet normal 0 0.996917 0.0784602
    outer loop
      vertex 57 8.45049 10.8586
      vertex 30.5 8.40001 11.5
      vertex 57 8.40001 11.5
    endloop
  endfacet
  facet normal 0 0.996917 0.0784602
    outer loop
      vertex 30.5 8.40001 11.5
      vertex 57 8.45049 10.8586
      vertex 30.5 8.45049 10.8586
    endloop
  endfacet
  facet normal 0 -0.233412 0.972378
    outer loop
      vertex 30.5 13.767 7.60068
      vertex 38.6477 13.6731 7.57814
      vertex 38.8009 13.767 7.60068
    endloop
  endfacet
  facet normal -1.27475e-07 -0.233423 0.972375
    outer loop
      vertex 30.5 13.767 7.60068
      vertex 38.4747 13.5253 7.54266
      vertex 38.6477 13.6731 7.57814
    endloop
  endfacet
  facet normal -1.89478e-06 -0.233478 0.972362
    outer loop
      vertex 30.5 13.767 7.60068
      vertex 38.3269 13.3523 7.50112
      vertex 38.4747 13.5253 7.54266
    endloop
  endfacet
  facet normal 1.27833e-06 -0.233421 0.972376
    outer loop
      vertex 30.5 13.767 7.60068
      vertex 38.208 13.1583 7.45455
      vertex 38.3269 13.3523 7.50112
    endloop
  endfacet
  facet normal -1.24681e-05 -0.233586 0.972336
    outer loop
      vertex 30.5 13.767 7.60068
      vertex 38.201 13.1414 7.45049
      vertex 38.208 13.1583 7.45455
    endloop
  endfacet
  facet normal 0 -0.233441 0.972371
    outer loop
      vertex 38.201 13.1414 7.45049
      vertex 30.5 13.767 7.60068
      vertex 30.5 13.1414 7.45049
    endloop
  endfacet
  facet normal 0 -0.233591 0.972335
    outer loop
      vertex 51.708 13.1583 7.45455
      vertex 40.799 13.1414 7.45049
      vertex 51.701 13.1414 7.45049
    endloop
  endfacet
  facet normal 0 -0.23342 0.972376
    outer loop
      vertex 40.792 13.1583 7.45455
      vertex 51.708 13.1583 7.45455
      vertex 51.8269 13.3523 7.50112
    endloop
  endfacet
  facet normal 0 -0.233479 0.972362
    outer loop
      vertex 40.6731 13.3523 7.50112
      vertex 51.8269 13.3523 7.50112
      vertex 51.9747 13.5253 7.54266
    endloop
  endfacet
  facet normal 0 -0.233423 0.972375
    outer loop
      vertex 40.5253 13.5253 7.54266
      vertex 51.9747 13.5253 7.54266
      vertex 52.1477 13.6731 7.57814
    endloop
  endfacet
  facet normal 0 -0.233412 0.972378
    outer loop
      vertex 40.3523 13.6731 7.57814
      vertex 52.1477 13.6731 7.57814
      vertex 52.3009 13.767 7.60068
    endloop
  endfacet
  facet normal 0 -0.233591 0.972335
    outer loop
      vertex 51.708 13.1583 7.45455
      vertex 40.792 13.1583 7.45455
      vertex 40.799 13.1414 7.45049
    endloop
  endfacet
  facet normal 0 -0.23342 0.972376
    outer loop
      vertex 51.8269 13.3523 7.50112
      vertex 40.6731 13.3523 7.50112
      vertex 40.792 13.1583 7.45455
    endloop
  endfacet
  facet normal 0 -0.233479 0.972362
    outer loop
      vertex 51.9747 13.5253 7.54266
      vertex 40.5253 13.5253 7.54266
      vertex 40.6731 13.3523 7.50112
    endloop
  endfacet
  facet normal 0 -0.233423 0.972375
    outer loop
      vertex 52.1477 13.6731 7.57814
      vertex 40.3523 13.6731 7.57814
      vertex 40.5253 13.5253 7.54266
    endloop
  endfacet
  facet normal 0 -0.233412 0.972378
    outer loop
      vertex 40.3523 13.6731 7.57814
      vertex 52.3009 13.767 7.60068
      vertex 40.1991 13.767 7.60068
    endloop
  endfacet
  facet normal 0 -0.233441 0.972371
    outer loop
      vertex 57 13.767 7.60068
      vertex 54.299 13.1414 7.45049
      vertex 57 13.1414 7.45049
    endloop
  endfacet
  facet normal 3.35282e-05 -0.233577 0.972338
    outer loop
      vertex 57 13.767 7.60068
      vertex 54.292 13.1583 7.45455
      vertex 54.299 13.1414 7.45049
    endloop
  endfacet
  facet normal -3.35281e-06 -0.233422 0.972375
    outer loop
      vertex 57 13.767 7.60068
      vertex 54.1731 13.3523 7.50112
      vertex 54.292 13.1583 7.45455
    endloop
  endfacet
  facet normal 4.87289e-06 -0.233475 0.972363
    outer loop
      vertex 57 13.767 7.60068
      vertex 54.0253 13.5253 7.54266
      vertex 54.1731 13.3523 7.50112
    endloop
  endfacet
  facet normal 3.23132e-07 -0.233422 0.972375
    outer loop
      vertex 57 13.767 7.60068
      vertex 53.8523 13.6731 7.57814
      vertex 54.0253 13.5253 7.54266
    endloop
  endfacet
  facet normal 0 -0.233412 0.972378
    outer loop
      vertex 53.8523 13.6731 7.57814
      vertex 57 13.767 7.60068
      vertex 53.6991 13.767 7.60068
    endloop
  endfacet
  facet normal -0 0.649454 0.760401
    outer loop
      vertex 30.5 10.0901 8.18304
      vertex 57 9.60088 8.60088
      vertex 57 10.0901 8.18304
    endloop
  endfacet
  facet normal 0 0.649454 0.760401
    outer loop
      vertex 57 9.60088 8.60088
      vertex 30.5 10.0901 8.18304
      vertex 30.5 9.60088 8.60088
    endloop
  endfacet
  facet normal 0 0.996917 -0.0784602
    outer loop
      vertex 57 8.40001 11.5
      vertex 30.5 8.45049 12.1414
      vertex 57 8.45049 12.1414
    endloop
  endfacet
  facet normal 0 0.996917 -0.0784602
    outer loop
      vertex 30.5 8.45049 12.1414
      vertex 57 8.40001 11.5
      vertex 30.5 8.40001 11.5
    endloop
  endfacet
  facet normal -0.233406 0 -0.972379
    outer loop
      vertex 29.7268 0 5.42215
      vertex 29.9481 12 5.36903
      vertex 29.9481 0 5.36903
    endloop
  endfacet
  facet normal -0.233406 0 -0.972379
    outer loop
      vertex 29.9481 12 5.36903
      vertex 29.7268 0 5.42215
      vertex 29.7268 12 5.42215
    endloop
  endfacet
  facet normal -0.972385 0 0.233383
    outer loop
      vertex 30.879 0 3.54193
      vertex 30.9321 12 3.76317
      vertex 30.879 12 3.54193
    endloop
  endfacet
  facet normal -0.972385 0 0.233383
    outer loop
      vertex 30.9321 12 3.76317
      vertex 30.879 0 3.54193
      vertex 30.9321 0 3.76317
    endloop
  endfacet
  facet normal -0.996901 0 0.0786692
    outer loop
      vertex 30.9321 0 3.76317
      vertex 30.95 12 3.99
      vertex 30.9321 12 3.76317
    endloop
  endfacet
  facet normal -0.996901 0 0.0786692
    outer loop
      vertex 30.95 12 3.99
      vertex 30.9321 0 3.76317
      vertex 30.95 0 3.99
    endloop
  endfacet
  facet normal 0.0784611 0 -0.996917
    outer loop
      vertex 29.2732 0 5.42215
      vertex 29.5 12 5.44
      vertex 29.5 0 5.44
    endloop
  endfacet
  facet normal 0.0784611 0 -0.996917
    outer loop
      vertex 29.5 12 5.44
      vertex 29.2732 0 5.42215
      vertex 29.2732 12 5.42215
    endloop
  endfacet
  facet normal -0.52252 0 0.852627
    outer loop
      vertex 30.1583 12 2.69804
      vertex 30.3523 0 2.81693
      vertex 30.3523 12 2.81693
    endloop
  endfacet
  facet normal -0.52252 0 0.852627
    outer loop
      vertex 30.3523 0 2.81693
      vertex 30.1583 12 2.69804
      vertex 30.1583 0 2.69804
    endloop
  endfacet
  facet normal 0.382692 0 -0.923876
    outer loop
      vertex 28.8417 0 5.28196
      vertex 29.0519 12 5.36903
      vertex 29.0519 0 5.36903
    endloop
  endfacet
  facet normal 0.382692 0 -0.923876
    outer loop
      vertex 29.0519 12 5.36903
      vertex 28.8417 0 5.28196
      vertex 28.8417 12 5.28196
    endloop
  endfacet
  facet normal -0.649484 0 0.760375
    outer loop
      vertex 30.3523 12 2.81693
      vertex 30.5253 0 2.9647
      vertex 30.5253 12 2.9647
    endloop
  endfacet
  facet normal -0.649484 0 0.760375
    outer loop
      vertex 30.5253 0 2.9647
      vertex 30.3523 12 2.81693
      vertex 30.3523 0 2.81693
    endloop
  endfacet
  facet normal 0.0784611 0 0.996917
    outer loop
      vertex 29.2732 12 2.55785
      vertex 29.5 0 2.54
      vertex 29.5 12 2.54
    endloop
  endfacet
  facet normal 0.0784611 0 0.996917
    outer loop
      vertex 29.5 0 2.54
      vertex 29.2732 12 2.55785
      vertex 29.2732 0 2.55785
    endloop
  endfacet
  facet normal -0.0784611 0 -0.996917
    outer loop
      vertex 29.5 0 5.44
      vertex 29.7268 12 5.42215
      vertex 29.7268 0 5.42215
    endloop
  endfacet
  facet normal -0.0784611 0 -0.996917
    outer loop
      vertex 29.7268 12 5.42215
      vertex 29.5 0 5.44
      vertex 29.5 12 5.44
    endloop
  endfacet
  facet normal -0.649458 0 -0.760397
    outer loop
      vertex 30.3523 0 5.16307
      vertex 30.5253 12 5.01531
      vertex 30.5253 0 5.01531
    endloop
  endfacet
  facet normal -0.649458 0 -0.760397
    outer loop
      vertex 30.5253 12 5.01531
      vertex 30.3523 0 5.16307
      vertex 30.3523 12 5.16307
    endloop
  endfacet
  facet normal 0.923991 0 -0.382414
    outer loop
      vertex 28.208 0 4.64829
      vertex 28.121 12 4.43808
      vertex 28.208 12 4.64829
    endloop
  endfacet
  facet normal 0.923991 0 -0.382414
    outer loop
      vertex 28.121 12 4.43808
      vertex 28.208 0 4.64829
      vertex 28.121 0 4.43808
    endloop
  endfacet
  facet normal 0.996901 -0 0.0786692
    outer loop
      vertex 28.05 0 3.99
      vertex 28.0679 12 3.76317
      vertex 28.05 12 3.99
    endloop
  endfacet
  facet normal 0.996901 0 0.0786692
    outer loop
      vertex 28.0679 12 3.76317
      vertex 28.05 0 3.99
      vertex 28.0679 0 3.76317
    endloop
  endfacet
  facet normal 0.923998 -0 0.382398
    outer loop
      vertex 28.121 0 3.54193
      vertex 28.208 12 3.33171
      vertex 28.121 12 3.54193
    endloop
  endfacet
  facet normal 0.923998 0 0.382398
    outer loop
      vertex 28.208 12 3.33171
      vertex 28.121 0 3.54193
      vertex 28.208 0 3.33171
    endloop
  endfacet
  facet normal -0.382692 0 0.923876
    outer loop
      vertex 29.9481 12 2.61097
      vertex 30.1583 0 2.69804
      vertex 30.1583 12 2.69804
    endloop
  endfacet
  facet normal -0.382692 0 0.923876
    outer loop
      vertex 30.1583 0 2.69804
      vertex 29.9481 12 2.61097
      vertex 29.9481 0 2.61097
    endloop
  endfacet
  facet normal 0.852608 -0 0.522552
    outer loop
      vertex 28.208 0 3.33171
      vertex 28.3269 12 3.13771
      vertex 28.208 12 3.33171
    endloop
  endfacet
  facet normal 0.852608 0 0.522552
    outer loop
      vertex 28.3269 12 3.13771
      vertex 28.208 0 3.33171
      vertex 28.3269 0 3.13771
    endloop
  endfacet
  facet normal -0.923998 0 0.382398
    outer loop
      vertex 30.792 0 3.33171
      vertex 30.879 12 3.54193
      vertex 30.792 12 3.33171
    endloop
  endfacet
  facet normal -0.923998 0 0.382398
    outer loop
      vertex 30.879 12 3.54193
      vertex 30.792 0 3.33171
      vertex 30.879 0 3.54193
    endloop
  endfacet
  facet normal -0.760347 0 -0.649517
    outer loop
      vertex 30.6731 0 4.84229
      vertex 30.5253 12 5.01531
      vertex 30.6731 12 4.84229
    endloop
  endfacet
  facet normal -0.760347 -0 -0.649517
    outer loop
      vertex 30.5253 12 5.01531
      vertex 30.6731 0 4.84229
      vertex 30.5253 0 5.01531
    endloop
  endfacet
  facet normal -0.382692 0 -0.923876
    outer loop
      vertex 29.9481 0 5.36903
      vertex 30.1583 12 5.28196
      vertex 30.1583 0 5.28196
    endloop
  endfacet
  facet normal -0.382692 0 -0.923876
    outer loop
      vertex 30.1583 12 5.28196
      vertex 29.9481 0 5.36903
      vertex 29.9481 12 5.36903
    endloop
  endfacet
  facet normal 0.649484 0 0.760375
    outer loop
      vertex 28.4747 12 2.9647
      vertex 28.6477 0 2.81693
      vertex 28.6477 12 2.81693
    endloop
  endfacet
  facet normal 0.649484 0 0.760375
    outer loop
      vertex 28.6477 0 2.81693
      vertex 28.4747 12 2.9647
      vertex 28.4747 0 2.9647
    endloop
  endfacet
  facet normal -0.852608 0 -0.522552
    outer loop
      vertex 30.792 0 4.64829
      vertex 30.6731 12 4.84229
      vertex 30.792 12 4.64829
    endloop
  endfacet
  facet normal -0.852608 -0 -0.522552
    outer loop
      vertex 30.6731 12 4.84229
      vertex 30.792 0 4.64829
      vertex 30.6731 0 4.84229
    endloop
  endfacet
  facet normal 0.52252 0 -0.852627
    outer loop
      vertex 28.6477 0 5.16307
      vertex 28.8417 12 5.28196
      vertex 28.8417 0 5.28196
    endloop
  endfacet
  facet normal 0.52252 0 -0.852627
    outer loop
      vertex 28.8417 12 5.28196
      vertex 28.6477 0 5.16307
      vertex 28.6477 12 5.16307
    endloop
  endfacet
  facet normal 0.760329 -0 0.649538
    outer loop
      vertex 28.3269 0 3.13771
      vertex 28.4747 12 2.9647
      vertex 28.3269 12 3.13771
    endloop
  endfacet
  facet normal 0.760329 0 0.649538
    outer loop
      vertex 28.4747 12 2.9647
      vertex 28.3269 0 3.13771
      vertex 28.4747 0 2.9647
    endloop
  endfacet
  facet normal 0.233406 0 0.972379
    outer loop
      vertex 29.0519 12 2.61097
      vertex 29.2732 0 2.55785
      vertex 29.2732 12 2.55785
    endloop
  endfacet
  facet normal 0.233406 0 0.972379
    outer loop
      vertex 29.2732 0 2.55785
      vertex 29.0519 12 2.61097
      vertex 29.0519 0 2.61097
    endloop
  endfacet
  facet normal -0.996901 0 -0.0786692
    outer loop
      vertex 30.95 0 3.99
      vertex 30.9321 12 4.21683
      vertex 30.95 12 3.99
    endloop
  endfacet
  facet normal -0.996901 -0 -0.0786692
    outer loop
      vertex 30.9321 12 4.21683
      vertex 30.95 0 3.99
      vertex 30.9321 0 4.21683
    endloop
  endfacet
  facet normal 0.52252 0 0.852627
    outer loop
      vertex 28.6477 12 2.81693
      vertex 28.8417 0 2.69804
      vertex 28.8417 12 2.69804
    endloop
  endfacet
  facet normal 0.52252 0 0.852627
    outer loop
      vertex 28.8417 0 2.69804
      vertex 28.6477 12 2.81693
      vertex 28.6477 0 2.81693
    endloop
  endfacet
  facet normal -0.52252 0 -0.852627
    outer loop
      vertex 30.1583 0 5.28196
      vertex 30.3523 12 5.16307
      vertex 30.3523 0 5.16307
    endloop
  endfacet
  facet normal -0.52252 0 -0.852627
    outer loop
      vertex 30.3523 12 5.16307
      vertex 30.1583 0 5.28196
      vertex 30.1583 12 5.28196
    endloop
  endfacet
  facet normal 0.972387 0 -0.233373
    outer loop
      vertex 28.121 0 4.43808
      vertex 28.0679 12 4.21683
      vertex 28.121 12 4.43808
    endloop
  endfacet
  facet normal 0.972387 0 -0.233373
    outer loop
      vertex 28.0679 12 4.21683
      vertex 28.121 0 4.43808
      vertex 28.0679 0 4.21683
    endloop
  endfacet
  facet normal 0.382692 0 0.923876
    outer loop
      vertex 28.8417 12 2.69804
      vertex 29.0519 0 2.61097
      vertex 29.0519 12 2.61097
    endloop
  endfacet
  facet normal 0.382692 0 0.923876
    outer loop
      vertex 29.0519 0 2.61097
      vertex 28.8417 12 2.69804
      vertex 28.8417 0 2.69804
    endloop
  endfacet
  facet normal -0.972387 0 -0.233373
    outer loop
      vertex 30.9321 0 4.21683
      vertex 30.879 12 4.43808
      vertex 30.9321 12 4.21683
    endloop
  endfacet
  facet normal -0.972387 -0 -0.233373
    outer loop
      vertex 30.879 12 4.43808
      vertex 30.9321 0 4.21683
      vertex 30.879 0 4.43808
    endloop
  endfacet
  facet normal -0.852608 0 0.522552
    outer loop
      vertex 30.6731 0 3.13771
      vertex 30.792 12 3.33171
      vertex 30.6731 12 3.13771
    endloop
  endfacet
  facet normal -0.852608 0 0.522552
    outer loop
      vertex 30.792 12 3.33171
      vertex 30.6731 0 3.13771
      vertex 30.792 0 3.33171
    endloop
  endfacet
  facet normal -0.923991 0 -0.382414
    outer loop
      vertex 30.879 0 4.43808
      vertex 30.792 12 4.64829
      vertex 30.879 12 4.43808
    endloop
  endfacet
  facet normal -0.923991 -0 -0.382414
    outer loop
      vertex 30.792 12 4.64829
      vertex 30.879 0 4.43808
      vertex 30.792 0 4.64829
    endloop
  endfacet
  facet normal 0.649458 0 -0.760397
    outer loop
      vertex 28.4747 0 5.01531
      vertex 28.6477 12 5.16307
      vertex 28.6477 0 5.16307
    endloop
  endfacet
  facet normal 0.649458 0 -0.760397
    outer loop
      vertex 28.6477 12 5.16307
      vertex 28.4747 0 5.01531
      vertex 28.4747 12 5.01531
    endloop
  endfacet
  facet normal -0.760329 0 0.649538
    outer loop
      vertex 30.5253 0 2.9647
      vertex 30.6731 12 3.13771
      vertex 30.5253 12 2.9647
    endloop
  endfacet
  facet normal -0.760329 0 0.649538
    outer loop
      vertex 30.6731 12 3.13771
      vertex 30.5253 0 2.9647
      vertex 30.6731 0 3.13771
    endloop
  endfacet
  facet normal -0.233406 0 0.972379
    outer loop
      vertex 29.7268 12 2.55785
      vertex 29.9481 0 2.61097
      vertex 29.9481 12 2.61097
    endloop
  endfacet
  facet normal -0.233406 0 0.972379
    outer loop
      vertex 29.9481 0 2.61097
      vertex 29.7268 12 2.55785
      vertex 29.7268 0 2.55785
    endloop
  endfacet
  facet normal 0 -1 0
    outer loop
      vertex 29.2732 12 5.42215
      vertex 29.7268 12 5.42215
      vertex 29.5 12 5.44
    endloop
  endfacet
  facet normal 0 -1 0
    outer loop
      vertex 29.0519 12 5.36903
      vertex 29.7268 12 5.42215
      vertex 29.2732 12 5.42215
    endloop
  endfacet
  facet normal 0 -1 0
    outer loop
      vertex 29.0519 12 5.36903
      vertex 29.9481 12 5.36903
      vertex 29.7268 12 5.42215
    endloop
  endfacet
  facet normal 0 -1 0
    outer loop
      vertex 28.8417 12 5.28196
      vertex 29.9481 12 5.36903
      vertex 29.0519 12 5.36903
    endloop
  endfacet
  facet normal 0 -1 0
    outer loop
      vertex 28.8417 12 5.28196
      vertex 30.1583 12 5.28196
      vertex 29.9481 12 5.36903
    endloop
  endfacet
  facet normal 0 -1 0
    outer loop
      vertex 28.6477 12 5.16307
      vertex 30.1583 12 5.28196
      vertex 28.8417 12 5.28196
    endloop
  endfacet
  facet normal 0 -1 0
    outer loop
      vertex 28.6477 12 5.16307
      vertex 30.3523 12 5.16307
      vertex 30.1583 12 5.28196
    endloop
  endfacet
  facet normal 0 -1 0
    outer loop
      vertex 28.4747 12 5.01531
      vertex 30.3523 12 5.16307
      vertex 28.6477 12 5.16307
    endloop
  endfacet
  facet normal 0 -1 0
    outer loop
      vertex 28.4747 12 5.01531
      vertex 30.5253 12 5.01531
      vertex 30.3523 12 5.16307
    endloop
  endfacet
  facet normal 0 -1 0
    outer loop
      vertex 28.3269 12 4.84229
      vertex 30.5253 12 5.01531
      vertex 28.4747 12 5.01531
    endloop
  endfacet
  facet normal 0 -1 0
    outer loop
      vertex 28.3269 12 4.84229
      vertex 30.6731 12 4.84229
      vertex 30.5253 12 5.01531
    endloop
  endfacet
  facet normal 0 -1 0
    outer loop
      vertex 28.208 12 4.64829
      vertex 30.6731 12 4.84229
      vertex 28.3269 12 4.84229
    endloop
  endfacet
  facet normal 0 -1 0
    outer loop
      vertex 28.208 12 4.64829
      vertex 30.792 12 4.64829
      vertex 30.6731 12 4.84229
    endloop
  endfacet
  facet normal 0 -1 0
    outer loop
      vertex 28.121 12 4.43808
      vertex 30.792 12 4.64829
      vertex 28.208 12 4.64829
    endloop
  endfacet
  facet normal 0 -1 0
    outer loop
      vertex 28.121 12 4.43808
      vertex 30.879 12 4.43808
      vertex 30.792 12 4.64829
    endloop
  endfacet
  facet normal 0 -1 0
    outer loop
      vertex 28.0679 12 4.21683
      vertex 30.879 12 4.43808
      vertex 28.121 12 4.43808
    endloop
  endfacet
  facet normal 0 -1 0
    outer loop
      vertex 28.0679 12 4.21683
      vertex 30.9321 12 4.21683
      vertex 30.879 12 4.43808
    endloop
  endfacet
  facet normal 0 -1 0
    outer loop
      vertex 28.05 12 3.99
      vertex 30.9321 12 4.21683
      vertex 28.0679 12 4.21683
    endloop
  endfacet
  facet normal 0 -1 0
    outer loop
      vertex 28.05 12 3.99
      vertex 30.95 12 3.99
      vertex 30.9321 12 4.21683
    endloop
  endfacet
  facet normal 0 -1 0
    outer loop
      vertex 28.0679 12 3.76317
      vertex 30.95 12 3.99
      vertex 28.05 12 3.99
    endloop
  endfacet
  facet normal 0 -1 0
    outer loop
      vertex 28.0679 12 3.76317
      vertex 30.9321 12 3.76317
      vertex 30.95 12 3.99
    endloop
  endfacet
  facet normal 0 -1 0
    outer loop
      vertex 28.121 12 3.54193
      vertex 30.9321 12 3.76317
      vertex 28.0679 12 3.76317
    endloop
  endfacet
  facet normal 0 -1 0
    outer loop
      vertex 28.121 12 3.54193
      vertex 30.879 12 3.54193
      vertex 30.9321 12 3.76317
    endloop
  endfacet
  facet normal 0 -1 0
    outer loop
      vertex 28.208 12 3.33171
      vertex 30.879 12 3.54193
      vertex 28.121 12 3.54193
    endloop
  endfacet
  facet normal 0 -1 0
    outer loop
      vertex 28.208 12 3.33171
      vertex 30.792 12 3.33171
      vertex 30.879 12 3.54193
    endloop
  endfacet
  facet normal 0 -1 0
    outer loop
      vertex 28.3269 12 3.13771
      vertex 30.792 12 3.33171
      vertex 28.208 12 3.33171
    endloop
  endfacet
  facet normal 0 -1 0
    outer loop
      vertex 28.3269 12 3.13771
      vertex 30.6731 12 3.13771
      vertex 30.792 12 3.33171
    endloop
  endfacet
  facet normal 0 -1 0
    outer loop
      vertex 28.4747 12 2.9647
      vertex 30.6731 12 3.13771
      vertex 28.3269 12 3.13771
    endloop
  endfacet
  facet normal 0 -1 0
    outer loop
      vertex 28.4747 12 2.9647
      vertex 30.5253 12 2.9647
      vertex 30.6731 12 3.13771
    endloop
  endfacet
  facet normal 0 -1 0
    outer loop
      vertex 28.6477 12 2.81693
      vertex 30.5253 12 2.9647
      vertex 28.4747 12 2.9647
    endloop
  endfacet
  facet normal 0 -1 0
    outer loop
      vertex 28.6477 12 2.81693
      vertex 30.3523 12 2.81693
      vertex 30.5253 12 2.9647
    endloop
  endfacet
  facet normal 0 -1 0
    outer loop
      vertex 28.8417 12 2.69804
      vertex 30.3523 12 2.81693
      vertex 28.6477 12 2.81693
    endloop
  endfacet
  facet normal 0 -1 0
    outer loop
      vertex 28.8417 12 2.69804
      vertex 30.1583 12 2.69804
      vertex 30.3523 12 2.81693
    endloop
  endfacet
  facet normal 0 -1 0
    outer loop
      vertex 29.0519 12 2.61097
      vertex 30.1583 12 2.69804
      vertex 28.8417 12 2.69804
    endloop
  endfacet
  facet normal 0 -1 0
    outer loop
      vertex 29.0519 12 2.61097
      vertex 29.9481 12 2.61097
      vertex 30.1583 12 2.69804
    endloop
  endfacet
  facet normal 0 -1 0
    outer loop
      vertex 29.2732 12 2.55785
      vertex 29.9481 12 2.61097
      vertex 29.0519 12 2.61097
    endloop
  endfacet
  facet normal 0 -1 0
    outer loop
      vertex 29.2732 12 2.55785
      vertex 29.7268 12 2.55785
      vertex 29.9481 12 2.61097
    endloop
  endfacet
  facet normal -0 -1 0
    outer loop
      vertex 29.7268 12 2.55785
      vertex 29.2732 12 2.55785
      vertex 29.5 12 2.54
    endloop
  endfacet
  facet normal 0.972385 -0 0.233383
    outer loop
      vertex 28.0679 0 3.76317
      vertex 28.121 12 3.54193
      vertex 28.0679 12 3.76317
    endloop
  endfacet
  facet normal 0.972385 0 0.233383
    outer loop
      vertex 28.121 12 3.54193
      vertex 28.0679 0 3.76317
      vertex 28.121 0 3.54193
    endloop
  endfacet
  facet normal -0.0784611 0 0.996917
    outer loop
      vertex 29.5 12 2.54
      vertex 29.7268 0 2.55785
      vertex 29.7268 12 2.55785
    endloop
  endfacet
  facet normal -0.0784611 0 0.996917
    outer loop
      vertex 29.7268 0 2.55785
      vertex 29.5 12 2.54
      vertex 29.5 0 2.54
    endloop
  endfacet
  facet normal 0.233406 0 -0.972379
    outer loop
      vertex 29.0519 0 5.36903
      vertex 29.2732 12 5.42215
      vertex 29.2732 0 5.42215
    endloop
  endfacet
  facet normal 0.233406 0 -0.972379
    outer loop
      vertex 29.2732 12 5.42215
      vertex 29.0519 0 5.36903
      vertex 29.0519 12 5.36903
    endloop
  endfacet
  facet normal 0.996901 0 -0.0786692
    outer loop
      vertex 28.0679 0 4.21683
      vertex 28.05 12 3.99
      vertex 28.0679 12 4.21683
    endloop
  endfacet
  facet normal 0.996901 0 -0.0786692
    outer loop
      vertex 28.05 12 3.99
      vertex 28.0679 0 4.21683
      vertex 28.05 0 3.99
    endloop
  endfacet
  facet normal 0.852608 0 -0.522552
    outer loop
      vertex 28.3269 0 4.84229
      vertex 28.208 12 4.64829
      vertex 28.3269 12 4.84229
    endloop
  endfacet
  facet normal 0.852608 0 -0.522552
    outer loop
      vertex 28.208 12 4.64829
      vertex 28.3269 0 4.84229
      vertex 28.208 0 4.64829
    endloop
  endfacet
  facet normal 0.760347 0 -0.649517
    outer loop
      vertex 28.4747 0 5.01531
      vertex 28.3269 12 4.84229
      vertex 28.4747 12 5.01531
    endloop
  endfacet
  facet normal 0.760347 0 -0.649517
    outer loop
      vertex 28.3269 12 4.84229
      vertex 28.4747 0 5.01531
      vertex 28.3269 0 4.84229
    endloop
  endfacet
  facet normal -0.233406 0 -0.972379
    outer loop
      vertex 45.7268 0 5.42215
      vertex 45.9481 12 5.36903
      vertex 45.9481 0 5.36903
    endloop
  endfacet
  facet normal -0.233406 0 -0.972379
    outer loop
      vertex 45.9481 12 5.36903
      vertex 45.7268 0 5.42215
      vertex 45.7268 12 5.42215
    endloop
  endfacet
  facet normal -0.972385 0 0.233383
    outer loop
      vertex 46.879 0 3.54193
      vertex 46.9321 12 3.76317
      vertex 46.879 12 3.54193
    endloop
  endfacet
  facet normal -0.972385 0 0.233383
    outer loop
      vertex 46.9321 12 3.76317
      vertex 46.879 0 3.54193
      vertex 46.9321 0 3.76317
    endloop
  endfacet
  facet normal -0.996901 0 0.0786692
    outer loop
      vertex 46.9321 0 3.76317
      vertex 46.95 12 3.99
      vertex 46.9321 12 3.76317
    endloop
  endfacet
  facet normal -0.996901 0 0.0786692
    outer loop
      vertex 46.95 12 3.99
      vertex 46.9321 0 3.76317
      vertex 46.95 0 3.99
    endloop
  endfacet
  facet normal 0.0784611 0 -0.996917
    outer loop
      vertex 45.2732 0 5.42215
      vertex 45.5 12 5.44
      vertex 45.5 0 5.44
    endloop
  endfacet
  facet normal 0.0784611 0 -0.996917
    outer loop
      vertex 45.5 12 5.44
      vertex 45.2732 0 5.42215
      vertex 45.2732 12 5.42215
    endloop
  endfacet
  facet normal -0.52252 0 0.852627
    outer loop
      vertex 46.1583 12 2.69804
      vertex 46.3523 0 2.81693
      vertex 46.3523 12 2.81693
    endloop
  endfacet
  facet normal -0.52252 0 0.852627
    outer loop
      vertex 46.3523 0 2.81693
      vertex 46.1583 12 2.69804
      vertex 46.1583 0 2.69804
    endloop
  endfacet
  facet normal 0.382692 0 -0.923876
    outer loop
      vertex 44.8417 0 5.28196
      vertex 45.0519 12 5.36903
      vertex 45.0519 0 5.36903
    endloop
  endfacet
  facet normal 0.382692 0 -0.923876
    outer loop
      vertex 45.0519 12 5.36903
      vertex 44.8417 0 5.28196
      vertex 44.8417 12 5.28196
    endloop
  endfacet
  facet normal -0.649484 0 0.760375
    outer loop
      vertex 46.3523 12 2.81693
      vertex 46.5253 0 2.9647
      vertex 46.5253 12 2.9647
    endloop
  endfacet
  facet normal -0.649484 0 0.760375
    outer loop
      vertex 46.5253 0 2.9647
      vertex 46.3523 12 2.81693
      vertex 46.3523 0 2.81693
    endloop
  endfacet
  facet normal 0.0784611 0 0.996917
    outer loop
      vertex 45.2732 12 2.55785
      vertex 45.5 0 2.54
      vertex 45.5 12 2.54
    endloop
  endfacet
  facet normal 0.0784611 0 0.996917
    outer loop
      vertex 45.5 0 2.54
      vertex 45.2732 12 2.55785
      vertex 45.2732 0 2.55785
    endloop
  endfacet
  facet normal -0.649458 0 -0.760397
    outer loop
      vertex 46.3523 0 5.16307
      vertex 46.5253 12 5.01531
      vertex 46.5253 0 5.01531
    endloop
  endfacet
  facet normal -0.649458 0 -0.760397
    outer loop
      vertex 46.5253 12 5.01531
      vertex 46.3523 0 5.16307
      vertex 46.3523 12 5.16307
    endloop
  endfacet
  facet normal 0.923991 0 -0.382414
    outer loop
      vertex 44.208 0 4.64829
      vertex 44.121 12 4.43808
      vertex 44.208 12 4.64829
    endloop
  endfacet
  facet normal 0.923991 0 -0.382414
    outer loop
      vertex 44.121 12 4.43808
      vertex 44.208 0 4.64829
      vertex 44.121 0 4.43808
    endloop
  endfacet
  facet normal 0.996901 -0 0.0786692
    outer loop
      vertex 44.05 0 3.99
      vertex 44.0679 12 3.76317
      vertex 44.05 12 3.99
    endloop
  endfacet
  facet normal 0.996901 0 0.0786692
    outer loop
      vertex 44.0679 12 3.76317
      vertex 44.05 0 3.99
      vertex 44.0679 0 3.76317
    endloop
  endfacet
  facet normal 0.923998 -0 0.382398
    outer loop
      vertex 44.121 0 3.54193
      vertex 44.208 12 3.33171
      vertex 44.121 12 3.54193
    endloop
  endfacet
  facet normal 0.923998 0 0.382398
    outer loop
      vertex 44.208 12 3.33171
      vertex 44.121 0 3.54193
      vertex 44.208 0 3.33171
    endloop
  endfacet
  facet normal -0.382692 0 0.923876
    outer loop
      vertex 45.9481 12 2.61097
      vertex 46.1583 0 2.69804
      vertex 46.1583 12 2.69804
    endloop
  endfacet
  facet normal -0.382692 0 0.923876
    outer loop
      vertex 46.1583 0 2.69804
      vertex 45.9481 12 2.61097
      vertex 45.9481 0 2.61097
    endloop
  endfacet
  facet normal 0.852608 -0 0.522552
    outer loop
      vertex 44.208 0 3.33171
      vertex 44.3269 12 3.13771
      vertex 44.208 12 3.33171
    endloop
  endfacet
  facet normal 0.852608 0 0.522552
    outer loop
      vertex 44.3269 12 3.13771
      vertex 44.208 0 3.33171
      vertex 44.3269 0 3.13771
    endloop
  endfacet
  facet normal -0.923998 0 0.382398
    outer loop
      vertex 46.792 0 3.33171
      vertex 46.879 12 3.54193
      vertex 46.792 12 3.33171
    endloop
  endfacet
  facet normal -0.923998 0 0.382398
    outer loop
      vertex 46.879 12 3.54193
      vertex 46.792 0 3.33171
      vertex 46.879 0 3.54193
    endloop
  endfacet
  facet normal -0.760347 0 -0.649517
    outer loop
      vertex 46.6731 0 4.84229
      vertex 46.5253 12 5.01531
      vertex 46.6731 12 4.84229
    endloop
  endfacet
  facet normal -0.760347 -0 -0.649517
    outer loop
      vertex 46.5253 12 5.01531
      vertex 46.6731 0 4.84229
      vertex 46.5253 0 5.01531
    endloop
  endfacet
  facet normal -0.382692 0 -0.923876
    outer loop
      vertex 45.9481 0 5.36903
      vertex 46.1583 12 5.28196
      vertex 46.1583 0 5.28196
    endloop
  endfacet
  facet normal -0.382692 0 -0.923876
    outer loop
      vertex 46.1583 12 5.28196
      vertex 45.9481 0 5.36903
      vertex 45.9481 12 5.36903
    endloop
  endfacet
  facet normal 0.649484 0 0.760375
    outer loop
      vertex 44.4747 12 2.9647
      vertex 44.6477 0 2.81693
      vertex 44.6477 12 2.81693
    endloop
  endfacet
  facet normal 0.649484 0 0.760375
    outer loop
      vertex 44.6477 0 2.81693
      vertex 44.4747 12 2.9647
      vertex 44.4747 0 2.9647
    endloop
  endfacet
  facet normal -0.852608 0 -0.522552
    outer loop
      vertex 46.792 0 4.64829
      vertex 46.6731 12 4.84229
      vertex 46.792 12 4.64829
    endloop
  endfacet
  facet normal -0.852608 -0 -0.522552
    outer loop
      vertex 46.6731 12 4.84229
      vertex 46.792 0 4.64829
      vertex 46.6731 0 4.84229
    endloop
  endfacet
  facet normal 0.52252 0 -0.852627
    outer loop
      vertex 44.6477 0 5.16307
      vertex 44.8417 12 5.28196
      vertex 44.8417 0 5.28196
    endloop
  endfacet
  facet normal 0.52252 0 -0.852627
    outer loop
      vertex 44.8417 12 5.28196
      vertex 44.6477 0 5.16307
      vertex 44.6477 12 5.16307
    endloop
  endfacet
  facet normal 0.760329 -0 0.649538
    outer loop
      vertex 44.3269 0 3.13771
      vertex 44.4747 12 2.9647
      vertex 44.3269 12 3.13771
    endloop
  endfacet
  facet normal 0.760329 0 0.649538
    outer loop
      vertex 44.4747 12 2.9647
      vertex 44.3269 0 3.13771
      vertex 44.4747 0 2.9647
    endloop
  endfacet
  facet normal 0.233406 0 0.972379
    outer loop
      vertex 45.0519 12 2.61097
      vertex 45.2732 0 2.55785
      vertex 45.2732 12 2.55785
    endloop
  endfacet
  facet normal 0.233406 0 0.972379
    outer loop
      vertex 45.2732 0 2.55785
      vertex 45.0519 12 2.61097
      vertex 45.0519 0 2.61097
    endloop
  endfacet
  facet normal -0.996901 0 -0.0786692
    outer loop
      vertex 46.95 0 3.99
      vertex 46.9321 12 4.21683
      vertex 46.95 12 3.99
    endloop
  endfacet
  facet normal -0.996901 -0 -0.0786692
    outer loop
      vertex 46.9321 12 4.21683
      vertex 46.95 0 3.99
      vertex 46.9321 0 4.21683
    endloop
  endfacet
  facet normal 0.52252 0 0.852627
    outer loop
      vertex 44.6477 12 2.81693
      vertex 44.8417 0 2.69804
      vertex 44.8417 12 2.69804
    endloop
  endfacet
  facet normal 0.52252 0 0.852627
    outer loop
      vertex 44.8417 0 2.69804
      vertex 44.6477 12 2.81693
      vertex 44.6477 0 2.81693
    endloop
  endfacet
  facet normal -0.52252 0 -0.852627
    outer loop
      vertex 46.1583 0 5.28196
      vertex 46.3523 12 5.16307
      vertex 46.3523 0 5.16307
    endloop
  endfacet
  facet normal -0.52252 0 -0.852627
    outer loop
      vertex 46.3523 12 5.16307
      vertex 46.1583 0 5.28196
      vertex 46.1583 12 5.28196
    endloop
  endfacet
  facet normal 0.972387 0 -0.233373
    outer loop
      vertex 44.121 0 4.43808
      vertex 44.0679 12 4.21683
      vertex 44.121 12 4.43808
    endloop
  endfacet
  facet normal 0.972387 0 -0.233373
    outer loop
      vertex 44.0679 12 4.21683
      vertex 44.121 0 4.43808
      vertex 44.0679 0 4.21683
    endloop
  endfacet
  facet normal 0.382692 0 0.923876
    outer loop
      vertex 44.8417 12 2.69804
      vertex 45.0519 0 2.61097
      vertex 45.0519 12 2.61097
    endloop
  endfacet
  facet normal 0.382692 0 0.923876
    outer loop
      vertex 45.0519 0 2.61097
      vertex 44.8417 12 2.69804
      vertex 44.8417 0 2.69804
    endloop
  endfacet
  facet normal -0.972387 0 -0.233373
    outer loop
      vertex 46.9321 0 4.21683
      vertex 46.879 12 4.43808
      vertex 46.9321 12 4.21683
    endloop
  endfacet
  facet normal -0.972387 -0 -0.233373
    outer loop
      vertex 46.879 12 4.43808
      vertex 46.9321 0 4.21683
      vertex 46.879 0 4.43808
    endloop
  endfacet
  facet normal -0.852608 0 0.522552
    outer loop
      vertex 46.6731 0 3.13771
      vertex 46.792 12 3.33171
      vertex 46.6731 12 3.13771
    endloop
  endfacet
  facet normal -0.852608 0 0.522552
    outer loop
      vertex 46.792 12 3.33171
      vertex 46.6731 0 3.13771
      vertex 46.792 0 3.33171
    endloop
  endfacet
  facet normal -0.923991 0 -0.382414
    outer loop
      vertex 46.879 0 4.43808
      vertex 46.792 12 4.64829
      vertex 46.879 12 4.43808
    endloop
  endfacet
  facet normal -0.923991 -0 -0.382414
    outer loop
      vertex 46.792 12 4.64829
      vertex 46.879 0 4.43808
      vertex 46.792 0 4.64829
    endloop
  endfacet
  facet normal 0.760347 0 -0.649517
    outer loop
      vertex 44.4747 0 5.01531
      vertex 44.3269 12 4.84229
      vertex 44.4747 12 5.01531
    endloop
  endfacet
  facet normal 0.760347 0 -0.649517
    outer loop
      vertex 44.3269 12 4.84229
      vertex 44.4747 0 5.01531
      vertex 44.3269 0 4.84229
    endloop
  endfacet
  facet normal 0.649458 0 -0.760397
    outer loop
      vertex 44.4747 0 5.01531
      vertex 44.6477 12 5.16307
      vertex 44.6477 0 5.16307
    endloop
  endfacet
  facet normal 0.649458 0 -0.760397
    outer loop
      vertex 44.6477 12 5.16307
      vertex 44.4747 0 5.01531
      vertex 44.4747 12 5.01531
    endloop
  endfacet
  facet normal -0.760329 0 0.649538
    outer loop
      vertex 46.5253 0 2.9647
      vertex 46.6731 12 3.13771
      vertex 46.5253 12 2.9647
    endloop
  endfacet
  facet normal -0.760329 0 0.649538
    outer loop
      vertex 46.6731 12 3.13771
      vertex 46.5253 0 2.9647
      vertex 46.6731 0 3.13771
    endloop
  endfacet
  facet normal -0.233406 0 0.972379
    outer loop
      vertex 45.7268 12 2.55785
      vertex 45.9481 0 2.61097
      vertex 45.9481 12 2.61097
    endloop
  endfacet
  facet normal -0.233406 0 0.972379
    outer loop
      vertex 45.9481 0 2.61097
      vertex 45.7268 12 2.55785
      vertex 45.7268 0 2.55785
    endloop
  endfacet
  facet normal 0 -1 0
    outer loop
      vertex 45.2732 12 5.42215
      vertex 45.7268 12 5.42215
      vertex 45.5 12 5.44
    endloop
  endfacet
  facet normal 0 -1 0
    outer loop
      vertex 45.0519 12 5.36903
      vertex 45.7268 12 5.42215
      vertex 45.2732 12 5.42215
    endloop
  endfacet
  facet normal 0 -1 0
    outer loop
      vertex 45.0519 12 5.36903
      vertex 45.9481 12 5.36903
      vertex 45.7268 12 5.42215
    endloop
  endfacet
  facet normal 0 -1 0
    outer loop
      vertex 44.8417 12 5.28196
      vertex 45.9481 12 5.36903
      vertex 45.0519 12 5.36903
    endloop
  endfacet
  facet normal 0 -1 0
    outer loop
      vertex 44.8417 12 5.28196
      vertex 46.1583 12 5.28196
      vertex 45.9481 12 5.36903
    endloop
  endfacet
  facet normal 0 -1 0
    outer loop
      vertex 44.6477 12 5.16307
      vertex 46.1583 12 5.28196
      vertex 44.8417 12 5.28196
    endloop
  endfacet
  facet normal 0 -1 0
    outer loop
      vertex 44.6477 12 5.16307
      vertex 46.3523 12 5.16307
      vertex 46.1583 12 5.28196
    endloop
  endfacet
  facet normal 0 -1 0
    outer loop
      vertex 44.4747 12 5.01531
      vertex 46.3523 12 5.16307
      vertex 44.6477 12 5.16307
    endloop
  endfacet
  facet normal 0 -1 0
    outer loop
      vertex 44.4747 12 5.01531
      vertex 46.5253 12 5.01531
      vertex 46.3523 12 5.16307
    endloop
  endfacet
  facet normal 0 -1 0
    outer loop
      vertex 44.3269 12 4.84229
      vertex 46.5253 12 5.01531
      vertex 44.4747 12 5.01531
    endloop
  endfacet
  facet normal 0 -1 0
    outer loop
      vertex 44.3269 12 4.84229
      vertex 46.6731 12 4.84229
      vertex 46.5253 12 5.01531
    endloop
  endfacet
  facet normal 0 -1 0
    outer loop
      vertex 44.208 12 4.64829
      vertex 46.6731 12 4.84229
      vertex 44.3269 12 4.84229
    endloop
  endfacet
  facet normal 0 -1 0
    outer loop
      vertex 44.208 12 4.64829
      vertex 46.792 12 4.64829
      vertex 46.6731 12 4.84229
    endloop
  endfacet
  facet normal 0 -1 0
    outer loop
      vertex 44.121 12 4.43808
      vertex 46.792 12 4.64829
      vertex 44.208 12 4.64829
    endloop
  endfacet
  facet normal 0 -1 0
    outer loop
      vertex 44.121 12 4.43808
      vertex 46.879 12 4.43808
      vertex 46.792 12 4.64829
    endloop
  endfacet
  facet normal 0 -1 0
    outer loop
      vertex 44.0679 12 4.21683
      vertex 46.879 12 4.43808
      vertex 44.121 12 4.43808
    endloop
  endfacet
  facet normal 0 -1 0
    outer loop
      vertex 44.0679 12 4.21683
      vertex 46.9321 12 4.21683
      vertex 46.879 12 4.43808
    endloop
  endfacet
  facet normal 0 -1 0
    outer loop
      vertex 44.05 12 3.99
      vertex 46.9321 12 4.21683
      vertex 44.0679 12 4.21683
    endloop
  endfacet
  facet normal 0 -1 0
    outer loop
      vertex 44.05 12 3.99
      vertex 46.95 12 3.99
      vertex 46.9321 12 4.21683
    endloop
  endfacet
  facet normal 0 -1 0
    outer loop
      vertex 44.0679 12 3.76317
      vertex 46.95 12 3.99
      vertex 44.05 12 3.99
    endloop
  endfacet
  facet normal 0 -1 0
    outer loop
      vertex 44.0679 12 3.76317
      vertex 46.9321 12 3.76317
      vertex 46.95 12 3.99
    endloop
  endfacet
  facet normal 0 -1 0
    outer loop
      vertex 44.121 12 3.54193
      vertex 46.9321 12 3.76317
      vertex 44.0679 12 3.76317
    endloop
  endfacet
  facet normal 0 -1 0
    outer loop
      vertex 44.121 12 3.54193
      vertex 46.879 12 3.54193
      vertex 46.9321 12 3.76317
    endloop
  endfacet
  facet normal 0 -1 0
    outer loop
      vertex 44.208 12 3.33171
      vertex 46.879 12 3.54193
      vertex 44.121 12 3.54193
    endloop
  endfacet
  facet normal 0 -1 0
    outer loop
      vertex 44.208 12 3.33171
      vertex 46.792 12 3.33171
      vertex 46.879 12 3.54193
    endloop
  endfacet
  facet normal 0 -1 0
    outer loop
      vertex 44.3269 12 3.13771
      vertex 46.792 12 3.33171
      vertex 44.208 12 3.33171
    endloop
  endfacet
  facet normal 0 -1 0
    outer loop
      vertex 44.3269 12 3.13771
      vertex 46.6731 12 3.13771
      vertex 46.792 12 3.33171
    endloop
  endfacet
  facet normal 0 -1 0
    outer loop
      vertex 44.4747 12 2.9647
      vertex 46.6731 12 3.13771
      vertex 44.3269 12 3.13771
    endloop
  endfacet
  facet normal 0 -1 0
    outer loop
      vertex 44.4747 12 2.9647
      vertex 46.5253 12 2.9647
      vertex 46.6731 12 3.13771
    endloop
  endfacet
  facet normal 0 -1 0
    outer loop
      vertex 44.6477 12 2.81693
      vertex 46.5253 12 2.9647
      vertex 44.4747 12 2.9647
    endloop
  endfacet
  facet normal 0 -1 0
    outer loop
      vertex 44.6477 12 2.81693
      vertex 46.3523 12 2.81693
      vertex 46.5253 12 2.9647
    endloop
  endfacet
  facet normal 0 -1 0
    outer loop
      vertex 44.8417 12 2.69804
      vertex 46.3523 12 2.81693
      vertex 44.6477 12 2.81693
    endloop
  endfacet
  facet normal 0 -1 0
    outer loop
      vertex 44.8417 12 2.69804
      vertex 46.1583 12 2.69804
      vertex 46.3523 12 2.81693
    endloop
  endfacet
  facet normal 0 -1 0
    outer loop
      vertex 45.0519 12 2.61097
      vertex 46.1583 12 2.69804
      vertex 44.8417 12 2.69804
    endloop
  endfacet
  facet normal 0 -1 0
    outer loop
      vertex 45.0519 12 2.61097
      vertex 45.9481 12 2.61097
      vertex 46.1583 12 2.69804
    endloop
  endfacet
  facet normal 0 -1 0
    outer loop
      vertex 45.2732 12 2.55785
      vertex 45.9481 12 2.61097
      vertex 45.0519 12 2.61097
    endloop
  endfacet
  facet normal 0 -1 0
    outer loop
      vertex 45.2732 12 2.55785
      vertex 45.7268 12 2.55785
      vertex 45.9481 12 2.61097
    endloop
  endfacet
  facet normal -0 -1 0
    outer loop
      vertex 45.7268 12 2.55785
      vertex 45.2732 12 2.55785
      vertex 45.5 12 2.54
    endloop
  endfacet
  facet normal 0.972385 -0 0.233383
    outer loop
      vertex 44.0679 0 3.76317
      vertex 44.121 12 3.54193
      vertex 44.0679 12 3.76317
    endloop
  endfacet
  facet normal 0.972385 0 0.233383
    outer loop
      vertex 44.121 12 3.54193
      vertex 44.0679 0 3.76317
      vertex 44.121 0 3.54193
    endloop
  endfacet
  facet normal -0.0784611 0 0.996917
    outer loop
      vertex 45.5 12 2.54
      vertex 45.7268 0 2.55785
      vertex 45.7268 12 2.55785
    endloop
  endfacet
  facet normal -0.0784611 0 0.996917
    outer loop
      vertex 45.7268 0 2.55785
      vertex 45.5 12 2.54
      vertex 45.5 0 2.54
    endloop
  endfacet
  facet normal -0.0784611 0 -0.996917
    outer loop
      vertex 45.5 0 5.44
      vertex 45.7268 12 5.42215
      vertex 45.7268 0 5.42215
    endloop
  endfacet
  facet normal -0.0784611 0 -0.996917
    outer loop
      vertex 45.7268 12 5.42215
      vertex 45.5 0 5.44
      vertex 45.5 12 5.44
    endloop
  endfacet
  facet normal 0.233406 0 -0.972379
    outer loop
      vertex 45.0519 0 5.36903
      vertex 45.2732 12 5.42215
      vertex 45.2732 0 5.42215
    endloop
  endfacet
  facet normal 0.233406 0 -0.972379
    outer loop
      vertex 45.2732 12 5.42215
      vertex 45.0519 0 5.36903
      vertex 45.0519 12 5.36903
    endloop
  endfacet
  facet normal 0.996901 0 -0.0786692
    outer loop
      vertex 44.0679 0 4.21683
      vertex 44.05 12 3.99
      vertex 44.0679 12 4.21683
    endloop
  endfacet
  facet normal 0.996901 0 -0.0786692
    outer loop
      vertex 44.05 12 3.99
      vertex 44.0679 0 4.21683
      vertex 44.05 0 3.99
    endloop
  endfacet
  facet normal 0.852608 0 -0.522552
    outer loop
      vertex 44.3269 0 4.84229
      vertex 44.208 12 4.64829
      vertex 44.3269 12 4.84229
    endloop
  endfacet
  facet normal 0.852608 0 -0.522552
    outer loop
      vertex 44.208 12 4.64829
      vertex 44.3269 0 4.84229
      vertex 44.208 0 4.64829
    endloop
  endfacet
  facet normal -0 0 1
    outer loop
      vertex 38 21.5 20.5
      vertex 57 0 20.5
      vertex 57 21.5 20.5
    endloop
  endfacet
  facet normal 0 0 1
    outer loop
      vertex 57 0 20.5
      vertex 38 21.5 20.5
      vertex 38 0 20.5
    endloop
  endfacet
  facet normal 1 -0 0
    outer loop
      vertex 38 0 23
      vertex 38 21.5 20.5
      vertex 38 21.5 23
    endloop
  endfacet
  facet normal 1 0 0
    outer loop
      vertex 38 21.5 20.5
      vertex 38 0 23
      vertex 38 0 20.5
    endloop
  endfacet
  facet normal 0 -1 0
    outer loop
      vertex 38 21.5 20.5
      vertex 57 21.5 23
      vertex 38 21.5 23
    endloop
  endfacet
  facet normal 0 -1 -0
    outer loop
      vertex 57 21.5 23
      vertex 38 21.5 20.5
      vertex 57 21.5 20.5
    endloop
  endfacet
endsolid OpenSCAD_Model
