solid OpenSCAD_Model
  facet normal 1 -0 0
    outer loop
      vertex 57 0 23
      vertex 57 82 2.28882e-07
      vertex 57 82 23
    endloop
  endfacet
  facet normal 1 0 0
    outer loop
      vertex 57 82 2.28882e-07
      vertex 57 0 23
      vertex 57 0 2.28882e-07
    endloop
  endfacet
  facet normal 0 0 -1
    outer loop
      vertex 16.4747 17.0253 2.28882e-07
      vertex 5.0253 17.0253 2.28882e-07
      vertex 16.6477 17.1731 2.28882e-07
    endloop
  endfacet
  facet normal 0 0 -1
    outer loop
      vertex 17.0519 64.621 2.28882e-07
      vertex 5.43215 65.7732 2.28882e-07
      vertex 5.45 66 2.28882e-07
    endloop
  endfacet
  facet normal 0 0 -1
    outer loop
      vertex 4.85229 17.1731 2.28882e-07
      vertex 16.6477 17.1731 2.28882e-07
      vertex 5.0253 17.0253 2.28882e-07
    endloop
  endfacet
  facet normal 0 0 -1
    outer loop
      vertex 17.0519 64.621 2.28882e-07
      vertex 5.37903 65.5519 2.28882e-07
      vertex 5.43215 65.7732 2.28882e-07
    endloop
  endfacet
  facet normal 0 0 -1
    outer loop
      vertex 16.6477 17.1731 2.28882e-07
      vertex 4.85229 17.1731 2.28882e-07
      vertex 16.8417 17.292 2.28882e-07
    endloop
  endfacet
  facet normal 0 0 -1
    outer loop
      vertex 17.0519 64.621 2.28882e-07
      vertex 5.29196 65.3417 2.28882e-07
      vertex 5.37903 65.5519 2.28882e-07
    endloop
  endfacet
  facet normal 0 0 -1
    outer loop
      vertex 4.65829 17.292 2.28882e-07
      vertex 16.8417 17.292 2.28882e-07
      vertex 4.85229 17.1731 2.28882e-07
    endloop
  endfacet
  facet normal 0 0 -1
    outer loop
      vertex 17.0519 64.621 2.28882e-07
      vertex 5.17307 65.1477 2.28882e-07
      vertex 5.29196 65.3417 2.28882e-07
    endloop
  endfacet
  facet normal 0 0 -1
    outer loop
      vertex 16.8417 17.292 2.28882e-07
      vertex 4.65829 17.292 2.28882e-07
      vertex 17.0519 17.379 2.28882e-07
    endloop
  endfacet
  facet normal 0 0 -1
    outer loop
      vertex 17.0519 64.621 2.28882e-07
      vertex 5.0253 64.9747 2.28882e-07
      vertex 5.17307 65.1477 2.28882e-07
    endloop
  endfacet
  facet normal 0 0 -1
    outer loop
      vertex 4.44807 17.379 2.28882e-07
      vertex 17.0519 17.379 2.28882e-07
      vertex 4.65829 17.292 2.28882e-07
    endloop
  endfacet
  facet normal 0 0 -1
    outer loop
      vertex 17.0519 64.621 2.28882e-07
      vertex 4.85229 64.8269 2.28882e-07
      vertex 5.0253 64.9747 2.28882e-07
    endloop
  endfacet
  facet normal 0 0 -1
    outer loop
      vertex 17.0519 17.379 2.28882e-07
      vertex 4.44807 17.379 2.28882e-07
      vertex 17.0519 64.621 2.28882e-07
    endloop
  endfacet
  facet normal 0 0 -1
    outer loop
      vertex 17.0519 64.621 2.28882e-07
      vertex 4.65829 64.708 2.28882e-07
      vertex 4.85229 64.8269 2.28882e-07
    endloop
  endfacet
  facet normal 0 0 -1
    outer loop
      vertex 4.44807 64.621 2.28882e-07
      vertex 17.0519 64.621 2.28882e-07
      vertex 4.44807 17.379 2.28882e-07
    endloop
  endfacet
  facet normal 0 0 -1
    outer loop
      vertex 17.0519 64.621 2.28882e-07
      vertex 4.44807 64.621 2.28882e-07
      vertex 4.65829 64.708 2.28882e-07
    endloop
  endfacet
  facet normal 0 0 -1
    outer loop
      vertex 4.22683 17.4321 2.28882e-07
      vertex 4.44807 64.621 2.28882e-07
      vertex 4.44807 17.379 2.28882e-07
    endloop
  endfacet
  facet normal 0 0 -1
    outer loop
      vertex 4.22683 17.4321 2.28882e-07
      vertex 4.22683 64.5678 2.28882e-07
      vertex 4.44807 64.621 2.28882e-07
    endloop
  endfacet
  facet normal 0 0 -1
    outer loop
      vertex 4 17.45 2.28882e-07
      vertex 4.22683 64.5678 2.28882e-07
      vertex 4.22683 17.4321 2.28882e-07
    endloop
  endfacet
  facet normal 0 0 -1
    outer loop
      vertex 4 17.45 2.28882e-07
      vertex 4 64.55 2.28882e-07
      vertex 4.22683 64.5678 2.28882e-07
    endloop
  endfacet
  facet normal 0 0 -1
    outer loop
      vertex 3.77317 17.4321 2.28882e-07
      vertex 4 64.55 2.28882e-07
      vertex 4 17.45 2.28882e-07
    endloop
  endfacet
  facet normal 0 0 -1
    outer loop
      vertex 3.77317 17.4321 2.28882e-07
      vertex 3.77317 64.5678 2.28882e-07
      vertex 4 64.55 2.28882e-07
    endloop
  endfacet
  facet normal 0 0 -1
    outer loop
      vertex 3.55192 17.379 2.28882e-07
      vertex 3.77317 64.5678 2.28882e-07
      vertex 3.77317 17.4321 2.28882e-07
    endloop
  endfacet
  facet normal 0 0 -1
    outer loop
      vertex 3.55192 17.379 2.28882e-07
      vertex 3.55192 64.621 2.28882e-07
      vertex 3.77317 64.5678 2.28882e-07
    endloop
  endfacet
  facet normal 0 0 -1
    outer loop
      vertex 3.34171 17.292 2.28882e-07
      vertex 3.55192 64.621 2.28882e-07
      vertex 3.55192 17.379 2.28882e-07
    endloop
  endfacet
  facet normal 0 0 -1
    outer loop
      vertex 3.34171 17.292 2.28882e-07
      vertex 3.34171 64.708 2.28882e-07
      vertex 3.55192 64.621 2.28882e-07
    endloop
  endfacet
  facet normal 0 0 -1
    outer loop
      vertex 3.14771 17.1731 2.28882e-07
      vertex 3.34171 64.708 2.28882e-07
      vertex 3.34171 17.292 2.28882e-07
    endloop
  endfacet
  facet normal 0 0 -1
    outer loop
      vertex 3.14771 17.1731 2.28882e-07
      vertex 3.14771 64.8269 2.28882e-07
      vertex 3.34171 64.708 2.28882e-07
    endloop
  endfacet
  facet normal 0 0 -1
    outer loop
      vertex 2.97469 17.0253 2.28882e-07
      vertex 3.14771 64.8269 2.28882e-07
      vertex 3.14771 17.1731 2.28882e-07
    endloop
  endfacet
  facet normal 0 0 -1
    outer loop
      vertex 2.97469 17.0253 2.28882e-07
      vertex 2.97469 64.9747 2.28882e-07
      vertex 3.14771 64.8269 2.28882e-07
    endloop
  endfacet
  facet normal 0 0 -1
    outer loop
      vertex 2.82693 16.8523 2.28882e-07
      vertex 2.97469 64.9747 2.28882e-07
      vertex 2.97469 17.0253 2.28882e-07
    endloop
  endfacet
  facet normal 0 0 -1
    outer loop
      vertex 2.82693 16.8523 2.28882e-07
      vertex 2.82693 65.1477 2.28882e-07
      vertex 2.97469 64.9747 2.28882e-07
    endloop
  endfacet
  facet normal 0 0 -1
    outer loop
      vertex 2.70804 16.6583 2.28882e-07
      vertex 2.82693 65.1477 2.28882e-07
      vertex 2.82693 16.8523 2.28882e-07
    endloop
  endfacet
  facet normal 0 0 -1
    outer loop
      vertex 2.70804 16.6583 2.28882e-07
      vertex 2.70804 65.3417 2.28882e-07
      vertex 2.82693 65.1477 2.28882e-07
    endloop
  endfacet
  facet normal 0 0 -1
    outer loop
      vertex 2.62097 16.4481 2.28882e-07
      vertex 2.70804 65.3417 2.28882e-07
      vertex 2.70804 16.6583 2.28882e-07
    endloop
  endfacet
  facet normal 0 0 -1
    outer loop
      vertex 2.62097 16.4481 2.28882e-07
      vertex 2.62097 65.5519 2.28882e-07
      vertex 2.70804 65.3417 2.28882e-07
    endloop
  endfacet
  facet normal 0 0 -1
    outer loop
      vertex 2.56785 16.2268 2.28882e-07
      vertex 2.62097 65.5519 2.28882e-07
      vertex 2.62097 16.4481 2.28882e-07
    endloop
  endfacet
  facet normal 0 0 -1
    outer loop
      vertex 2.56785 16.2268 2.28882e-07
      vertex 2.56785 65.7732 2.28882e-07
      vertex 2.62097 65.5519 2.28882e-07
    endloop
  endfacet
  facet normal 0 0 -1
    outer loop
      vertex 0 0 2.28882e-07
      vertex 2.56785 16.2268 2.28882e-07
      vertex 2.55 16 2.28882e-07
    endloop
  endfacet
  facet normal -0 0 -1
    outer loop
      vertex 2.56785 16.2268 2.28882e-07
      vertex 0 0 2.28882e-07
      vertex 2.56785 65.7732 2.28882e-07
    endloop
  endfacet
  facet normal 0 0 -1
    outer loop
      vertex 18.792 16.6583 2.28882e-07
      vertex 57 0 2.28882e-07
      vertex 18.879 16.4481 2.28882e-07
    endloop
  endfacet
  facet normal 0 0 -1
    outer loop
      vertex 57 82 2.28882e-07
      vertex 18.9321 65.7732 2.28882e-07
      vertex 18.95 66 2.28882e-07
    endloop
  endfacet
  facet normal 0 0 -1
    outer loop
      vertex 18.6731 16.8523 2.28882e-07
      vertex 57 0 2.28882e-07
      vertex 18.792 16.6583 2.28882e-07
    endloop
  endfacet
  facet normal 0 0 -1
    outer loop
      vertex 57 82 2.28882e-07
      vertex 18.879 65.5519 2.28882e-07
      vertex 18.9321 65.7732 2.28882e-07
    endloop
  endfacet
  facet normal 0 0 -1
    outer loop
      vertex 57 0 2.28882e-07
      vertex 18.6731 16.8523 2.28882e-07
      vertex 57 82 2.28882e-07
    endloop
  endfacet
  facet normal 0 0 -1
    outer loop
      vertex 57 82 2.28882e-07
      vertex 18.792 65.3417 2.28882e-07
      vertex 18.879 65.5519 2.28882e-07
    endloop
  endfacet
  facet normal 0 0 -1
    outer loop
      vertex 18.6731 65.1477 2.28882e-07
      vertex 57 82 2.28882e-07
      vertex 18.6731 16.8523 2.28882e-07
    endloop
  endfacet
  facet normal 0 0 -1
    outer loop
      vertex 57 82 2.28882e-07
      vertex 18.6731 65.1477 2.28882e-07
      vertex 18.792 65.3417 2.28882e-07
    endloop
  endfacet
  facet normal 0 0 -1
    outer loop
      vertex 18.5253 17.0253 2.28882e-07
      vertex 18.6731 65.1477 2.28882e-07
      vertex 18.6731 16.8523 2.28882e-07
    endloop
  endfacet
  facet normal 0 0 -1
    outer loop
      vertex 18.5253 17.0253 2.28882e-07
      vertex 18.5253 64.9747 2.28882e-07
      vertex 18.6731 65.1477 2.28882e-07
    endloop
  endfacet
  facet normal 0 0 -1
    outer loop
      vertex 18.3523 17.1731 2.28882e-07
      vertex 18.5253 64.9747 2.28882e-07
      vertex 18.5253 17.0253 2.28882e-07
    endloop
  endfacet
  facet normal 0 0 -1
    outer loop
      vertex 18.3523 17.1731 2.28882e-07
      vertex 18.3523 64.8269 2.28882e-07
      vertex 18.5253 64.9747 2.28882e-07
    endloop
  endfacet
  facet normal 0 0 -1
    outer loop
      vertex 18.1583 17.292 2.28882e-07
      vertex 18.3523 64.8269 2.28882e-07
      vertex 18.3523 17.1731 2.28882e-07
    endloop
  endfacet
  facet normal 0 0 -1
    outer loop
      vertex 18.1583 17.292 2.28882e-07
      vertex 18.1583 64.708 2.28882e-07
      vertex 18.3523 64.8269 2.28882e-07
    endloop
  endfacet
  facet normal 0 0 -1
    outer loop
      vertex 17.9481 17.379 2.28882e-07
      vertex 18.1583 64.708 2.28882e-07
      vertex 18.1583 17.292 2.28882e-07
    endloop
  endfacet
  facet normal 0 0 -1
    outer loop
      vertex 17.9481 17.379 2.28882e-07
      vertex 17.9481 64.621 2.28882e-07
      vertex 18.1583 64.708 2.28882e-07
    endloop
  endfacet
  facet normal 0 0 -1
    outer loop
      vertex 17.7268 17.4321 2.28882e-07
      vertex 17.9481 64.621 2.28882e-07
      vertex 17.9481 17.379 2.28882e-07
    endloop
  endfacet
  facet normal 0 0 -1
    outer loop
      vertex 17.7268 17.4321 2.28882e-07
      vertex 17.7268 64.5678 2.28882e-07
      vertex 17.9481 64.621 2.28882e-07
    endloop
  endfacet
  facet normal 0 0 -1
    outer loop
      vertex 17.5 17.45 2.28882e-07
      vertex 17.7268 64.5678 2.28882e-07
      vertex 17.7268 17.4321 2.28882e-07
    endloop
  endfacet
  facet normal 0 0 -1
    outer loop
      vertex 17.5 17.45 2.28882e-07
      vertex 17.5 64.55 2.28882e-07
      vertex 17.7268 64.5678 2.28882e-07
    endloop
  endfacet
  facet normal 0 0 -1
    outer loop
      vertex 17.2732 17.4321 2.28882e-07
      vertex 17.5 64.55 2.28882e-07
      vertex 17.5 17.45 2.28882e-07
    endloop
  endfacet
  facet normal 0 0 -1
    outer loop
      vertex 17.2732 17.4321 2.28882e-07
      vertex 17.2732 64.5678 2.28882e-07
      vertex 17.5 64.55 2.28882e-07
    endloop
  endfacet
  facet normal 0 0 -1
    outer loop
      vertex 17.0519 17.379 2.28882e-07
      vertex 17.2732 64.5678 2.28882e-07
      vertex 17.2732 17.4321 2.28882e-07
    endloop
  endfacet
  facet normal 0 0 -1
    outer loop
      vertex 17.0519 17.379 2.28882e-07
      vertex 17.0519 64.621 2.28882e-07
      vertex 17.2732 64.5678 2.28882e-07
    endloop
  endfacet
  facet normal 0 0 -1
    outer loop
      vertex 5.17307 16.8523 2.28882e-07
      vertex 16.3269 16.8523 2.28882e-07
      vertex 5.29196 16.6583 2.28882e-07
    endloop
  endfacet
  facet normal 0 0 -1
    outer loop
      vertex 16.3269 16.8523 2.28882e-07
      vertex 5.17307 16.8523 2.28882e-07
      vertex 16.4747 17.0253 2.28882e-07
    endloop
  endfacet
  facet normal 0 0 -1
    outer loop
      vertex 16.208 16.6583 2.28882e-07
      vertex 5.29196 16.6583 2.28882e-07
      vertex 16.3269 16.8523 2.28882e-07
    endloop
  endfacet
  facet normal 0 0 -1
    outer loop
      vertex 5.0253 17.0253 2.28882e-07
      vertex 16.4747 17.0253 2.28882e-07
      vertex 5.17307 16.8523 2.28882e-07
    endloop
  endfacet
  facet normal 0 0 -1
    outer loop
      vertex 5.29196 16.6583 2.28882e-07
      vertex 16.208 16.6583 2.28882e-07
      vertex 5.37903 16.4481 2.28882e-07
    endloop
  endfacet
  facet normal 0 0 -1
    outer loop
      vertex 17.0519 64.621 2.28882e-07
      vertex 5.45 66 2.28882e-07
      vertex 16.8417 64.708 2.28882e-07
    endloop
  endfacet
  facet normal 0 0 -1
    outer loop
      vertex 16.121 16.4481 2.28882e-07
      vertex 5.37903 16.4481 2.28882e-07
      vertex 16.208 16.6583 2.28882e-07
    endloop
  endfacet
  facet normal 0 0 -1
    outer loop
      vertex 16.8417 64.708 2.28882e-07
      vertex 5.45 66 2.28882e-07
      vertex 16.6477 64.8269 2.28882e-07
    endloop
  endfacet
  facet normal 0 0 -1
    outer loop
      vertex 5.37903 16.4481 2.28882e-07
      vertex 16.121 16.4481 2.28882e-07
      vertex 5.43215 16.2268 2.28882e-07
    endloop
  endfacet
  facet normal 0 0 -1
    outer loop
      vertex 16.6477 64.8269 2.28882e-07
      vertex 5.45 66 2.28882e-07
      vertex 16.4747 64.9747 2.28882e-07
    endloop
  endfacet
  facet normal 0 0 -1
    outer loop
      vertex 16.0679 16.2268 2.28882e-07
      vertex 5.43215 16.2268 2.28882e-07
      vertex 16.121 16.4481 2.28882e-07
    endloop
  endfacet
  facet normal 0 0 -1
    outer loop
      vertex 16.4747 64.9747 2.28882e-07
      vertex 5.45 66 2.28882e-07
      vertex 16.3269 65.1477 2.28882e-07
    endloop
  endfacet
  facet normal 0 0 -1
    outer loop
      vertex 5.43215 16.2268 2.28882e-07
      vertex 16.0679 16.2268 2.28882e-07
      vertex 5.45 16 2.28882e-07
    endloop
  endfacet
  facet normal 0 0 -1
    outer loop
      vertex 16.3269 65.1477 2.28882e-07
      vertex 5.45 66 2.28882e-07
      vertex 16.208 65.3417 2.28882e-07
    endloop
  endfacet
  facet normal 0 0 -1
    outer loop
      vertex 5.45 16 2.28882e-07
      vertex 16.0679 16.2268 2.28882e-07
      vertex 16.05 16 2.28882e-07
    endloop
  endfacet
  facet normal 0 0 -1
    outer loop
      vertex 16.208 65.3417 2.28882e-07
      vertex 5.45 66 2.28882e-07
      vertex 16.121 65.5519 2.28882e-07
    endloop
  endfacet
  facet normal 0 0 -1
    outer loop
      vertex 18.9321 16.2268 2.28882e-07
      vertex 57 0 2.28882e-07
      vertex 18.95 16 2.28882e-07
    endloop
  endfacet
  facet normal 0 0 -1
    outer loop
      vertex 57 0 2.28882e-07
      vertex 18.9321 15.7732 2.28882e-07
      vertex 18.95 16 2.28882e-07
    endloop
  endfacet
  facet normal 0 0 -1
    outer loop
      vertex 57 0 2.28882e-07
      vertex 18.879 15.5519 2.28882e-07
      vertex 18.9321 15.7732 2.28882e-07
    endloop
  endfacet
  facet normal 0 0 -1
    outer loop
      vertex 57 0 2.28882e-07
      vertex 18.792 15.3417 2.28882e-07
      vertex 18.879 15.5519 2.28882e-07
    endloop
  endfacet
  facet normal 0 0 -1
    outer loop
      vertex 57 0 2.28882e-07
      vertex 18.6731 15.1477 2.28882e-07
      vertex 18.792 15.3417 2.28882e-07
    endloop
  endfacet
  facet normal 0 0 -1
    outer loop
      vertex 57 0 2.28882e-07
      vertex 18.5253 14.9747 2.28882e-07
      vertex 18.6731 15.1477 2.28882e-07
    endloop
  endfacet
  facet normal 0 0 -1
    outer loop
      vertex 57 0 2.28882e-07
      vertex 18.3523 14.8269 2.28882e-07
      vertex 18.5253 14.9747 2.28882e-07
    endloop
  endfacet
  facet normal 0 0 -1
    outer loop
      vertex 57 0 2.28882e-07
      vertex 18.1583 14.708 2.28882e-07
      vertex 18.3523 14.8269 2.28882e-07
    endloop
  endfacet
  facet normal 0 0 -1
    outer loop
      vertex 57 0 2.28882e-07
      vertex 17.9481 14.621 2.28882e-07
      vertex 18.1583 14.708 2.28882e-07
    endloop
  endfacet
  facet normal 0 0 -1
    outer loop
      vertex 0 0 2.28882e-07
      vertex 17.9481 14.621 2.28882e-07
      vertex 57 0 2.28882e-07
    endloop
  endfacet
  facet normal 0 0 -1
    outer loop
      vertex 17.9481 14.621 2.28882e-07
      vertex 0 0 2.28882e-07
      vertex 17.7268 14.5679 2.28882e-07
    endloop
  endfacet
  facet normal 0 0 -1
    outer loop
      vertex 17.7268 14.5679 2.28882e-07
      vertex 0 0 2.28882e-07
      vertex 17.5 14.55 2.28882e-07
    endloop
  endfacet
  facet normal -0 0 -1
    outer loop
      vertex 17.5 14.55 2.28882e-07
      vertex 0 0 2.28882e-07
      vertex 17.2732 14.5679 2.28882e-07
    endloop
  endfacet
  facet normal 0 0 -1
    outer loop
      vertex 16.121 65.5519 2.28882e-07
      vertex 5.45 66 2.28882e-07
      vertex 16.0679 65.7732 2.28882e-07
    endloop
  endfacet
  facet normal 0 0 -1
    outer loop
      vertex 16.0679 15.7732 2.28882e-07
      vertex 5.45 16 2.28882e-07
      vertex 16.05 16 2.28882e-07
    endloop
  endfacet
  facet normal 0 0 -1
    outer loop
      vertex 5.43215 15.7732 2.28882e-07
      vertex 16.0679 15.7732 2.28882e-07
      vertex 16.121 15.5519 2.28882e-07
    endloop
  endfacet
  facet normal 0 0 -1
    outer loop
      vertex 5.37903 15.5519 2.28882e-07
      vertex 16.121 15.5519 2.28882e-07
      vertex 16.208 15.3417 2.28882e-07
    endloop
  endfacet
  facet normal 0 0 -1
    outer loop
      vertex 5.29196 15.3417 2.28882e-07
      vertex 16.208 15.3417 2.28882e-07
      vertex 16.3269 15.1477 2.28882e-07
    endloop
  endfacet
  facet normal 0 0 -1
    outer loop
      vertex 5.17307 15.1477 2.28882e-07
      vertex 16.3269 15.1477 2.28882e-07
      vertex 16.4747 14.9747 2.28882e-07
    endloop
  endfacet
  facet normal 0 0 -1
    outer loop
      vertex 5.0253 14.9747 2.28882e-07
      vertex 16.4747 14.9747 2.28882e-07
      vertex 16.6477 14.8269 2.28882e-07
    endloop
  endfacet
  facet normal 0 0 -1
    outer loop
      vertex 4.85229 14.8269 2.28882e-07
      vertex 16.6477 14.8269 2.28882e-07
      vertex 16.8417 14.708 2.28882e-07
    endloop
  endfacet
  facet normal 0 0 -1
    outer loop
      vertex 0 0 2.28882e-07
      vertex 16.8417 14.708 2.28882e-07
      vertex 17.0519 14.621 2.28882e-07
    endloop
  endfacet
  facet normal -0 0 -1
    outer loop
      vertex 17.2732 14.5679 2.28882e-07
      vertex 0 0 2.28882e-07
      vertex 17.0519 14.621 2.28882e-07
    endloop
  endfacet
  facet normal 0 0 -1
    outer loop
      vertex 16.0679 15.7732 2.28882e-07
      vertex 5.43215 15.7732 2.28882e-07
      vertex 5.45 16 2.28882e-07
    endloop
  endfacet
  facet normal 0 0 -1
    outer loop
      vertex 16.121 15.5519 2.28882e-07
      vertex 5.37903 15.5519 2.28882e-07
      vertex 5.43215 15.7732 2.28882e-07
    endloop
  endfacet
  facet normal 0 0 -1
    outer loop
      vertex 16.208 15.3417 2.28882e-07
      vertex 5.29196 15.3417 2.28882e-07
      vertex 5.37903 15.5519 2.28882e-07
    endloop
  endfacet
  facet normal 0 0 -1
    outer loop
      vertex 16.3269 15.1477 2.28882e-07
      vertex 5.17307 15.1477 2.28882e-07
      vertex 5.29196 15.3417 2.28882e-07
    endloop
  endfacet
  facet normal -0 0 -1
    outer loop
      vertex 16.8417 14.708 2.28882e-07
      vertex 0 0 2.28882e-07
      vertex 4.65829 14.708 2.28882e-07
    endloop
  endfacet
  facet normal 0 0 -1
    outer loop
      vertex 16.4747 14.9747 2.28882e-07
      vertex 5.0253 14.9747 2.28882e-07
      vertex 5.17307 15.1477 2.28882e-07
    endloop
  endfacet
  facet normal 0 0 -1
    outer loop
      vertex 16.6477 14.8269 2.28882e-07
      vertex 4.85229 14.8269 2.28882e-07
      vertex 5.0253 14.9747 2.28882e-07
    endloop
  endfacet
  facet normal 0 0 -1
    outer loop
      vertex 16.8417 14.708 2.28882e-07
      vertex 4.65829 14.708 2.28882e-07
      vertex 4.85229 14.8269 2.28882e-07
    endloop
  endfacet
  facet normal 0 0 -1
    outer loop
      vertex 4.65829 14.708 2.28882e-07
      vertex 0 0 2.28882e-07
      vertex 4.44807 14.621 2.28882e-07
    endloop
  endfacet
  facet normal 0 0 -1
    outer loop
      vertex 4.44807 14.621 2.28882e-07
      vertex 0 0 2.28882e-07
      vertex 4.22683 14.5679 2.28882e-07
    endloop
  endfacet
  facet normal 0 0 -1
    outer loop
      vertex 4.22683 14.5679 2.28882e-07
      vertex 0 0 2.28882e-07
      vertex 4 14.55 2.28882e-07
    endloop
  endfacet
  facet normal -0 0 -1
    outer loop
      vertex 4 14.55 2.28882e-07
      vertex 0 0 2.28882e-07
      vertex 3.77317 14.5679 2.28882e-07
    endloop
  endfacet
  facet normal 0 0 -1
    outer loop
      vertex 0 82 2.28882e-07
      vertex 2.56785 65.7732 2.28882e-07
      vertex 0 0 2.28882e-07
    endloop
  endfacet
  facet normal -0 0 -1
    outer loop
      vertex 2.56785 15.7732 2.28882e-07
      vertex 0 0 2.28882e-07
      vertex 2.55 16 2.28882e-07
    endloop
  endfacet
  facet normal -0 0 -1
    outer loop
      vertex 2.62097 15.5519 2.28882e-07
      vertex 0 0 2.28882e-07
      vertex 2.56785 15.7732 2.28882e-07
    endloop
  endfacet
  facet normal -0 0 -1
    outer loop
      vertex 2.70804 15.3417 2.28882e-07
      vertex 0 0 2.28882e-07
      vertex 2.62097 15.5519 2.28882e-07
    endloop
  endfacet
  facet normal -0 0 -1
    outer loop
      vertex 2.82693 15.1477 2.28882e-07
      vertex 0 0 2.28882e-07
      vertex 2.70804 15.3417 2.28882e-07
    endloop
  endfacet
  facet normal -0 0 -1
    outer loop
      vertex 2.97469 14.9747 2.28882e-07
      vertex 0 0 2.28882e-07
      vertex 2.82693 15.1477 2.28882e-07
    endloop
  endfacet
  facet normal -0 0 -1
    outer loop
      vertex 3.14771 14.8269 2.28882e-07
      vertex 0 0 2.28882e-07
      vertex 2.97469 14.9747 2.28882e-07
    endloop
  endfacet
  facet normal -0 0 -1
    outer loop
      vertex 3.34171 14.708 2.28882e-07
      vertex 0 0 2.28882e-07
      vertex 3.14771 14.8269 2.28882e-07
    endloop
  endfacet
  facet normal -0 0 -1
    outer loop
      vertex 3.55192 14.621 2.28882e-07
      vertex 0 0 2.28882e-07
      vertex 3.34171 14.708 2.28882e-07
    endloop
  endfacet
  facet normal -0 0 -1
    outer loop
      vertex 3.77317 14.5679 2.28882e-07
      vertex 0 0 2.28882e-07
      vertex 3.55192 14.621 2.28882e-07
    endloop
  endfacet
  facet normal 0 0 -1
    outer loop
      vertex 18.879 16.4481 2.28882e-07
      vertex 57 0 2.28882e-07
      vertex 18.9321 16.2268 2.28882e-07
    endloop
  endfacet
  facet normal 0 0 -1
    outer loop
      vertex 18.9321 66.2268 2.28882e-07
      vertex 57 82 2.28882e-07
      vertex 18.95 66 2.28882e-07
    endloop
  endfacet
  facet normal 0 0 -1
    outer loop
      vertex 18.879 66.4481 2.28882e-07
      vertex 57 82 2.28882e-07
      vertex 18.9321 66.2268 2.28882e-07
    endloop
  endfacet
  facet normal 0 0 -1
    outer loop
      vertex 18.792 66.6583 2.28882e-07
      vertex 57 82 2.28882e-07
      vertex 18.879 66.4481 2.28882e-07
    endloop
  endfacet
  facet normal 0 0 -1
    outer loop
      vertex 18.6731 66.8523 2.28882e-07
      vertex 57 82 2.28882e-07
      vertex 18.792 66.6583 2.28882e-07
    endloop
  endfacet
  facet normal 0 0 -1
    outer loop
      vertex 18.5253 67.0253 2.28882e-07
      vertex 57 82 2.28882e-07
      vertex 18.6731 66.8523 2.28882e-07
    endloop
  endfacet
  facet normal 0 0 -1
    outer loop
      vertex 18.3523 67.1731 2.28882e-07
      vertex 57 82 2.28882e-07
      vertex 18.5253 67.0253 2.28882e-07
    endloop
  endfacet
  facet normal 0 0 -1
    outer loop
      vertex 18.1583 67.292 2.28882e-07
      vertex 57 82 2.28882e-07
      vertex 18.3523 67.1731 2.28882e-07
    endloop
  endfacet
  facet normal 0 0 -1
    outer loop
      vertex 17.9481 67.379 2.28882e-07
      vertex 57 82 2.28882e-07
      vertex 18.1583 67.292 2.28882e-07
    endloop
  endfacet
  facet normal 0 0 -1
    outer loop
      vertex 0 82 2.28882e-07
      vertex 17.9481 67.379 2.28882e-07
      vertex 17.7268 67.4321 2.28882e-07
    endloop
  endfacet
  facet normal 0 0 -1
    outer loop
      vertex 0 82 2.28882e-07
      vertex 17.7268 67.4321 2.28882e-07
      vertex 17.5 67.45 2.28882e-07
    endloop
  endfacet
  facet normal 0 0 -1
    outer loop
      vertex 0 82 2.28882e-07
      vertex 17.5 67.45 2.28882e-07
      vertex 17.2732 67.4321 2.28882e-07
    endloop
  endfacet
  facet normal 0 0 -1
    outer loop
      vertex 0 82 2.28882e-07
      vertex 17.2732 67.4321 2.28882e-07
      vertex 17.0519 67.379 2.28882e-07
    endloop
  endfacet
  facet normal 0 0 -1
    outer loop
      vertex 16.0679 65.7732 2.28882e-07
      vertex 5.45 66 2.28882e-07
      vertex 16.05 66 2.28882e-07
    endloop
  endfacet
  facet normal 0 0 -1
    outer loop
      vertex 16.05 66 2.28882e-07
      vertex 5.45 66 2.28882e-07
      vertex 16.0679 66.2268 2.28882e-07
    endloop
  endfacet
  facet normal 0 0 -1
    outer loop
      vertex 5.43215 66.2268 2.28882e-07
      vertex 16.0679 66.2268 2.28882e-07
      vertex 5.45 66 2.28882e-07
    endloop
  endfacet
  facet normal 0 0 -1
    outer loop
      vertex 16.0679 66.2268 2.28882e-07
      vertex 5.43215 66.2268 2.28882e-07
      vertex 16.121 66.4481 2.28882e-07
    endloop
  endfacet
  facet normal 0 0 -1
    outer loop
      vertex 5.37903 66.4481 2.28882e-07
      vertex 16.121 66.4481 2.28882e-07
      vertex 5.43215 66.2268 2.28882e-07
    endloop
  endfacet
  facet normal 0 0 -1
    outer loop
      vertex 16.121 66.4481 2.28882e-07
      vertex 5.37903 66.4481 2.28882e-07
      vertex 16.208 66.6583 2.28882e-07
    endloop
  endfacet
  facet normal 0 0 -1
    outer loop
      vertex 5.29196 66.6583 2.28882e-07
      vertex 16.208 66.6583 2.28882e-07
      vertex 5.37903 66.4481 2.28882e-07
    endloop
  endfacet
  facet normal 0 0 -1
    outer loop
      vertex 16.208 66.6583 2.28882e-07
      vertex 5.29196 66.6583 2.28882e-07
      vertex 16.3269 66.8523 2.28882e-07
    endloop
  endfacet
  facet normal 0 0 -1
    outer loop
      vertex 5.17307 66.8523 2.28882e-07
      vertex 16.3269 66.8523 2.28882e-07
      vertex 5.29196 66.6583 2.28882e-07
    endloop
  endfacet
  facet normal 0 0 -1
    outer loop
      vertex 16.3269 66.8523 2.28882e-07
      vertex 5.17307 66.8523 2.28882e-07
      vertex 16.4747 67.0253 2.28882e-07
    endloop
  endfacet
  facet normal 0 0 -1
    outer loop
      vertex 5.0253 67.0253 2.28882e-07
      vertex 16.4747 67.0253 2.28882e-07
      vertex 5.17307 66.8523 2.28882e-07
    endloop
  endfacet
  facet normal 0 0 -1
    outer loop
      vertex 16.4747 67.0253 2.28882e-07
      vertex 5.0253 67.0253 2.28882e-07
      vertex 16.6477 67.1731 2.28882e-07
    endloop
  endfacet
  facet normal 0 0 -1
    outer loop
      vertex 4.85229 67.1731 2.28882e-07
      vertex 16.6477 67.1731 2.28882e-07
      vertex 5.0253 67.0253 2.28882e-07
    endloop
  endfacet
  facet normal 0 0 -1
    outer loop
      vertex 16.6477 67.1731 2.28882e-07
      vertex 4.85229 67.1731 2.28882e-07
      vertex 16.8417 67.292 2.28882e-07
    endloop
  endfacet
  facet normal 0 0 -1
    outer loop
      vertex 4.65829 67.292 2.28882e-07
      vertex 16.8417 67.292 2.28882e-07
      vertex 4.85229 67.1731 2.28882e-07
    endloop
  endfacet
  facet normal 0 0 -1
    outer loop
      vertex 0 82 2.28882e-07
      vertex 16.8417 67.292 2.28882e-07
      vertex 4.65829 67.292 2.28882e-07
    endloop
  endfacet
  facet normal 0 0 -1
    outer loop
      vertex 16.8417 67.292 2.28882e-07
      vertex 0 82 2.28882e-07
      vertex 17.0519 67.379 2.28882e-07
    endloop
  endfacet
  facet normal 0 0 -1
    outer loop
      vertex 0 82 2.28882e-07
      vertex 4.65829 67.292 2.28882e-07
      vertex 4.44807 67.379 2.28882e-07
    endloop
  endfacet
  facet normal 0 0 -1
    outer loop
      vertex 0 82 2.28882e-07
      vertex 4.44807 67.379 2.28882e-07
      vertex 4.22683 67.4321 2.28882e-07
    endloop
  endfacet
  facet normal 0 0 -1
    outer loop
      vertex 0 82 2.28882e-07
      vertex 4.22683 67.4321 2.28882e-07
      vertex 4 67.45 2.28882e-07
    endloop
  endfacet
  facet normal 0 0 -1
    outer loop
      vertex 0 82 2.28882e-07
      vertex 4 67.45 2.28882e-07
      vertex 3.77317 67.4321 2.28882e-07
    endloop
  endfacet
  facet normal 0 0 -1
    outer loop
      vertex 0 82 2.28882e-07
      vertex 3.77317 67.4321 2.28882e-07
      vertex 3.55192 67.379 2.28882e-07
    endloop
  endfacet
  facet normal 0 0 -1
    outer loop
      vertex 17.9481 67.379 2.28882e-07
      vertex 0 82 2.28882e-07
      vertex 57 82 2.28882e-07
    endloop
  endfacet
  facet normal 0 0 -1
    outer loop
      vertex 3.34171 67.292 2.28882e-07
      vertex 0 82 2.28882e-07
      vertex 3.55192 67.379 2.28882e-07
    endloop
  endfacet
  facet normal 0 0 -1
    outer loop
      vertex 3.14771 67.1731 2.28882e-07
      vertex 0 82 2.28882e-07
      vertex 3.34171 67.292 2.28882e-07
    endloop
  endfacet
  facet normal 0 0 -1
    outer loop
      vertex 2.97469 67.0253 2.28882e-07
      vertex 0 82 2.28882e-07
      vertex 3.14771 67.1731 2.28882e-07
    endloop
  endfacet
  facet normal 0 0 -1
    outer loop
      vertex 2.82693 66.8523 2.28882e-07
      vertex 0 82 2.28882e-07
      vertex 2.97469 67.0253 2.28882e-07
    endloop
  endfacet
  facet normal 0 0 -1
    outer loop
      vertex 2.70804 66.6583 2.28882e-07
      vertex 0 82 2.28882e-07
      vertex 2.82693 66.8523 2.28882e-07
    endloop
  endfacet
  facet normal 0 0 -1
    outer loop
      vertex 2.62097 66.4481 2.28882e-07
      vertex 0 82 2.28882e-07
      vertex 2.70804 66.6583 2.28882e-07
    endloop
  endfacet
  facet normal 0 0 -1
    outer loop
      vertex 2.56785 66.2268 2.28882e-07
      vertex 0 82 2.28882e-07
      vertex 2.62097 66.4481 2.28882e-07
    endloop
  endfacet
  facet normal 0 0 -1
    outer loop
      vertex 2.55 66 2.28882e-07
      vertex 0 82 2.28882e-07
      vertex 2.56785 66.2268 2.28882e-07
    endloop
  endfacet
  facet normal 0 0 -1
    outer loop
      vertex 2.56785 65.7732 2.28882e-07
      vertex 0 82 2.28882e-07
      vertex 2.55 66 2.28882e-07
    endloop
  endfacet
  facet normal 0 0 1
    outer loop
      vertex 57 82 23
      vertex 21.5 25.75 23
      vertex 57 0 23
    endloop
  endfacet
  facet normal -0 0 1
    outer loop
      vertex 0 82 23
      vertex 21.5 25.75 23
      vertex 57 82 23
    endloop
  endfacet
  facet normal 0 0 1
    outer loop
      vertex 21.5 25.75 23
      vertex 0 82 23
      vertex 0 25.75 23
    endloop
  endfacet
  facet normal -0 0 1
    outer loop
      vertex 21.5 6.25 23
      vertex 57 0 23
      vertex 21.5 25.75 23
    endloop
  endfacet
  facet normal 0 0 1
    outer loop
      vertex 0 0 23
      vertex 21.5 6.25 23
      vertex 0 6.25 23
    endloop
  endfacet
  facet normal 0 0 1
    outer loop
      vertex 21.5 6.25 23
      vertex 0 0 23
      vertex 57 0 23
    endloop
  endfacet
  facet normal 0 -1 0
    outer loop
      vertex 0 0 23
      vertex 43.492 0 20.24
      vertex 57 0 23
    endloop
  endfacet
  facet normal 0 -1 0
    outer loop
      vertex 0 0 23
      vertex 40.126 0 16.874
      vertex 43.492 0 20.24
    endloop
  endfacet
  facet normal 0 -1 0
    outer loop
      vertex 0 0 23
      vertex 39.3515 0 15.9672
      vertex 40.126 0 16.874
    endloop
  endfacet
  facet normal 0 -1 0
    outer loop
      vertex 0 0 23
      vertex 38.7284 0 14.9503
      vertex 39.3515 0 15.9672
    endloop
  endfacet
  facet normal 0 -1 0
    outer loop
      vertex 0 0 23
      vertex 38.272 0 13.8485
      vertex 38.7284 0 14.9503
    endloop
  endfacet
  facet normal 0 -1 0
    outer loop
      vertex 0 0 23
      vertex 37.9936 0 12.6889
      vertex 38.272 0 13.8485
    endloop
  endfacet
  facet normal 0 -1 0
    outer loop
      vertex 0 0 23
      vertex 37.9 0 11.5
      vertex 37.9936 0 12.6889
    endloop
  endfacet
  facet normal 0 -1 0
    outer loop
      vertex 0 0 2.28882e-07
      vertex 37.9 0 11.5
      vertex 0 0 23
    endloop
  endfacet
  facet normal 0 -1 -0
    outer loop
      vertex 37.9 0 11.5
      vertex 0 0 2.28882e-07
      vertex 37.9936 0 10.3111
    endloop
  endfacet
  facet normal 0 -1 -0
    outer loop
      vertex 37.9936 0 10.3111
      vertex 0 0 2.28882e-07
      vertex 38.272 0 9.15147
    endloop
  endfacet
  facet normal 0 -1 -0
    outer loop
      vertex 38.272 0 9.15147
      vertex 0 0 2.28882e-07
      vertex 38.7284 0 8.04968
    endloop
  endfacet
  facet normal 0 -1 -0
    outer loop
      vertex 38.7284 0 8.04968
      vertex 0 0 2.28882e-07
      vertex 39.3515 0 7.03284
    endloop
  endfacet
  facet normal 0 -1 -0
    outer loop
      vertex 39.3515 0 7.03284
      vertex 0 0 2.28882e-07
      vertex 40.126 0 6.12599
    endloop
  endfacet
  facet normal 0 -1 -0
    outer loop
      vertex 40.126 0 6.12599
      vertex 0 0 2.28882e-07
      vertex 41.0328 0 5.35147
    endloop
  endfacet
  facet normal 0 -1 0
    outer loop
      vertex 57 0 2.28882e-07
      vertex 44.3111 0 3.99358
      vertex 0 0 2.28882e-07
    endloop
  endfacet
  facet normal 0 -1 -0
    outer loop
      vertex 43.1515 0 4.27197
      vertex 0 0 2.28882e-07
      vertex 44.3111 0 3.99358
    endloop
  endfacet
  facet normal 0 -1 -0
    outer loop
      vertex 42.0497 0 4.72836
      vertex 0 0 2.28882e-07
      vertex 43.1515 0 4.27197
    endloop
  endfacet
  facet normal 0 -1 -0
    outer loop
      vertex 41.0328 0 5.35147
      vertex 0 0 2.28882e-07
      vertex 42.0497 0 4.72836
    endloop
  endfacet
  facet normal 0 -1 0
    outer loop
      vertex 47.508 0 20.24
      vertex 57 0 23
      vertex 43.492 0 20.24
    endloop
  endfacet
  facet normal 0 -1 0
    outer loop
      vertex 50.874 0 16.874
      vertex 57 0 23
      vertex 47.508 0 20.24
    endloop
  endfacet
  facet normal 0 -1 0
    outer loop
      vertex 51.6485 0 15.9672
      vertex 57 0 23
      vertex 50.874 0 16.874
    endloop
  endfacet
  facet normal 0 -1 0
    outer loop
      vertex 52.2716 0 14.9503
      vertex 57 0 23
      vertex 51.6485 0 15.9672
    endloop
  endfacet
  facet normal 0 -1 0
    outer loop
      vertex 52.728 0 13.8485
      vertex 57 0 23
      vertex 52.2716 0 14.9503
    endloop
  endfacet
  facet normal 0 -1 0
    outer loop
      vertex 53.0064 0 12.6889
      vertex 57 0 23
      vertex 52.728 0 13.8485
    endloop
  endfacet
  facet normal 0 -1 0
    outer loop
      vertex 53.1 0 11.5
      vertex 57 0 23
      vertex 53.0064 0 12.6889
    endloop
  endfacet
  facet normal 0 -1 0
    outer loop
      vertex 57 0 2.28882e-07
      vertex 53.1 0 11.5
      vertex 53.0064 0 10.3111
    endloop
  endfacet
  facet normal 0 -1 0
    outer loop
      vertex 57 0 2.28882e-07
      vertex 53.0064 0 10.3111
      vertex 52.728 0 9.15147
    endloop
  endfacet
  facet normal 0 -1 0
    outer loop
      vertex 44.3111 0 3.99358
      vertex 57 0 2.28882e-07
      vertex 45.5 0 3.90001
    endloop
  endfacet
  facet normal 0 -1 0
    outer loop
      vertex 53.1 0 11.5
      vertex 57 0 2.28882e-07
      vertex 57 0 23
    endloop
  endfacet
  facet normal 0 -1 0
    outer loop
      vertex 52.2716 0 8.04968
      vertex 57 0 2.28882e-07
      vertex 52.728 0 9.15147
    endloop
  endfacet
  facet normal 0 -1 0
    outer loop
      vertex 51.6485 0 7.03284
      vertex 57 0 2.28882e-07
      vertex 52.2716 0 8.04968
    endloop
  endfacet
  facet normal 0 -1 0
    outer loop
      vertex 50.874 0 6.12599
      vertex 57 0 2.28882e-07
      vertex 51.6485 0 7.03284
    endloop
  endfacet
  facet normal 0 -1 0
    outer loop
      vertex 49.9672 0 5.35147
      vertex 57 0 2.28882e-07
      vertex 50.874 0 6.12599
    endloop
  endfacet
  facet normal 0 -1 0
    outer loop
      vertex 48.9503 0 4.72836
      vertex 57 0 2.28882e-07
      vertex 49.9672 0 5.35147
    endloop
  endfacet
  facet normal 0 -1 0
    outer loop
      vertex 47.8485 0 4.27197
      vertex 57 0 2.28882e-07
      vertex 48.9503 0 4.72836
    endloop
  endfacet
  facet normal 0 -1 0
    outer loop
      vertex 46.6889 0 3.99358
      vertex 57 0 2.28882e-07
      vertex 47.8485 0 4.27197
    endloop
  endfacet
  facet normal 0 -1 0
    outer loop
      vertex 45.5 0 3.90001
      vertex 57 0 2.28882e-07
      vertex 46.6889 0 3.99358
    endloop
  endfacet
  facet normal 0 1 0
    outer loop
      vertex 43.492 82 20.24
      vertex 57 82 23
      vertex 47.508 82 20.24
    endloop
  endfacet
  facet normal 0 1 0
    outer loop
      vertex 57 82 23
      vertex 50.874 82 16.874
      vertex 47.508 82 20.24
    endloop
  endfacet
  facet normal 0 1 0
    outer loop
      vertex 57 82 23
      vertex 51.6485 82 15.9672
      vertex 50.874 82 16.874
    endloop
  endfacet
  facet normal 0 1 0
    outer loop
      vertex 57 82 23
      vertex 52.2716 82 14.9503
      vertex 51.6485 82 15.9672
    endloop
  endfacet
  facet normal 0 1 0
    outer loop
      vertex 57 82 23
      vertex 52.728 82 13.8485
      vertex 52.2716 82 14.9503
    endloop
  endfacet
  facet normal 0 1 0
    outer loop
      vertex 57 82 23
      vertex 53.0064 82 12.6889
      vertex 52.728 82 13.8485
    endloop
  endfacet
  facet normal 0 1 0
    outer loop
      vertex 57 82 23
      vertex 53.1 82 11.5
      vertex 53.0064 82 12.6889
    endloop
  endfacet
  facet normal 0 1 -0
    outer loop
      vertex 57 82 2.28882e-07
      vertex 53.1 82 11.5
      vertex 57 82 23
    endloop
  endfacet
  facet normal 0 1 0
    outer loop
      vertex 53.1 82 11.5
      vertex 57 82 2.28882e-07
      vertex 53.0064 82 10.3111
    endloop
  endfacet
  facet normal 0 1 0
    outer loop
      vertex 46.6889 82 3.99358
      vertex 57 82 2.28882e-07
      vertex 45.5 82 3.90001
    endloop
  endfacet
  facet normal 0 1 0
    outer loop
      vertex 47.8485 82 4.27197
      vertex 57 82 2.28882e-07
      vertex 46.6889 82 3.99358
    endloop
  endfacet
  facet normal 0 1 0
    outer loop
      vertex 48.9503 82 4.72836
      vertex 57 82 2.28882e-07
      vertex 47.8485 82 4.27197
    endloop
  endfacet
  facet normal 0 1 0
    outer loop
      vertex 49.9672 82 5.35147
      vertex 57 82 2.28882e-07
      vertex 48.9503 82 4.72836
    endloop
  endfacet
  facet normal 0 1 0
    outer loop
      vertex 50.874 82 6.12599
      vertex 57 82 2.28882e-07
      vertex 49.9672 82 5.35147
    endloop
  endfacet
  facet normal 0 1 0
    outer loop
      vertex 51.6485 82 7.03284
      vertex 57 82 2.28882e-07
      vertex 50.874 82 6.12599
    endloop
  endfacet
  facet normal 0 1 0
    outer loop
      vertex 52.2716 82 8.04968
      vertex 57 82 2.28882e-07
      vertex 51.6485 82 7.03284
    endloop
  endfacet
  facet normal 0 1 0
    outer loop
      vertex 52.728 82 9.15147
      vertex 57 82 2.28882e-07
      vertex 52.2716 82 8.04968
    endloop
  endfacet
  facet normal 0 1 0
    outer loop
      vertex 53.0064 82 10.3111
      vertex 57 82 2.28882e-07
      vertex 52.728 82 9.15147
    endloop
  endfacet
  facet normal 0 1 0
    outer loop
      vertex 57 82 23
      vertex 43.492 82 20.24
      vertex 0 82 23
    endloop
  endfacet
  facet normal 0 1 -0
    outer loop
      vertex 40.126 82 16.874
      vertex 0 82 23
      vertex 43.492 82 20.24
    endloop
  endfacet
  facet normal 0 1 -0
    outer loop
      vertex 39.3515 82 15.9672
      vertex 0 82 23
      vertex 40.126 82 16.874
    endloop
  endfacet
  facet normal 0 1 -0
    outer loop
      vertex 38.7284 82 14.9503
      vertex 0 82 23
      vertex 39.3515 82 15.9672
    endloop
  endfacet
  facet normal 0 1 -0
    outer loop
      vertex 38.272 82 13.8485
      vertex 0 82 23
      vertex 38.7284 82 14.9503
    endloop
  endfacet
  facet normal 0 1 -0
    outer loop
      vertex 37.9936 82 12.6889
      vertex 0 82 23
      vertex 38.272 82 13.8485
    endloop
  endfacet
  facet normal 0 1 -0
    outer loop
      vertex 37.9 82 11.5
      vertex 0 82 23
      vertex 37.9936 82 12.6889
    endloop
  endfacet
  facet normal 0 1 0
    outer loop
      vertex 0 82 2.28882e-07
      vertex 37.9 82 11.5
      vertex 37.9936 82 10.3111
    endloop
  endfacet
  facet normal 0 1 0
    outer loop
      vertex 0 82 2.28882e-07
      vertex 37.9936 82 10.3111
      vertex 38.272 82 9.15147
    endloop
  endfacet
  facet normal 0 1 0
    outer loop
      vertex 0 82 2.28882e-07
      vertex 38.272 82 9.15147
      vertex 38.7284 82 8.04968
    endloop
  endfacet
  facet normal 0 1 0
    outer loop
      vertex 0 82 2.28882e-07
      vertex 38.7284 82 8.04968
      vertex 39.3515 82 7.03284
    endloop
  endfacet
  facet normal 0 1 0
    outer loop
      vertex 0 82 2.28882e-07
      vertex 39.3515 82 7.03284
      vertex 40.126 82 6.12599
    endloop
  endfacet
  facet normal 0 1 0
    outer loop
      vertex 0 82 2.28882e-07
      vertex 40.126 82 6.12599
      vertex 41.0328 82 5.35147
    endloop
  endfacet
  facet normal 0 1 0
    outer loop
      vertex 0 82 2.28882e-07
      vertex 41.0328 82 5.35147
      vertex 42.0497 82 4.72836
    endloop
  endfacet
  facet normal 0 1 0
    outer loop
      vertex 57 82 2.28882e-07
      vertex 44.3111 82 3.99358
      vertex 45.5 82 3.90001
    endloop
  endfacet
  facet normal 0 1 0
    outer loop
      vertex 0 82 2.28882e-07
      vertex 44.3111 82 3.99358
      vertex 57 82 2.28882e-07
    endloop
  endfacet
  facet normal 0 1 0
    outer loop
      vertex 37.9 82 11.5
      vertex 0 82 2.28882e-07
      vertex 0 82 23
    endloop
  endfacet
  facet normal 0 1 0
    outer loop
      vertex 43.1515 82 4.27197
      vertex 0 82 2.28882e-07
      vertex 42.0497 82 4.72836
    endloop
  endfacet
  facet normal 0 1 0
    outer loop
      vertex 44.3111 82 3.99358
      vertex 0 82 2.28882e-07
      vertex 43.1515 82 4.27197
    endloop
  endfacet
  facet normal -1 0 0
    outer loop
      vertex 0 82 2.28882e-07
      vertex 0 70.1 11.5
      vertex 0 82 23
    endloop
  endfacet
  facet normal -1 0 0
    outer loop
      vertex 0 82 2.28882e-07
      vertex 0 70.0495 10.8586
      vertex 0 70.1 11.5
    endloop
  endfacet
  facet normal -1 0 0
    outer loop
      vertex 0 82 2.28882e-07
      vertex 0 69.8993 10.233
      vertex 0 70.0495 10.8586
    endloop
  endfacet
  facet normal -1 0 0
    outer loop
      vertex 0 82 2.28882e-07
      vertex 0 69.6531 9.63864
      vertex 0 69.8993 10.233
    endloop
  endfacet
  facet normal -1 0 0
    outer loop
      vertex 0 82 2.28882e-07
      vertex 0 69.317 9.09009
      vertex 0 69.6531 9.63864
    endloop
  endfacet
  facet normal -1 0 0
    outer loop
      vertex 0 82 2.28882e-07
      vertex 0 68.8991 8.60088
      vertex 0 69.317 9.09009
    endloop
  endfacet
  facet normal -1 0 0
    outer loop
      vertex 0 82 2.28882e-07
      vertex 0 68.4099 8.18304
      vertex 0 68.8991 8.60088
    endloop
  endfacet
  facet normal -1 0 0
    outer loop
      vertex 0 82 2.28882e-07
      vertex 0 67.8614 7.84688
      vertex 0 68.4099 8.18304
    endloop
  endfacet
  facet normal -1 0 0
    outer loop
      vertex 0 82 2.28882e-07
      vertex 0 67.267 7.60068
      vertex 0 67.8614 7.84688
    endloop
  endfacet
  facet normal -1 0 0
    outer loop
      vertex 0 82 2.28882e-07
      vertex 0 66.6414 7.45049
      vertex 0 67.267 7.60068
    endloop
  endfacet
  facet normal -1 0 0
    outer loop
      vertex 0 82 2.28882e-07
      vertex 0 66 7.40001
      vertex 0 66.6414 7.45049
    endloop
  endfacet
  facet normal -1 0 0
    outer loop
      vertex 0 54.4481 5.61097
      vertex 0 66 7.40001
      vertex 0 82 2.28882e-07
    endloop
  endfacet
  facet normal -1 -0 0
    outer loop
      vertex 0 66 7.40001
      vertex 0 54.4481 5.61097
      vertex 0 65.3586 7.45049
    endloop
  endfacet
  facet normal -1 0 -0
    outer loop
      vertex 0 54.8523 5.81693
      vertex 0 65.3586 7.45049
      vertex 0 54.6583 5.69804
    endloop
  endfacet
  facet normal -1 -0 0
    outer loop
      vertex 0 62.3469 9.63864
      vertex 0 55.379 7.43808
      vertex 0 62.1007 10.233
    endloop
  endfacet
  facet normal -1 0 0
    outer loop
      vertex 0 55.379 7.43808
      vertex 0 62.3469 9.63864
      vertex 0 55.4321 7.21683
    endloop
  endfacet
  facet normal -1 0 0
    outer loop
      vertex 0 55.4321 7.21683
      vertex 0 62.3469 9.63864
      vertex 0 55.45 6.99
    endloop
  endfacet
  facet normal -1 -0 0
    outer loop
      vertex 0 62.683 9.09009
      vertex 0 55.45 6.99
      vertex 0 62.3469 9.63864
    endloop
  endfacet
  facet normal -1 0 0
    outer loop
      vertex 0 55.4321 6.76317
      vertex 0 62.683 9.09009
      vertex 0 63.1009 8.60088
    endloop
  endfacet
  facet normal -1 0 0
    outer loop
      vertex 0 55.379 6.54193
      vertex 0 63.1009 8.60088
      vertex 0 63.5901 8.18304
    endloop
  endfacet
  facet normal -1 0 0
    outer loop
      vertex 0 55.1731 6.13771
      vertex 0 63.5901 8.18304
      vertex 0 64.1386 7.84688
    endloop
  endfacet
  facet normal -1 -0 0
    outer loop
      vertex 0 65.3586 7.45049
      vertex 0 54.8523 5.81693
      vertex 0 64.733 7.60068
    endloop
  endfacet
  facet normal -1 0 0
    outer loop
      vertex 0 62.683 9.09009
      vertex 0 55.4321 6.76317
      vertex 0 55.45 6.99
    endloop
  endfacet
  facet normal -1 0 0
    outer loop
      vertex 0 63.1009 8.60088
      vertex 0 55.379 6.54193
      vertex 0 55.4321 6.76317
    endloop
  endfacet
  facet normal -1 0 0
    outer loop
      vertex 0 63.5901 8.18304
      vertex 0 55.292 6.33171
      vertex 0 55.379 6.54193
    endloop
  endfacet
  facet normal -1 0 0
    outer loop
      vertex 0 63.5901 8.18304
      vertex 0 55.1731 6.13771
      vertex 0 55.292 6.33171
    endloop
  endfacet
  facet normal -1 0 0
    outer loop
      vertex 0 64.1386 7.84688
      vertex 0 55.0253 5.96469
      vertex 0 55.1731 6.13771
    endloop
  endfacet
  facet normal -1 -0 0
    outer loop
      vertex 0 64.733 7.60068
      vertex 0 55.0253 5.96469
      vertex 0 64.1386 7.84688
    endloop
  endfacet
  facet normal -1 0 -0
    outer loop
      vertex 0 55.0253 5.96469
      vertex 0 64.733 7.60068
      vertex 0 54.8523 5.81693
    endloop
  endfacet
  facet normal -1 0 0
    outer loop
      vertex 0 65.3586 7.45049
      vertex 0 54.4481 5.61097
      vertex 0 54.6583 5.69804
    endloop
  endfacet
  facet normal -1 0 0
    outer loop
      vertex 0 82 2.28882e-07
      vertex 0 54.2268 5.55785
      vertex 0 54.4481 5.61097
    endloop
  endfacet
  facet normal -1 0 0
    outer loop
      vertex 0 82 2.28882e-07
      vertex 0 54 5.54
      vertex 0 54.2268 5.55785
    endloop
  endfacet
  facet normal -1 0 0
    outer loop
      vertex 0 36.1583 1.20804
      vertex 0 54 5.54
      vertex 0 82 2.28882e-07
    endloop
  endfacet
  facet normal -1 -0 0
    outer loop
      vertex 0 52.621 6.54193
      vertex 0 36.9321 2.72683
      vertex 0 52.5679 6.76317
    endloop
  endfacet
  facet normal -1 0 0
    outer loop
      vertex 0 36.9321 2.72683
      vertex 0 52.621 6.54193
      vertex 0 36.95 2.5
    endloop
  endfacet
  facet normal -1 -0 0
    outer loop
      vertex 0 52.708 6.33171
      vertex 0 36.95 2.5
      vertex 0 52.621 6.54193
    endloop
  endfacet
  facet normal -1 -0 0
    outer loop
      vertex 0 52.8269 6.13771
      vertex 0 36.95 2.5
      vertex 0 52.708 6.33171
    endloop
  endfacet
  facet normal -1 0 0
    outer loop
      vertex 0 36.9321 2.27317
      vertex 0 52.8269 6.13771
      vertex 0 52.9747 5.96469
    endloop
  endfacet
  facet normal -1 0 0
    outer loop
      vertex 0 36.879 2.05193
      vertex 0 52.9747 5.96469
      vertex 0 53.1477 5.81693
    endloop
  endfacet
  facet normal -1 0 0
    outer loop
      vertex 0 36.792 1.84171
      vertex 0 53.1477 5.81693
      vertex 0 53.3417 5.69804
    endloop
  endfacet
  facet normal -1 0 0
    outer loop
      vertex 0 36.6731 1.64771
      vertex 0 53.3417 5.69804
      vertex 0 53.5519 5.61097
    endloop
  endfacet
  facet normal -1 0 0
    outer loop
      vertex 0 36.5253 1.4747
      vertex 0 53.5519 5.61097
      vertex 0 53.7732 5.55785
    endloop
  endfacet
  facet normal -1 -0 0
    outer loop
      vertex 0 54 5.54
      vertex 0 36.1583 1.20804
      vertex 0 53.7732 5.55785
    endloop
  endfacet
  facet normal -1 0 0
    outer loop
      vertex 0 52.8269 6.13771
      vertex 0 36.9321 2.27317
      vertex 0 36.95 2.5
    endloop
  endfacet
  facet normal -1 0 0
    outer loop
      vertex 0 52.9747 5.96469
      vertex 0 36.879 2.05193
      vertex 0 36.9321 2.27317
    endloop
  endfacet
  facet normal -1 0 0
    outer loop
      vertex 0 53.1477 5.81693
      vertex 0 36.792 1.84171
      vertex 0 36.879 2.05193
    endloop
  endfacet
  facet normal -1 0 0
    outer loop
      vertex 0 53.3417 5.69804
      vertex 0 36.6731 1.64771
      vertex 0 36.792 1.84171
    endloop
  endfacet
  facet normal -1 0 0
    outer loop
      vertex 0 53.5519 5.61097
      vertex 0 36.5253 1.4747
      vertex 0 36.6731 1.64771
    endloop
  endfacet
  facet normal -1 0 0
    outer loop
      vertex 0 53.7732 5.55785
      vertex 0 36.3523 1.32693
      vertex 0 36.5253 1.4747
    endloop
  endfacet
  facet normal -1 0 0
    outer loop
      vertex 0 53.7732 5.55785
      vertex 0 36.1583 1.20804
      vertex 0 36.3523 1.32693
    endloop
  endfacet
  facet normal -1 0 0
    outer loop
      vertex 0 82 2.28882e-07
      vertex 0 35.9481 1.12097
      vertex 0 36.1583 1.20804
    endloop
  endfacet
  facet normal -1 0 0
    outer loop
      vertex 0 82 2.28882e-07
      vertex 0 35.7268 1.06785
      vertex 0 35.9481 1.12097
    endloop
  endfacet
  facet normal -1 0 0
    outer loop
      vertex 0 82 2.28882e-07
      vertex 0 35.5 1.05
      vertex 0 35.7268 1.06785
    endloop
  endfacet
  facet normal -1 0 0
    outer loop
      vertex 0 18.8991 8.60088
      vertex 0 34.05 2.5
      vertex 0 34.0679 2.27317
    endloop
  endfacet
  facet normal -1 0 0
    outer loop
      vertex 0 18.4099 8.18304
      vertex 0 34.0679 2.27317
      vertex 0 34.121 2.05193
    endloop
  endfacet
  facet normal -1 0 0
    outer loop
      vertex 0 21.75 35.74
      vertex 0 25.75 23
      vertex 0 21.75 19.49
    endloop
  endfacet
  facet normal -1 0 0
    outer loop
      vertex 0 34.05 2.5
      vertex 0 20.0495 12.1414
      vertex 0 25.75 23
    endloop
  endfacet
  facet normal -1 0 0
    outer loop
      vertex 0 17.8614 7.84688
      vertex 0 34.121 2.05193
      vertex 0 34.208 1.84171
    endloop
  endfacet
  facet normal -1 0 0
    outer loop
      vertex 0 17.267 7.60068
      vertex 0 34.208 1.84171
      vertex 0 34.3269 1.64771
    endloop
  endfacet
  facet normal -1 0 0
    outer loop
      vertex 0 34.05 2.5
      vertex 0 20.1 11.5
      vertex 0 20.0495 12.1414
    endloop
  endfacet
  facet normal -1 0 0
    outer loop
      vertex 0 16.6414 7.45049
      vertex 0 34.3269 1.64771
      vertex 0 34.4747 1.4747
    endloop
  endfacet
  facet normal -1 0 0
    outer loop
      vertex 0 16.6414 7.45049
      vertex 0 34.4747 1.4747
      vertex 0 34.6477 1.32693
    endloop
  endfacet
  facet normal -1 0 0
    outer loop
      vertex 0 34.05 2.5
      vertex 0 20.0495 10.8586
      vertex 0 20.1 11.5
    endloop
  endfacet
  facet normal -1 0 0
    outer loop
      vertex 0 34.05 2.5
      vertex 0 19.8993 10.233
      vertex 0 20.0495 10.8586
    endloop
  endfacet
  facet normal -1 0 0
    outer loop
      vertex 0 0 2.28882e-07
      vertex 0 34.6477 1.32693
      vertex 0 34.8417 1.20804
    endloop
  endfacet
  facet normal -1 0 0
    outer loop
      vertex 0 34.05 2.5
      vertex 0 19.6531 9.63864
      vertex 0 19.8993 10.233
    endloop
  endfacet
  facet normal -1 0 0
    outer loop
      vertex 0 34.05 2.5
      vertex 0 19.317 9.09009
      vertex 0 19.6531 9.63864
    endloop
  endfacet
  facet normal -1 0 0
    outer loop
      vertex 0 34.05 2.5
      vertex 0 18.8991 8.60088
      vertex 0 19.317 9.09009
    endloop
  endfacet
  facet normal -1 0 0
    outer loop
      vertex 0 34.0679 2.27317
      vertex 0 18.4099 8.18304
      vertex 0 18.8991 8.60088
    endloop
  endfacet
  facet normal -1 0 0
    outer loop
      vertex 0 34.121 2.05193
      vertex 0 17.8614 7.84688
      vertex 0 18.4099 8.18304
    endloop
  endfacet
  facet normal -1 0 0
    outer loop
      vertex 0 0 2.28882e-07
      vertex 0 34.8417 1.20804
      vertex 0 35.0519 1.12097
    endloop
  endfacet
  facet normal -1 0 0
    outer loop
      vertex 0 34.208 1.84171
      vertex 0 17.267 7.60068
      vertex 0 17.8614 7.84688
    endloop
  endfacet
  facet normal -1 0 0
    outer loop
      vertex 0 34.3269 1.64771
      vertex 0 16.6414 7.45049
      vertex 0 17.267 7.60068
    endloop
  endfacet
  facet normal -1 0 0
    outer loop
      vertex 0 34.6477 1.32693
      vertex 0 16 7.40001
      vertex 0 16.6414 7.45049
    endloop
  endfacet
  facet normal -1 -0 0
    outer loop
      vertex 0 34.6477 1.32693
      vertex 0 0 2.28882e-07
      vertex 0 16 7.40001
    endloop
  endfacet
  facet normal -1 -0 0
    outer loop
      vertex 0 16 7.40001
      vertex 0 0 2.28882e-07
      vertex 0 15.3586 7.45049
    endloop
  endfacet
  facet normal -1 0 0
    outer loop
      vertex 0 0 2.28882e-07
      vertex 0 11.9 11.5
      vertex 0 11.9505 10.8586
    endloop
  endfacet
  facet normal -1 0 0
    outer loop
      vertex 0 10.25 19.49
      vertex 0 6.25 23
      vertex 0 10.25 35.74
    endloop
  endfacet
  facet normal -1 0 0
    outer loop
      vertex 0 11.9 11.5
      vertex 0 0 23
      vertex 0 10.25 19.49
    endloop
  endfacet
  facet normal -1 0 0
    outer loop
      vertex 0 0 2.28882e-07
      vertex 0 11.9505 10.8586
      vertex 0 12.1007 10.233
    endloop
  endfacet
  facet normal -1 0 0
    outer loop
      vertex 0 0 2.28882e-07
      vertex 0 12.1007 10.233
      vertex 0 12.3469 9.63864
    endloop
  endfacet
  facet normal -1 0 0
    outer loop
      vertex 0 0 2.28882e-07
      vertex 0 35.5 1.05
      vertex 0 82 2.28882e-07
    endloop
  endfacet
  facet normal -1 0 0
    outer loop
      vertex 0 0 2.28882e-07
      vertex 0 35.2732 1.06785
      vertex 0 35.5 1.05
    endloop
  endfacet
  facet normal -1 0 0
    outer loop
      vertex 0 0 2.28882e-07
      vertex 0 35.0519 1.12097
      vertex 0 35.2732 1.06785
    endloop
  endfacet
  facet normal -1 -0 0
    outer loop
      vertex 0 15.3586 7.45049
      vertex 0 0 2.28882e-07
      vertex 0 14.733 7.60068
    endloop
  endfacet
  facet normal -1 0 0
    outer loop
      vertex 0 0 2.28882e-07
      vertex 0 14.1386 7.84688
      vertex 0 14.733 7.60068
    endloop
  endfacet
  facet normal -1 0 0
    outer loop
      vertex 0 0 2.28882e-07
      vertex 0 13.5901 8.18304
      vertex 0 14.1386 7.84688
    endloop
  endfacet
  facet normal -1 0 0
    outer loop
      vertex 0 0 2.28882e-07
      vertex 0 13.1009 8.60088
      vertex 0 13.5901 8.18304
    endloop
  endfacet
  facet normal -1 0 0
    outer loop
      vertex 0 0 2.28882e-07
      vertex 0 12.683 9.09009
      vertex 0 13.1009 8.60088
    endloop
  endfacet
  facet normal -1 0 0
    outer loop
      vertex 0 0 2.28882e-07
      vertex 0 12.3469 9.63864
      vertex 0 12.683 9.09009
    endloop
  endfacet
  facet normal -1 -0 0
    outer loop
      vertex 0 11.9 11.5
      vertex 0 0 2.28882e-07
      vertex 0 0 23
    endloop
  endfacet
  facet normal -1 0 0
    outer loop
      vertex 0 10.25 19.49
      vertex 0 0 23
      vertex 0 6.25 23
    endloop
  endfacet
  facet normal -1 0 0
    outer loop
      vertex 0 70.0495 12.1414
      vertex 0 82 23
      vertex 0 70.1 11.5
    endloop
  endfacet
  facet normal -1 0 0
    outer loop
      vertex 0 69.8993 12.767
      vertex 0 82 23
      vertex 0 70.0495 12.1414
    endloop
  endfacet
  facet normal -1 0 0
    outer loop
      vertex 0 69.6531 13.3614
      vertex 0 82 23
      vertex 0 69.8993 12.767
    endloop
  endfacet
  facet normal -1 0 0
    outer loop
      vertex 0 69.317 13.9099
      vertex 0 82 23
      vertex 0 69.6531 13.3614
    endloop
  endfacet
  facet normal -1 0 0
    outer loop
      vertex 0 68.8991 14.3991
      vertex 0 82 23
      vertex 0 69.317 13.9099
    endloop
  endfacet
  facet normal -1 0 0
    outer loop
      vertex 0 67.0833 16.215
      vertex 0 82 23
      vertex 0 68.8991 14.3991
    endloop
  endfacet
  facet normal -1 0 0
    outer loop
      vertex 0 64.9167 16.215
      vertex 0 82 23
      vertex 0 67.0833 16.215
    endloop
  endfacet
  facet normal -1 0 0
    outer loop
      vertex 0 55.292 7.64829
      vertex 0 62.1007 10.233
      vertex 0 55.379 7.43808
    endloop
  endfacet
  facet normal -1 -0 0
    outer loop
      vertex 0 62.1007 10.233
      vertex 0 55.292 7.64829
      vertex 0 61.9505 10.8586
    endloop
  endfacet
  facet normal -1 0 0
    outer loop
      vertex 0 55.1731 7.84229
      vertex 0 61.9505 10.8586
      vertex 0 55.292 7.64829
    endloop
  endfacet
  facet normal -1 0 0
    outer loop
      vertex 0 55.0253 8.01531
      vertex 0 61.9505 10.8586
      vertex 0 55.1731 7.84229
    endloop
  endfacet
  facet normal -1 -0 0
    outer loop
      vertex 0 61.9505 10.8586
      vertex 0 55.0253 8.01531
      vertex 0 61.9 11.5
    endloop
  endfacet
  facet normal -1 0 0
    outer loop
      vertex 0 54.8523 8.16307
      vertex 0 61.9 11.5
      vertex 0 55.0253 8.01531
    endloop
  endfacet
  facet normal -1 -0 0
    outer loop
      vertex 0 61.9 11.5
      vertex 0 54.8523 8.16307
      vertex 0 61.9505 12.1414
    endloop
  endfacet
  facet normal -1 0 0
    outer loop
      vertex 0 54.6583 8.28196
      vertex 0 61.9505 12.1414
      vertex 0 54.8523 8.16307
    endloop
  endfacet
  facet normal -1 0 0
    outer loop
      vertex 0 54.4481 8.36903
      vertex 0 61.9505 12.1414
      vertex 0 54.6583 8.28196
    endloop
  endfacet
  facet normal -1 -0 0
    outer loop
      vertex 0 61.9505 12.1414
      vertex 0 54.4481 8.36903
      vertex 0 62.1007 12.767
    endloop
  endfacet
  facet normal -1 0 0
    outer loop
      vertex 0 54.2268 8.42215
      vertex 0 62.1007 12.767
      vertex 0 54.4481 8.36903
    endloop
  endfacet
  facet normal -1 -0 0
    outer loop
      vertex 0 62.1007 12.767
      vertex 0 54.2268 8.42215
      vertex 0 62.3469 13.3614
    endloop
  endfacet
  facet normal -1 0 0
    outer loop
      vertex 0 54 8.44
      vertex 0 62.3469 13.3614
      vertex 0 54.2268 8.42215
    endloop
  endfacet
  facet normal -1 -0 0
    outer loop
      vertex 0 62.3469 13.3614
      vertex 0 54 8.44
      vertex 0 62.683 13.9099
    endloop
  endfacet
  facet normal -1 0 0
    outer loop
      vertex 0 53.7732 8.42215
      vertex 0 62.683 13.9099
      vertex 0 54 8.44
    endloop
  endfacet
  facet normal -1 0 0
    outer loop
      vertex 0 53.5519 8.36903
      vertex 0 62.683 13.9099
      vertex 0 53.7732 8.42215
    endloop
  endfacet
  facet normal -1 -0 0
    outer loop
      vertex 0 62.683 13.9099
      vertex 0 53.5519 8.36903
      vertex 0 63.1009 14.3991
    endloop
  endfacet
  facet normal -1 0 0
    outer loop
      vertex 0 25.75 23
      vertex 0 63.1009 14.3991
      vertex 0 53.5519 8.36903
    endloop
  endfacet
  facet normal -1 0 0
    outer loop
      vertex 0 25.75 23
      vertex 0 53.5519 8.36903
      vertex 0 53.3417 8.28196
    endloop
  endfacet
  facet normal -1 0 0
    outer loop
      vertex 0 25.75 23
      vertex 0 53.3417 8.28196
      vertex 0 53.1477 8.16307
    endloop
  endfacet
  facet normal -1 0 0
    outer loop
      vertex 0 36.879 2.94808
      vertex 0 52.5679 6.76317
      vertex 0 36.9321 2.72683
    endloop
  endfacet
  facet normal -1 -0 0
    outer loop
      vertex 0 52.5679 6.76317
      vertex 0 36.879 2.94808
      vertex 0 52.55 6.99
    endloop
  endfacet
  facet normal -1 0 0
    outer loop
      vertex 0 36.792 3.15829
      vertex 0 52.55 6.99
      vertex 0 36.879 2.94808
    endloop
  endfacet
  facet normal -1 -0 0
    outer loop
      vertex 0 52.55 6.99
      vertex 0 36.792 3.15829
      vertex 0 52.5679 7.21683
    endloop
  endfacet
  facet normal -1 0 0
    outer loop
      vertex 0 36.6731 3.35229
      vertex 0 52.5679 7.21683
      vertex 0 36.792 3.15829
    endloop
  endfacet
  facet normal -1 -0 0
    outer loop
      vertex 0 52.5679 7.21683
      vertex 0 36.6731 3.35229
      vertex 0 52.621 7.43808
    endloop
  endfacet
  facet normal -1 0 0
    outer loop
      vertex 0 36.5253 3.52531
      vertex 0 52.621 7.43808
      vertex 0 36.6731 3.35229
    endloop
  endfacet
  facet normal -1 -0 0
    outer loop
      vertex 0 52.621 7.43808
      vertex 0 36.5253 3.52531
      vertex 0 52.708 7.64829
    endloop
  endfacet
  facet normal -1 0 0
    outer loop
      vertex 0 36.3523 3.67307
      vertex 0 52.708 7.64829
      vertex 0 36.5253 3.52531
    endloop
  endfacet
  facet normal -1 -0 0
    outer loop
      vertex 0 52.708 7.64829
      vertex 0 36.3523 3.67307
      vertex 0 52.8269 7.84229
    endloop
  endfacet
  facet normal -1 0 0
    outer loop
      vertex 0 36.1583 3.79196
      vertex 0 52.8269 7.84229
      vertex 0 36.3523 3.67307
    endloop
  endfacet
  facet normal -1 -0 0
    outer loop
      vertex 0 52.8269 7.84229
      vertex 0 36.1583 3.79196
      vertex 0 52.9747 8.01531
    endloop
  endfacet
  facet normal -1 0 0
    outer loop
      vertex 0 35.9481 3.87903
      vertex 0 52.9747 8.01531
      vertex 0 36.1583 3.79196
    endloop
  endfacet
  facet normal -1 0 0
    outer loop
      vertex 0 25.75 23
      vertex 0 52.9747 8.01531
      vertex 0 35.9481 3.87903
    endloop
  endfacet
  facet normal -1 0 0
    outer loop
      vertex 0 52.9747 8.01531
      vertex 0 25.75 23
      vertex 0 53.1477 8.16307
    endloop
  endfacet
  facet normal -1 0 0
    outer loop
      vertex 0 25.75 23
      vertex 0 35.9481 3.87903
      vertex 0 35.7268 3.93215
    endloop
  endfacet
  facet normal -1 0 0
    outer loop
      vertex 0 25.75 23
      vertex 0 35.7268 3.93215
      vertex 0 35.5 3.95
    endloop
  endfacet
  facet normal -1 0 0
    outer loop
      vertex 0 25.75 23
      vertex 0 35.5 3.95
      vertex 0 35.2732 3.93215
    endloop
  endfacet
  facet normal -1 0 0
    outer loop
      vertex 0 25.75 23
      vertex 0 35.2732 3.93215
      vertex 0 35.0519 3.87903
    endloop
  endfacet
  facet normal -1 0 0
    outer loop
      vertex 0 64.9167 16.215
      vertex 0 25.75 23
      vertex 0 82 23
    endloop
  endfacet
  facet normal -1 0 0
    outer loop
      vertex 0 63.1009 14.3991
      vertex 0 25.75 23
      vertex 0 64.9167 16.215
    endloop
  endfacet
  facet normal -1 0 0
    outer loop
      vertex 0 34.8417 3.79196
      vertex 0 25.75 23
      vertex 0 35.0519 3.87903
    endloop
  endfacet
  facet normal -1 0 0
    outer loop
      vertex 0 34.6477 3.67307
      vertex 0 25.75 23
      vertex 0 34.8417 3.79196
    endloop
  endfacet
  facet normal -1 0 0
    outer loop
      vertex 0 34.4747 3.52531
      vertex 0 25.75 23
      vertex 0 34.6477 3.67307
    endloop
  endfacet
  facet normal -1 0 0
    outer loop
      vertex 0 34.3269 3.35229
      vertex 0 25.75 23
      vertex 0 34.4747 3.52531
    endloop
  endfacet
  facet normal -1 0 0
    outer loop
      vertex 0 34.208 3.15829
      vertex 0 25.75 23
      vertex 0 34.3269 3.35229
    endloop
  endfacet
  facet normal -1 0 0
    outer loop
      vertex 0 34.121 2.94808
      vertex 0 25.75 23
      vertex 0 34.208 3.15829
    endloop
  endfacet
  facet normal -1 0 0
    outer loop
      vertex 0 34.0679 2.72683
      vertex 0 25.75 23
      vertex 0 34.121 2.94808
    endloop
  endfacet
  facet normal -1 0 0
    outer loop
      vertex 0 25.75 23
      vertex 0 34.0679 2.72683
      vertex 0 34.05 2.5
    endloop
  endfacet
  facet normal -1 0 0
    outer loop
      vertex 0 25.75 23
      vertex 0 21.75 35.74
      vertex 0 25.75 35.74
    endloop
  endfacet
  facet normal -1 0 0
    outer loop
      vertex 0 25.75 23
      vertex 0 20.0495 12.1414
      vertex 0 21.75 19.49
    endloop
  endfacet
  facet normal -1 0 0
    outer loop
      vertex 0 19.8993 12.767
      vertex 0 21.75 19.49
      vertex 0 20.0495 12.1414
    endloop
  endfacet
  facet normal -1 0 0
    outer loop
      vertex 0 19.6531 13.3614
      vertex 0 21.75 19.49
      vertex 0 19.8993 12.767
    endloop
  endfacet
  facet normal -1 0 0
    outer loop
      vertex 0 19.317 13.9099
      vertex 0 21.75 19.49
      vertex 0 19.6531 13.3614
    endloop
  endfacet
  facet normal -1 0 0
    outer loop
      vertex 0 18.8991 14.3991
      vertex 0 21.75 19.49
      vertex 0 19.317 13.9099
    endloop
  endfacet
  facet normal -1 0 0
    outer loop
      vertex 0 17.0833 16.215
      vertex 0 21.75 19.49
      vertex 0 18.8991 14.3991
    endloop
  endfacet
  facet normal -1 0 0
    outer loop
      vertex 0 14.9167 16.215
      vertex 0 21.75 19.49
      vertex 0 17.0833 16.215
    endloop
  endfacet
  facet normal -1 0 0
    outer loop
      vertex 0 14.9167 16.215
      vertex 0 10.25 19.49
      vertex 0 21.75 19.49
    endloop
  endfacet
  facet normal -1 0 0
    outer loop
      vertex 0 13.1009 14.3991
      vertex 0 10.25 19.49
      vertex 0 14.9167 16.215
    endloop
  endfacet
  facet normal -1 0 0
    outer loop
      vertex 0 12.683 13.9099
      vertex 0 10.25 19.49
      vertex 0 13.1009 14.3991
    endloop
  endfacet
  facet normal -1 0 0
    outer loop
      vertex 0 12.3469 13.3614
      vertex 0 10.25 19.49
      vertex 0 12.683 13.9099
    endloop
  endfacet
  facet normal -1 0 0
    outer loop
      vertex 0 12.1007 12.767
      vertex 0 10.25 19.49
      vertex 0 12.3469 13.3614
    endloop
  endfacet
  facet normal -1 0 0
    outer loop
      vertex 0 11.9505 12.1414
      vertex 0 10.25 19.49
      vertex 0 12.1007 12.767
    endloop
  endfacet
  facet normal -1 0 0
    outer loop
      vertex 0 10.25 19.49
      vertex 0 11.9505 12.1414
      vertex 0 11.9 11.5
    endloop
  endfacet
  facet normal -1 -0 0
    outer loop
      vertex 0 10.25 35.74
      vertex 0 6.25 23
      vertex 0 6.25 35.74
    endloop
  endfacet
  facet normal 1 -0 0
    outer loop
      vertex 21.5 6.25 35.74
      vertex 21.5 25.75 23
      vertex 21.5 25.75 35.74
    endloop
  endfacet
  facet normal 1 0 0
    outer loop
      vertex 21.5 25.75 23
      vertex 21.5 6.25 35.74
      vertex 21.5 6.25 23
    endloop
  endfacet
  facet normal 0 0 1
    outer loop
      vertex 21.5 25.75 35.74
      vertex 20 21.75 35.74
      vertex 21.5 6.25 35.74
    endloop
  endfacet
  facet normal -0 0 1
    outer loop
      vertex 0 25.75 35.74
      vertex 20 21.75 35.74
      vertex 21.5 25.75 35.74
    endloop
  endfacet
  facet normal 0 0 1
    outer loop
      vertex 20 21.75 35.74
      vertex 0 25.75 35.74
      vertex 0 21.75 35.74
    endloop
  endfacet
  facet normal -0 0 1
    outer loop
      vertex 20 10.25 35.74
      vertex 21.5 6.25 35.74
      vertex 20 21.75 35.74
    endloop
  endfacet
  facet normal 0 0 1
    outer loop
      vertex 0 6.25 35.74
      vertex 20 10.25 35.74
      vertex 0 10.25 35.74
    endloop
  endfacet
  facet normal 0 0 1
    outer loop
      vertex 20 10.25 35.74
      vertex 0 6.25 35.74
      vertex 21.5 6.25 35.74
    endloop
  endfacet
  facet normal 0 -1 0
    outer loop
      vertex 10.2266 6.25 32.9025
      vertex 0 6.25 35.74
      vertex 8.77341 6.25 32.9025
    endloop
  endfacet
  facet normal 0 -1 0
    outer loop
      vertex 0 6.25 35.74
      vertex 7.55547 6.25 31.6845
      vertex 8.77341 6.25 32.9025
    endloop
  endfacet
  facet normal 0 -1 0
    outer loop
      vertex 0 6.25 35.74
      vertex 7.27521 6.25 31.3564
      vertex 7.55547 6.25 31.6845
    endloop
  endfacet
  facet normal 0 -1 0
    outer loop
      vertex 0 6.25 35.74
      vertex 7.04974 6.25 30.9885
      vertex 7.27521 6.25 31.3564
    endloop
  endfacet
  facet normal 0 -1 0
    outer loop
      vertex 0 6.25 35.74
      vertex 6.8846 6.25 30.5898
      vertex 7.04974 6.25 30.9885
    endloop
  endfacet
  facet normal 0 -1 0
    outer loop
      vertex 0 6.25 35.74
      vertex 6.78386 6.25 30.1702
      vertex 6.8846 6.25 30.5898
    endloop
  endfacet
  facet normal 0 -1 0
    outer loop
      vertex 0 6.25 35.74
      vertex 6.75 6.25 29.74
      vertex 6.78386 6.25 30.1702
    endloop
  endfacet
  facet normal 0 -1 0
    outer loop
      vertex 0 6.25 23
      vertex 6.75 6.25 29.74
      vertex 0 6.25 35.74
    endloop
  endfacet
  facet normal 0 -1 -0
    outer loop
      vertex 6.75 6.25 29.74
      vertex 0 6.25 23
      vertex 6.78386 6.25 29.3098
    endloop
  endfacet
  facet normal 0 -1 -0
    outer loop
      vertex 6.78386 6.25 29.3098
      vertex 0 6.25 23
      vertex 6.8846 6.25 28.8902
    endloop
  endfacet
  facet normal 0 -1 -0
    outer loop
      vertex 6.8846 6.25 28.8902
      vertex 0 6.25 23
      vertex 7.04974 6.25 28.4915
    endloop
  endfacet
  facet normal 0 -1 -0
    outer loop
      vertex 7.04974 6.25 28.4915
      vertex 0 6.25 23
      vertex 7.27521 6.25 28.1236
    endloop
  endfacet
  facet normal 0 -1 -0
    outer loop
      vertex 9.06981 6.25 27.0239
      vertex 0 6.25 23
      vertex 9.5 6.25 26.99
    endloop
  endfacet
  facet normal 0 -1 -0
    outer loop
      vertex 8.65021 6.25 27.1246
      vertex 0 6.25 23
      vertex 9.06981 6.25 27.0239
    endloop
  endfacet
  facet normal 0 -1 -0
    outer loop
      vertex 8.25154 6.25 27.2897
      vertex 0 6.25 23
      vertex 8.65021 6.25 27.1246
    endloop
  endfacet
  facet normal 0 -1 -0
    outer loop
      vertex 7.88359 6.25 27.5152
      vertex 0 6.25 23
      vertex 8.25154 6.25 27.2897
    endloop
  endfacet
  facet normal 0 -1 -0
    outer loop
      vertex 7.55547 6.25 27.7955
      vertex 0 6.25 23
      vertex 7.88359 6.25 27.5152
    endloop
  endfacet
  facet normal 0 -1 -0
    outer loop
      vertex 7.27521 6.25 28.1236
      vertex 0 6.25 23
      vertex 7.55547 6.25 27.7955
    endloop
  endfacet
  facet normal 0 -1 0
    outer loop
      vertex 0 6.25 35.74
      vertex 10.2266 6.25 32.9025
      vertex 21.5 6.25 35.74
    endloop
  endfacet
  facet normal 0 -1 0
    outer loop
      vertex 11.4445 6.25 31.6845
      vertex 21.5 6.25 35.74
      vertex 10.2266 6.25 32.9025
    endloop
  endfacet
  facet normal 0 -1 0
    outer loop
      vertex 11.7248 6.25 31.3564
      vertex 21.5 6.25 35.74
      vertex 11.4445 6.25 31.6845
    endloop
  endfacet
  facet normal 0 -1 0
    outer loop
      vertex 11.9503 6.25 30.9885
      vertex 21.5 6.25 35.74
      vertex 11.7248 6.25 31.3564
    endloop
  endfacet
  facet normal 0 -1 0
    outer loop
      vertex 12.1154 6.25 30.5898
      vertex 21.5 6.25 35.74
      vertex 11.9503 6.25 30.9885
    endloop
  endfacet
  facet normal 0 -1 0
    outer loop
      vertex 12.2161 6.25 30.1702
      vertex 21.5 6.25 35.74
      vertex 12.1154 6.25 30.5898
    endloop
  endfacet
  facet normal 0 -1 0
    outer loop
      vertex 12.25 6.25 29.74
      vertex 21.5 6.25 35.74
      vertex 12.2161 6.25 30.1702
    endloop
  endfacet
  facet normal 0 -1 0
    outer loop
      vertex 21.5 6.25 23
      vertex 12.25 6.25 29.74
      vertex 12.2161 6.25 29.3098
    endloop
  endfacet
  facet normal 0 -1 0
    outer loop
      vertex 21.5 6.25 23
      vertex 12.2161 6.25 29.3098
      vertex 12.1154 6.25 28.8902
    endloop
  endfacet
  facet normal 0 -1 0
    outer loop
      vertex 21.5 6.25 23
      vertex 12.1154 6.25 28.8902
      vertex 11.9503 6.25 28.4915
    endloop
  endfacet
  facet normal 0 -1 0
    outer loop
      vertex 21.5 6.25 23
      vertex 11.9503 6.25 28.4915
      vertex 11.7248 6.25 28.1236
    endloop
  endfacet
  facet normal 0 -1 0
    outer loop
      vertex 21.5 6.25 23
      vertex 11.7248 6.25 28.1236
      vertex 11.4445 6.25 27.7955
    endloop
  endfacet
  facet normal 0 -1 0
    outer loop
      vertex 21.5 6.25 23
      vertex 11.4445 6.25 27.7955
      vertex 11.1164 6.25 27.5152
    endloop
  endfacet
  facet normal 0 -1 0
    outer loop
      vertex 21.5 6.25 23
      vertex 9.5 6.25 26.99
      vertex 0 6.25 23
    endloop
  endfacet
  facet normal 0 -1 0
    outer loop
      vertex 9.5 6.25 26.99
      vertex 21.5 6.25 23
      vertex 9.93019 6.25 27.0239
    endloop
  endfacet
  facet normal 0 -1 0
    outer loop
      vertex 12.25 6.25 29.74
      vertex 21.5 6.25 23
      vertex 21.5 6.25 35.74
    endloop
  endfacet
  facet normal 0 -1 0
    outer loop
      vertex 10.7485 6.25 27.2897
      vertex 21.5 6.25 23
      vertex 11.1164 6.25 27.5152
    endloop
  endfacet
  facet normal 0 -1 0
    outer loop
      vertex 10.3498 6.25 27.1246
      vertex 21.5 6.25 23
      vertex 10.7485 6.25 27.2897
    endloop
  endfacet
  facet normal 0 -1 0
    outer loop
      vertex 9.93019 6.25 27.0239
      vertex 21.5 6.25 23
      vertex 10.3498 6.25 27.1246
    endloop
  endfacet
  facet normal 0 1 0
    outer loop
      vertex 21.5 25.75 35.74
      vertex 10.2266 25.75 32.9025
      vertex 0 25.75 35.74
    endloop
  endfacet
  facet normal 0 1 0
    outer loop
      vertex 21.5 25.75 35.74
      vertex 11.4445 25.75 31.6845
      vertex 10.2266 25.75 32.9025
    endloop
  endfacet
  facet normal 0 1 0
    outer loop
      vertex 21.5 25.75 35.74
      vertex 11.7248 25.75 31.3564
      vertex 11.4445 25.75 31.6845
    endloop
  endfacet
  facet normal 0 1 0
    outer loop
      vertex 21.5 25.75 35.74
      vertex 11.9503 25.75 30.9885
      vertex 11.7248 25.75 31.3564
    endloop
  endfacet
  facet normal 0 1 0
    outer loop
      vertex 21.5 25.75 35.74
      vertex 12.1154 25.75 30.5898
      vertex 11.9503 25.75 30.9885
    endloop
  endfacet
  facet normal 0 1 0
    outer loop
      vertex 21.5 25.75 35.74
      vertex 12.2161 25.75 30.1702
      vertex 12.1154 25.75 30.5898
    endloop
  endfacet
  facet normal 0 1 0
    outer loop
      vertex 21.5 25.75 35.74
      vertex 12.25 25.75 29.74
      vertex 12.2161 25.75 30.1702
    endloop
  endfacet
  facet normal 0 1 -0
    outer loop
      vertex 21.5 25.75 23
      vertex 12.25 25.75 29.74
      vertex 21.5 25.75 35.74
    endloop
  endfacet
  facet normal 0 1 0
    outer loop
      vertex 12.25 25.75 29.74
      vertex 21.5 25.75 23
      vertex 12.2161 25.75 29.3098
    endloop
  endfacet
  facet normal 0 1 0
    outer loop
      vertex 12.2161 25.75 29.3098
      vertex 21.5 25.75 23
      vertex 12.1154 25.75 28.8902
    endloop
  endfacet
  facet normal 0 1 0
    outer loop
      vertex 12.1154 25.75 28.8902
      vertex 21.5 25.75 23
      vertex 11.9503 25.75 28.4915
    endloop
  endfacet
  facet normal 0 1 0
    outer loop
      vertex 11.9503 25.75 28.4915
      vertex 21.5 25.75 23
      vertex 11.7248 25.75 28.1236
    endloop
  endfacet
  facet normal 0 1 0
    outer loop
      vertex 11.7248 25.75 28.1236
      vertex 21.5 25.75 23
      vertex 11.4445 25.75 27.7955
    endloop
  endfacet
  facet normal 0 1 0
    outer loop
      vertex 9.93019 25.75 27.0239
      vertex 21.5 25.75 23
      vertex 9.5 25.75 26.99
    endloop
  endfacet
  facet normal 0 1 0
    outer loop
      vertex 10.3498 25.75 27.1246
      vertex 21.5 25.75 23
      vertex 9.93019 25.75 27.0239
    endloop
  endfacet
  facet normal 0 1 0
    outer loop
      vertex 10.7485 25.75 27.2897
      vertex 21.5 25.75 23
      vertex 10.3498 25.75 27.1246
    endloop
  endfacet
  facet normal 0 1 0
    outer loop
      vertex 11.1164 25.75 27.5152
      vertex 21.5 25.75 23
      vertex 10.7485 25.75 27.2897
    endloop
  endfacet
  facet normal 0 1 0
    outer loop
      vertex 11.4445 25.75 27.7955
      vertex 21.5 25.75 23
      vertex 11.1164 25.75 27.5152
    endloop
  endfacet
  facet normal 0 1 -0
    outer loop
      vertex 8.77341 25.75 32.9025
      vertex 0 25.75 35.74
      vertex 10.2266 25.75 32.9025
    endloop
  endfacet
  facet normal 0 1 -0
    outer loop
      vertex 7.55547 25.75 31.6845
      vertex 0 25.75 35.74
      vertex 8.77341 25.75 32.9025
    endloop
  endfacet
  facet normal 0 1 -0
    outer loop
      vertex 7.27521 25.75 31.3564
      vertex 0 25.75 35.74
      vertex 7.55547 25.75 31.6845
    endloop
  endfacet
  facet normal 0 1 -0
    outer loop
      vertex 7.04974 25.75 30.9885
      vertex 0 25.75 35.74
      vertex 7.27521 25.75 31.3564
    endloop
  endfacet
  facet normal 0 1 -0
    outer loop
      vertex 6.8846 25.75 30.5898
      vertex 0 25.75 35.74
      vertex 7.04974 25.75 30.9885
    endloop
  endfacet
  facet normal 0 1 -0
    outer loop
      vertex 6.78386 25.75 30.1702
      vertex 0 25.75 35.74
      vertex 6.8846 25.75 30.5898
    endloop
  endfacet
  facet normal 0 1 -0
    outer loop
      vertex 6.75 25.75 29.74
      vertex 0 25.75 35.74
      vertex 6.78386 25.75 30.1702
    endloop
  endfacet
  facet normal 0 1 0
    outer loop
      vertex 0 25.75 23
      vertex 6.75 25.75 29.74
      vertex 6.78386 25.75 29.3098
    endloop
  endfacet
  facet normal 0 1 0
    outer loop
      vertex 0 25.75 23
      vertex 6.78386 25.75 29.3098
      vertex 6.8846 25.75 28.8902
    endloop
  endfacet
  facet normal 0 1 0
    outer loop
      vertex 0 25.75 23
      vertex 6.8846 25.75 28.8902
      vertex 7.04974 25.75 28.4915
    endloop
  endfacet
  facet normal 0 1 0
    outer loop
      vertex 0 25.75 23
      vertex 7.04974 25.75 28.4915
      vertex 7.27521 25.75 28.1236
    endloop
  endfacet
  facet normal 0 1 0
    outer loop
      vertex 0 25.75 23
      vertex 7.27521 25.75 28.1236
      vertex 7.55547 25.75 27.7955
    endloop
  endfacet
  facet normal 0 1 0
    outer loop
      vertex 0 25.75 23
      vertex 9.5 25.75 26.99
      vertex 21.5 25.75 23
    endloop
  endfacet
  facet normal 0 1 0
    outer loop
      vertex 9.5 25.75 26.99
      vertex 0 25.75 23
      vertex 9.06981 25.75 27.0239
    endloop
  endfacet
  facet normal 0 1 0
    outer loop
      vertex 6.75 25.75 29.74
      vertex 0 25.75 23
      vertex 0 25.75 35.74
    endloop
  endfacet
  facet normal 0 1 0
    outer loop
      vertex 7.88359 25.75 27.5152
      vertex 0 25.75 23
      vertex 7.55547 25.75 27.7955
    endloop
  endfacet
  facet normal 0 1 0
    outer loop
      vertex 8.25154 25.75 27.2897
      vertex 0 25.75 23
      vertex 7.88359 25.75 27.5152
    endloop
  endfacet
  facet normal 0 1 0
    outer loop
      vertex 8.65021 25.75 27.1246
      vertex 0 25.75 23
      vertex 8.25154 25.75 27.2897
    endloop
  endfacet
  facet normal 0 1 0
    outer loop
      vertex 9.06981 25.75 27.0239
      vertex 0 25.75 23
      vertex 8.65021 25.75 27.1246
    endloop
  endfacet
  facet normal 0.996915 0 -0.0784854
    outer loop
      vertex 37.9936 56.5 12.6889
      vertex 37.9 82 11.5
      vertex 37.9936 82 12.6889
    endloop
  endfacet
  facet normal 0.996915 0 -0.0784854
    outer loop
      vertex 37.9 82 11.5
      vertex 37.9936 56.5 12.6889
      vertex 37.9 56.5 11.5
    endloop
  endfacet
  facet normal 0.233441 0 0.972371
    outer loop
      vertex 43.1515 82 4.27197
      vertex 44.3111 56.5 3.99358
      vertex 44.3111 82 3.99358
    endloop
  endfacet
  facet normal 0.233441 0 0.972371
    outer loop
      vertex 44.3111 56.5 3.99358
      vertex 43.1515 82 4.27197
      vertex 43.1515 56.5 4.27197
    endloop
  endfacet
  facet normal -0.852662 0 -0.522464
    outer loop
      vertex 52.2716 56.5 14.9503
      vertex 51.6485 82 15.9672
      vertex 52.2716 82 14.9503
    endloop
  endfacet
  facet normal -0.852662 -0 -0.522464
    outer loop
      vertex 51.6485 82 15.9672
      vertex 52.2716 56.5 14.9503
      vertex 51.6485 56.5 15.9672
    endloop
  endfacet
  facet normal -0.760398 0 -0.649458
    outer loop
      vertex 51.6485 56.5 15.9672
      vertex 50.874 82 16.874
      vertex 51.6485 82 15.9672
    endloop
  endfacet
  facet normal -0.760398 -0 -0.649458
    outer loop
      vertex 50.874 82 16.874
      vertex 51.6485 56.5 15.9672
      vertex 50.874 56.5 16.874
    endloop
  endfacet
  facet normal -0.923873 0 0.3827
    outer loop
      vertex 52.2716 56.5 8.04968
      vertex 52.728 82 9.15147
      vertex 52.2716 82 8.04968
    endloop
  endfacet
  facet normal -0.923873 0 0.3827
    outer loop
      vertex 52.728 82 9.15147
      vertex 52.2716 56.5 8.04968
      vertex 52.728 56.5 9.15147
    endloop
  endfacet
  facet normal 0 0 -1
    outer loop
      vertex 43.492 56.5 20.24
      vertex 47.508 82 20.24
      vertex 47.508 56.5 20.24
    endloop
  endfacet
  facet normal -0 0 -1
    outer loop
      vertex 47.508 82 20.24
      vertex 43.492 56.5 20.24
      vertex 43.492 82 20.24
    endloop
  endfacet
  facet normal 0.760398 0 -0.649458
    outer loop
      vertex 40.126 56.5 16.874
      vertex 39.3515 82 15.9672
      vertex 40.126 82 16.874
    endloop
  endfacet
  facet normal 0.760398 0 -0.649458
    outer loop
      vertex 39.3515 82 15.9672
      vertex 40.126 56.5 16.874
      vertex 39.3515 56.5 15.9672
    endloop
  endfacet
  facet normal -0.649467 0 0.76039
    outer loop
      vertex 49.9672 82 5.35147
      vertex 50.874 56.5 6.12599
      vertex 50.874 82 6.12599
    endloop
  endfacet
  facet normal -0.649467 0 0.76039
    outer loop
      vertex 50.874 56.5 6.12599
      vertex 49.9672 82 5.35147
      vertex 49.9672 56.5 5.35147
    endloop
  endfacet
  facet normal -0.707107 0 -0.707107
    outer loop
      vertex 50.874 56.5 16.874
      vertex 47.508 82 20.24
      vertex 50.874 82 16.874
    endloop
  endfacet
  facet normal -0.707107 -0 -0.707107
    outer loop
      vertex 47.508 82 20.24
      vertex 50.874 56.5 16.874
      vertex 47.508 56.5 20.24
    endloop
  endfacet
  facet normal 0.97237 -0 0.233443
    outer loop
      vertex 37.9936 56.5 10.3111
      vertex 38.272 82 9.15147
      vertex 37.9936 82 10.3111
    endloop
  endfacet
  facet normal 0.97237 0 0.233443
    outer loop
      vertex 38.272 82 9.15147
      vertex 37.9936 56.5 10.3111
      vertex 38.272 56.5 9.15147
    endloop
  endfacet
  facet normal 0.760416 -0 0.649437
    outer loop
      vertex 39.3515 56.5 7.03284
      vertex 40.126 82 6.12599
      vertex 39.3515 82 7.03284
    endloop
  endfacet
  facet normal 0.760416 0 0.649437
    outer loop
      vertex 40.126 82 6.12599
      vertex 39.3515 56.5 7.03284
      vertex 40.126 56.5 6.12599
    endloop
  endfacet
  facet normal 0 1 0
    outer loop
      vertex 47.508 56.5 20.24
      vertex 46.755 56.5 16.9625
      vertex 43.492 56.5 20.24
    endloop
  endfacet
  facet normal 0 1 0
    outer loop
      vertex 50.874 56.5 16.874
      vertex 46.755 56.5 16.9625
      vertex 47.508 56.5 20.24
    endloop
  endfacet
  facet normal 0 1 0
    outer loop
      vertex 48.8587 56.5 14.8587
      vertex 50.874 56.5 16.874
      vertex 51.6485 56.5 15.9672
    endloop
  endfacet
  facet normal 0 1 0
    outer loop
      vertex 49.3428 56.5 14.292
      vertex 51.6485 56.5 15.9672
      vertex 52.2716 56.5 14.9503
    endloop
  endfacet
  facet normal 0 1 0
    outer loop
      vertex 50.874 56.5 16.874
      vertex 48.8587 56.5 14.8587
      vertex 46.755 56.5 16.9625
    endloop
  endfacet
  facet normal 0 1 0
    outer loop
      vertex 51.6485 56.5 15.9672
      vertex 49.3428 56.5 14.292
      vertex 48.8587 56.5 14.8587
    endloop
  endfacet
  facet normal 0 1 0
    outer loop
      vertex 49.7323 56.5 13.6564
      vertex 52.2716 56.5 14.9503
      vertex 52.728 56.5 13.8485
    endloop
  endfacet
  facet normal 0 1 0
    outer loop
      vertex 52.2716 56.5 14.9503
      vertex 49.7323 56.5 13.6564
      vertex 49.3428 56.5 14.292
    endloop
  endfacet
  facet normal 0 1 0
    outer loop
      vertex 52.728 56.5 13.8485
      vertex 50.0175 56.5 12.9678
      vertex 49.7323 56.5 13.6564
    endloop
  endfacet
  facet normal 0 1 0
    outer loop
      vertex 53.0064 56.5 12.6889
      vertex 50.0175 56.5 12.9678
      vertex 52.728 56.5 13.8485
    endloop
  endfacet
  facet normal 0 1 0
    outer loop
      vertex 53.0064 56.5 12.6889
      vertex 50.1915 56.5 12.2431
      vertex 50.0175 56.5 12.9678
    endloop
  endfacet
  facet normal 0 1 0
    outer loop
      vertex 53.1 56.5 11.5
      vertex 50.1915 56.5 12.2431
      vertex 53.0064 56.5 12.6889
    endloop
  endfacet
  facet normal 0 1 0
    outer loop
      vertex 53.1 56.5 11.5
      vertex 50.25 56.5 11.5
      vertex 50.1915 56.5 12.2431
    endloop
  endfacet
  facet normal 0 1 0
    outer loop
      vertex 53.1 56.5 11.5
      vertex 50.1915 56.5 10.7569
      vertex 50.25 56.5 11.5
    endloop
  endfacet
  facet normal 0 1 -0
    outer loop
      vertex 53.0064 56.5 10.3111
      vertex 50.1915 56.5 10.7569
      vertex 53.1 56.5 11.5
    endloop
  endfacet
  facet normal 0 1 0
    outer loop
      vertex 53.0064 56.5 10.3111
      vertex 50.0175 56.5 10.0322
      vertex 50.1915 56.5 10.7569
    endloop
  endfacet
  facet normal 0 1 -0
    outer loop
      vertex 52.728 56.5 9.15147
      vertex 50.0175 56.5 10.0322
      vertex 53.0064 56.5 10.3111
    endloop
  endfacet
  facet normal 0 1 0
    outer loop
      vertex 50.0175 56.5 10.0322
      vertex 52.728 56.5 9.15147
      vertex 49.7323 56.5 9.34355
    endloop
  endfacet
  facet normal 0 1 -0
    outer loop
      vertex 52.2716 56.5 8.04968
      vertex 49.7323 56.5 9.34355
      vertex 52.728 56.5 9.15147
    endloop
  endfacet
  facet normal 0 1 0
    outer loop
      vertex 49.7323 56.5 9.34355
      vertex 52.2716 56.5 8.04968
      vertex 49.3428 56.5 8.70802
    endloop
  endfacet
  facet normal 0 1 -0
    outer loop
      vertex 51.6485 56.5 7.03284
      vertex 49.3428 56.5 8.70802
      vertex 52.2716 56.5 8.04968
    endloop
  endfacet
  facet normal 0 1 0
    outer loop
      vertex 49.3428 56.5 8.70802
      vertex 51.6485 56.5 7.03284
      vertex 48.8587 56.5 8.14125
    endloop
  endfacet
  facet normal 0 1 -0
    outer loop
      vertex 50.874 56.5 6.12599
      vertex 48.8587 56.5 8.14125
      vertex 51.6485 56.5 7.03284
    endloop
  endfacet
  facet normal 0 1 0
    outer loop
      vertex 48.8587 56.5 8.14125
      vertex 50.874 56.5 6.12599
      vertex 48.292 56.5 7.65718
    endloop
  endfacet
  facet normal 0 1 -0
    outer loop
      vertex 49.9672 56.5 5.35147
      vertex 48.292 56.5 7.65718
      vertex 50.874 56.5 6.12599
    endloop
  endfacet
  facet normal 0 1 0
    outer loop
      vertex 48.292 56.5 7.65718
      vertex 49.9672 56.5 5.35147
      vertex 47.6564 56.5 7.26773
    endloop
  endfacet
  facet normal 0 1 -0
    outer loop
      vertex 48.9503 56.5 4.72836
      vertex 47.6564 56.5 7.26773
      vertex 49.9672 56.5 5.35147
    endloop
  endfacet
  facet normal 0 1 0
    outer loop
      vertex 47.6564 56.5 7.26773
      vertex 48.9503 56.5 4.72836
      vertex 46.9678 56.5 6.98248
    endloop
  endfacet
  facet normal 0 1 -0
    outer loop
      vertex 44.245 56.5 16.9625
      vertex 43.492 56.5 20.24
      vertex 46.755 56.5 16.9625
    endloop
  endfacet
  facet normal 0 1 0
    outer loop
      vertex 44.245 56.5 16.9625
      vertex 40.126 56.5 16.874
      vertex 43.492 56.5 20.24
    endloop
  endfacet
  facet normal 0 1 -0
    outer loop
      vertex 42.1413 56.5 14.8587
      vertex 40.126 56.5 16.874
      vertex 44.245 56.5 16.9625
    endloop
  endfacet
  facet normal 0 1 0
    outer loop
      vertex 40.126 56.5 16.874
      vertex 42.1413 56.5 14.8587
      vertex 39.3515 56.5 15.9672
    endloop
  endfacet
  facet normal 0 1 -0
    outer loop
      vertex 41.6572 56.5 14.292
      vertex 39.3515 56.5 15.9672
      vertex 42.1413 56.5 14.8587
    endloop
  endfacet
  facet normal 0 1 0
    outer loop
      vertex 39.3515 56.5 15.9672
      vertex 41.6572 56.5 14.292
      vertex 38.7284 56.5 14.9503
    endloop
  endfacet
  facet normal 0 1 -0
    outer loop
      vertex 41.2677 56.5 13.6564
      vertex 38.7284 56.5 14.9503
      vertex 41.6572 56.5 14.292
    endloop
  endfacet
  facet normal 0 1 0
    outer loop
      vertex 38.7284 56.5 14.9503
      vertex 41.2677 56.5 13.6564
      vertex 38.272 56.5 13.8485
    endloop
  endfacet
  facet normal 0 1 -0
    outer loop
      vertex 40.9825 56.5 12.9678
      vertex 38.272 56.5 13.8485
      vertex 41.2677 56.5 13.6564
    endloop
  endfacet
  facet normal 0 1 0
    outer loop
      vertex 40.9825 56.5 12.9678
      vertex 37.9936 56.5 12.6889
      vertex 38.272 56.5 13.8485
    endloop
  endfacet
  facet normal 0 1 -0
    outer loop
      vertex 40.8085 56.5 12.2431
      vertex 37.9936 56.5 12.6889
      vertex 40.9825 56.5 12.9678
    endloop
  endfacet
  facet normal 0 1 -0
    outer loop
      vertex 40.75 56.5 11.5
      vertex 37.9936 56.5 12.6889
      vertex 40.8085 56.5 12.2431
    endloop
  endfacet
  facet normal 0 1 0
    outer loop
      vertex 40.75 56.5 11.5
      vertex 37.9 56.5 11.5
      vertex 37.9936 56.5 12.6889
    endloop
  endfacet
  facet normal 0 1 0
    outer loop
      vertex 40.8085 56.5 10.7569
      vertex 37.9 56.5 11.5
      vertex 40.75 56.5 11.5
    endloop
  endfacet
  facet normal 0 1 0
    outer loop
      vertex 40.8085 56.5 10.7569
      vertex 37.9936 56.5 10.3111
      vertex 37.9 56.5 11.5
    endloop
  endfacet
  facet normal 0 1 0
    outer loop
      vertex 40.9825 56.5 10.0322
      vertex 37.9936 56.5 10.3111
      vertex 40.8085 56.5 10.7569
    endloop
  endfacet
  facet normal 0 1 0
    outer loop
      vertex 38.272 56.5 9.15147
      vertex 40.9825 56.5 10.0322
      vertex 41.2677 56.5 9.34355
    endloop
  endfacet
  facet normal 0 1 0
    outer loop
      vertex 40.9825 56.5 10.0322
      vertex 38.272 56.5 9.15147
      vertex 37.9936 56.5 10.3111
    endloop
  endfacet
  facet normal 0 1 0
    outer loop
      vertex 38.7284 56.5 8.04968
      vertex 41.2677 56.5 9.34355
      vertex 41.6572 56.5 8.70802
    endloop
  endfacet
  facet normal 0 1 0
    outer loop
      vertex 39.3515 56.5 7.03284
      vertex 41.6572 56.5 8.70802
      vertex 42.1413 56.5 8.14125
    endloop
  endfacet
  facet normal 0 1 0
    outer loop
      vertex 41.2677 56.5 9.34355
      vertex 38.7284 56.5 8.04968
      vertex 38.272 56.5 9.15147
    endloop
  endfacet
  facet normal 0 1 0
    outer loop
      vertex 40.126 56.5 6.12599
      vertex 42.1413 56.5 8.14125
      vertex 42.708 56.5 7.65718
    endloop
  endfacet
  facet normal 0 1 0
    outer loop
      vertex 41.0328 56.5 5.35147
      vertex 42.708 56.5 7.65718
      vertex 43.3436 56.5 7.26773
    endloop
  endfacet
  facet normal 0 1 0
    outer loop
      vertex 41.6572 56.5 8.70802
      vertex 39.3515 56.5 7.03284
      vertex 38.7284 56.5 8.04968
    endloop
  endfacet
  facet normal 0 1 0
    outer loop
      vertex 42.0497 56.5 4.72836
      vertex 43.3436 56.5 7.26773
      vertex 44.0322 56.5 6.98248
    endloop
  endfacet
  facet normal 0 1 0
    outer loop
      vertex 43.1515 56.5 4.27197
      vertex 44.0322 56.5 6.98248
      vertex 44.7569 56.5 6.80849
    endloop
  endfacet
  facet normal 0 1 0
    outer loop
      vertex 44.3111 56.5 3.99358
      vertex 44.7569 56.5 6.80849
      vertex 45.5 56.5 6.75
    endloop
  endfacet
  facet normal 0 1 -0
    outer loop
      vertex 47.8485 56.5 4.27197
      vertex 46.9678 56.5 6.98248
      vertex 48.9503 56.5 4.72836
    endloop
  endfacet
  facet normal 0 1 0
    outer loop
      vertex 42.1413 56.5 8.14125
      vertex 40.126 56.5 6.12599
      vertex 39.3515 56.5 7.03284
    endloop
  endfacet
  facet normal 0 1 0
    outer loop
      vertex 46.9678 56.5 6.98248
      vertex 47.8485 56.5 4.27197
      vertex 46.2431 56.5 6.80849
    endloop
  endfacet
  facet normal 0 1 0
    outer loop
      vertex 42.708 56.5 7.65718
      vertex 41.0328 56.5 5.35147
      vertex 40.126 56.5 6.12599
    endloop
  endfacet
  facet normal 0 1 -0
    outer loop
      vertex 46.6889 56.5 3.99358
      vertex 46.2431 56.5 6.80849
      vertex 47.8485 56.5 4.27197
    endloop
  endfacet
  facet normal 0 1 0
    outer loop
      vertex 43.3436 56.5 7.26773
      vertex 42.0497 56.5 4.72836
      vertex 41.0328 56.5 5.35147
    endloop
  endfacet
  facet normal 0 1 0
    outer loop
      vertex 46.2431 56.5 6.80849
      vertex 46.6889 56.5 3.99358
      vertex 45.5 56.5 6.75
    endloop
  endfacet
  facet normal 0 1 0
    outer loop
      vertex 44.0322 56.5 6.98248
      vertex 43.1515 56.5 4.27197
      vertex 42.0497 56.5 4.72836
    endloop
  endfacet
  facet normal 0 1 0
    outer loop
      vertex 45.5 56.5 3.90001
      vertex 45.5 56.5 6.75
      vertex 46.6889 56.5 3.99358
    endloop
  endfacet
  facet normal 0 1 0
    outer loop
      vertex 44.7569 56.5 6.80849
      vertex 44.3111 56.5 3.99358
      vertex 43.1515 56.5 4.27197
    endloop
  endfacet
  facet normal 0 1 0
    outer loop
      vertex 45.5 56.5 6.75
      vertex 45.5 56.5 3.90001
      vertex 44.3111 56.5 3.99358
    endloop
  endfacet
  facet normal 0.923873 -0 0.3827
    outer loop
      vertex 38.272 56.5 9.15147
      vertex 38.7284 82 8.04968
      vertex 38.272 82 9.15147
    endloop
  endfacet
  facet normal 0.923873 0 0.3827
    outer loop
      vertex 38.7284 82 8.04968
      vertex 38.272 56.5 9.15147
      vertex 38.7284 56.5 8.04968
    endloop
  endfacet
  facet normal 0.649467 0 0.76039
    outer loop
      vertex 40.126 82 6.12599
      vertex 41.0328 56.5 5.35147
      vertex 41.0328 82 5.35147
    endloop
  endfacet
  facet normal 0.649467 0 0.76039
    outer loop
      vertex 41.0328 56.5 5.35147
      vertex 40.126 82 6.12599
      vertex 40.126 56.5 6.12599
    endloop
  endfacet
  facet normal -0.233441 0 0.972371
    outer loop
      vertex 46.6889 82 3.99358
      vertex 47.8485 56.5 4.27197
      vertex 47.8485 82 4.27197
    endloop
  endfacet
  facet normal -0.233441 0 0.972371
    outer loop
      vertex 47.8485 56.5 4.27197
      vertex 46.6889 82 3.99358
      vertex 46.6889 56.5 3.99358
    endloop
  endfacet
  facet normal -0.996915 0 0.0784854
    outer loop
      vertex 53.0064 56.5 10.3111
      vertex 53.1 82 11.5
      vertex 53.0064 82 10.3111
    endloop
  endfacet
  facet normal -0.996915 0 0.0784854
    outer loop
      vertex 53.1 82 11.5
      vertex 53.0064 56.5 10.3111
      vertex 53.1 56.5 11.5
    endloop
  endfacet
  facet normal 0.923874 0 -0.382697
    outer loop
      vertex 38.7284 56.5 14.9503
      vertex 38.272 82 13.8485
      vertex 38.7284 82 14.9503
    endloop
  endfacet
  facet normal 0.923874 0 -0.382697
    outer loop
      vertex 38.272 82 13.8485
      vertex 38.7284 56.5 14.9503
      vertex 38.272 56.5 13.8485
    endloop
  endfacet
  facet normal -0.52247 0 0.852658
    outer loop
      vertex 48.9503 82 4.72836
      vertex 49.9672 56.5 5.35147
      vertex 49.9672 82 5.35147
    endloop
  endfacet
  facet normal -0.52247 0 0.852658
    outer loop
      vertex 49.9672 56.5 5.35147
      vertex 48.9503 82 4.72836
      vertex 48.9503 56.5 4.72836
    endloop
  endfacet
  facet normal -0.996915 0 -0.0784854
    outer loop
      vertex 53.1 56.5 11.5
      vertex 53.0064 82 12.6889
      vertex 53.1 82 11.5
    endloop
  endfacet
  facet normal -0.996915 -0 -0.0784854
    outer loop
      vertex 53.0064 82 12.6889
      vertex 53.1 56.5 11.5
      vertex 53.0064 56.5 12.6889
    endloop
  endfacet
  facet normal 0.0784604 0 0.996917
    outer loop
      vertex 44.3111 82 3.99358
      vertex 45.5 56.5 3.90001
      vertex 45.5 82 3.90001
    endloop
  endfacet
  facet normal 0.0784604 0 0.996917
    outer loop
      vertex 45.5 56.5 3.90001
      vertex 44.3111 82 3.99358
      vertex 44.3111 56.5 3.99358
    endloop
  endfacet
  facet normal -0.760416 0 0.649437
    outer loop
      vertex 50.874 56.5 6.12599
      vertex 51.6485 82 7.03284
      vertex 50.874 82 6.12599
    endloop
  endfacet
  facet normal -0.760416 0 0.649437
    outer loop
      vertex 51.6485 82 7.03284
      vertex 50.874 56.5 6.12599
      vertex 51.6485 56.5 7.03284
    endloop
  endfacet
  facet normal 0.852662 0 -0.522464
    outer loop
      vertex 39.3515 56.5 15.9672
      vertex 38.7284 82 14.9503
      vertex 39.3515 82 15.9672
    endloop
  endfacet
  facet normal 0.852662 0 -0.522464
    outer loop
      vertex 38.7284 82 14.9503
      vertex 39.3515 56.5 15.9672
      vertex 38.7284 56.5 14.9503
    endloop
  endfacet
  facet normal -0.972369 0 -0.233449
    outer loop
      vertex 53.0064 56.5 12.6889
      vertex 52.728 82 13.8485
      vertex 53.0064 82 12.6889
    endloop
  endfacet
  facet normal -0.972369 -0 -0.233449
    outer loop
      vertex 52.728 82 13.8485
      vertex 53.0064 56.5 12.6889
      vertex 52.728 56.5 13.8485
    endloop
  endfacet
  facet normal 0.852648 -0 0.522486
    outer loop
      vertex 38.7284 56.5 8.04968
      vertex 39.3515 82 7.03284
      vertex 38.7284 82 8.04968
    endloop
  endfacet
  facet normal 0.852648 0 0.522486
    outer loop
      vertex 39.3515 82 7.03284
      vertex 38.7284 56.5 8.04968
      vertex 39.3515 56.5 7.03284
    endloop
  endfacet
  facet normal -0.38269 0 0.923877
    outer loop
      vertex 47.8485 82 4.27197
      vertex 48.9503 56.5 4.72836
      vertex 48.9503 82 4.72836
    endloop
  endfacet
  facet normal -0.38269 0 0.923877
    outer loop
      vertex 48.9503 56.5 4.72836
      vertex 47.8485 82 4.27197
      vertex 47.8485 56.5 4.27197
    endloop
  endfacet
  facet normal 0.996915 -0 0.0784854
    outer loop
      vertex 37.9 56.5 11.5
      vertex 37.9936 82 10.3111
      vertex 37.9 82 11.5
    endloop
  endfacet
  facet normal 0.996915 0 0.0784854
    outer loop
      vertex 37.9936 82 10.3111
      vertex 37.9 56.5 11.5
      vertex 37.9936 56.5 10.3111
    endloop
  endfacet
  facet normal -0.852648 0 0.522486
    outer loop
      vertex 51.6485 56.5 7.03284
      vertex 52.2716 82 8.04968
      vertex 51.6485 82 7.03284
    endloop
  endfacet
  facet normal -0.852648 0 0.522486
    outer loop
      vertex 52.2716 82 8.04968
      vertex 51.6485 56.5 7.03284
      vertex 52.2716 56.5 8.04968
    endloop
  endfacet
  facet normal 0.707107 0 -0.707107
    outer loop
      vertex 43.492 56.5 20.24
      vertex 40.126 82 16.874
      vertex 43.492 82 20.24
    endloop
  endfacet
  facet normal 0.707107 0 -0.707107
    outer loop
      vertex 40.126 82 16.874
      vertex 43.492 56.5 20.24
      vertex 40.126 56.5 16.874
    endloop
  endfacet
  facet normal -0.97237 0 0.233443
    outer loop
      vertex 52.728 56.5 9.15147
      vertex 53.0064 82 10.3111
      vertex 52.728 82 9.15147
    endloop
  endfacet
  facet normal -0.97237 0 0.233443
    outer loop
      vertex 53.0064 82 10.3111
      vertex 52.728 56.5 9.15147
      vertex 53.0064 56.5 10.3111
    endloop
  endfacet
  facet normal 0.972369 0 -0.233449
    outer loop
      vertex 38.272 56.5 13.8485
      vertex 37.9936 82 12.6889
      vertex 38.272 82 13.8485
    endloop
  endfacet
  facet normal 0.972369 0 -0.233449
    outer loop
      vertex 37.9936 82 12.6889
      vertex 38.272 56.5 13.8485
      vertex 37.9936 56.5 12.6889
    endloop
  endfacet
  facet normal -0.0784604 0 0.996917
    outer loop
      vertex 45.5 82 3.90001
      vertex 46.6889 56.5 3.99358
      vertex 46.6889 82 3.99358
    endloop
  endfacet
  facet normal -0.0784604 0 0.996917
    outer loop
      vertex 46.6889 56.5 3.99358
      vertex 45.5 82 3.90001
      vertex 45.5 56.5 3.90001
    endloop
  endfacet
  facet normal 0.38269 0 0.923877
    outer loop
      vertex 42.0497 82 4.72836
      vertex 43.1515 56.5 4.27197
      vertex 43.1515 82 4.27197
    endloop
  endfacet
  facet normal 0.38269 0 0.923877
    outer loop
      vertex 43.1515 56.5 4.27197
      vertex 42.0497 82 4.72836
      vertex 42.0497 56.5 4.72836
    endloop
  endfacet
  facet normal 0.52247 0 0.852658
    outer loop
      vertex 41.0328 82 5.35147
      vertex 42.0497 56.5 4.72836
      vertex 42.0497 82 4.72836
    endloop
  endfacet
  facet normal 0.52247 0 0.852658
    outer loop
      vertex 42.0497 56.5 4.72836
      vertex 41.0328 82 5.35147
      vertex 41.0328 56.5 5.35147
    endloop
  endfacet
  facet normal -0.923874 0 -0.382697
    outer loop
      vertex 52.728 56.5 13.8485
      vertex 52.2716 82 14.9503
      vertex 52.728 82 13.8485
    endloop
  endfacet
  facet normal -0.923874 -0 -0.382697
    outer loop
      vertex 52.2716 82 14.9503
      vertex 52.728 56.5 13.8485
      vertex 52.2716 56.5 14.9503
    endloop
  endfacet
  facet normal 0.996915 0 -0.0784854
    outer loop
      vertex 37.9936 0 12.6889
      vertex 37.9 25.5 11.5
      vertex 37.9936 25.5 12.6889
    endloop
  endfacet
  facet normal 0.996915 0 -0.0784854
    outer loop
      vertex 37.9 25.5 11.5
      vertex 37.9936 0 12.6889
      vertex 37.9 0 11.5
    endloop
  endfacet
  facet normal 0.233441 0 0.972371
    outer loop
      vertex 43.1515 25.5 4.27197
      vertex 44.3111 0 3.99358
      vertex 44.3111 25.5 3.99358
    endloop
  endfacet
  facet normal 0.233441 0 0.972371
    outer loop
      vertex 44.3111 0 3.99358
      vertex 43.1515 25.5 4.27197
      vertex 43.1515 0 4.27197
    endloop
  endfacet
  facet normal -0.852662 0 -0.522464
    outer loop
      vertex 52.2716 0 14.9503
      vertex 51.6485 25.5 15.9672
      vertex 52.2716 25.5 14.9503
    endloop
  endfacet
  facet normal -0.852662 -0 -0.522464
    outer loop
      vertex 51.6485 25.5 15.9672
      vertex 52.2716 0 14.9503
      vertex 51.6485 0 15.9672
    endloop
  endfacet
  facet normal -0.760398 0 -0.649458
    outer loop
      vertex 51.6485 0 15.9672
      vertex 50.874 25.5 16.874
      vertex 51.6485 25.5 15.9672
    endloop
  endfacet
  facet normal -0.760398 -0 -0.649458
    outer loop
      vertex 50.874 25.5 16.874
      vertex 51.6485 0 15.9672
      vertex 50.874 0 16.874
    endloop
  endfacet
  facet normal -0.923873 0 0.3827
    outer loop
      vertex 52.2716 0 8.04968
      vertex 52.728 25.5 9.15147
      vertex 52.2716 25.5 8.04968
    endloop
  endfacet
  facet normal -0.923873 0 0.3827
    outer loop
      vertex 52.728 25.5 9.15147
      vertex 52.2716 0 8.04968
      vertex 52.728 0 9.15147
    endloop
  endfacet
  facet normal 0 0 -1
    outer loop
      vertex 43.492 0 20.24
      vertex 47.508 25.5 20.24
      vertex 47.508 0 20.24
    endloop
  endfacet
  facet normal -0 0 -1
    outer loop
      vertex 47.508 25.5 20.24
      vertex 43.492 0 20.24
      vertex 43.492 25.5 20.24
    endloop
  endfacet
  facet normal 0.760398 0 -0.649458
    outer loop
      vertex 40.126 0 16.874
      vertex 39.3515 25.5 15.9672
      vertex 40.126 25.5 16.874
    endloop
  endfacet
  facet normal 0.760398 0 -0.649458
    outer loop
      vertex 39.3515 25.5 15.9672
      vertex 40.126 0 16.874
      vertex 39.3515 0 15.9672
    endloop
  endfacet
  facet normal -0.649467 0 0.76039
    outer loop
      vertex 49.9672 25.5 5.35147
      vertex 50.874 0 6.12599
      vertex 50.874 25.5 6.12599
    endloop
  endfacet
  facet normal -0.649467 0 0.76039
    outer loop
      vertex 50.874 0 6.12599
      vertex 49.9672 25.5 5.35147
      vertex 49.9672 0 5.35147
    endloop
  endfacet
  facet normal -0.707107 0 -0.707107
    outer loop
      vertex 50.874 0 16.874
      vertex 47.508 25.5 20.24
      vertex 50.874 25.5 16.874
    endloop
  endfacet
  facet normal -0.707107 -0 -0.707107
    outer loop
      vertex 47.508 25.5 20.24
      vertex 50.874 0 16.874
      vertex 47.508 0 20.24
    endloop
  endfacet
  facet normal 0.97237 -0 0.233443
    outer loop
      vertex 37.9936 0 10.3111
      vertex 38.272 25.5 9.15147
      vertex 37.9936 25.5 10.3111
    endloop
  endfacet
  facet normal 0.97237 0 0.233443
    outer loop
      vertex 38.272 25.5 9.15147
      vertex 37.9936 0 10.3111
      vertex 38.272 0 9.15147
    endloop
  endfacet
  facet normal 0.760416 -0 0.649437
    outer loop
      vertex 39.3515 0 7.03284
      vertex 40.126 25.5 6.12599
      vertex 39.3515 25.5 7.03284
    endloop
  endfacet
  facet normal 0.760416 0 0.649437
    outer loop
      vertex 40.126 25.5 6.12599
      vertex 39.3515 0 7.03284
      vertex 40.126 0 6.12599
    endloop
  endfacet
  facet normal 0.923873 -0 0.3827
    outer loop
      vertex 38.272 0 9.15147
      vertex 38.7284 25.5 8.04968
      vertex 38.272 25.5 9.15147
    endloop
  endfacet
  facet normal 0.923873 0 0.3827
    outer loop
      vertex 38.7284 25.5 8.04968
      vertex 38.272 0 9.15147
      vertex 38.7284 0 8.04968
    endloop
  endfacet
  facet normal 0.649467 0 0.76039
    outer loop
      vertex 40.126 25.5 6.12599
      vertex 41.0328 0 5.35147
      vertex 41.0328 25.5 5.35147
    endloop
  endfacet
  facet normal 0.649467 0 0.76039
    outer loop
      vertex 41.0328 0 5.35147
      vertex 40.126 25.5 6.12599
      vertex 40.126 0 6.12599
    endloop
  endfacet
  facet normal -0.233441 0 0.972371
    outer loop
      vertex 46.6889 25.5 3.99358
      vertex 47.8485 0 4.27197
      vertex 47.8485 25.5 4.27197
    endloop
  endfacet
  facet normal -0.233441 0 0.972371
    outer loop
      vertex 47.8485 0 4.27197
      vertex 46.6889 25.5 3.99358
      vertex 46.6889 0 3.99358
    endloop
  endfacet
  facet normal -0.996915 0 0.0784854
    outer loop
      vertex 53.0064 0 10.3111
      vertex 53.1 25.5 11.5
      vertex 53.0064 25.5 10.3111
    endloop
  endfacet
  facet normal -0.996915 0 0.0784854
    outer loop
      vertex 53.1 25.5 11.5
      vertex 53.0064 0 10.3111
      vertex 53.1 0 11.5
    endloop
  endfacet
  facet normal 0.923874 0 -0.382697
    outer loop
      vertex 38.7284 0 14.9503
      vertex 38.272 25.5 13.8485
      vertex 38.7284 25.5 14.9503
    endloop
  endfacet
  facet normal 0.923874 0 -0.382697
    outer loop
      vertex 38.272 25.5 13.8485
      vertex 38.7284 0 14.9503
      vertex 38.272 0 13.8485
    endloop
  endfacet
  facet normal -0.52247 0 0.852658
    outer loop
      vertex 48.9503 25.5 4.72836
      vertex 49.9672 0 5.35147
      vertex 49.9672 25.5 5.35147
    endloop
  endfacet
  facet normal -0.52247 0 0.852658
    outer loop
      vertex 49.9672 0 5.35147
      vertex 48.9503 25.5 4.72836
      vertex 48.9503 0 4.72836
    endloop
  endfacet
  facet normal -0.996915 0 -0.0784854
    outer loop
      vertex 53.1 0 11.5
      vertex 53.0064 25.5 12.6889
      vertex 53.1 25.5 11.5
    endloop
  endfacet
  facet normal -0.996915 -0 -0.0784854
    outer loop
      vertex 53.0064 25.5 12.6889
      vertex 53.1 0 11.5
      vertex 53.0064 0 12.6889
    endloop
  endfacet
  facet normal 0.0784604 0 0.996917
    outer loop
      vertex 44.3111 25.5 3.99358
      vertex 45.5 0 3.90001
      vertex 45.5 25.5 3.90001
    endloop
  endfacet
  facet normal 0.0784604 0 0.996917
    outer loop
      vertex 45.5 0 3.90001
      vertex 44.3111 25.5 3.99358
      vertex 44.3111 0 3.99358
    endloop
  endfacet
  facet normal -0.760416 0 0.649437
    outer loop
      vertex 50.874 0 6.12599
      vertex 51.6485 25.5 7.03284
      vertex 50.874 25.5 6.12599
    endloop
  endfacet
  facet normal -0.760416 0 0.649437
    outer loop
      vertex 51.6485 25.5 7.03284
      vertex 50.874 0 6.12599
      vertex 51.6485 0 7.03284
    endloop
  endfacet
  facet normal 0.852662 0 -0.522464
    outer loop
      vertex 39.3515 0 15.9672
      vertex 38.7284 25.5 14.9503
      vertex 39.3515 25.5 15.9672
    endloop
  endfacet
  facet normal 0.852662 0 -0.522464
    outer loop
      vertex 38.7284 25.5 14.9503
      vertex 39.3515 0 15.9672
      vertex 38.7284 0 14.9503
    endloop
  endfacet
  facet normal -0.972369 0 -0.233449
    outer loop
      vertex 53.0064 0 12.6889
      vertex 52.728 25.5 13.8485
      vertex 53.0064 25.5 12.6889
    endloop
  endfacet
  facet normal -0.972369 -0 -0.233449
    outer loop
      vertex 52.728 25.5 13.8485
      vertex 53.0064 0 12.6889
      vertex 52.728 0 13.8485
    endloop
  endfacet
  facet normal 0.852648 -0 0.522486
    outer loop
      vertex 38.7284 0 8.04968
      vertex 39.3515 25.5 7.03284
      vertex 38.7284 25.5 8.04968
    endloop
  endfacet
  facet normal 0.852648 0 0.522486
    outer loop
      vertex 39.3515 25.5 7.03284
      vertex 38.7284 0 8.04968
      vertex 39.3515 0 7.03284
    endloop
  endfacet
  facet normal 0 -1 0
    outer loop
      vertex 43.492 25.5 20.24
      vertex 44.245 25.5 16.9625
      vertex 47.508 25.5 20.24
    endloop
  endfacet
  facet normal 0 -1 0
    outer loop
      vertex 40.126 25.5 16.874
      vertex 44.245 25.5 16.9625
      vertex 43.492 25.5 20.24
    endloop
  endfacet
  facet normal 0 -1 0
    outer loop
      vertex 42.1413 25.5 14.8587
      vertex 40.126 25.5 16.874
      vertex 39.3515 25.5 15.9672
    endloop
  endfacet
  facet normal 0 -1 0
    outer loop
      vertex 41.6572 25.5 14.292
      vertex 39.3515 25.5 15.9672
      vertex 38.7284 25.5 14.9503
    endloop
  endfacet
  facet normal 0 -1 0
    outer loop
      vertex 40.126 25.5 16.874
      vertex 42.1413 25.5 14.8587
      vertex 44.245 25.5 16.9625
    endloop
  endfacet
  facet normal 0 -1 0
    outer loop
      vertex 39.3515 25.5 15.9672
      vertex 41.6572 25.5 14.292
      vertex 42.1413 25.5 14.8587
    endloop
  endfacet
  facet normal 0 -1 0
    outer loop
      vertex 41.2677 25.5 13.6564
      vertex 38.7284 25.5 14.9503
      vertex 38.272 25.5 13.8485
    endloop
  endfacet
  facet normal 0 -1 0
    outer loop
      vertex 38.7284 25.5 14.9503
      vertex 41.2677 25.5 13.6564
      vertex 41.6572 25.5 14.292
    endloop
  endfacet
  facet normal 0 -1 0
    outer loop
      vertex 38.272 25.5 13.8485
      vertex 40.9825 25.5 12.9678
      vertex 41.2677 25.5 13.6564
    endloop
  endfacet
  facet normal 0 -1 0
    outer loop
      vertex 37.9936 25.5 12.6889
      vertex 40.9825 25.5 12.9678
      vertex 38.272 25.5 13.8485
    endloop
  endfacet
  facet normal 0 -1 0
    outer loop
      vertex 37.9936 25.5 12.6889
      vertex 40.8085 25.5 12.2431
      vertex 40.9825 25.5 12.9678
    endloop
  endfacet
  facet normal 0 -1 0
    outer loop
      vertex 37.9 25.5 11.5
      vertex 40.8085 25.5 12.2431
      vertex 37.9936 25.5 12.6889
    endloop
  endfacet
  facet normal 0 -1 0
    outer loop
      vertex 37.9 25.5 11.5
      vertex 40.75 25.5 11.5
      vertex 40.8085 25.5 12.2431
    endloop
  endfacet
  facet normal 0 -1 0
    outer loop
      vertex 37.9 25.5 11.5
      vertex 40.8085 25.5 10.7569
      vertex 40.75 25.5 11.5
    endloop
  endfacet
  facet normal 0 -1 0
    outer loop
      vertex 37.9936 25.5 10.3111
      vertex 40.8085 25.5 10.7569
      vertex 37.9 25.5 11.5
    endloop
  endfacet
  facet normal 0 -1 0
    outer loop
      vertex 37.9936 25.5 10.3111
      vertex 40.9825 25.5 10.0322
      vertex 40.8085 25.5 10.7569
    endloop
  endfacet
  facet normal 0 -1 0
    outer loop
      vertex 38.272 25.5 9.15147
      vertex 40.9825 25.5 10.0322
      vertex 37.9936 25.5 10.3111
    endloop
  endfacet
  facet normal 0 -1 -0
    outer loop
      vertex 40.9825 25.5 10.0322
      vertex 38.272 25.5 9.15147
      vertex 41.2677 25.5 9.34355
    endloop
  endfacet
  facet normal 0 -1 0
    outer loop
      vertex 38.7284 25.5 8.04968
      vertex 41.2677 25.5 9.34355
      vertex 38.272 25.5 9.15147
    endloop
  endfacet
  facet normal 0 -1 -0
    outer loop
      vertex 41.2677 25.5 9.34355
      vertex 38.7284 25.5 8.04968
      vertex 41.6572 25.5 8.70802
    endloop
  endfacet
  facet normal 0 -1 0
    outer loop
      vertex 39.3515 25.5 7.03284
      vertex 41.6572 25.5 8.70802
      vertex 38.7284 25.5 8.04968
    endloop
  endfacet
  facet normal 0 -1 -0
    outer loop
      vertex 41.6572 25.5 8.70802
      vertex 39.3515 25.5 7.03284
      vertex 42.1413 25.5 8.14125
    endloop
  endfacet
  facet normal 0 -1 0
    outer loop
      vertex 40.126 25.5 6.12599
      vertex 42.1413 25.5 8.14125
      vertex 39.3515 25.5 7.03284
    endloop
  endfacet
  facet normal 0 -1 -0
    outer loop
      vertex 42.1413 25.5 8.14125
      vertex 40.126 25.5 6.12599
      vertex 42.708 25.5 7.65718
    endloop
  endfacet
  facet normal 0 -1 0
    outer loop
      vertex 41.0328 25.5 5.35147
      vertex 42.708 25.5 7.65718
      vertex 40.126 25.5 6.12599
    endloop
  endfacet
  facet normal 0 -1 -0
    outer loop
      vertex 42.708 25.5 7.65718
      vertex 41.0328 25.5 5.35147
      vertex 43.3436 25.5 7.26773
    endloop
  endfacet
  facet normal 0 -1 0
    outer loop
      vertex 42.0497 25.5 4.72836
      vertex 43.3436 25.5 7.26773
      vertex 41.0328 25.5 5.35147
    endloop
  endfacet
  facet normal 0 -1 -0
    outer loop
      vertex 43.3436 25.5 7.26773
      vertex 42.0497 25.5 4.72836
      vertex 44.0322 25.5 6.98248
    endloop
  endfacet
  facet normal 0 -1 0
    outer loop
      vertex 46.755 25.5 16.9625
      vertex 47.508 25.5 20.24
      vertex 44.245 25.5 16.9625
    endloop
  endfacet
  facet normal 0 -1 0
    outer loop
      vertex 46.755 25.5 16.9625
      vertex 50.874 25.5 16.874
      vertex 47.508 25.5 20.24
    endloop
  endfacet
  facet normal 0 -1 0
    outer loop
      vertex 48.8587 25.5 14.8587
      vertex 50.874 25.5 16.874
      vertex 46.755 25.5 16.9625
    endloop
  endfacet
  facet normal 0 -1 -0
    outer loop
      vertex 50.874 25.5 16.874
      vertex 48.8587 25.5 14.8587
      vertex 51.6485 25.5 15.9672
    endloop
  endfacet
  facet normal 0 -1 0
    outer loop
      vertex 49.3428 25.5 14.292
      vertex 51.6485 25.5 15.9672
      vertex 48.8587 25.5 14.8587
    endloop
  endfacet
  facet normal 0 -1 -0
    outer loop
      vertex 51.6485 25.5 15.9672
      vertex 49.3428 25.5 14.292
      vertex 52.2716 25.5 14.9503
    endloop
  endfacet
  facet normal 0 -1 0
    outer loop
      vertex 49.7323 25.5 13.6564
      vertex 52.2716 25.5 14.9503
      vertex 49.3428 25.5 14.292
    endloop
  endfacet
  facet normal 0 -1 -0
    outer loop
      vertex 52.2716 25.5 14.9503
      vertex 49.7323 25.5 13.6564
      vertex 52.728 25.5 13.8485
    endloop
  endfacet
  facet normal 0 -1 0
    outer loop
      vertex 50.0175 25.5 12.9678
      vertex 52.728 25.5 13.8485
      vertex 49.7323 25.5 13.6564
    endloop
  endfacet
  facet normal 0 -1 0
    outer loop
      vertex 50.0175 25.5 12.9678
      vertex 53.0064 25.5 12.6889
      vertex 52.728 25.5 13.8485
    endloop
  endfacet
  facet normal 0 -1 0
    outer loop
      vertex 50.1915 25.5 12.2431
      vertex 53.0064 25.5 12.6889
      vertex 50.0175 25.5 12.9678
    endloop
  endfacet
  facet normal 0 -1 0
    outer loop
      vertex 50.25 25.5 11.5
      vertex 53.0064 25.5 12.6889
      vertex 50.1915 25.5 12.2431
    endloop
  endfacet
  facet normal 0 -1 0
    outer loop
      vertex 50.25 25.5 11.5
      vertex 53.1 25.5 11.5
      vertex 53.0064 25.5 12.6889
    endloop
  endfacet
  facet normal 0 -1 0
    outer loop
      vertex 50.1915 25.5 10.7569
      vertex 53.1 25.5 11.5
      vertex 50.25 25.5 11.5
    endloop
  endfacet
  facet normal 0 -1 0
    outer loop
      vertex 50.1915 25.5 10.7569
      vertex 53.0064 25.5 10.3111
      vertex 53.1 25.5 11.5
    endloop
  endfacet
  facet normal 0 -1 0
    outer loop
      vertex 50.0175 25.5 10.0322
      vertex 53.0064 25.5 10.3111
      vertex 50.1915 25.5 10.7569
    endloop
  endfacet
  facet normal 0 -1 0
    outer loop
      vertex 52.728 25.5 9.15147
      vertex 50.0175 25.5 10.0322
      vertex 49.7323 25.5 9.34355
    endloop
  endfacet
  facet normal 0 -1 0
    outer loop
      vertex 50.0175 25.5 10.0322
      vertex 52.728 25.5 9.15147
      vertex 53.0064 25.5 10.3111
    endloop
  endfacet
  facet normal 0 -1 0
    outer loop
      vertex 52.2716 25.5 8.04968
      vertex 49.7323 25.5 9.34355
      vertex 49.3428 25.5 8.70802
    endloop
  endfacet
  facet normal 0 -1 0
    outer loop
      vertex 51.6485 25.5 7.03284
      vertex 49.3428 25.5 8.70802
      vertex 48.8587 25.5 8.14125
    endloop
  endfacet
  facet normal 0 -1 0
    outer loop
      vertex 49.7323 25.5 9.34355
      vertex 52.2716 25.5 8.04968
      vertex 52.728 25.5 9.15147
    endloop
  endfacet
  facet normal 0 -1 0
    outer loop
      vertex 50.874 25.5 6.12599
      vertex 48.8587 25.5 8.14125
      vertex 48.292 25.5 7.65718
    endloop
  endfacet
  facet normal 0 -1 0
    outer loop
      vertex 49.9672 25.5 5.35147
      vertex 48.292 25.5 7.65718
      vertex 47.6564 25.5 7.26773
    endloop
  endfacet
  facet normal 0 -1 0
    outer loop
      vertex 49.3428 25.5 8.70802
      vertex 51.6485 25.5 7.03284
      vertex 52.2716 25.5 8.04968
    endloop
  endfacet
  facet normal 0 -1 0
    outer loop
      vertex 48.9503 25.5 4.72836
      vertex 47.6564 25.5 7.26773
      vertex 46.9678 25.5 6.98248
    endloop
  endfacet
  facet normal 0 -1 0
    outer loop
      vertex 47.8485 25.5 4.27197
      vertex 46.9678 25.5 6.98248
      vertex 46.2431 25.5 6.80849
    endloop
  endfacet
  facet normal 0 -1 0
    outer loop
      vertex 46.6889 25.5 3.99358
      vertex 46.2431 25.5 6.80849
      vertex 45.5 25.5 6.75
    endloop
  endfacet
  facet normal 0 -1 0
    outer loop
      vertex 43.1515 25.5 4.27197
      vertex 44.0322 25.5 6.98248
      vertex 42.0497 25.5 4.72836
    endloop
  endfacet
  facet normal 0 -1 0
    outer loop
      vertex 48.8587 25.5 8.14125
      vertex 50.874 25.5 6.12599
      vertex 51.6485 25.5 7.03284
    endloop
  endfacet
  facet normal 0 -1 -0
    outer loop
      vertex 44.0322 25.5 6.98248
      vertex 43.1515 25.5 4.27197
      vertex 44.7569 25.5 6.80849
    endloop
  endfacet
  facet normal 0 -1 0
    outer loop
      vertex 48.292 25.5 7.65718
      vertex 49.9672 25.5 5.35147
      vertex 50.874 25.5 6.12599
    endloop
  endfacet
  facet normal 0 -1 0
    outer loop
      vertex 44.3111 25.5 3.99358
      vertex 44.7569 25.5 6.80849
      vertex 43.1515 25.5 4.27197
    endloop
  endfacet
  facet normal 0 -1 0
    outer loop
      vertex 47.6564 25.5 7.26773
      vertex 48.9503 25.5 4.72836
      vertex 49.9672 25.5 5.35147
    endloop
  endfacet
  facet normal 0 -1 -0
    outer loop
      vertex 44.7569 25.5 6.80849
      vertex 44.3111 25.5 3.99358
      vertex 45.5 25.5 6.75
    endloop
  endfacet
  facet normal 0 -1 0
    outer loop
      vertex 46.9678 25.5 6.98248
      vertex 47.8485 25.5 4.27197
      vertex 48.9503 25.5 4.72836
    endloop
  endfacet
  facet normal 0 -1 0
    outer loop
      vertex 45.5 25.5 3.90001
      vertex 45.5 25.5 6.75
      vertex 44.3111 25.5 3.99358
    endloop
  endfacet
  facet normal 0 -1 0
    outer loop
      vertex 46.2431 25.5 6.80849
      vertex 46.6889 25.5 3.99358
      vertex 47.8485 25.5 4.27197
    endloop
  endfacet
  facet normal 0 -1 0
    outer loop
      vertex 45.5 25.5 6.75
      vertex 45.5 25.5 3.90001
      vertex 46.6889 25.5 3.99358
    endloop
  endfacet
  facet normal -0.38269 0 0.923877
    outer loop
      vertex 47.8485 25.5 4.27197
      vertex 48.9503 0 4.72836
      vertex 48.9503 25.5 4.72836
    endloop
  endfacet
  facet normal -0.38269 0 0.923877
    outer loop
      vertex 48.9503 0 4.72836
      vertex 47.8485 25.5 4.27197
      vertex 47.8485 0 4.27197
    endloop
  endfacet
  facet normal 0.996915 -0 0.0784854
    outer loop
      vertex 37.9 0 11.5
      vertex 37.9936 25.5 10.3111
      vertex 37.9 25.5 11.5
    endloop
  endfacet
  facet normal 0.996915 0 0.0784854
    outer loop
      vertex 37.9936 25.5 10.3111
      vertex 37.9 0 11.5
      vertex 37.9936 0 10.3111
    endloop
  endfacet
  facet normal -0.852648 0 0.522486
    outer loop
      vertex 51.6485 0 7.03284
      vertex 52.2716 25.5 8.04968
      vertex 51.6485 25.5 7.03284
    endloop
  endfacet
  facet normal -0.852648 0 0.522486
    outer loop
      vertex 52.2716 25.5 8.04968
      vertex 51.6485 0 7.03284
      vertex 52.2716 0 8.04968
    endloop
  endfacet
  facet normal 0.707107 0 -0.707107
    outer loop
      vertex 43.492 0 20.24
      vertex 40.126 25.5 16.874
      vertex 43.492 25.5 20.24
    endloop
  endfacet
  facet normal 0.707107 0 -0.707107
    outer loop
      vertex 40.126 25.5 16.874
      vertex 43.492 0 20.24
      vertex 40.126 0 16.874
    endloop
  endfacet
  facet normal -0.97237 0 0.233443
    outer loop
      vertex 52.728 0 9.15147
      vertex 53.0064 25.5 10.3111
      vertex 52.728 25.5 9.15147
    endloop
  endfacet
  facet normal -0.97237 0 0.233443
    outer loop
      vertex 53.0064 25.5 10.3111
      vertex 52.728 0 9.15147
      vertex 53.0064 0 10.3111
    endloop
  endfacet
  facet normal -0.0784604 0 0.996917
    outer loop
      vertex 45.5 25.5 3.90001
      vertex 46.6889 0 3.99358
      vertex 46.6889 25.5 3.99358
    endloop
  endfacet
  facet normal -0.0784604 0 0.996917
    outer loop
      vertex 46.6889 0 3.99358
      vertex 45.5 25.5 3.90001
      vertex 45.5 0 3.90001
    endloop
  endfacet
  facet normal 0.972369 0 -0.233449
    outer loop
      vertex 38.272 0 13.8485
      vertex 37.9936 25.5 12.6889
      vertex 38.272 25.5 13.8485
    endloop
  endfacet
  facet normal 0.972369 0 -0.233449
    outer loop
      vertex 37.9936 25.5 12.6889
      vertex 38.272 0 13.8485
      vertex 37.9936 0 12.6889
    endloop
  endfacet
  facet normal 0.38269 0 0.923877
    outer loop
      vertex 42.0497 25.5 4.72836
      vertex 43.1515 0 4.27197
      vertex 43.1515 25.5 4.27197
    endloop
  endfacet
  facet normal 0.38269 0 0.923877
    outer loop
      vertex 43.1515 0 4.27197
      vertex 42.0497 25.5 4.72836
      vertex 42.0497 0 4.72836
    endloop
  endfacet
  facet normal 0.52247 0 0.852658
    outer loop
      vertex 41.0328 25.5 5.35147
      vertex 42.0497 0 4.72836
      vertex 42.0497 25.5 4.72836
    endloop
  endfacet
  facet normal 0.52247 0 0.852658
    outer loop
      vertex 42.0497 0 4.72836
      vertex 41.0328 25.5 5.35147
      vertex 41.0328 0 5.35147
    endloop
  endfacet
  facet normal -0.923874 0 -0.382697
    outer loop
      vertex 52.728 0 13.8485
      vertex 52.2716 25.5 14.9503
      vertex 52.728 25.5 13.8485
    endloop
  endfacet
  facet normal -0.923874 -0 -0.382697
    outer loop
      vertex 52.2716 25.5 14.9503
      vertex 52.728 0 13.8485
      vertex 52.2716 0 14.9503
    endloop
  endfacet
  facet normal 0.996916 0 -0.0784814
    outer loop
      vertex 40.8085 25.5 12.2431
      vertex 40.75 56.5 11.5
      vertex 40.8085 56.5 12.2431
    endloop
  endfacet
  facet normal 0.996916 0 -0.0784814
    outer loop
      vertex 40.75 56.5 11.5
      vertex 40.8085 25.5 12.2431
      vertex 40.75 25.5 11.5
    endloop
  endfacet
  facet normal 0.233452 0 0.972368
    outer loop
      vertex 44.0322 56.5 6.98248
      vertex 44.7569 25.5 6.80849
      vertex 44.7569 56.5 6.80849
    endloop
  endfacet
  facet normal 0.233452 0 0.972368
    outer loop
      vertex 44.7569 25.5 6.80849
      vertex 44.0322 56.5 6.98248
      vertex 44.0322 25.5 6.98248
    endloop
  endfacet
  facet normal -0.852638 0 -0.522502
    outer loop
      vertex 49.7323 25.5 13.6564
      vertex 49.3428 56.5 14.292
      vertex 49.7323 56.5 13.6564
    endloop
  endfacet
  facet normal -0.852638 -0 -0.522502
    outer loop
      vertex 49.3428 56.5 14.292
      vertex 49.7323 25.5 13.6564
      vertex 49.3428 25.5 14.292
    endloop
  endfacet
  facet normal -0.760345 0 -0.64952
    outer loop
      vertex 49.3428 25.5 14.292
      vertex 48.8587 56.5 14.8587
      vertex 49.3428 56.5 14.292
    endloop
  endfacet
  facet normal -0.760345 -0 -0.64952
    outer loop
      vertex 48.8587 56.5 14.8587
      vertex 49.3428 25.5 14.292
      vertex 48.8587 25.5 14.8587
    endloop
  endfacet
  facet normal -0.923902 0 0.382628
    outer loop
      vertex 49.7323 25.5 9.34355
      vertex 50.0175 56.5 10.0322
      vertex 49.7323 56.5 9.34355
    endloop
  endfacet
  facet normal -0.923902 0 0.382628
    outer loop
      vertex 50.0175 56.5 10.0322
      vertex 49.7323 25.5 9.34355
      vertex 50.0175 25.5 10.0322
    endloop
  endfacet
  facet normal 0 0 -1
    outer loop
      vertex 44.245 25.5 16.9625
      vertex 46.755 56.5 16.9625
      vertex 46.755 25.5 16.9625
    endloop
  endfacet
  facet normal -0 0 -1
    outer loop
      vertex 46.755 56.5 16.9625
      vertex 44.245 25.5 16.9625
      vertex 44.245 56.5 16.9625
    endloop
  endfacet
  facet normal 0.760345 0 -0.64952
    outer loop
      vertex 42.1413 25.5 14.8587
      vertex 41.6572 56.5 14.292
      vertex 42.1413 56.5 14.8587
    endloop
  endfacet
  facet normal 0.760345 0 -0.64952
    outer loop
      vertex 41.6572 56.5 14.292
      vertex 42.1413 25.5 14.8587
      vertex 41.6572 25.5 14.292
    endloop
  endfacet
  facet normal -0.996916 0 -0.0784814
    outer loop
      vertex 50.25 25.5 11.5
      vertex 50.1915 56.5 12.2431
      vertex 50.25 56.5 11.5
    endloop
  endfacet
  facet normal -0.996916 -0 -0.0784814
    outer loop
      vertex 50.1915 56.5 12.2431
      vertex 50.25 25.5 11.5
      vertex 50.1915 25.5 12.2431
    endloop
  endfacet
  facet normal -0.649497 0 0.760365
    outer loop
      vertex 48.292 56.5 7.65718
      vertex 48.8587 25.5 8.14125
      vertex 48.8587 56.5 8.14125
    endloop
  endfacet
  facet normal -0.649497 0 0.760365
    outer loop
      vertex 48.8587 25.5 8.14125
      vertex 48.292 56.5 7.65718
      vertex 48.292 25.5 7.65718
    endloop
  endfacet
  facet normal -0.707124 0 -0.70709
    outer loop
      vertex 48.8587 25.5 14.8587
      vertex 46.755 56.5 16.9625
      vertex 48.8587 56.5 14.8587
    endloop
  endfacet
  facet normal -0.707124 -0 -0.70709
    outer loop
      vertex 46.755 56.5 16.9625
      vertex 48.8587 25.5 14.8587
      vertex 46.755 25.5 16.9625
    endloop
  endfacet
  facet normal 0.972365 -0 0.233464
    outer loop
      vertex 40.8085 25.5 10.7569
      vertex 40.9825 56.5 10.0322
      vertex 40.8085 56.5 10.7569
    endloop
  endfacet
  facet normal 0.972365 0 0.233464
    outer loop
      vertex 40.9825 56.5 10.0322
      vertex 40.8085 25.5 10.7569
      vertex 40.9825 25.5 10.0322
    endloop
  endfacet
  facet normal 0.760384 -0 0.649473
    outer loop
      vertex 41.6572 25.5 8.70802
      vertex 42.1413 56.5 8.14125
      vertex 41.6572 56.5 8.70802
    endloop
  endfacet
  facet normal 0.760384 0 0.649473
    outer loop
      vertex 42.1413 56.5 8.14125
      vertex 41.6572 25.5 8.70802
      vertex 42.1413 25.5 8.14125
    endloop
  endfacet
  facet normal 0.923902 -0 0.382628
    outer loop
      vertex 40.9825 25.5 10.0322
      vertex 41.2677 56.5 9.34355
      vertex 40.9825 56.5 10.0322
    endloop
  endfacet
  facet normal 0.923902 0 0.382628
    outer loop
      vertex 41.2677 56.5 9.34355
      vertex 40.9825 25.5 10.0322
      vertex 41.2677 25.5 9.34355
    endloop
  endfacet
  facet normal 0.649497 0 0.760365
    outer loop
      vertex 42.1413 56.5 8.14125
      vertex 42.708 25.5 7.65718
      vertex 42.708 56.5 7.65718
    endloop
  endfacet
  facet normal 0.649497 0 0.760365
    outer loop
      vertex 42.708 25.5 7.65718
      vertex 42.1413 56.5 8.14125
      vertex 42.1413 25.5 8.14125
    endloop
  endfacet
  facet normal -0.0784681 0 0.996917
    outer loop
      vertex 45.5 56.5 6.75
      vertex 46.2431 25.5 6.80849
      vertex 46.2431 56.5 6.80849
    endloop
  endfacet
  facet normal -0.0784681 0 0.996917
    outer loop
      vertex 46.2431 25.5 6.80849
      vertex 45.5 56.5 6.75
      vertex 45.5 25.5 6.75
    endloop
  endfacet
  facet normal -0.996916 0 0.0784814
    outer loop
      vertex 50.1915 25.5 10.7569
      vertex 50.25 56.5 11.5
      vertex 50.1915 56.5 10.7569
    endloop
  endfacet
  facet normal -0.996916 0 0.0784814
    outer loop
      vertex 50.25 56.5 11.5
      vertex 50.1915 25.5 10.7569
      vertex 50.25 25.5 11.5
    endloop
  endfacet
  facet normal 0.923893 0 -0.382652
    outer loop
      vertex 41.2677 25.5 13.6564
      vertex 40.9825 56.5 12.9678
      vertex 41.2677 56.5 13.6564
    endloop
  endfacet
  facet normal 0.923893 0 -0.382652
    outer loop
      vertex 40.9825 56.5 12.9678
      vertex 41.2677 25.5 13.6564
      vertex 40.9825 25.5 12.9678
    endloop
  endfacet
  facet normal -0.972365 0 -0.233464
    outer loop
      vertex 50.1915 25.5 12.2431
      vertex 50.0175 56.5 12.9678
      vertex 50.1915 56.5 12.2431
    endloop
  endfacet
  facet normal -0.972365 -0 -0.233464
    outer loop
      vertex 50.0175 56.5 12.9678
      vertex 50.1915 25.5 12.2431
      vertex 50.0175 25.5 12.9678
    endloop
  endfacet
  facet normal -0.522454 0 0.852668
    outer loop
      vertex 47.6564 56.5 7.26773
      vertex 48.292 25.5 7.65718
      vertex 48.292 56.5 7.65718
    endloop
  endfacet
  facet normal -0.522454 0 0.852668
    outer loop
      vertex 48.292 25.5 7.65718
      vertex 47.6564 56.5 7.26773
      vertex 47.6564 25.5 7.26773
    endloop
  endfacet
  facet normal 0.0784681 0 0.996917
    outer loop
      vertex 44.7569 56.5 6.80849
      vertex 45.5 25.5 6.75
      vertex 45.5 56.5 6.75
    endloop
  endfacet
  facet normal 0.0784681 0 0.996917
    outer loop
      vertex 45.5 25.5 6.75
      vertex 44.7569 56.5 6.80849
      vertex 44.7569 25.5 6.80849
    endloop
  endfacet
  facet normal -0.760384 0 0.649473
    outer loop
      vertex 48.8587 25.5 8.14125
      vertex 49.3428 56.5 8.70802
      vertex 48.8587 56.5 8.14125
    endloop
  endfacet
  facet normal -0.760384 0 0.649473
    outer loop
      vertex 49.3428 56.5 8.70802
      vertex 48.8587 25.5 8.14125
      vertex 49.3428 25.5 8.70802
    endloop
  endfacet
  facet normal 0.852638 0 -0.522502
    outer loop
      vertex 41.6572 25.5 14.292
      vertex 41.2677 56.5 13.6564
      vertex 41.6572 56.5 14.292
    endloop
  endfacet
  facet normal 0.852638 0 -0.522502
    outer loop
      vertex 41.2677 56.5 13.6564
      vertex 41.6572 25.5 14.292
      vertex 41.2677 25.5 13.6564
    endloop
  endfacet
  facet normal 0.852612 -0 0.522544
    outer loop
      vertex 41.2677 25.5 9.34355
      vertex 41.6572 56.5 8.70802
      vertex 41.2677 56.5 9.34355
    endloop
  endfacet
  facet normal 0.852612 0 0.522544
    outer loop
      vertex 41.6572 56.5 8.70802
      vertex 41.2677 25.5 9.34355
      vertex 41.6572 25.5 8.70802
    endloop
  endfacet
  facet normal -0.382709 0 0.923869
    outer loop
      vertex 46.9678 56.5 6.98248
      vertex 47.6564 25.5 7.26773
      vertex 47.6564 56.5 7.26773
    endloop
  endfacet
  facet normal -0.382709 0 0.923869
    outer loop
      vertex 47.6564 25.5 7.26773
      vertex 46.9678 56.5 6.98248
      vertex 46.9678 25.5 6.98248
    endloop
  endfacet
  facet normal 0.996916 -0 0.0784814
    outer loop
      vertex 40.75 25.5 11.5
      vertex 40.8085 56.5 10.7569
      vertex 40.75 56.5 11.5
    endloop
  endfacet
  facet normal 0.996916 0 0.0784814
    outer loop
      vertex 40.8085 56.5 10.7569
      vertex 40.75 25.5 11.5
      vertex 40.8085 25.5 10.7569
    endloop
  endfacet
  facet normal -0.852612 0 0.522544
    outer loop
      vertex 49.3428 25.5 8.70802
      vertex 49.7323 56.5 9.34355
      vertex 49.3428 56.5 8.70802
    endloop
  endfacet
  facet normal -0.852612 0 0.522544
    outer loop
      vertex 49.7323 56.5 9.34355
      vertex 49.3428 25.5 8.70802
      vertex 49.7323 25.5 9.34355
    endloop
  endfacet
  facet normal 0.707124 0 -0.70709
    outer loop
      vertex 44.245 25.5 16.9625
      vertex 42.1413 56.5 14.8587
      vertex 44.245 56.5 16.9625
    endloop
  endfacet
  facet normal 0.707124 0 -0.70709
    outer loop
      vertex 42.1413 56.5 14.8587
      vertex 44.245 25.5 16.9625
      vertex 42.1413 25.5 14.8587
    endloop
  endfacet
  facet normal 0.972365 0 -0.233464
    outer loop
      vertex 40.9825 25.5 12.9678
      vertex 40.8085 56.5 12.2431
      vertex 40.9825 56.5 12.9678
    endloop
  endfacet
  facet normal 0.972365 0 -0.233464
    outer loop
      vertex 40.8085 56.5 12.2431
      vertex 40.9825 25.5 12.9678
      vertex 40.8085 25.5 12.2431
    endloop
  endfacet
  facet normal 0.382709 0 0.923869
    outer loop
      vertex 43.3436 56.5 7.26773
      vertex 44.0322 25.5 6.98248
      vertex 44.0322 56.5 6.98248
    endloop
  endfacet
  facet normal 0.382709 0 0.923869
    outer loop
      vertex 44.0322 25.5 6.98248
      vertex 43.3436 56.5 7.26773
      vertex 43.3436 25.5 7.26773
    endloop
  endfacet
  facet normal -0.972365 0 0.233464
    outer loop
      vertex 50.0175 25.5 10.0322
      vertex 50.1915 56.5 10.7569
      vertex 50.0175 56.5 10.0322
    endloop
  endfacet
  facet normal -0.972365 0 0.233464
    outer loop
      vertex 50.1915 56.5 10.7569
      vertex 50.0175 25.5 10.0322
      vertex 50.1915 25.5 10.7569
    endloop
  endfacet
  facet normal 0.522454 0 0.852668
    outer loop
      vertex 42.708 56.5 7.65718
      vertex 43.3436 25.5 7.26773
      vertex 43.3436 56.5 7.26773
    endloop
  endfacet
  facet normal 0.522454 0 0.852668
    outer loop
      vertex 43.3436 25.5 7.26773
      vertex 42.708 56.5 7.65718
      vertex 42.708 25.5 7.65718
    endloop
  endfacet
  facet normal -0.233452 0 0.972368
    outer loop
      vertex 46.2431 56.5 6.80849
      vertex 46.9678 25.5 6.98248
      vertex 46.9678 56.5 6.98248
    endloop
  endfacet
  facet normal -0.233452 0 0.972368
    outer loop
      vertex 46.9678 25.5 6.98248
      vertex 46.2431 56.5 6.80849
      vertex 46.2431 25.5 6.80849
    endloop
  endfacet
  facet normal -0.923893 0 -0.382652
    outer loop
      vertex 50.0175 25.5 12.9678
      vertex 49.7323 56.5 13.6564
      vertex 50.0175 56.5 12.9678
    endloop
  endfacet
  facet normal -0.923893 -0 -0.382652
    outer loop
      vertex 49.7323 56.5 13.6564
      vertex 50.0175 25.5 12.9678
      vertex 49.7323 25.5 13.6564
    endloop
  endfacet
  facet normal 0.233739 0.972299 -0
    outer loop
      vertex 17.2732 64.5678 2.28882e-07
      vertex 17.0519 64.621 7.6471
      vertex 17.2732 64.5678 7.6691
    endloop
  endfacet
  facet normal 0.233739 0.972299 0
    outer loop
      vertex 17.0519 64.621 7.6471
      vertex 17.2732 64.5678 2.28882e-07
      vertex 17.0519 64.621 2.28882e-07
    endloop
  endfacet
  facet normal -0.972399 0.233323 0
    outer loop
      vertex 18.879 65.5519 2.28882e-07
      vertex 18.9321 65.7732 7.41786
      vertex 18.9321 65.7732 2.28882e-07
    endloop
  endfacet
  facet normal -0.972399 0.233323 0
    outer loop
      vertex 18.9321 65.7732 7.41786
      vertex 18.879 65.5519 2.28882e-07
      vertex 18.879 65.5519 7.43527
    endloop
  endfacet
  facet normal -0.9969 0.0786795 0
    outer loop
      vertex 18.9321 65.7732 2.28882e-07
      vertex 18.95 66 7.40001
      vertex 18.95 66 2.28882e-07
    endloop
  endfacet
  facet normal -0.9969 0.0786795 0
    outer loop
      vertex 18.95 66 7.40001
      vertex 18.9321 65.7732 2.28882e-07
      vertex 18.9321 65.7732 7.41786
    endloop
  endfacet
  facet normal -0.923985 0.382429 0
    outer loop
      vertex 18.792 65.3417 2.28882e-07
      vertex 18.879 65.5519 7.43527
      vertex 18.879 65.5519 2.28882e-07
    endloop
  endfacet
  facet normal -0.923994 0.382408 7.05614e-07
    outer loop
      vertex 18.879 65.5519 7.43527
      vertex 18.792 65.3417 2.28882e-07
      vertex 18.799 65.3586 7.45049
    endloop
  endfacet
  facet normal -0.923884 0.382674 0
    outer loop
      vertex 18.799 65.3586 7.45049
      vertex 18.792 65.3417 2.28882e-07
      vertex 18.792 65.3417 7.45455
    endloop
  endfacet
  facet normal -0.233739 0.972299 0
    outer loop
      vertex 17.7268 64.5678 2.28882e-07
      vertex 17.9481 64.621 7.6471
      vertex 17.9481 64.621 2.28882e-07
    endloop
  endfacet
  facet normal -0.233739 0.972299 0
    outer loop
      vertex 17.9481 64.621 7.6471
      vertex 17.7268 64.5678 2.28882e-07
      vertex 17.7268 64.5678 7.6691
    endloop
  endfacet
  facet normal 0.233323 -0.972399 0
    outer loop
      vertex 17.2732 67.4321 2.28882e-07
      vertex 17.0519 67.379 7.6471
      vertex 17.0519 67.379 2.28882e-07
    endloop
  endfacet
  facet normal 0.233323 -0.972399 0
    outer loop
      vertex 17.0519 67.379 7.6471
      vertex 17.2732 67.4321 2.28882e-07
      vertex 17.2732 67.4321 7.6691
    endloop
  endfacet
  facet normal -0.9969 -0.0786795 -0
    outer loop
      vertex 18.95 66 7.40001
      vertex 18.9321 66.2268 2.28882e-07
      vertex 18.95 66 2.28882e-07
    endloop
  endfacet
  facet normal -0.9969 -0.0786795 0
    outer loop
      vertex 18.9321 66.2268 2.28882e-07
      vertex 18.95 66 7.40001
      vertex 18.9321 66.2268 7.41786
    endloop
  endfacet
  facet normal 0.522552 -0.852608 0
    outer loop
      vertex 16.8417 67.292 2.28882e-07
      vertex 16.6477 67.1731 7.57814
      vertex 16.6477 67.1731 2.28882e-07
    endloop
  endfacet
  facet normal 0.522575 -0.852593 8.19419e-07
    outer loop
      vertex 16.6477 67.1731 7.57814
      vertex 16.8417 67.292 2.28882e-07
      vertex 16.8009 67.267 7.60068
    endloop
  endfacet
  facet normal 0.522464 -0.852661 0
    outer loop
      vertex 16.8009 67.267 7.60068
      vertex 16.8417 67.292 2.28882e-07
      vertex 16.8417 67.292 7.61103
    endloop
  endfacet
  facet normal -0.382429 0.923985 0
    outer loop
      vertex 17.9481 64.621 2.28882e-07
      vertex 18.1583 64.708 7.61103
      vertex 18.1583 64.708 2.28882e-07
    endloop
  endfacet
  facet normal -0.382429 0.923985 0
    outer loop
      vertex 18.1583 64.708 7.61103
      vertex 17.9481 64.621 2.28882e-07
      vertex 17.9481 64.621 7.6471
    endloop
  endfacet
  facet normal 0.76031 -0.64956 0
    outer loop
      vertex 16.3269 66.8523 7.50112
      vertex 16.4747 67.0253 2.28882e-07
      vertex 16.4747 67.0253 7.54266
    endloop
  endfacet
  facet normal 0.76031 -0.64956 0
    outer loop
      vertex 16.4747 67.0253 2.28882e-07
      vertex 16.3269 66.8523 7.50112
      vertex 16.3269 66.8523 2.28882e-07
    endloop
  endfacet
  facet normal 0.64956 0.76031 -0
    outer loop
      vertex 16.6477 64.8269 2.28882e-07
      vertex 16.4747 64.9747 7.54266
      vertex 16.6477 64.8269 7.57814
    endloop
  endfacet
  facet normal 0.64956 0.76031 0
    outer loop
      vertex 16.4747 64.9747 7.54266
      vertex 16.6477 64.8269 2.28882e-07
      vertex 16.4747 64.9747 2.28882e-07
    endloop
  endfacet
  facet normal 0.972399 0.233323 -0
    outer loop
      vertex 16.121 65.5519 2.28882e-07
      vertex 16.0679 65.7732 7.41786
      vertex 16.121 65.5519 7.43527
    endloop
  endfacet
  facet normal 0.972399 0.233323 0
    outer loop
      vertex 16.0679 65.7732 7.41786
      vertex 16.121 65.5519 2.28882e-07
      vertex 16.0679 65.7732 2.28882e-07
    endloop
  endfacet
  facet normal 0.382429 -0.923985 0
    outer loop
      vertex 17.0519 67.379 2.28882e-07
      vertex 16.8417 67.292 7.61103
      vertex 16.8417 67.292 2.28882e-07
    endloop
  endfacet
  facet normal 0.382429 -0.923985 0
    outer loop
      vertex 16.8417 67.292 7.61103
      vertex 17.0519 67.379 2.28882e-07
      vertex 17.0519 67.379 7.6471
    endloop
  endfacet
  facet normal -0.522464 -0.852661 0
    outer loop
      vertex 18.1583 67.292 2.28882e-07
      vertex 18.1991 67.267 7.60068
      vertex 18.1583 67.292 7.61103
    endloop
  endfacet
  facet normal -0.522575 -0.852593 8.19419e-07
    outer loop
      vertex 18.1583 67.292 2.28882e-07
      vertex 18.3523 67.1731 7.57814
      vertex 18.1991 67.267 7.60068
    endloop
  endfacet
  facet normal -0.522552 -0.852608 -0
    outer loop
      vertex 18.3523 67.1731 7.57814
      vertex 18.1583 67.292 2.28882e-07
      vertex 18.3523 67.1731 2.28882e-07
    endloop
  endfacet
  facet normal 0.522464 0.852661 -0
    outer loop
      vertex 16.8417 64.708 2.28882e-07
      vertex 16.8009 64.733 7.60068
      vertex 16.8417 64.708 7.61103
    endloop
  endfacet
  facet normal 0.522575 0.852593 8.19419e-07
    outer loop
      vertex 16.8417 64.708 2.28882e-07
      vertex 16.6477 64.8269 7.57814
      vertex 16.8009 64.733 7.60068
    endloop
  endfacet
  facet normal 0.522552 0.852608 0
    outer loop
      vertex 16.6477 64.8269 7.57814
      vertex 16.8417 64.708 2.28882e-07
      vertex 16.6477 64.8269 2.28882e-07
    endloop
  endfacet
  facet normal -0.382429 -0.923985 0
    outer loop
      vertex 17.9481 67.379 2.28882e-07
      vertex 18.1583 67.292 7.61103
      vertex 17.9481 67.379 7.6471
    endloop
  endfacet
  facet normal -0.382429 -0.923985 -0
    outer loop
      vertex 18.1583 67.292 7.61103
      vertex 17.9481 67.379 2.28882e-07
      vertex 18.1583 67.292 2.28882e-07
    endloop
  endfacet
  facet normal -0.972399 -0.233323 -0
    outer loop
      vertex 18.9321 66.2268 7.41786
      vertex 18.879 66.4481 2.28882e-07
      vertex 18.9321 66.2268 2.28882e-07
    endloop
  endfacet
  facet normal -0.972399 -0.233323 0
    outer loop
      vertex 18.879 66.4481 2.28882e-07
      vertex 18.9321 66.2268 7.41786
      vertex 18.879 66.4481 7.43527
    endloop
  endfacet
  facet normal 0.0786795 -0.9969 0
    outer loop
      vertex 17.5 67.45 2.28882e-07
      vertex 17.2732 67.4321 7.6691
      vertex 17.2732 67.4321 2.28882e-07
    endloop
  endfacet
  facet normal 0.0786795 -0.9969 0
    outer loop
      vertex 17.2732 67.4321 7.6691
      vertex 17.5 67.45 2.28882e-07
      vertex 17.5 67.45 7.67649
    endloop
  endfacet
  facet normal -0.923884 -0.382674 0
    outer loop
      vertex 18.792 66.6583 2.28882e-07
      vertex 18.799 66.6414 7.45049
      vertex 18.792 66.6583 7.45455
    endloop
  endfacet
  facet normal -0.923985 -0.382429 -0
    outer loop
      vertex 18.879 66.4481 7.43527
      vertex 18.792 66.6583 2.28882e-07
      vertex 18.879 66.4481 2.28882e-07
    endloop
  endfacet
  facet normal -0.923994 -0.382408 7.05614e-07
    outer loop
      vertex 18.792 66.6583 2.28882e-07
      vertex 18.879 66.4481 7.43527
      vertex 18.799 66.6414 7.45049
    endloop
  endfacet
  facet normal -0.233323 -0.972399 0
    outer loop
      vertex 17.7268 67.4321 2.28882e-07
      vertex 17.9481 67.379 7.6471
      vertex 17.7268 67.4321 7.6691
    endloop
  endfacet
  facet normal -0.233323 -0.972399 -0
    outer loop
      vertex 17.9481 67.379 7.6471
      vertex 17.7268 67.4321 2.28882e-07
      vertex 17.9481 67.379 2.28882e-07
    endloop
  endfacet
  facet normal -0.852608 -0.522552 -0
    outer loop
      vertex 18.792 66.6583 7.45455
      vertex 18.6731 66.8523 2.28882e-07
      vertex 18.792 66.6583 2.28882e-07
    endloop
  endfacet
  facet normal -0.852608 -0.522552 0
    outer loop
      vertex 18.6731 66.8523 2.28882e-07
      vertex 18.792 66.6583 7.45455
      vertex 18.6731 66.8523 7.50112
    endloop
  endfacet
  facet normal -0.0782426 0.996934 0
    outer loop
      vertex 17.5 64.55 2.28882e-07
      vertex 17.7268 64.5678 7.6691
      vertex 17.7268 64.5678 2.28882e-07
    endloop
  endfacet
  facet normal -0.0782426 0.996934 0
    outer loop
      vertex 17.7268 64.5678 7.6691
      vertex 17.5 64.55 2.28882e-07
      vertex 17.5 64.55 7.67649
    endloop
  endfacet
  facet normal 0.0782426 0.996934 -0
    outer loop
      vertex 17.5 64.55 2.28882e-07
      vertex 17.2732 64.5678 7.6691
      vertex 17.5 64.55 7.67649
    endloop
  endfacet
  facet normal 0.0782426 0.996934 0
    outer loop
      vertex 17.2732 64.5678 7.6691
      vertex 17.5 64.55 2.28882e-07
      vertex 17.2732 64.5678 2.28882e-07
    endloop
  endfacet
  facet normal 0.382429 0.923985 -0
    outer loop
      vertex 17.0519 64.621 2.28882e-07
      vertex 16.8417 64.708 7.61103
      vertex 17.0519 64.621 7.6471
    endloop
  endfacet
  facet normal 0.382429 0.923985 0
    outer loop
      vertex 16.8417 64.708 7.61103
      vertex 17.0519 64.621 2.28882e-07
      vertex 16.8417 64.708 2.28882e-07
    endloop
  endfacet
  facet normal -0.64956 0.76031 0
    outer loop
      vertex 18.3523 64.8269 2.28882e-07
      vertex 18.5253 64.9747 7.54266
      vertex 18.5253 64.9747 2.28882e-07
    endloop
  endfacet
  facet normal -0.64956 0.76031 0
    outer loop
      vertex 18.5253 64.9747 7.54266
      vertex 18.3523 64.8269 2.28882e-07
      vertex 18.3523 64.8269 7.57814
    endloop
  endfacet
  facet normal -0.76031 0.64956 0
    outer loop
      vertex 18.5253 64.9747 2.28882e-07
      vertex 18.6731 65.1477 7.50112
      vertex 18.6731 65.1477 2.28882e-07
    endloop
  endfacet
  facet normal -0.76031 0.64956 0
    outer loop
      vertex 18.6731 65.1477 7.50112
      vertex 18.5253 64.9747 2.28882e-07
      vertex 18.5253 64.9747 7.54266
    endloop
  endfacet
  facet normal -0.522552 0.852608 0
    outer loop
      vertex 18.1583 64.708 2.28882e-07
      vertex 18.3523 64.8269 7.57814
      vertex 18.3523 64.8269 2.28882e-07
    endloop
  endfacet
  facet normal -0.522575 0.852593 8.19419e-07
    outer loop
      vertex 18.3523 64.8269 7.57814
      vertex 18.1583 64.708 2.28882e-07
      vertex 18.1991 64.733 7.60068
    endloop
  endfacet
  facet normal -0.522464 0.852661 0
    outer loop
      vertex 18.1991 64.733 7.60068
      vertex 18.1583 64.708 2.28882e-07
      vertex 18.1583 64.708 7.61103
    endloop
  endfacet
  facet normal 0.972399 -0.233323 0
    outer loop
      vertex 16.0679 66.2268 7.41786
      vertex 16.121 66.4481 2.28882e-07
      vertex 16.121 66.4481 7.43527
    endloop
  endfacet
  facet normal 0.972399 -0.233323 0
    outer loop
      vertex 16.121 66.4481 2.28882e-07
      vertex 16.0679 66.2268 7.41786
      vertex 16.0679 66.2268 2.28882e-07
    endloop
  endfacet
  facet normal -0.852608 0.522552 0
    outer loop
      vertex 18.6731 65.1477 2.28882e-07
      vertex 18.792 65.3417 7.45455
      vertex 18.792 65.3417 2.28882e-07
    endloop
  endfacet
  facet normal -0.852608 0.522552 0
    outer loop
      vertex 18.792 65.3417 7.45455
      vertex 18.6731 65.1477 2.28882e-07
      vertex 18.6731 65.1477 7.50112
    endloop
  endfacet
  facet normal -0.64956 -0.76031 0
    outer loop
      vertex 18.3523 67.1731 2.28882e-07
      vertex 18.5253 67.0253 7.54266
      vertex 18.3523 67.1731 7.57814
    endloop
  endfacet
  facet normal -0.64956 -0.76031 -0
    outer loop
      vertex 18.5253 67.0253 7.54266
      vertex 18.3523 67.1731 2.28882e-07
      vertex 18.5253 67.0253 2.28882e-07
    endloop
  endfacet
  facet normal 0.923884 -0.382674 0
    outer loop
      vertex 16.201 66.6414 7.45049
      vertex 16.208 66.6583 2.28882e-07
      vertex 16.208 66.6583 7.45455
    endloop
  endfacet
  facet normal 0.923994 -0.382408 7.05614e-07
    outer loop
      vertex 16.121 66.4481 7.43527
      vertex 16.208 66.6583 2.28882e-07
      vertex 16.201 66.6414 7.45049
    endloop
  endfacet
  facet normal 0.923985 -0.382429 0
    outer loop
      vertex 16.208 66.6583 2.28882e-07
      vertex 16.121 66.4481 7.43527
      vertex 16.121 66.4481 2.28882e-07
    endloop
  endfacet
  facet normal 0.852608 0.522552 -0
    outer loop
      vertex 16.3269 65.1477 2.28882e-07
      vertex 16.208 65.3417 7.45455
      vertex 16.3269 65.1477 7.50112
    endloop
  endfacet
  facet normal 0.852608 0.522552 0
    outer loop
      vertex 16.208 65.3417 7.45455
      vertex 16.3269 65.1477 2.28882e-07
      vertex 16.208 65.3417 2.28882e-07
    endloop
  endfacet
  facet normal 0.852608 -0.522552 0
    outer loop
      vertex 16.208 66.6583 7.45455
      vertex 16.3269 66.8523 2.28882e-07
      vertex 16.3269 66.8523 7.50112
    endloop
  endfacet
  facet normal 0.852608 -0.522552 0
    outer loop
      vertex 16.3269 66.8523 2.28882e-07
      vertex 16.208 66.6583 7.45455
      vertex 16.208 66.6583 2.28882e-07
    endloop
  endfacet
  facet normal 0.76031 0.64956 -0
    outer loop
      vertex 16.4747 64.9747 2.28882e-07
      vertex 16.3269 65.1477 7.50112
      vertex 16.4747 64.9747 7.54266
    endloop
  endfacet
  facet normal 0.76031 0.64956 0
    outer loop
      vertex 16.3269 65.1477 7.50112
      vertex 16.4747 64.9747 2.28882e-07
      vertex 16.3269 65.1477 2.28882e-07
    endloop
  endfacet
  facet normal 0.9969 -0.0786795 0
    outer loop
      vertex 16.05 66 7.40001
      vertex 16.0679 66.2268 2.28882e-07
      vertex 16.0679 66.2268 7.41786
    endloop
  endfacet
  facet normal 0.9969 -0.0786795 0
    outer loop
      vertex 16.0679 66.2268 2.28882e-07
      vertex 16.05 66 7.40001
      vertex 16.05 66 2.28882e-07
    endloop
  endfacet
  facet normal -0.76031 -0.64956 -0
    outer loop
      vertex 18.6731 66.8523 7.50112
      vertex 18.5253 67.0253 2.28882e-07
      vertex 18.6731 66.8523 2.28882e-07
    endloop
  endfacet
  facet normal -0.76031 -0.64956 0
    outer loop
      vertex 18.5253 67.0253 2.28882e-07
      vertex 18.6731 66.8523 7.50112
      vertex 18.5253 67.0253 7.54266
    endloop
  endfacet
  facet normal 0.9969 0.0786795 -0
    outer loop
      vertex 16.0679 65.7732 2.28882e-07
      vertex 16.05 66 7.40001
      vertex 16.0679 65.7732 7.41786
    endloop
  endfacet
  facet normal 0.9969 0.0786795 0
    outer loop
      vertex 16.05 66 7.40001
      vertex 16.0679 65.7732 2.28882e-07
      vertex 16.05 66 2.28882e-07
    endloop
  endfacet
  facet normal -0.0786795 -0.9969 0
    outer loop
      vertex 17.5 67.45 2.28882e-07
      vertex 17.7268 67.4321 7.6691
      vertex 17.5 67.45 7.67649
    endloop
  endfacet
  facet normal -0.0786795 -0.9969 -0
    outer loop
      vertex 17.7268 67.4321 7.6691
      vertex 17.5 67.45 2.28882e-07
      vertex 17.7268 67.4321 2.28882e-07
    endloop
  endfacet
  facet normal 0.923994 0.382408 7.05614e-07
    outer loop
      vertex 16.208 65.3417 2.28882e-07
      vertex 16.121 65.5519 7.43527
      vertex 16.201 65.3586 7.45049
    endloop
  endfacet
  facet normal 0.923884 0.382674 -0
    outer loop
      vertex 16.208 65.3417 2.28882e-07
      vertex 16.201 65.3586 7.45049
      vertex 16.208 65.3417 7.45455
    endloop
  endfacet
  facet normal 0.923985 0.382429 0
    outer loop
      vertex 16.121 65.5519 7.43527
      vertex 16.208 65.3417 2.28882e-07
      vertex 16.121 65.5519 2.28882e-07
    endloop
  endfacet
  facet normal 0.64956 -0.76031 0
    outer loop
      vertex 16.6477 67.1731 2.28882e-07
      vertex 16.4747 67.0253 7.54266
      vertex 16.4747 67.0253 2.28882e-07
    endloop
  endfacet
  facet normal 0.64956 -0.76031 0
    outer loop
      vertex 16.4747 67.0253 7.54266
      vertex 16.6477 67.1731 2.28882e-07
      vertex 16.6477 67.1731 7.57814
    endloop
  endfacet
  facet normal 0.233788 0.972287 -0
    outer loop
      vertex 3.77317 64.5678 2.28882e-07
      vertex 3.55192 64.621 7.6471
      vertex 3.77317 64.5678 7.6691
    endloop
  endfacet
  facet normal 0.233788 0.972287 0
    outer loop
      vertex 3.55192 64.621 7.6471
      vertex 3.77317 64.5678 2.28882e-07
      vertex 3.55192 64.621 2.28882e-07
    endloop
  endfacet
  facet normal -0.972379 -0.233406 -0
    outer loop
      vertex 5.43215 66.2268 7.41786
      vertex 5.37903 66.4481 2.28882e-07
      vertex 5.43215 66.2268 2.28882e-07
    endloop
  endfacet
  facet normal -0.972379 -0.233406 0
    outer loop
      vertex 5.37903 66.4481 2.28882e-07
      vertex 5.43215 66.2268 7.41786
      vertex 5.37903 66.4481 7.43527
    endloop
  endfacet
  facet normal -0.52265 -0.852547 0
    outer loop
      vertex 4.65829 67.292 2.28882e-07
      vertex 4.69907 67.267 7.60068
      vertex 4.65829 67.292 7.61103
    endloop
  endfacet
  facet normal -0.522526 -0.852624 -9.20296e-07
    outer loop
      vertex 4.65829 67.292 2.28882e-07
      vertex 4.85229 67.1731 7.57814
      vertex 4.69907 67.267 7.60068
    endloop
  endfacet
  facet normal -0.522552 -0.852608 -0
    outer loop
      vertex 4.85229 67.1731 7.57814
      vertex 4.65829 67.292 2.28882e-07
      vertex 4.85229 67.1731 2.28882e-07
    endloop
  endfacet
  facet normal 0.649517 0.760347 -0
    outer loop
      vertex 3.14771 64.8269 2.28882e-07
      vertex 2.97469 64.9747 7.54266
      vertex 3.14771 64.8269 7.57814
    endloop
  endfacet
  facet normal 0.649517 0.760347 0
    outer loop
      vertex 2.97469 64.9747 7.54266
      vertex 3.14771 64.8269 2.28882e-07
      vertex 2.97469 64.9747 2.28882e-07
    endloop
  endfacet
  facet normal -0.996917 -0.0784611 -0
    outer loop
      vertex 5.45 66 7.40001
      vertex 5.43215 66.2268 2.28882e-07
      vertex 5.45 66 2.28882e-07
    endloop
  endfacet
  facet normal -0.996917 -0.0784611 0
    outer loop
      vertex 5.43215 66.2268 2.28882e-07
      vertex 5.45 66 7.40001
      vertex 5.43215 66.2268 7.41786
    endloop
  endfacet
  facet normal 0.233373 -0.972387 0
    outer loop
      vertex 3.77317 67.4321 2.28882e-07
      vertex 3.55192 67.379 7.6471
      vertex 3.55192 67.379 2.28882e-07
    endloop
  endfacet
  facet normal 0.233373 -0.972387 0
    outer loop
      vertex 3.55192 67.379 7.6471
      vertex 3.77317 67.4321 2.28882e-07
      vertex 3.77317 67.4321 7.6691
    endloop
  endfacet
  facet normal -0.923876 0.382692 0
    outer loop
      vertex 5.29196 65.3417 2.28882e-07
      vertex 5.37903 65.5519 7.43527
      vertex 5.37903 65.5519 2.28882e-07
    endloop
  endfacet
  facet normal -0.923875 0.382694 -5.3235e-08
    outer loop
      vertex 5.37903 65.5519 7.43527
      vertex 5.29196 65.3417 2.28882e-07
      vertex 5.29896 65.3586 7.45049
    endloop
  endfacet
  facet normal -0.923884 0.382674 0
    outer loop
      vertex 5.29896 65.3586 7.45049
      vertex 5.29196 65.3417 2.28882e-07
      vertex 5.29196 65.3417 7.45455
    endloop
  endfacet
  facet normal 0.996917 0.0784611 -0
    outer loop
      vertex 2.56785 65.7732 2.28882e-07
      vertex 2.55 66 7.40001
      vertex 2.56785 65.7732 7.41786
    endloop
  endfacet
  facet normal 0.996917 0.0784611 0
    outer loop
      vertex 2.55 66 7.40001
      vertex 2.56785 65.7732 2.28882e-07
      vertex 2.55 66 2.28882e-07
    endloop
  endfacet
  facet normal -0.233798 0.972285 0
    outer loop
      vertex 4.22683 64.5678 2.28882e-07
      vertex 4.44807 64.621 7.6471
      vertex 4.44807 64.621 2.28882e-07
    endloop
  endfacet
  facet normal -0.233798 0.972285 0
    outer loop
      vertex 4.44807 64.621 7.6471
      vertex 4.22683 64.5678 2.28882e-07
      vertex 4.22683 64.5678 7.6691
    endloop
  endfacet
  facet normal -0.996917 0.0784611 0
    outer loop
      vertex 5.43215 65.7732 2.28882e-07
      vertex 5.45 66 7.40001
      vertex 5.45 66 2.28882e-07
    endloop
  endfacet
  facet normal -0.996917 0.0784611 0
    outer loop
      vertex 5.45 66 7.40001
      vertex 5.43215 65.7732 2.28882e-07
      vertex 5.43215 65.7732 7.41786
    endloop
  endfacet
  facet normal -0.233383 -0.972385 0
    outer loop
      vertex 4.22683 67.4321 2.28882e-07
      vertex 4.44807 67.379 7.6471
      vertex 4.22683 67.4321 7.6691
    endloop
  endfacet
  facet normal -0.233383 -0.972385 -0
    outer loop
      vertex 4.44807 67.379 7.6471
      vertex 4.22683 67.4321 2.28882e-07
      vertex 4.44807 67.379 2.28882e-07
    endloop
  endfacet
  facet normal -0.972379 0.233406 0
    outer loop
      vertex 5.37903 65.5519 2.28882e-07
      vertex 5.43215 65.7732 7.41786
      vertex 5.43215 65.7732 2.28882e-07
    endloop
  endfacet
  facet normal -0.972379 0.233406 0
    outer loop
      vertex 5.43215 65.7732 7.41786
      vertex 5.37903 65.5519 2.28882e-07
      vertex 5.37903 65.5519 7.43527
    endloop
  endfacet
  facet normal -0.852627 -0.52252 -0
    outer loop
      vertex 5.29196 66.6583 7.45455
      vertex 5.17307 66.8523 2.28882e-07
      vertex 5.29196 66.6583 2.28882e-07
    endloop
  endfacet
  facet normal -0.852627 -0.52252 0
    outer loop
      vertex 5.17307 66.8523 2.28882e-07
      vertex 5.29196 66.6583 7.45455
      vertex 5.17307 66.8523 7.50112
    endloop
  endfacet
  facet normal 0.972379 -0.233406 0
    outer loop
      vertex 2.56785 66.2268 7.41786
      vertex 2.62097 66.4481 2.28882e-07
      vertex 2.62097 66.4481 7.43527
    endloop
  endfacet
  facet normal 0.972379 -0.233406 0
    outer loop
      vertex 2.62097 66.4481 2.28882e-07
      vertex 2.56785 66.2268 7.41786
      vertex 2.56785 66.2268 2.28882e-07
    endloop
  endfacet
  facet normal 0.382414 0.923991 -0
    outer loop
      vertex 3.55192 64.621 2.28882e-07
      vertex 3.34171 64.708 7.61103
      vertex 3.55192 64.621 7.6471
    endloop
  endfacet
  facet normal 0.382414 0.923991 0
    outer loop
      vertex 3.34171 64.708 7.61103
      vertex 3.55192 64.621 2.28882e-07
      vertex 3.34171 64.708 2.28882e-07
    endloop
  endfacet
  facet normal 0.923892 0.382653 1.29498e-06
    outer loop
      vertex 2.70804 65.3417 2.28882e-07
      vertex 2.62097 65.5519 7.43527
      vertex 2.70103 65.3586 7.45049
    endloop
  endfacet
  facet normal 0.92369 0.38314 -0
    outer loop
      vertex 2.70804 65.3417 2.28882e-07
      vertex 2.70103 65.3586 7.45049
      vertex 2.70804 65.3417 7.45455
    endloop
  endfacet
  facet normal 0.923876 0.382692 0
    outer loop
      vertex 2.62097 65.5519 7.43527
      vertex 2.70804 65.3417 2.28882e-07
      vertex 2.62097 65.5519 2.28882e-07
    endloop
  endfacet
  facet normal 0.0782324 0.996935 -0
    outer loop
      vertex 4 64.55 2.28882e-07
      vertex 3.77317 64.5678 7.6691
      vertex 4 64.55 7.67649
    endloop
  endfacet
  facet normal 0.0782324 0.996935 0
    outer loop
      vertex 3.77317 64.5678 7.6691
      vertex 4 64.55 2.28882e-07
      vertex 3.77317 64.5678 2.28882e-07
    endloop
  endfacet
  facet normal -0.649538 0.760329 0
    outer loop
      vertex 4.85229 64.8269 2.28882e-07
      vertex 5.0253 64.9747 7.54266
      vertex 5.0253 64.9747 2.28882e-07
    endloop
  endfacet
  facet normal -0.649538 0.760329 0
    outer loop
      vertex 5.0253 64.9747 7.54266
      vertex 4.85229 64.8269 2.28882e-07
      vertex 4.85229 64.8269 7.57814
    endloop
  endfacet
  facet normal 0.760397 0.649458 -0
    outer loop
      vertex 2.97469 64.9747 2.28882e-07
      vertex 2.82693 65.1477 7.50112
      vertex 2.97469 64.9747 7.54266
    endloop
  endfacet
  facet normal 0.760397 0.649458 0
    outer loop
      vertex 2.82693 65.1477 7.50112
      vertex 2.97469 64.9747 2.28882e-07
      vertex 2.82693 65.1477 2.28882e-07
    endloop
  endfacet
  facet normal 0.760397 -0.649458 0
    outer loop
      vertex 2.82693 66.8523 7.50112
      vertex 2.97469 67.0253 2.28882e-07
      vertex 2.97469 67.0253 7.54266
    endloop
  endfacet
  facet normal 0.760397 -0.649458 0
    outer loop
      vertex 2.97469 67.0253 2.28882e-07
      vertex 2.82693 66.8523 7.50112
      vertex 2.82693 66.8523 2.28882e-07
    endloop
  endfacet
  facet normal -0.382398 0.923998 0
    outer loop
      vertex 4.44807 64.621 2.28882e-07
      vertex 4.65829 64.708 7.61103
      vertex 4.65829 64.708 2.28882e-07
    endloop
  endfacet
  facet normal -0.382398 0.923998 0
    outer loop
      vertex 4.65829 64.708 7.61103
      vertex 4.44807 64.621 2.28882e-07
      vertex 4.44807 64.621 7.6471
    endloop
  endfacet
  facet normal -0.522552 0.852608 0
    outer loop
      vertex 4.65829 64.708 2.28882e-07
      vertex 4.85229 64.8269 7.57814
      vertex 4.85229 64.8269 2.28882e-07
    endloop
  endfacet
  facet normal -0.522526 0.852624 -9.20296e-07
    outer loop
      vertex 4.85229 64.8269 7.57814
      vertex 4.65829 64.708 2.28882e-07
      vertex 4.69907 64.733 7.60068
    endloop
  endfacet
  facet normal -0.52265 0.852547 0
    outer loop
      vertex 4.69907 64.733 7.60068
      vertex 4.65829 64.708 2.28882e-07
      vertex 4.65829 64.708 7.61103
    endloop
  endfacet
  facet normal 0.996917 -0.0784611 0
    outer loop
      vertex 2.55 66 7.40001
      vertex 2.56785 66.2268 2.28882e-07
      vertex 2.56785 66.2268 7.41786
    endloop
  endfacet
  facet normal 0.996917 -0.0784611 0
    outer loop
      vertex 2.56785 66.2268 2.28882e-07
      vertex 2.55 66 7.40001
      vertex 2.55 66 2.28882e-07
    endloop
  endfacet
  facet normal -0.649538 -0.760329 0
    outer loop
      vertex 4.85229 67.1731 2.28882e-07
      vertex 5.0253 67.0253 7.54266
      vertex 4.85229 67.1731 7.57814
    endloop
  endfacet
  facet normal -0.649538 -0.760329 -0
    outer loop
      vertex 5.0253 67.0253 7.54266
      vertex 4.85229 67.1731 2.28882e-07
      vertex 5.0253 67.0253 2.28882e-07
    endloop
  endfacet
  facet normal -0.760375 0.649484 0
    outer loop
      vertex 5.0253 64.9747 2.28882e-07
      vertex 5.17307 65.1477 7.50112
      vertex 5.17307 65.1477 2.28882e-07
    endloop
  endfacet
  facet normal -0.760375 0.649484 0
    outer loop
      vertex 5.17307 65.1477 7.50112
      vertex 5.0253 64.9747 2.28882e-07
      vertex 5.0253 64.9747 7.54266
    endloop
  endfacet
  facet normal 0.522552 -0.852608 0
    outer loop
      vertex 3.34171 67.292 2.28882e-07
      vertex 3.14771 67.1731 7.57814
      vertex 3.14771 67.1731 2.28882e-07
    endloop
  endfacet
  facet normal 0.522526 -0.852624 -9.20296e-07
    outer loop
      vertex 3.14771 67.1731 7.57814
      vertex 3.34171 67.292 2.28882e-07
      vertex 3.30093 67.267 7.60068
    endloop
  endfacet
  facet normal 0.52265 -0.852547 0
    outer loop
      vertex 3.30093 67.267 7.60068
      vertex 3.34171 67.292 2.28882e-07
      vertex 3.34171 67.292 7.61103
    endloop
  endfacet
  facet normal 0.52265 0.852547 -0
    outer loop
      vertex 3.34171 64.708 2.28882e-07
      vertex 3.30093 64.733 7.60068
      vertex 3.34171 64.708 7.61103
    endloop
  endfacet
  facet normal 0.522526 0.852624 -9.20296e-07
    outer loop
      vertex 3.34171 64.708 2.28882e-07
      vertex 3.14771 64.8269 7.57814
      vertex 3.30093 64.733 7.60068
    endloop
  endfacet
  facet normal 0.522552 0.852608 0
    outer loop
      vertex 3.14771 64.8269 7.57814
      vertex 3.34171 64.708 2.28882e-07
      vertex 3.14771 64.8269 2.28882e-07
    endloop
  endfacet
  facet normal -0.923884 -0.382674 0
    outer loop
      vertex 5.29196 66.6583 2.28882e-07
      vertex 5.29896 66.6414 7.45049
      vertex 5.29196 66.6583 7.45455
    endloop
  endfacet
  facet normal -0.923876 -0.382692 -0
    outer loop
      vertex 5.37903 66.4481 7.43527
      vertex 5.29196 66.6583 2.28882e-07
      vertex 5.37903 66.4481 2.28882e-07
    endloop
  endfacet
  facet normal -0.923875 -0.382694 -5.3235e-08
    outer loop
      vertex 5.29196 66.6583 2.28882e-07
      vertex 5.37903 66.4481 7.43527
      vertex 5.29896 66.6414 7.45049
    endloop
  endfacet
  facet normal 0.852627 -0.52252 0
    outer loop
      vertex 2.70804 66.6583 7.45455
      vertex 2.82693 66.8523 2.28882e-07
      vertex 2.82693 66.8523 7.50112
    endloop
  endfacet
  facet normal 0.852627 -0.52252 0
    outer loop
      vertex 2.82693 66.8523 2.28882e-07
      vertex 2.70804 66.6583 7.45455
      vertex 2.70804 66.6583 2.28882e-07
    endloop
  endfacet
  facet normal 0.0786692 -0.996901 0
    outer loop
      vertex 4 67.45 2.28882e-07
      vertex 3.77317 67.4321 7.6691
      vertex 3.77317 67.4321 2.28882e-07
    endloop
  endfacet
  facet normal 0.0786692 -0.996901 0
    outer loop
      vertex 3.77317 67.4321 7.6691
      vertex 4 67.45 2.28882e-07
      vertex 4 67.45 7.67649
    endloop
  endfacet
  facet normal 0.972379 0.233406 -0
    outer loop
      vertex 2.62097 65.5519 2.28882e-07
      vertex 2.56785 65.7732 7.41786
      vertex 2.62097 65.5519 7.43527
    endloop
  endfacet
  facet normal 0.972379 0.233406 0
    outer loop
      vertex 2.56785 65.7732 7.41786
      vertex 2.62097 65.5519 2.28882e-07
      vertex 2.56785 65.7732 2.28882e-07
    endloop
  endfacet
  facet normal -0.852627 0.52252 0
    outer loop
      vertex 5.17307 65.1477 2.28882e-07
      vertex 5.29196 65.3417 7.45455
      vertex 5.29196 65.3417 2.28882e-07
    endloop
  endfacet
  facet normal -0.852627 0.52252 0
    outer loop
      vertex 5.29196 65.3417 7.45455
      vertex 5.17307 65.1477 2.28882e-07
      vertex 5.17307 65.1477 7.50112
    endloop
  endfacet
  facet normal -0.760375 -0.649484 -0
    outer loop
      vertex 5.17307 66.8523 7.50112
      vertex 5.0253 67.0253 2.28882e-07
      vertex 5.17307 66.8523 2.28882e-07
    endloop
  endfacet
  facet normal -0.760375 -0.649484 0
    outer loop
      vertex 5.0253 67.0253 2.28882e-07
      vertex 5.17307 66.8523 7.50112
      vertex 5.0253 67.0253 7.54266
    endloop
  endfacet
  facet normal 0.852627 0.52252 -0
    outer loop
      vertex 2.82693 65.1477 2.28882e-07
      vertex 2.70804 65.3417 7.45455
      vertex 2.82693 65.1477 7.50112
    endloop
  endfacet
  facet normal 0.852627 0.52252 0
    outer loop
      vertex 2.70804 65.3417 7.45455
      vertex 2.82693 65.1477 2.28882e-07
      vertex 2.70804 65.3417 2.28882e-07
    endloop
  endfacet
  facet normal -0.382398 -0.923998 0
    outer loop
      vertex 4.44807 67.379 2.28882e-07
      vertex 4.65829 67.292 7.61103
      vertex 4.44807 67.379 7.6471
    endloop
  endfacet
  facet normal -0.382398 -0.923998 -0
    outer loop
      vertex 4.65829 67.292 7.61103
      vertex 4.44807 67.379 2.28882e-07
      vertex 4.65829 67.292 2.28882e-07
    endloop
  endfacet
  facet normal -0.0782324 0.996935 0
    outer loop
      vertex 4 64.55 2.28882e-07
      vertex 4.22683 64.5678 7.6691
      vertex 4.22683 64.5678 2.28882e-07
    endloop
  endfacet
  facet normal -0.0782324 0.996935 0
    outer loop
      vertex 4.22683 64.5678 7.6691
      vertex 4 64.55 2.28882e-07
      vertex 4 64.55 7.67649
    endloop
  endfacet
  facet normal -0.0786692 -0.996901 0
    outer loop
      vertex 4 67.45 2.28882e-07
      vertex 4.22683 67.4321 7.6691
      vertex 4 67.45 7.67649
    endloop
  endfacet
  facet normal -0.0786692 -0.996901 -0
    outer loop
      vertex 4.22683 67.4321 7.6691
      vertex 4 67.45 2.28882e-07
      vertex 4.22683 67.4321 2.28882e-07
    endloop
  endfacet
  facet normal 0.382414 -0.923991 0
    outer loop
      vertex 3.55192 67.379 2.28882e-07
      vertex 3.34171 67.292 7.61103
      vertex 3.34171 67.292 2.28882e-07
    endloop
  endfacet
  facet normal 0.382414 -0.923991 0
    outer loop
      vertex 3.34171 67.292 7.61103
      vertex 3.55192 67.379 2.28882e-07
      vertex 3.55192 67.379 7.6471
    endloop
  endfacet
  facet normal 0.92369 -0.38314 0
    outer loop
      vertex 2.70103 66.6414 7.45049
      vertex 2.70804 66.6583 2.28882e-07
      vertex 2.70804 66.6583 7.45455
    endloop
  endfacet
  facet normal 0.923892 -0.382653 1.29498e-06
    outer loop
      vertex 2.62097 66.4481 7.43527
      vertex 2.70804 66.6583 2.28882e-07
      vertex 2.70103 66.6414 7.45049
    endloop
  endfacet
  facet normal 0.923876 -0.382692 0
    outer loop
      vertex 2.70804 66.6583 2.28882e-07
      vertex 2.62097 66.4481 7.43527
      vertex 2.62097 66.4481 2.28882e-07
    endloop
  endfacet
  facet normal 0.649517 -0.760347 0
    outer loop
      vertex 3.14771 67.1731 2.28882e-07
      vertex 2.97469 67.0253 7.54266
      vertex 2.97469 67.0253 2.28882e-07
    endloop
  endfacet
  facet normal 0.649517 -0.760347 0
    outer loop
      vertex 2.97469 67.0253 7.54266
      vertex 3.14771 67.1731 2.28882e-07
      vertex 3.14771 67.1731 7.57814
    endloop
  endfacet
  facet normal -0.233323 -0.972399 0
    outer loop
      vertex 17.7268 17.4321 2.28882e-07
      vertex 17.9481 17.379 7.6471
      vertex 17.7268 17.4321 7.6691
    endloop
  endfacet
  facet normal -0.233323 -0.972399 -0
    outer loop
      vertex 17.9481 17.379 7.6471
      vertex 17.7268 17.4321 2.28882e-07
      vertex 17.9481 17.379 2.28882e-07
    endloop
  endfacet
  facet normal -0.972399 0.233323 0
    outer loop
      vertex 18.879 15.5519 2.28882e-07
      vertex 18.9321 15.7732 7.41786
      vertex 18.9321 15.7732 2.28882e-07
    endloop
  endfacet
  facet normal -0.972399 0.233323 0
    outer loop
      vertex 18.9321 15.7732 7.41786
      vertex 18.879 15.5519 2.28882e-07
      vertex 18.879 15.5519 7.43527
    endloop
  endfacet
  facet normal -0.9969 0.0786795 0
    outer loop
      vertex 18.9321 15.7732 2.28882e-07
      vertex 18.95 16 7.40001
      vertex 18.95 16 2.28882e-07
    endloop
  endfacet
  facet normal -0.9969 0.0786795 0
    outer loop
      vertex 18.95 16 7.40001
      vertex 18.9321 15.7732 2.28882e-07
      vertex 18.9321 15.7732 7.41786
    endloop
  endfacet
  facet normal -0.923985 0.382429 0
    outer loop
      vertex 18.792 15.3417 2.28882e-07
      vertex 18.879 15.5519 7.43527
      vertex 18.879 15.5519 2.28882e-07
    endloop
  endfacet
  facet normal -0.923994 0.382408 7.05614e-07
    outer loop
      vertex 18.879 15.5519 7.43527
      vertex 18.792 15.3417 2.28882e-07
      vertex 18.799 15.3586 7.45049
    endloop
  endfacet
  facet normal -0.923884 0.382674 0
    outer loop
      vertex 18.799 15.3586 7.45049
      vertex 18.792 15.3417 2.28882e-07
      vertex 18.792 15.3417 7.45455
    endloop
  endfacet
  facet normal 0.0786795 -0.9969 0
    outer loop
      vertex 17.5 17.45 2.28882e-07
      vertex 17.2732 17.4321 7.6691
      vertex 17.2732 17.4321 2.28882e-07
    endloop
  endfacet
  facet normal 0.0786795 -0.9969 0
    outer loop
      vertex 17.2732 17.4321 7.6691
      vertex 17.5 17.45 2.28882e-07
      vertex 17.5 17.45 7.67649
    endloop
  endfacet
  facet normal -0.9969 -0.0786795 -0
    outer loop
      vertex 18.95 16 7.40001
      vertex 18.9321 16.2268 2.28882e-07
      vertex 18.95 16 2.28882e-07
    endloop
  endfacet
  facet normal -0.9969 -0.0786795 0
    outer loop
      vertex 18.9321 16.2268 2.28882e-07
      vertex 18.95 16 7.40001
      vertex 18.9321 16.2268 7.41786
    endloop
  endfacet
  facet normal 0.64956 0.76031 -0
    outer loop
      vertex 16.6477 14.8269 2.28882e-07
      vertex 16.4747 14.9747 7.54266
      vertex 16.6477 14.8269 7.57814
    endloop
  endfacet
  facet normal 0.64956 0.76031 0
    outer loop
      vertex 16.4747 14.9747 7.54266
      vertex 16.6477 14.8269 2.28882e-07
      vertex 16.4747 14.9747 2.28882e-07
    endloop
  endfacet
  facet normal 0.382429 -0.923985 0
    outer loop
      vertex 17.0519 17.379 2.28882e-07
      vertex 16.8417 17.292 7.61103
      vertex 16.8417 17.292 2.28882e-07
    endloop
  endfacet
  facet normal 0.382429 -0.923985 0
    outer loop
      vertex 16.8417 17.292 7.61103
      vertex 17.0519 17.379 2.28882e-07
      vertex 17.0519 17.379 7.6471
    endloop
  endfacet
  facet normal -0.64956 0.76031 0
    outer loop
      vertex 18.3523 14.8269 2.28882e-07
      vertex 18.5253 14.9747 7.54266
      vertex 18.5253 14.9747 2.28882e-07
    endloop
  endfacet
  facet normal -0.64956 0.76031 0
    outer loop
      vertex 18.5253 14.9747 7.54266
      vertex 18.3523 14.8269 2.28882e-07
      vertex 18.3523 14.8269 7.57814
    endloop
  endfacet
  facet normal -0.0786795 -0.9969 0
    outer loop
      vertex 17.5 17.45 2.28882e-07
      vertex 17.7268 17.4321 7.6691
      vertex 17.5 17.45 7.67649
    endloop
  endfacet
  facet normal -0.0786795 -0.9969 -0
    outer loop
      vertex 17.7268 17.4321 7.6691
      vertex 17.5 17.45 2.28882e-07
      vertex 17.7268 17.4321 2.28882e-07
    endloop
  endfacet
  facet normal -0.64956 -0.76031 0
    outer loop
      vertex 18.3523 17.1731 2.28882e-07
      vertex 18.5253 17.0253 7.54266
      vertex 18.3523 17.1731 7.57814
    endloop
  endfacet
  facet normal -0.64956 -0.76031 -0
    outer loop
      vertex 18.5253 17.0253 7.54266
      vertex 18.3523 17.1731 2.28882e-07
      vertex 18.5253 17.0253 2.28882e-07
    endloop
  endfacet
  facet normal 0.923884 -0.382674 0
    outer loop
      vertex 16.201 16.6414 7.45049
      vertex 16.208 16.6583 2.28882e-07
      vertex 16.208 16.6583 7.45455
    endloop
  endfacet
  facet normal 0.923994 -0.382408 7.05614e-07
    outer loop
      vertex 16.121 16.4481 7.43527
      vertex 16.208 16.6583 2.28882e-07
      vertex 16.201 16.6414 7.45049
    endloop
  endfacet
  facet normal 0.923985 -0.382429 0
    outer loop
      vertex 16.208 16.6583 2.28882e-07
      vertex 16.121 16.4481 7.43527
      vertex 16.121 16.4481 2.28882e-07
    endloop
  endfacet
  facet normal 0.9969 0.0786795 -0
    outer loop
      vertex 16.0679 15.7732 2.28882e-07
      vertex 16.05 16 7.40001
      vertex 16.0679 15.7732 7.41786
    endloop
  endfacet
  facet normal 0.9969 0.0786795 0
    outer loop
      vertex 16.05 16 7.40001
      vertex 16.0679 15.7732 2.28882e-07
      vertex 16.05 16 2.28882e-07
    endloop
  endfacet
  facet normal -0.923884 -0.382674 0
    outer loop
      vertex 18.792 16.6583 2.28882e-07
      vertex 18.799 16.6414 7.45049
      vertex 18.792 16.6583 7.45455
    endloop
  endfacet
  facet normal -0.923985 -0.382429 -0
    outer loop
      vertex 18.879 16.4481 7.43527
      vertex 18.792 16.6583 2.28882e-07
      vertex 18.879 16.4481 2.28882e-07
    endloop
  endfacet
  facet normal -0.923994 -0.382408 7.05614e-07
    outer loop
      vertex 18.792 16.6583 2.28882e-07
      vertex 18.879 16.4481 7.43527
      vertex 18.799 16.6414 7.45049
    endloop
  endfacet
  facet normal 0.923994 0.382408 7.05614e-07
    outer loop
      vertex 16.208 15.3417 2.28882e-07
      vertex 16.121 15.5519 7.43527
      vertex 16.201 15.3586 7.45049
    endloop
  endfacet
  facet normal 0.923884 0.382674 -0
    outer loop
      vertex 16.208 15.3417 2.28882e-07
      vertex 16.201 15.3586 7.45049
      vertex 16.208 15.3417 7.45455
    endloop
  endfacet
  facet normal 0.923985 0.382429 0
    outer loop
      vertex 16.121 15.5519 7.43527
      vertex 16.208 15.3417 2.28882e-07
      vertex 16.121 15.5519 2.28882e-07
    endloop
  endfacet
  facet normal -0.76031 -0.64956 -0
    outer loop
      vertex 18.6731 16.8523 7.50112
      vertex 18.5253 17.0253 2.28882e-07
      vertex 18.6731 16.8523 2.28882e-07
    endloop
  endfacet
  facet normal -0.76031 -0.64956 0
    outer loop
      vertex 18.5253 17.0253 2.28882e-07
      vertex 18.6731 16.8523 7.50112
      vertex 18.5253 17.0253 7.54266
    endloop
  endfacet
  facet normal -0.852608 -0.522552 -0
    outer loop
      vertex 18.792 16.6583 7.45455
      vertex 18.6731 16.8523 2.28882e-07
      vertex 18.792 16.6583 2.28882e-07
    endloop
  endfacet
  facet normal -0.852608 -0.522552 0
    outer loop
      vertex 18.6731 16.8523 2.28882e-07
      vertex 18.792 16.6583 7.45455
      vertex 18.6731 16.8523 7.50112
    endloop
  endfacet
  facet normal 0.852608 0.522552 -0
    outer loop
      vertex 16.3269 15.1477 2.28882e-07
      vertex 16.208 15.3417 7.45455
      vertex 16.3269 15.1477 7.50112
    endloop
  endfacet
  facet normal 0.852608 0.522552 0
    outer loop
      vertex 16.208 15.3417 7.45455
      vertex 16.3269 15.1477 2.28882e-07
      vertex 16.208 15.3417 2.28882e-07
    endloop
  endfacet
  facet normal -0.382429 -0.923985 0
    outer loop
      vertex 17.9481 17.379 2.28882e-07
      vertex 18.1583 17.292 7.61103
      vertex 17.9481 17.379 7.6471
    endloop
  endfacet
  facet normal -0.382429 -0.923985 -0
    outer loop
      vertex 18.1583 17.292 7.61103
      vertex 17.9481 17.379 2.28882e-07
      vertex 18.1583 17.292 2.28882e-07
    endloop
  endfacet
  facet normal 0.972399 -0.233323 0
    outer loop
      vertex 16.0679 16.2268 7.41786
      vertex 16.121 16.4481 2.28882e-07
      vertex 16.121 16.4481 7.43527
    endloop
  endfacet
  facet normal 0.972399 -0.233323 0
    outer loop
      vertex 16.121 16.4481 2.28882e-07
      vertex 16.0679 16.2268 7.41786
      vertex 16.0679 16.2268 2.28882e-07
    endloop
  endfacet
  facet normal 0.76031 0.64956 -0
    outer loop
      vertex 16.4747 14.9747 2.28882e-07
      vertex 16.3269 15.1477 7.50112
      vertex 16.4747 14.9747 7.54266
    endloop
  endfacet
  facet normal 0.76031 0.64956 0
    outer loop
      vertex 16.3269 15.1477 7.50112
      vertex 16.4747 14.9747 2.28882e-07
      vertex 16.3269 15.1477 2.28882e-07
    endloop
  endfacet
  facet normal 0.233323 0.972399 -0
    outer loop
      vertex 17.2732 14.5679 2.28882e-07
      vertex 17.0519 14.621 7.6471
      vertex 17.2732 14.5679 7.6691
    endloop
  endfacet
  facet normal 0.233323 0.972399 0
    outer loop
      vertex 17.0519 14.621 7.6471
      vertex 17.2732 14.5679 2.28882e-07
      vertex 17.0519 14.621 2.28882e-07
    endloop
  endfacet
  facet normal 0.522464 0.852661 -0
    outer loop
      vertex 16.8417 14.708 2.28882e-07
      vertex 16.8009 14.733 7.60068
      vertex 16.8417 14.708 7.61103
    endloop
  endfacet
  facet normal 0.522575 0.852593 8.19419e-07
    outer loop
      vertex 16.8417 14.708 2.28882e-07
      vertex 16.6477 14.8269 7.57814
      vertex 16.8009 14.733 7.60068
    endloop
  endfacet
  facet normal 0.522552 0.852608 0
    outer loop
      vertex 16.6477 14.8269 7.57814
      vertex 16.8417 14.708 2.28882e-07
      vertex 16.6477 14.8269 2.28882e-07
    endloop
  endfacet
  facet normal 0.64956 -0.76031 0
    outer loop
      vertex 16.6477 17.1731 2.28882e-07
      vertex 16.4747 17.0253 7.54266
      vertex 16.4747 17.0253 2.28882e-07
    endloop
  endfacet
  facet normal 0.64956 -0.76031 0
    outer loop
      vertex 16.4747 17.0253 7.54266
      vertex 16.6477 17.1731 2.28882e-07
      vertex 16.6477 17.1731 7.57814
    endloop
  endfacet
  facet normal 0.522552 -0.852608 0
    outer loop
      vertex 16.8417 17.292 2.28882e-07
      vertex 16.6477 17.1731 7.57814
      vertex 16.6477 17.1731 2.28882e-07
    endloop
  endfacet
  facet normal 0.522575 -0.852593 8.19419e-07
    outer loop
      vertex 16.6477 17.1731 7.57814
      vertex 16.8417 17.292 2.28882e-07
      vertex 16.8009 17.267 7.60068
    endloop
  endfacet
  facet normal 0.522464 -0.852661 0
    outer loop
      vertex 16.8009 17.267 7.60068
      vertex 16.8417 17.292 2.28882e-07
      vertex 16.8417 17.292 7.61103
    endloop
  endfacet
  facet normal -0.382429 0.923985 0
    outer loop
      vertex 17.9481 14.621 2.28882e-07
      vertex 18.1583 14.708 7.61103
      vertex 18.1583 14.708 2.28882e-07
    endloop
  endfacet
  facet normal -0.382429 0.923985 0
    outer loop
      vertex 18.1583 14.708 7.61103
      vertex 17.9481 14.621 2.28882e-07
      vertex 17.9481 14.621 7.6471
    endloop
  endfacet
  facet normal -0.76031 0.64956 0
    outer loop
      vertex 18.5253 14.9747 2.28882e-07
      vertex 18.6731 15.1477 7.50112
      vertex 18.6731 15.1477 2.28882e-07
    endloop
  endfacet
  facet normal -0.76031 0.64956 0
    outer loop
      vertex 18.6731 15.1477 7.50112
      vertex 18.5253 14.9747 2.28882e-07
      vertex 18.5253 14.9747 7.54266
    endloop
  endfacet
  facet normal 0.972399 0.233323 -0
    outer loop
      vertex 16.121 15.5519 2.28882e-07
      vertex 16.0679 15.7732 7.41786
      vertex 16.121 15.5519 7.43527
    endloop
  endfacet
  facet normal 0.972399 0.233323 0
    outer loop
      vertex 16.0679 15.7732 7.41786
      vertex 16.121 15.5519 2.28882e-07
      vertex 16.0679 15.7732 2.28882e-07
    endloop
  endfacet
  facet normal -0.522552 0.852608 0
    outer loop
      vertex 18.1583 14.708 2.28882e-07
      vertex 18.3523 14.8269 7.57814
      vertex 18.3523 14.8269 2.28882e-07
    endloop
  endfacet
  facet normal -0.522575 0.852593 8.19419e-07
    outer loop
      vertex 18.3523 14.8269 7.57814
      vertex 18.1583 14.708 2.28882e-07
      vertex 18.1991 14.733 7.60068
    endloop
  endfacet
  facet normal -0.522464 0.852661 0
    outer loop
      vertex 18.1991 14.733 7.60068
      vertex 18.1583 14.708 2.28882e-07
      vertex 18.1583 14.708 7.61103
    endloop
  endfacet
  facet normal 0.0786795 0.9969 -0
    outer loop
      vertex 17.5 14.55 2.28882e-07
      vertex 17.2732 14.5679 7.6691
      vertex 17.5 14.55 7.67649
    endloop
  endfacet
  facet normal 0.0786795 0.9969 0
    outer loop
      vertex 17.2732 14.5679 7.6691
      vertex 17.5 14.55 2.28882e-07
      vertex 17.2732 14.5679 2.28882e-07
    endloop
  endfacet
  facet normal 0.382429 0.923985 -0
    outer loop
      vertex 17.0519 14.621 2.28882e-07
      vertex 16.8417 14.708 7.61103
      vertex 17.0519 14.621 7.6471
    endloop
  endfacet
  facet normal 0.382429 0.923985 0
    outer loop
      vertex 16.8417 14.708 7.61103
      vertex 17.0519 14.621 2.28882e-07
      vertex 16.8417 14.708 2.28882e-07
    endloop
  endfacet
  facet normal -0.972399 -0.233323 -0
    outer loop
      vertex 18.9321 16.2268 7.41786
      vertex 18.879 16.4481 2.28882e-07
      vertex 18.9321 16.2268 2.28882e-07
    endloop
  endfacet
  facet normal -0.972399 -0.233323 0
    outer loop
      vertex 18.879 16.4481 2.28882e-07
      vertex 18.9321 16.2268 7.41786
      vertex 18.879 16.4481 7.43527
    endloop
  endfacet
  facet normal -0.852608 0.522552 0
    outer loop
      vertex 18.6731 15.1477 2.28882e-07
      vertex 18.792 15.3417 7.45455
      vertex 18.792 15.3417 2.28882e-07
    endloop
  endfacet
  facet normal -0.852608 0.522552 0
    outer loop
      vertex 18.792 15.3417 7.45455
      vertex 18.6731 15.1477 2.28882e-07
      vertex 18.6731 15.1477 7.50112
    endloop
  endfacet
  facet normal 0.76031 -0.64956 0
    outer loop
      vertex 16.3269 16.8523 7.50112
      vertex 16.4747 17.0253 2.28882e-07
      vertex 16.4747 17.0253 7.54266
    endloop
  endfacet
  facet normal 0.76031 -0.64956 0
    outer loop
      vertex 16.4747 17.0253 2.28882e-07
      vertex 16.3269 16.8523 7.50112
      vertex 16.3269 16.8523 2.28882e-07
    endloop
  endfacet
  facet normal 0.233323 -0.972399 0
    outer loop
      vertex 17.2732 17.4321 2.28882e-07
      vertex 17.0519 17.379 7.6471
      vertex 17.0519 17.379 2.28882e-07
    endloop
  endfacet
  facet normal 0.233323 -0.972399 0
    outer loop
      vertex 17.0519 17.379 7.6471
      vertex 17.2732 17.4321 2.28882e-07
      vertex 17.2732 17.4321 7.6691
    endloop
  endfacet
  facet normal -0.233323 0.972399 0
    outer loop
      vertex 17.7268 14.5679 2.28882e-07
      vertex 17.9481 14.621 7.6471
      vertex 17.9481 14.621 2.28882e-07
    endloop
  endfacet
  facet normal -0.233323 0.972399 0
    outer loop
      vertex 17.9481 14.621 7.6471
      vertex 17.7268 14.5679 2.28882e-07
      vertex 17.7268 14.5679 7.6691
    endloop
  endfacet
  facet normal -0.0786795 0.9969 0
    outer loop
      vertex 17.5 14.55 2.28882e-07
      vertex 17.7268 14.5679 7.6691
      vertex 17.7268 14.5679 2.28882e-07
    endloop
  endfacet
  facet normal -0.0786795 0.9969 0
    outer loop
      vertex 17.7268 14.5679 7.6691
      vertex 17.5 14.55 2.28882e-07
      vertex 17.5 14.55 7.67649
    endloop
  endfacet
  facet normal -0.522464 -0.852661 0
    outer loop
      vertex 18.1583 17.292 2.28882e-07
      vertex 18.1991 17.267 7.60068
      vertex 18.1583 17.292 7.61103
    endloop
  endfacet
  facet normal -0.522575 -0.852593 8.19419e-07
    outer loop
      vertex 18.1583 17.292 2.28882e-07
      vertex 18.3523 17.1731 7.57814
      vertex 18.1991 17.267 7.60068
    endloop
  endfacet
  facet normal -0.522552 -0.852608 -0
    outer loop
      vertex 18.3523 17.1731 7.57814
      vertex 18.1583 17.292 2.28882e-07
      vertex 18.3523 17.1731 2.28882e-07
    endloop
  endfacet
  facet normal 0.9969 -0.0786795 0
    outer loop
      vertex 16.05 16 7.40001
      vertex 16.0679 16.2268 2.28882e-07
      vertex 16.0679 16.2268 7.41786
    endloop
  endfacet
  facet normal 0.9969 -0.0786795 0
    outer loop
      vertex 16.0679 16.2268 2.28882e-07
      vertex 16.05 16 7.40001
      vertex 16.05 16 2.28882e-07
    endloop
  endfacet
  facet normal 0.852608 -0.522552 0
    outer loop
      vertex 16.208 16.6583 7.45455
      vertex 16.3269 16.8523 2.28882e-07
      vertex 16.3269 16.8523 7.50112
    endloop
  endfacet
  facet normal 0.852608 -0.522552 0
    outer loop
      vertex 16.3269 16.8523 2.28882e-07
      vertex 16.208 16.6583 7.45455
      vertex 16.208 16.6583 2.28882e-07
    endloop
  endfacet
  facet normal 0.0786692 -0.996901 0
    outer loop
      vertex 4 17.45 2.28882e-07
      vertex 3.77317 17.4321 7.6691
      vertex 3.77317 17.4321 2.28882e-07
    endloop
  endfacet
  facet normal 0.0786692 -0.996901 0
    outer loop
      vertex 3.77317 17.4321 7.6691
      vertex 4 17.45 2.28882e-07
      vertex 4 17.45 7.67649
    endloop
  endfacet
  facet normal -0.972379 0.233406 0
    outer loop
      vertex 5.37903 15.5519 2.28882e-07
      vertex 5.43215 15.7732 7.41786
      vertex 5.43215 15.7732 2.28882e-07
    endloop
  endfacet
  facet normal -0.972379 0.233406 0
    outer loop
      vertex 5.43215 15.7732 7.41786
      vertex 5.37903 15.5519 2.28882e-07
      vertex 5.37903 15.5519 7.43527
    endloop
  endfacet
  facet normal -0.382398 -0.923998 0
    outer loop
      vertex 4.44807 17.379 2.28882e-07
      vertex 4.65829 17.292 7.61103
      vertex 4.44807 17.379 7.6471
    endloop
  endfacet
  facet normal -0.382398 -0.923998 -0
    outer loop
      vertex 4.65829 17.292 7.61103
      vertex 4.44807 17.379 2.28882e-07
      vertex 4.65829 17.292 2.28882e-07
    endloop
  endfacet
  facet normal 0.760397 -0.649458 0
    outer loop
      vertex 2.82693 16.8523 7.50112
      vertex 2.97469 17.0253 2.28882e-07
      vertex 2.97469 17.0253 7.54266
    endloop
  endfacet
  facet normal 0.760397 -0.649458 0
    outer loop
      vertex 2.97469 17.0253 2.28882e-07
      vertex 2.82693 16.8523 7.50112
      vertex 2.82693 16.8523 2.28882e-07
    endloop
  endfacet
  facet normal 0.760397 0.649458 -0
    outer loop
      vertex 2.97469 14.9747 2.28882e-07
      vertex 2.82693 15.1477 7.50112
      vertex 2.97469 14.9747 7.54266
    endloop
  endfacet
  facet normal 0.760397 0.649458 0
    outer loop
      vertex 2.82693 15.1477 7.50112
      vertex 2.97469 14.9747 2.28882e-07
      vertex 2.82693 15.1477 2.28882e-07
    endloop
  endfacet
  facet normal -0.996917 -0.0784611 -0
    outer loop
      vertex 5.45 16 7.40001
      vertex 5.43215 16.2268 2.28882e-07
      vertex 5.45 16 2.28882e-07
    endloop
  endfacet
  facet normal -0.996917 -0.0784611 0
    outer loop
      vertex 5.43215 16.2268 2.28882e-07
      vertex 5.45 16 7.40001
      vertex 5.43215 16.2268 7.41786
    endloop
  endfacet
  facet normal 0.233373 0.972387 -0
    outer loop
      vertex 3.77317 14.5679 2.28882e-07
      vertex 3.55192 14.621 7.6471
      vertex 3.77317 14.5679 7.6691
    endloop
  endfacet
  facet normal 0.233373 0.972387 0
    outer loop
      vertex 3.55192 14.621 7.6471
      vertex 3.77317 14.5679 2.28882e-07
      vertex 3.55192 14.621 2.28882e-07
    endloop
  endfacet
  facet normal -0.233383 -0.972385 0
    outer loop
      vertex 4.22683 17.4321 2.28882e-07
      vertex 4.44807 17.379 7.6471
      vertex 4.22683 17.4321 7.6691
    endloop
  endfacet
  facet normal -0.233383 -0.972385 -0
    outer loop
      vertex 4.44807 17.379 7.6471
      vertex 4.22683 17.4321 2.28882e-07
      vertex 4.44807 17.379 2.28882e-07
    endloop
  endfacet
  facet normal 0.972379 0.233406 -0
    outer loop
      vertex 2.62097 15.5519 2.28882e-07
      vertex 2.56785 15.7732 7.41786
      vertex 2.62097 15.5519 7.43527
    endloop
  endfacet
  facet normal 0.972379 0.233406 0
    outer loop
      vertex 2.56785 15.7732 7.41786
      vertex 2.62097 15.5519 2.28882e-07
      vertex 2.56785 15.7732 2.28882e-07
    endloop
  endfacet
  facet normal -0.649538 -0.760329 0
    outer loop
      vertex 4.85229 17.1731 2.28882e-07
      vertex 5.0253 17.0253 7.54266
      vertex 4.85229 17.1731 7.57814
    endloop
  endfacet
  facet normal -0.649538 -0.760329 -0
    outer loop
      vertex 5.0253 17.0253 7.54266
      vertex 4.85229 17.1731 2.28882e-07
      vertex 5.0253 17.0253 2.28882e-07
    endloop
  endfacet
  facet normal -0.996917 0.0784611 0
    outer loop
      vertex 5.43215 15.7732 2.28882e-07
      vertex 5.45 16 7.40001
      vertex 5.45 16 2.28882e-07
    endloop
  endfacet
  facet normal -0.996917 0.0784611 0
    outer loop
      vertex 5.45 16 7.40001
      vertex 5.43215 15.7732 2.28882e-07
      vertex 5.43215 15.7732 7.41786
    endloop
  endfacet
  facet normal -0.649538 0.760329 0
    outer loop
      vertex 4.85229 14.8269 2.28882e-07
      vertex 5.0253 14.9747 7.54266
      vertex 5.0253 14.9747 2.28882e-07
    endloop
  endfacet
  facet normal -0.649538 0.760329 0
    outer loop
      vertex 5.0253 14.9747 7.54266
      vertex 4.85229 14.8269 2.28882e-07
      vertex 4.85229 14.8269 7.57814
    endloop
  endfacet
  facet normal 0.923892 0.382653 1.29498e-06
    outer loop
      vertex 2.70804 15.3417 2.28882e-07
      vertex 2.62097 15.5519 7.43527
      vertex 2.70103 15.3586 7.45049
    endloop
  endfacet
  facet normal 0.92369 0.38314 -0
    outer loop
      vertex 2.70804 15.3417 2.28882e-07
      vertex 2.70103 15.3586 7.45049
      vertex 2.70804 15.3417 7.45455
    endloop
  endfacet
  facet normal 0.923876 0.382692 0
    outer loop
      vertex 2.62097 15.5519 7.43527
      vertex 2.70804 15.3417 2.28882e-07
      vertex 2.62097 15.5519 2.28882e-07
    endloop
  endfacet
  facet normal -0.923876 0.382692 0
    outer loop
      vertex 5.29196 15.3417 2.28882e-07
      vertex 5.37903 15.5519 7.43527
      vertex 5.37903 15.5519 2.28882e-07
    endloop
  endfacet
  facet normal -0.923875 0.382694 -5.3235e-08
    outer loop
      vertex 5.37903 15.5519 7.43527
      vertex 5.29196 15.3417 2.28882e-07
      vertex 5.29896 15.3586 7.45049
    endloop
  endfacet
  facet normal -0.923884 0.382674 0
    outer loop
      vertex 5.29896 15.3586 7.45049
      vertex 5.29196 15.3417 2.28882e-07
      vertex 5.29196 15.3417 7.45455
    endloop
  endfacet
  facet normal -0.52265 -0.852547 0
    outer loop
      vertex 4.65829 17.292 2.28882e-07
      vertex 4.69907 17.267 7.60068
      vertex 4.65829 17.292 7.61103
    endloop
  endfacet
  facet normal -0.522526 -0.852624 -9.20296e-07
    outer loop
      vertex 4.65829 17.292 2.28882e-07
      vertex 4.85229 17.1731 7.57814
      vertex 4.69907 17.267 7.60068
    endloop
  endfacet
  facet normal -0.522552 -0.852608 -0
    outer loop
      vertex 4.85229 17.1731 7.57814
      vertex 4.65829 17.292 2.28882e-07
      vertex 4.85229 17.1731 2.28882e-07
    endloop
  endfacet
  facet normal 0.522552 -0.852608 0
    outer loop
      vertex 3.34171 17.292 2.28882e-07
      vertex 3.14771 17.1731 7.57814
      vertex 3.14771 17.1731 2.28882e-07
    endloop
  endfacet
  facet normal 0.522526 -0.852624 -9.20296e-07
    outer loop
      vertex 3.14771 17.1731 7.57814
      vertex 3.34171 17.292 2.28882e-07
      vertex 3.30093 17.267 7.60068
    endloop
  endfacet
  facet normal 0.52265 -0.852547 0
    outer loop
      vertex 3.30093 17.267 7.60068
      vertex 3.34171 17.292 2.28882e-07
      vertex 3.34171 17.292 7.61103
    endloop
  endfacet
  facet normal 0.0786692 0.996901 -0
    outer loop
      vertex 4 14.55 2.28882e-07
      vertex 3.77317 14.5679 7.6691
      vertex 4 14.55 7.67649
    endloop
  endfacet
  facet normal 0.0786692 0.996901 0
    outer loop
      vertex 3.77317 14.5679 7.6691
      vertex 4 14.55 2.28882e-07
      vertex 3.77317 14.5679 2.28882e-07
    endloop
  endfacet
  facet normal 0.382414 -0.923991 0
    outer loop
      vertex 3.55192 17.379 2.28882e-07
      vertex 3.34171 17.292 7.61103
      vertex 3.34171 17.292 2.28882e-07
    endloop
  endfacet
  facet normal 0.382414 -0.923991 0
    outer loop
      vertex 3.34171 17.292 7.61103
      vertex 3.55192 17.379 2.28882e-07
      vertex 3.55192 17.379 7.6471
    endloop
  endfacet
  facet normal 0.996917 0.0784611 -0
    outer loop
      vertex 2.56785 15.7732 2.28882e-07
      vertex 2.55 16 7.40001
      vertex 2.56785 15.7732 7.41786
    endloop
  endfacet
  facet normal 0.996917 0.0784611 0
    outer loop
      vertex 2.55 16 7.40001
      vertex 2.56785 15.7732 2.28882e-07
      vertex 2.55 16 2.28882e-07
    endloop
  endfacet
  facet normal 0.972379 -0.233406 0
    outer loop
      vertex 2.56785 16.2268 7.41786
      vertex 2.62097 16.4481 2.28882e-07
      vertex 2.62097 16.4481 7.43527
    endloop
  endfacet
  facet normal 0.972379 -0.233406 0
    outer loop
      vertex 2.62097 16.4481 2.28882e-07
      vertex 2.56785 16.2268 7.41786
      vertex 2.56785 16.2268 2.28882e-07
    endloop
  endfacet
  facet normal -0.972379 -0.233406 -0
    outer loop
      vertex 5.43215 16.2268 7.41786
      vertex 5.37903 16.4481 2.28882e-07
      vertex 5.43215 16.2268 2.28882e-07
    endloop
  endfacet
  facet normal -0.972379 -0.233406 0
    outer loop
      vertex 5.37903 16.4481 2.28882e-07
      vertex 5.43215 16.2268 7.41786
      vertex 5.37903 16.4481 7.43527
    endloop
  endfacet
  facet normal 0.649517 -0.760347 0
    outer loop
      vertex 3.14771 17.1731 2.28882e-07
      vertex 2.97469 17.0253 7.54266
      vertex 2.97469 17.0253 2.28882e-07
    endloop
  endfacet
  facet normal 0.649517 -0.760347 0
    outer loop
      vertex 2.97469 17.0253 7.54266
      vertex 3.14771 17.1731 2.28882e-07
      vertex 3.14771 17.1731 7.57814
    endloop
  endfacet
  facet normal 0.649517 0.760347 -0
    outer loop
      vertex 3.14771 14.8269 2.28882e-07
      vertex 2.97469 14.9747 7.54266
      vertex 3.14771 14.8269 7.57814
    endloop
  endfacet
  facet normal 0.649517 0.760347 0
    outer loop
      vertex 2.97469 14.9747 7.54266
      vertex 3.14771 14.8269 2.28882e-07
      vertex 2.97469 14.9747 2.28882e-07
    endloop
  endfacet
  facet normal -0.0786692 0.996901 0
    outer loop
      vertex 4 14.55 2.28882e-07
      vertex 4.22683 14.5679 7.6691
      vertex 4.22683 14.5679 2.28882e-07
    endloop
  endfacet
  facet normal -0.0786692 0.996901 0
    outer loop
      vertex 4.22683 14.5679 7.6691
      vertex 4 14.55 2.28882e-07
      vertex 4 14.55 7.67649
    endloop
  endfacet
  facet normal 0.996917 -0.0784611 0
    outer loop
      vertex 2.55 16 7.40001
      vertex 2.56785 16.2268 2.28882e-07
      vertex 2.56785 16.2268 7.41786
    endloop
  endfacet
  facet normal 0.996917 -0.0784611 0
    outer loop
      vertex 2.56785 16.2268 2.28882e-07
      vertex 2.55 16 7.40001
      vertex 2.55 16 2.28882e-07
    endloop
  endfacet
  facet normal -0.382398 0.923998 0
    outer loop
      vertex 4.44807 14.621 2.28882e-07
      vertex 4.65829 14.708 7.61103
      vertex 4.65829 14.708 2.28882e-07
    endloop
  endfacet
  facet normal -0.382398 0.923998 0
    outer loop
      vertex 4.65829 14.708 7.61103
      vertex 4.44807 14.621 2.28882e-07
      vertex 4.44807 14.621 7.6471
    endloop
  endfacet
  facet normal -0.233383 0.972385 0
    outer loop
      vertex 4.22683 14.5679 2.28882e-07
      vertex 4.44807 14.621 7.6471
      vertex 4.44807 14.621 2.28882e-07
    endloop
  endfacet
  facet normal -0.233383 0.972385 0
    outer loop
      vertex 4.44807 14.621 7.6471
      vertex 4.22683 14.5679 2.28882e-07
      vertex 4.22683 14.5679 7.6691
    endloop
  endfacet
  facet normal -0.522552 0.852608 0
    outer loop
      vertex 4.65829 14.708 2.28882e-07
      vertex 4.85229 14.8269 7.57814
      vertex 4.85229 14.8269 2.28882e-07
    endloop
  endfacet
  facet normal -0.522526 0.852624 -9.20296e-07
    outer loop
      vertex 4.85229 14.8269 7.57814
      vertex 4.65829 14.708 2.28882e-07
      vertex 4.69907 14.733 7.60068
    endloop
  endfacet
  facet normal -0.52265 0.852547 0
    outer loop
      vertex 4.69907 14.733 7.60068
      vertex 4.65829 14.708 2.28882e-07
      vertex 4.65829 14.708 7.61103
    endloop
  endfacet
  facet normal 0.382414 0.923991 -0
    outer loop
      vertex 3.55192 14.621 2.28882e-07
      vertex 3.34171 14.708 7.61103
      vertex 3.55192 14.621 7.6471
    endloop
  endfacet
  facet normal 0.382414 0.923991 0
    outer loop
      vertex 3.34171 14.708 7.61103
      vertex 3.55192 14.621 2.28882e-07
      vertex 3.34171 14.708 2.28882e-07
    endloop
  endfacet
  facet normal 0.233373 -0.972387 0
    outer loop
      vertex 3.77317 17.4321 2.28882e-07
      vertex 3.55192 17.379 7.6471
      vertex 3.55192 17.379 2.28882e-07
    endloop
  endfacet
  facet normal 0.233373 -0.972387 0
    outer loop
      vertex 3.55192 17.379 7.6471
      vertex 3.77317 17.4321 2.28882e-07
      vertex 3.77317 17.4321 7.6691
    endloop
  endfacet
  facet normal -0.852627 -0.52252 -0
    outer loop
      vertex 5.29196 16.6583 7.45455
      vertex 5.17307 16.8523 2.28882e-07
      vertex 5.29196 16.6583 2.28882e-07
    endloop
  endfacet
  facet normal -0.852627 -0.52252 0
    outer loop
      vertex 5.17307 16.8523 2.28882e-07
      vertex 5.29196 16.6583 7.45455
      vertex 5.17307 16.8523 7.50112
    endloop
  endfacet
  facet normal 0.852627 -0.52252 0
    outer loop
      vertex 2.70804 16.6583 7.45455
      vertex 2.82693 16.8523 2.28882e-07
      vertex 2.82693 16.8523 7.50112
    endloop
  endfacet
  facet normal 0.852627 -0.52252 0
    outer loop
      vertex 2.82693 16.8523 2.28882e-07
      vertex 2.70804 16.6583 7.45455
      vertex 2.70804 16.6583 2.28882e-07
    endloop
  endfacet
  facet normal 0.92369 -0.38314 0
    outer loop
      vertex 2.70103 16.6414 7.45049
      vertex 2.70804 16.6583 2.28882e-07
      vertex 2.70804 16.6583 7.45455
    endloop
  endfacet
  facet normal 0.923892 -0.382653 1.29498e-06
    outer loop
      vertex 2.62097 16.4481 7.43527
      vertex 2.70804 16.6583 2.28882e-07
      vertex 2.70103 16.6414 7.45049
    endloop
  endfacet
  facet normal 0.923876 -0.382692 0
    outer loop
      vertex 2.70804 16.6583 2.28882e-07
      vertex 2.62097 16.4481 7.43527
      vertex 2.62097 16.4481 2.28882e-07
    endloop
  endfacet
  facet normal -0.923884 -0.382674 0
    outer loop
      vertex 5.29196 16.6583 2.28882e-07
      vertex 5.29896 16.6414 7.45049
      vertex 5.29196 16.6583 7.45455
    endloop
  endfacet
  facet normal -0.923876 -0.382692 -0
    outer loop
      vertex 5.37903 16.4481 7.43527
      vertex 5.29196 16.6583 2.28882e-07
      vertex 5.37903 16.4481 2.28882e-07
    endloop
  endfacet
  facet normal -0.923875 -0.382694 -5.3235e-08
    outer loop
      vertex 5.29196 16.6583 2.28882e-07
      vertex 5.37903 16.4481 7.43527
      vertex 5.29896 16.6414 7.45049
    endloop
  endfacet
  facet normal -0.852627 0.52252 0
    outer loop
      vertex 5.17307 15.1477 2.28882e-07
      vertex 5.29196 15.3417 7.45455
      vertex 5.29196 15.3417 2.28882e-07
    endloop
  endfacet
  facet normal -0.852627 0.52252 0
    outer loop
      vertex 5.29196 15.3417 7.45455
      vertex 5.17307 15.1477 2.28882e-07
      vertex 5.17307 15.1477 7.50112
    endloop
  endfacet
  facet normal 0.852627 0.52252 -0
    outer loop
      vertex 2.82693 15.1477 2.28882e-07
      vertex 2.70804 15.3417 7.45455
      vertex 2.82693 15.1477 7.50112
    endloop
  endfacet
  facet normal 0.852627 0.52252 0
    outer loop
      vertex 2.70804 15.3417 7.45455
      vertex 2.82693 15.1477 2.28882e-07
      vertex 2.70804 15.3417 2.28882e-07
    endloop
  endfacet
  facet normal -0.760375 -0.649484 -0
    outer loop
      vertex 5.17307 16.8523 7.50112
      vertex 5.0253 17.0253 2.28882e-07
      vertex 5.17307 16.8523 2.28882e-07
    endloop
  endfacet
  facet normal -0.760375 -0.649484 0
    outer loop
      vertex 5.0253 17.0253 2.28882e-07
      vertex 5.17307 16.8523 7.50112
      vertex 5.0253 17.0253 7.54266
    endloop
  endfacet
  facet normal -0.760375 0.649484 0
    outer loop
      vertex 5.0253 14.9747 2.28882e-07
      vertex 5.17307 15.1477 7.50112
      vertex 5.17307 15.1477 2.28882e-07
    endloop
  endfacet
  facet normal -0.760375 0.649484 0
    outer loop
      vertex 5.17307 15.1477 7.50112
      vertex 5.0253 14.9747 2.28882e-07
      vertex 5.0253 14.9747 7.54266
    endloop
  endfacet
  facet normal 0.52265 0.852547 -0
    outer loop
      vertex 3.34171 14.708 2.28882e-07
      vertex 3.30093 14.733 7.60068
      vertex 3.34171 14.708 7.61103
    endloop
  endfacet
  facet normal 0.522526 0.852624 -9.20296e-07
    outer loop
      vertex 3.34171 14.708 2.28882e-07
      vertex 3.14771 14.8269 7.57814
      vertex 3.30093 14.733 7.60068
    endloop
  endfacet
  facet normal 0.522552 0.852608 0
    outer loop
      vertex 3.14771 14.8269 7.57814
      vertex 3.34171 14.708 2.28882e-07
      vertex 3.14771 14.8269 2.28882e-07
    endloop
  endfacet
  facet normal -0.0786692 -0.996901 0
    outer loop
      vertex 4 17.45 2.28882e-07
      vertex 4.22683 17.4321 7.6691
      vertex 4 17.45 7.67649
    endloop
  endfacet
  facet normal -0.0786692 -0.996901 -0
    outer loop
      vertex 4.22683 17.4321 7.6691
      vertex 4 17.45 2.28882e-07
      vertex 4.22683 17.4321 2.28882e-07
    endloop
  endfacet
  facet normal 0 0.852655 -0.522475
    outer loop
      vertex 26.5 62.3469 13.3614
      vertex 0 62.683 13.9099
      vertex 26.5 62.683 13.9099
    endloop
  endfacet
  facet normal 0 0.852655 -0.522475
    outer loop
      vertex 0 62.683 13.9099
      vertex 26.5 62.3469 13.3614
      vertex 0 62.3469 13.3614
    endloop
  endfacet
  facet normal 0 0.760342 -0.649523
    outer loop
      vertex 26.5 62.683 13.9099
      vertex 0 63.1009 14.3991
      vertex 26.5 63.1009 14.3991
    endloop
  endfacet
  facet normal 0 0.760342 -0.649523
    outer loop
      vertex 0 63.1009 14.3991
      vertex 26.5 62.683 13.9099
      vertex 0 62.683 13.9099
    endloop
  endfacet
  facet normal 0 0.852676 0.52244
    outer loop
      vertex 26.5 62.683 9.09009
      vertex 0 62.3469 9.63864
      vertex 26.5 62.3469 9.63864
    endloop
  endfacet
  facet normal 0 0.852676 0.52244
    outer loop
      vertex 0 62.3469 9.63864
      vertex 26.5 62.683 9.09009
      vertex 0 62.683 9.09009
    endloop
  endfacet
  facet normal 0 -0.852676 0.52244
    outer loop
      vertex 0 69.317 9.09009
      vertex 26.5 69.6531 9.63864
      vertex 0 69.6531 9.63864
    endloop
  endfacet
  facet normal 0 -0.852676 0.52244
    outer loop
      vertex 26.5 69.6531 9.63864
      vertex 0 69.317 9.09009
      vertex 26.5 69.317 9.09009
    endloop
  endfacet
  facet normal 0 -0.649469 0.760388
    outer loop
      vertex 0 68.8991 8.60088
      vertex 26.5 68.4099 8.18304
      vertex 26.5 68.8991 8.60088
    endloop
  endfacet
  facet normal 0 -0.649469 0.760388
    outer loop
      vertex 26.5 68.4099 8.18304
      vertex 0 68.8991 8.60088
      vertex 0 68.4099 8.18304
    endloop
  endfacet
  facet normal 0 -0.522542 0.852613
    outer loop
      vertex 0 68.4099 8.18304
      vertex 26.5 67.8614 7.84688
      vertex 26.5 68.4099 8.18304
    endloop
  endfacet
  facet normal 0 -0.522542 0.852613
    outer loop
      vertex 26.5 67.8614 7.84688
      vertex 0 68.4099 8.18304
      vertex 0 67.8614 7.84688
    endloop
  endfacet
  facet normal 0 0 -1
    outer loop
      vertex 0 64.9167 16.215
      vertex 26.5 67.0833 16.215
      vertex 26.5 64.9167 16.215
    endloop
  endfacet
  facet normal -0 0 -1
    outer loop
      vertex 26.5 67.0833 16.215
      vertex 0 64.9167 16.215
      vertex 0 67.0833 16.215
    endloop
  endfacet
  facet normal 0 -0.972368 0.233455
    outer loop
      vertex 0 69.8993 10.233
      vertex 26.5 70.0495 10.8586
      vertex 0 70.0495 10.8586
    endloop
  endfacet
  facet normal 0 -0.972368 0.233455
    outer loop
      vertex 26.5 70.0495 10.8586
      vertex 0 69.8993 10.233
      vertex 26.5 69.8993 10.233
    endloop
  endfacet
  facet normal 0 -0.996915 -0.0784911
    outer loop
      vertex 0 70.1 11.5
      vertex 26.5 70.0495 12.1414
      vertex 0 70.0495 12.1414
    endloop
  endfacet
  facet normal 0 -0.996915 -0.0784911
    outer loop
      vertex 26.5 70.0495 12.1414
      vertex 0 70.1 11.5
      vertex 26.5 70.1 11.5
    endloop
  endfacet
  facet normal 0 0.972368 0.233455
    outer loop
      vertex 26.5 62.1007 10.233
      vertex 0 61.9505 10.8586
      vertex 26.5 61.9505 10.8586
    endloop
  endfacet
  facet normal 0 0.972368 0.233455
    outer loop
      vertex 0 61.9505 10.8586
      vertex 26.5 62.1007 10.233
      vertex 0 62.1007 10.233
    endloop
  endfacet
  facet normal 0 0.996915 0.0784911
    outer loop
      vertex 26.5 61.9505 10.8586
      vertex 0 61.9 11.5
      vertex 26.5 61.9 11.5
    endloop
  endfacet
  facet normal 0 0.996915 0.0784911
    outer loop
      vertex 0 61.9 11.5
      vertex 26.5 61.9505 10.8586
      vertex 0 61.9505 10.8586
    endloop
  endfacet
  facet normal 0 0.707126 -0.707087
    outer loop
      vertex 26.5 63.1009 14.3991
      vertex 0 64.9167 16.215
      vertex 26.5 64.9167 16.215
    endloop
  endfacet
  facet normal 0 0.707126 -0.707087
    outer loop
      vertex 0 64.9167 16.215
      vertex 26.5 63.1009 14.3991
      vertex 0 63.1009 14.3991
    endloop
  endfacet
  facet normal 0 0.923875 0.382694
    outer loop
      vertex 26.5 62.3469 9.63864
      vertex 0 62.1007 10.233
      vertex 26.5 62.1007 10.233
    endloop
  endfacet
  facet normal 0 0.923875 0.382694
    outer loop
      vertex 0 62.1007 10.233
      vertex 26.5 62.3469 9.63864
      vertex 0 62.3469 9.63864
    endloop
  endfacet
  facet normal 0 0.923884 -0.382672
    outer loop
      vertex 26.5 62.1007 12.767
      vertex 0 62.3469 13.3614
      vertex 26.5 62.3469 13.3614
    endloop
  endfacet
  facet normal 0 0.923884 -0.382672
    outer loop
      vertex 0 62.3469 13.3614
      vertex 26.5 62.1007 12.767
      vertex 0 62.1007 12.767
    endloop
  endfacet
  facet normal 0 -0.0784602 0.996917
    outer loop
      vertex 26.5 66.6414 7.45049
      vertex 18.95 66 7.40001
      vertex 26.5 66 7.40001
    endloop
  endfacet
  facet normal 7.28681e-08 -0.0784611 0.996917
    outer loop
      vertex 26.5 66.6414 7.45049
      vertex 18.9321 66.2268 7.41786
      vertex 18.95 66 7.40001
    endloop
  endfacet
  facet normal -1.66448e-06 -0.0784296 0.99692
    outer loop
      vertex 26.5 66.6414 7.45049
      vertex 18.879 66.4481 7.43527
      vertex 18.9321 66.2268 7.41786
    endloop
  endfacet
  facet normal 0 -0.0784948 0.996915
    outer loop
      vertex 18.879 66.4481 7.43527
      vertex 26.5 66.6414 7.45049
      vertex 18.799 66.6414 7.45049
    endloop
  endfacet
  facet normal 0 -0.0784948 0.996915
    outer loop
      vertex 0 66.6414 7.45049
      vertex 2.62097 66.4481 7.43527
      vertex 2.70103 66.6414 7.45049
    endloop
  endfacet
  facet normal 4.78456e-06 -0.0784303 0.99692
    outer loop
      vertex 0 66.6414 7.45049
      vertex 2.56785 66.2268 7.41786
      vertex 2.62097 66.4481 7.43527
    endloop
  endfacet
  facet normal -7.6266e-08 -0.0784602 0.996917
    outer loop
      vertex 0 66 7.40001
      vertex 2.56785 66.2268 7.41786
      vertex 0 66.6414 7.45049
    endloop
  endfacet
  facet normal 0 -0.0784611 0.996917
    outer loop
      vertex 2.56785 66.2268 7.41786
      vertex 0 66 7.40001
      vertex 2.55 66 7.40001
    endloop
  endfacet
  facet normal 0 -0.0784611 0.996917
    outer loop
      vertex 16.0679 66.2268 7.41786
      vertex 5.45 66 7.40001
      vertex 16.05 66 7.40001
    endloop
  endfacet
  facet normal 0 -0.0784292 0.99692
    outer loop
      vertex 5.43215 66.2268 7.41786
      vertex 16.0679 66.2268 7.41786
      vertex 16.121 66.4481 7.43527
    endloop
  endfacet
  facet normal 0 -0.0784948 0.996915
    outer loop
      vertex 5.37903 66.4481 7.43527
      vertex 16.121 66.4481 7.43527
      vertex 16.201 66.6414 7.45049
    endloop
  endfacet
  facet normal 0 -0.0784611 0.996917
    outer loop
      vertex 16.0679 66.2268 7.41786
      vertex 5.43215 66.2268 7.41786
      vertex 5.45 66 7.40001
    endloop
  endfacet
  facet normal 0 -0.0784292 0.99692
    outer loop
      vertex 16.121 66.4481 7.43527
      vertex 5.37903 66.4481 7.43527
      vertex 5.43215 66.2268 7.41786
    endloop
  endfacet
  facet normal 0 -0.0784948 0.996915
    outer loop
      vertex 5.37903 66.4481 7.43527
      vertex 16.201 66.6414 7.45049
      vertex 5.29896 66.6414 7.45049
    endloop
  endfacet
  facet normal 0 -0.760342 -0.649523
    outer loop
      vertex 0 69.317 13.9099
      vertex 26.5 68.8991 14.3991
      vertex 0 68.8991 14.3991
    endloop
  endfacet
  facet normal 0 -0.760342 -0.649523
    outer loop
      vertex 26.5 68.8991 14.3991
      vertex 0 69.317 13.9099
      vertex 26.5 69.317 13.9099
    endloop
  endfacet
  facet normal -0 0.649469 0.760388
    outer loop
      vertex 0 63.5901 8.18304
      vertex 26.5 63.1009 8.60088
      vertex 26.5 63.5901 8.18304
    endloop
  endfacet
  facet normal 0 0.649469 0.760388
    outer loop
      vertex 26.5 63.1009 8.60088
      vertex 0 63.5901 8.18304
      vertex 0 63.1009 8.60088
    endloop
  endfacet
  facet normal -0 0.382672 0.923884
    outer loop
      vertex 18.1991 64.733 7.60068
      vertex 26.5 64.1386 7.84688
      vertex 26.5 64.733 7.60068
    endloop
  endfacet
  facet normal -1.17997e-05 0.382531 0.923942
    outer loop
      vertex 18.1583 64.708 7.61103
      vertex 26.5 64.1386 7.84688
      vertex 18.1991 64.733 7.60068
    endloop
  endfacet
  facet normal 2.10975e-05 0.382943 0.923772
    outer loop
      vertex 17.9481 64.621 7.6471
      vertex 26.5 64.1386 7.84688
      vertex 18.1583 64.708 7.61103
    endloop
  endfacet
  facet normal -2.5492e-05 0.382238 0.924064
    outer loop
      vertex 17.7268 64.5678 7.6691
      vertex 26.5 64.1386 7.84688
      vertex 17.9481 64.621 7.6471
    endloop
  endfacet
  facet normal 2.66133e-05 0.383147 0.923687
    outer loop
      vertex 17.5 64.55 7.67649
      vertex 26.5 64.1386 7.84688
      vertex 17.7268 64.5678 7.6691
    endloop
  endfacet
  facet normal -0 0.382515 0.923949
    outer loop
      vertex 4.69907 64.733 7.60068
      vertex 16.8417 64.708 7.61103
      vertex 16.8009 64.733 7.60068
    endloop
  endfacet
  facet normal -0 0.382515 0.923949
    outer loop
      vertex 4.65829 64.708 7.61103
      vertex 16.8417 64.708 7.61103
      vertex 4.69907 64.733 7.60068
    endloop
  endfacet
  facet normal 0 0.382986 0.923754
    outer loop
      vertex 16.8417 64.708 7.61103
      vertex 4.65829 64.708 7.61103
      vertex 17.0519 64.621 7.6471
    endloop
  endfacet
  facet normal -0 0.382986 0.923754
    outer loop
      vertex 4.44807 64.621 7.6471
      vertex 17.0519 64.621 7.6471
      vertex 4.65829 64.708 7.61103
    endloop
  endfacet
  facet normal 0 0.382147 0.924101
    outer loop
      vertex 17.0519 64.621 7.6471
      vertex 4.44807 64.621 7.6471
      vertex 17.2732 64.5678 7.6691
    endloop
  endfacet
  facet normal -0 0.382147 0.924101
    outer loop
      vertex 4.22683 64.5678 7.6691
      vertex 17.2732 64.5678 7.6691
      vertex 4.44807 64.621 7.6471
    endloop
  endfacet
  facet normal 0 0.383436 0.923567
    outer loop
      vertex 17.2732 64.5678 7.6691
      vertex 4.22683 64.5678 7.6691
      vertex 17.5 64.55 7.67649
    endloop
  endfacet
  facet normal -0 0.383436 0.923567
    outer loop
      vertex 4 64.55 7.67649
      vertex 17.5 64.55 7.67649
      vertex 4.22683 64.5678 7.6691
    endloop
  endfacet
  facet normal 0 0.38265 0.923893
    outer loop
      vertex 0 64.1386 7.84688
      vertex 17.5 64.55 7.67649
      vertex 4 64.55 7.67649
    endloop
  endfacet
  facet normal 0 0.382672 0.923884
    outer loop
      vertex 0 64.1386 7.84688
      vertex 3.30093 64.733 7.60068
      vertex 0 64.733 7.60068
    endloop
  endfacet
  facet normal 2.56161e-05 0.382551 0.923935
    outer loop
      vertex 3.30093 64.733 7.60068
      vertex 0 64.1386 7.84688
      vertex 3.34171 64.708 7.61103
    endloop
  endfacet
  facet normal -4.3459e-05 0.382897 0.923791
    outer loop
      vertex 3.34171 64.708 7.61103
      vertex 0 64.1386 7.84688
      vertex 3.55192 64.621 7.6471
    endloop
  endfacet
  facet normal 4.84244e-05 0.382319 0.92403
    outer loop
      vertex 3.55192 64.621 7.6471
      vertex 0 64.1386 7.84688
      vertex 3.77317 64.5678 7.6691
    endloop
  endfacet
  facet normal 0 0.38265 0.923893
    outer loop
      vertex 17.5 64.55 7.67649
      vertex 0 64.1386 7.84688
      vertex 26.5 64.1386 7.84688
    endloop
  endfacet
  facet normal -4.10113e-05 0.38299 0.923752
    outer loop
      vertex 3.77317 64.5678 7.6691
      vertex 0 64.1386 7.84688
      vertex 4 64.55 7.67649
    endloop
  endfacet
  facet normal -1 0 0
    outer loop
      vertex 26.5 70.0495 10.8586
      vertex 26.5 70.0495 12.1414
      vertex 26.5 70.1 11.5
    endloop
  endfacet
  facet normal -1 0 0
    outer loop
      vertex 26.5 69.8993 10.233
      vertex 26.5 70.0495 12.1414
      vertex 26.5 70.0495 10.8586
    endloop
  endfacet
  facet normal -1 0 0
    outer loop
      vertex 26.5 69.8993 10.233
      vertex 26.5 69.8993 12.767
      vertex 26.5 70.0495 12.1414
    endloop
  endfacet
  facet normal -1 0 0
    outer loop
      vertex 26.5 69.6531 9.63864
      vertex 26.5 69.8993 12.767
      vertex 26.5 69.8993 10.233
    endloop
  endfacet
  facet normal -1 0 0
    outer loop
      vertex 26.5 69.6531 9.63864
      vertex 26.5 69.6531 13.3614
      vertex 26.5 69.8993 12.767
    endloop
  endfacet
  facet normal -1 0 0
    outer loop
      vertex 26.5 69.317 9.09009
      vertex 26.5 69.6531 13.3614
      vertex 26.5 69.6531 9.63864
    endloop
  endfacet
  facet normal -1 0 0
    outer loop
      vertex 26.5 69.317 9.09009
      vertex 26.5 69.317 13.9099
      vertex 26.5 69.6531 13.3614
    endloop
  endfacet
  facet normal -1 0 0
    outer loop
      vertex 26.5 68.8991 8.60088
      vertex 26.5 69.317 13.9099
      vertex 26.5 69.317 9.09009
    endloop
  endfacet
  facet normal -1 0 0
    outer loop
      vertex 26.5 68.8991 8.60088
      vertex 26.5 68.8991 14.3991
      vertex 26.5 69.317 13.9099
    endloop
  endfacet
  facet normal -1 0 0
    outer loop
      vertex 26.5 68.4099 8.18304
      vertex 26.5 68.8991 14.3991
      vertex 26.5 68.8991 8.60088
    endloop
  endfacet
  facet normal -1 0 0
    outer loop
      vertex 26.5 67.8614 7.84688
      vertex 26.5 68.8991 14.3991
      vertex 26.5 68.4099 8.18304
    endloop
  endfacet
  facet normal -1 0 0
    outer loop
      vertex 26.5 67.267 7.60068
      vertex 26.5 68.8991 14.3991
      vertex 26.5 67.8614 7.84688
    endloop
  endfacet
  facet normal -1 0 0
    outer loop
      vertex 26.5 63.1009 14.3991
      vertex 26.5 68.8991 14.3991
      vertex 26.5 67.267 7.60068
    endloop
  endfacet
  facet normal -1 0 0
    outer loop
      vertex 26.5 63.1009 14.3991
      vertex 26.5 67.267 7.60068
      vertex 26.5 66.6414 7.45049
    endloop
  endfacet
  facet normal -1 0 0
    outer loop
      vertex 26.5 63.1009 14.3991
      vertex 26.5 66.6414 7.45049
      vertex 26.5 66 7.40001
    endloop
  endfacet
  facet normal -1 0 0
    outer loop
      vertex 26.5 63.1009 14.3991
      vertex 26.5 66 7.40001
      vertex 26.5 65.3586 7.45049
    endloop
  endfacet
  facet normal -1 0 0
    outer loop
      vertex 26.5 68.8991 14.3991
      vertex 26.5 63.1009 14.3991
      vertex 26.5 67.0833 16.215
    endloop
  endfacet
  facet normal -1 0 0
    outer loop
      vertex 26.5 63.1009 14.3991
      vertex 26.5 65.3586 7.45049
      vertex 26.5 64.733 7.60068
    endloop
  endfacet
  facet normal -1 0 0
    outer loop
      vertex 26.5 63.1009 14.3991
      vertex 26.5 64.733 7.60068
      vertex 26.5 64.1386 7.84688
    endloop
  endfacet
  facet normal -1 0 0
    outer loop
      vertex 26.5 63.1009 14.3991
      vertex 26.5 64.1386 7.84688
      vertex 26.5 63.5901 8.18304
    endloop
  endfacet
  facet normal -1 0 0
    outer loop
      vertex 26.5 63.1009 14.3991
      vertex 26.5 63.5901 8.18304
      vertex 26.5 63.1009 8.60088
    endloop
  endfacet
  facet normal -1 -0 0
    outer loop
      vertex 26.5 67.0833 16.215
      vertex 26.5 63.1009 14.3991
      vertex 26.5 64.9167 16.215
    endloop
  endfacet
  facet normal -1 0 0
    outer loop
      vertex 26.5 62.683 9.09009
      vertex 26.5 63.1009 14.3991
      vertex 26.5 63.1009 8.60088
    endloop
  endfacet
  facet normal -1 0 0
    outer loop
      vertex 26.5 62.683 9.09009
      vertex 26.5 62.683 13.9099
      vertex 26.5 63.1009 14.3991
    endloop
  endfacet
  facet normal -1 0 0
    outer loop
      vertex 26.5 62.3469 9.63864
      vertex 26.5 62.683 13.9099
      vertex 26.5 62.683 9.09009
    endloop
  endfacet
  facet normal -1 0 0
    outer loop
      vertex 26.5 62.3469 9.63864
      vertex 26.5 62.3469 13.3614
      vertex 26.5 62.683 13.9099
    endloop
  endfacet
  facet normal -1 0 0
    outer loop
      vertex 26.5 62.1007 10.233
      vertex 26.5 62.3469 13.3614
      vertex 26.5 62.3469 9.63864
    endloop
  endfacet
  facet normal -1 0 0
    outer loop
      vertex 26.5 62.1007 10.233
      vertex 26.5 62.1007 12.767
      vertex 26.5 62.3469 13.3614
    endloop
  endfacet
  facet normal -1 0 0
    outer loop
      vertex 26.5 61.9505 10.8586
      vertex 26.5 62.1007 12.767
      vertex 26.5 62.1007 10.233
    endloop
  endfacet
  facet normal -1 0 0
    outer loop
      vertex 26.5 61.9505 10.8586
      vertex 26.5 61.9505 12.1414
      vertex 26.5 62.1007 12.767
    endloop
  endfacet
  facet normal -1 0 -0
    outer loop
      vertex 26.5 61.9505 12.1414
      vertex 26.5 61.9505 10.8586
      vertex 26.5 61.9 11.5
    endloop
  endfacet
  facet normal 0 0.760348 0.649516
    outer loop
      vertex 26.5 63.1009 8.60088
      vertex 0 62.683 9.09009
      vertex 26.5 62.683 9.09009
    endloop
  endfacet
  facet normal 0 0.760348 0.649516
    outer loop
      vertex 0 62.683 9.09009
      vertex 26.5 63.1009 8.60088
      vertex 0 63.1009 8.60088
    endloop
  endfacet
  facet normal -0 0.233441 0.972371
    outer loop
      vertex 18.799 65.3586 7.45049
      vertex 26.5 64.733 7.60068
      vertex 26.5 65.3586 7.45049
    endloop
  endfacet
  facet normal 1.24681e-05 0.233586 0.972336
    outer loop
      vertex 18.792 65.3417 7.45455
      vertex 26.5 64.733 7.60068
      vertex 18.799 65.3586 7.45049
    endloop
  endfacet
  facet normal -1.27833e-06 0.233421 0.972376
    outer loop
      vertex 18.6731 65.1477 7.50112
      vertex 26.5 64.733 7.60068
      vertex 18.792 65.3417 7.45455
    endloop
  endfacet
  facet normal 1.89478e-06 0.233478 0.972362
    outer loop
      vertex 18.5253 64.9747 7.54266
      vertex 26.5 64.733 7.60068
      vertex 18.6731 65.1477 7.50112
    endloop
  endfacet
  facet normal 1.27475e-07 0.233423 0.972375
    outer loop
      vertex 18.3523 64.8269 7.57814
      vertex 26.5 64.733 7.60068
      vertex 18.5253 64.9747 7.54266
    endloop
  endfacet
  facet normal 0 0.233412 0.972378
    outer loop
      vertex 26.5 64.733 7.60068
      vertex 18.3523 64.8269 7.57814
      vertex 18.1991 64.733 7.60068
    endloop
  endfacet
  facet normal 0 0.233441 0.972371
    outer loop
      vertex 0 64.733 7.60068
      vertex 2.70103 65.3586 7.45049
      vertex 0 65.3586 7.45049
    endloop
  endfacet
  facet normal -3.35236e-05 0.233577 0.972338
    outer loop
      vertex 2.70103 65.3586 7.45049
      vertex 0 64.733 7.60068
      vertex 2.70804 65.3417 7.45455
    endloop
  endfacet
  facet normal 3.35281e-06 0.233422 0.972375
    outer loop
      vertex 2.70804 65.3417 7.45455
      vertex 0 64.733 7.60068
      vertex 2.82693 65.1477 7.50112
    endloop
  endfacet
  facet normal -4.87299e-06 0.233475 0.972363
    outer loop
      vertex 2.82693 65.1477 7.50112
      vertex 0 64.733 7.60068
      vertex 2.97469 64.9747 7.54266
    endloop
  endfacet
  facet normal -3.2313e-07 0.233422 0.972375
    outer loop
      vertex 2.97469 64.9747 7.54266
      vertex 0 64.733 7.60068
      vertex 3.14771 64.8269 7.57814
    endloop
  endfacet
  facet normal 0 0.233412 0.972378
    outer loop
      vertex 3.14771 64.8269 7.57814
      vertex 0 64.733 7.60068
      vertex 3.30093 64.733 7.60068
    endloop
  endfacet
  facet normal -0 0.233591 0.972335
    outer loop
      vertex 5.29896 65.3586 7.45049
      vertex 16.208 65.3417 7.45455
      vertex 16.201 65.3586 7.45049
    endloop
  endfacet
  facet normal -0 0.233591 0.972335
    outer loop
      vertex 5.29196 65.3417 7.45455
      vertex 16.208 65.3417 7.45455
      vertex 5.29896 65.3586 7.45049
    endloop
  endfacet
  facet normal 0 0.23342 0.972376
    outer loop
      vertex 16.208 65.3417 7.45455
      vertex 5.29196 65.3417 7.45455
      vertex 16.3269 65.1477 7.50112
    endloop
  endfacet
  facet normal -0 0.23342 0.972376
    outer loop
      vertex 5.17307 65.1477 7.50112
      vertex 16.3269 65.1477 7.50112
      vertex 5.29196 65.3417 7.45455
    endloop
  endfacet
  facet normal 0 0.233479 0.972362
    outer loop
      vertex 16.3269 65.1477 7.50112
      vertex 5.17307 65.1477 7.50112
      vertex 16.4747 64.9747 7.54266
    endloop
  endfacet
  facet normal -0 0.233479 0.972362
    outer loop
      vertex 5.0253 64.9747 7.54266
      vertex 16.4747 64.9747 7.54266
      vertex 5.17307 65.1477 7.50112
    endloop
  endfacet
  facet normal 0 0.233423 0.972375
    outer loop
      vertex 16.4747 64.9747 7.54266
      vertex 5.0253 64.9747 7.54266
      vertex 16.6477 64.8269 7.57814
    endloop
  endfacet
  facet normal -0 0.233423 0.972375
    outer loop
      vertex 4.85229 64.8269 7.57814
      vertex 16.6477 64.8269 7.57814
      vertex 5.0253 64.9747 7.54266
    endloop
  endfacet
  facet normal 0 0.233412 0.972378
    outer loop
      vertex 16.6477 64.8269 7.57814
      vertex 4.85229 64.8269 7.57814
      vertex 16.8009 64.733 7.60068
    endloop
  endfacet
  facet normal 0 0.233412 0.972378
    outer loop
      vertex 16.8009 64.733 7.60068
      vertex 4.85229 64.8269 7.57814
      vertex 4.69907 64.733 7.60068
    endloop
  endfacet
  facet normal 0 -0.382672 0.923884
    outer loop
      vertex 26.5 67.8614 7.84688
      vertex 18.1991 67.267 7.60068
      vertex 26.5 67.267 7.60068
    endloop
  endfacet
  facet normal -1.17997e-05 -0.382531 0.923942
    outer loop
      vertex 26.5 67.8614 7.84688
      vertex 18.1583 67.292 7.61103
      vertex 18.1991 67.267 7.60068
    endloop
  endfacet
  facet normal 2.10975e-05 -0.382943 0.923772
    outer loop
      vertex 26.5 67.8614 7.84688
      vertex 17.9481 67.379 7.6471
      vertex 18.1583 67.292 7.61103
    endloop
  endfacet
  facet normal 7.38281e-06 -0.382735 0.923858
    outer loop
      vertex 26.5 67.8614 7.84688
      vertex 17.7268 67.4321 7.6691
      vertex 17.9481 67.379 7.6471
    endloop
  endfacet
  facet normal -3.53639e-05 -0.38199 0.924167
    outer loop
      vertex 26.5 67.8614 7.84688
      vertex 17.5 67.45 7.67649
      vertex 17.7268 67.4321 7.6691
    endloop
  endfacet
  facet normal 0 -0.382515 0.923949
    outer loop
      vertex 16.8417 67.292 7.61103
      vertex 4.69907 67.267 7.60068
      vertex 16.8009 67.267 7.60068
    endloop
  endfacet
  facet normal 0 -0.382986 0.923754
    outer loop
      vertex 4.65829 67.292 7.61103
      vertex 16.8417 67.292 7.61103
      vertex 17.0519 67.379 7.6471
    endloop
  endfacet
  facet normal 0 -0.382762 0.923847
    outer loop
      vertex 4.44807 67.379 7.6471
      vertex 17.0519 67.379 7.6471
      vertex 17.2732 67.4321 7.6691
    endloop
  endfacet
  facet normal 0 -0.381607 0.924325
    outer loop
      vertex 4.22683 67.4321 7.6691
      vertex 17.2732 67.4321 7.6691
      vertex 17.5 67.45 7.67649
    endloop
  endfacet
  facet normal 0 -0.38265 0.923893
    outer loop
      vertex 0 67.8614 7.84688
      vertex 17.5 67.45 7.67649
      vertex 26.5 67.8614 7.84688
    endloop
  endfacet
  facet normal 0 -0.382515 0.923949
    outer loop
      vertex 16.8417 67.292 7.61103
      vertex 4.65829 67.292 7.61103
      vertex 4.69907 67.267 7.60068
    endloop
  endfacet
  facet normal 0 -0.382986 0.923754
    outer loop
      vertex 17.0519 67.379 7.6471
      vertex 4.44807 67.379 7.6471
      vertex 4.65829 67.292 7.61103
    endloop
  endfacet
  facet normal 0 -0.382762 0.923847
    outer loop
      vertex 17.2732 67.4321 7.6691
      vertex 4.22683 67.4321 7.6691
      vertex 4.44807 67.379 7.6471
    endloop
  endfacet
  facet normal 0 -0.381607 0.924325
    outer loop
      vertex 17.5 67.45 7.67649
      vertex 4 67.45 7.67649
      vertex 4.22683 67.4321 7.6691
    endloop
  endfacet
  facet normal 0 -0.38265 0.923893
    outer loop
      vertex 17.5 67.45 7.67649
      vertex 0 67.8614 7.84688
      vertex 4 67.45 7.67649
    endloop
  endfacet
  facet normal 5.45479e-05 -0.382197 0.924081
    outer loop
      vertex 0 67.8614 7.84688
      vertex 3.77317 67.4321 7.6691
      vertex 4 67.45 7.67649
    endloop
  endfacet
  facet normal -1.40205e-05 -0.382712 0.923868
    outer loop
      vertex 0 67.8614 7.84688
      vertex 3.55192 67.379 7.6471
      vertex 3.77317 67.4321 7.6691
    endloop
  endfacet
  facet normal -4.3459e-05 -0.382897 0.923791
    outer loop
      vertex 0 67.8614 7.84688
      vertex 3.34171 67.292 7.61103
      vertex 3.55192 67.379 7.6471
    endloop
  endfacet
  facet normal 2.56161e-05 -0.382551 0.923935
    outer loop
      vertex 0 67.8614 7.84688
      vertex 3.30093 67.267 7.60068
      vertex 3.34171 67.292 7.61103
    endloop
  endfacet
  facet normal 0 -0.382672 0.923884
    outer loop
      vertex 3.30093 67.267 7.60068
      vertex 0 67.8614 7.84688
      vertex 0 67.267 7.60068
    endloop
  endfacet
  facet normal 0 -0.923884 -0.382672
    outer loop
      vertex 0 69.8993 12.767
      vertex 26.5 69.6531 13.3614
      vertex 0 69.6531 13.3614
    endloop
  endfacet
  facet normal 0 -0.923884 -0.382672
    outer loop
      vertex 26.5 69.6531 13.3614
      vertex 0 69.8993 12.767
      vertex 26.5 69.8993 12.767
    endloop
  endfacet
  facet normal 0 -0.707126 -0.707087
    outer loop
      vertex 0 68.8991 14.3991
      vertex 26.5 67.0833 16.215
      vertex 0 67.0833 16.215
    endloop
  endfacet
  facet normal 0 -0.707126 -0.707087
    outer loop
      vertex 26.5 67.0833 16.215
      vertex 0 68.8991 14.3991
      vertex 26.5 68.8991 14.3991
    endloop
  endfacet
  facet normal 0 -0.852655 -0.522475
    outer loop
      vertex 0 69.6531 13.3614
      vertex 26.5 69.317 13.9099
      vertex 0 69.317 13.9099
    endloop
  endfacet
  facet normal 0 -0.852655 -0.522475
    outer loop
      vertex 26.5 69.317 13.9099
      vertex 0 69.6531 13.3614
      vertex 26.5 69.6531 13.3614
    endloop
  endfacet
  facet normal -0 0.0784602 0.996917
    outer loop
      vertex 18.95 66 7.40001
      vertex 26.5 65.3586 7.45049
      vertex 26.5 66 7.40001
    endloop
  endfacet
  facet normal 7.28681e-08 0.0784611 0.996917
    outer loop
      vertex 18.9321 65.7732 7.41786
      vertex 26.5 65.3586 7.45049
      vertex 18.95 66 7.40001
    endloop
  endfacet
  facet normal -1.66448e-06 0.0784296 0.99692
    outer loop
      vertex 18.879 65.5519 7.43527
      vertex 26.5 65.3586 7.45049
      vertex 18.9321 65.7732 7.41786
    endloop
  endfacet
  facet normal 0 0.0784948 0.996915
    outer loop
      vertex 26.5 65.3586 7.45049
      vertex 18.879 65.5519 7.43527
      vertex 18.799 65.3586 7.45049
    endloop
  endfacet
  facet normal -0 0.0784611 0.996917
    outer loop
      vertex 0 66 7.40001
      vertex 2.56785 65.7732 7.41786
      vertex 2.55 66 7.40001
    endloop
  endfacet
  facet normal -7.6266e-08 0.0784602 0.996917
    outer loop
      vertex 0 65.3586 7.45049
      vertex 2.56785 65.7732 7.41786
      vertex 0 66 7.40001
    endloop
  endfacet
  facet normal 4.78456e-06 0.0784303 0.99692
    outer loop
      vertex 2.56785 65.7732 7.41786
      vertex 0 65.3586 7.45049
      vertex 2.62097 65.5519 7.43527
    endloop
  endfacet
  facet normal 0 0.0784948 0.996915
    outer loop
      vertex 2.62097 65.5519 7.43527
      vertex 0 65.3586 7.45049
      vertex 2.70103 65.3586 7.45049
    endloop
  endfacet
  facet normal -0 0.0784611 0.996917
    outer loop
      vertex 5.45 66 7.40001
      vertex 16.0679 65.7732 7.41786
      vertex 16.05 66 7.40001
    endloop
  endfacet
  facet normal -0 0.0784611 0.996917
    outer loop
      vertex 5.43215 65.7732 7.41786
      vertex 16.0679 65.7732 7.41786
      vertex 5.45 66 7.40001
    endloop
  endfacet
  facet normal 0 0.0784292 0.99692
    outer loop
      vertex 16.0679 65.7732 7.41786
      vertex 5.43215 65.7732 7.41786
      vertex 16.121 65.5519 7.43527
    endloop
  endfacet
  facet normal -0 0.0784292 0.99692
    outer loop
      vertex 5.37903 65.5519 7.43527
      vertex 16.121 65.5519 7.43527
      vertex 5.43215 65.7732 7.41786
    endloop
  endfacet
  facet normal 0 0.0784948 0.996915
    outer loop
      vertex 16.121 65.5519 7.43527
      vertex 5.37903 65.5519 7.43527
      vertex 16.201 65.3586 7.45049
    endloop
  endfacet
  facet normal 0 0.0784948 0.996915
    outer loop
      vertex 16.201 65.3586 7.45049
      vertex 5.37903 65.5519 7.43527
      vertex 5.29896 65.3586 7.45049
    endloop
  endfacet
  facet normal 0 -0.972368 -0.233455
    outer loop
      vertex 0 70.0495 12.1414
      vertex 26.5 69.8993 12.767
      vertex 0 69.8993 12.767
    endloop
  endfacet
  facet normal 0 -0.972368 -0.233455
    outer loop
      vertex 26.5 69.8993 12.767
      vertex 0 70.0495 12.1414
      vertex 26.5 70.0495 12.1414
    endloop
  endfacet
  facet normal 0 -0.923875 0.382694
    outer loop
      vertex 0 69.6531 9.63864
      vertex 26.5 69.8993 10.233
      vertex 0 69.8993 10.233
    endloop
  endfacet
  facet normal 0 -0.923875 0.382694
    outer loop
      vertex 26.5 69.8993 10.233
      vertex 0 69.6531 9.63864
      vertex 26.5 69.6531 9.63864
    endloop
  endfacet
  facet normal 0 -0.760348 0.649516
    outer loop
      vertex 0 68.8991 8.60088
      vertex 26.5 69.317 9.09009
      vertex 0 69.317 9.09009
    endloop
  endfacet
  facet normal 0 -0.760348 0.649516
    outer loop
      vertex 26.5 69.317 9.09009
      vertex 0 68.8991 8.60088
      vertex 26.5 68.8991 8.60088
    endloop
  endfacet
  facet normal 0 0.996915 -0.0784911
    outer loop
      vertex 26.5 61.9 11.5
      vertex 0 61.9505 12.1414
      vertex 26.5 61.9505 12.1414
    endloop
  endfacet
  facet normal 0 0.996915 -0.0784911
    outer loop
      vertex 0 61.9505 12.1414
      vertex 26.5 61.9 11.5
      vertex 0 61.9 11.5
    endloop
  endfacet
  facet normal 0 -0.233441 0.972371
    outer loop
      vertex 26.5 67.267 7.60068
      vertex 18.799 66.6414 7.45049
      vertex 26.5 66.6414 7.45049
    endloop
  endfacet
  facet normal 1.24681e-05 -0.233586 0.972336
    outer loop
      vertex 26.5 67.267 7.60068
      vertex 18.792 66.6583 7.45455
      vertex 18.799 66.6414 7.45049
    endloop
  endfacet
  facet normal -1.27833e-06 -0.233421 0.972376
    outer loop
      vertex 26.5 67.267 7.60068
      vertex 18.6731 66.8523 7.50112
      vertex 18.792 66.6583 7.45455
    endloop
  endfacet
  facet normal 1.89478e-06 -0.233478 0.972362
    outer loop
      vertex 26.5 67.267 7.60068
      vertex 18.5253 67.0253 7.54266
      vertex 18.6731 66.8523 7.50112
    endloop
  endfacet
  facet normal 1.27475e-07 -0.233423 0.972375
    outer loop
      vertex 26.5 67.267 7.60068
      vertex 18.3523 67.1731 7.57814
      vertex 18.5253 67.0253 7.54266
    endloop
  endfacet
  facet normal 0 -0.233412 0.972378
    outer loop
      vertex 18.3523 67.1731 7.57814
      vertex 26.5 67.267 7.60068
      vertex 18.1991 67.267 7.60068
    endloop
  endfacet
  facet normal 0 -0.233412 0.972378
    outer loop
      vertex 0 67.267 7.60068
      vertex 3.14771 67.1731 7.57814
      vertex 3.30093 67.267 7.60068
    endloop
  endfacet
  facet normal -3.2313e-07 -0.233422 0.972375
    outer loop
      vertex 0 67.267 7.60068
      vertex 2.97469 67.0253 7.54266
      vertex 3.14771 67.1731 7.57814
    endloop
  endfacet
  facet normal -4.87299e-06 -0.233475 0.972363
    outer loop
      vertex 0 67.267 7.60068
      vertex 2.82693 66.8523 7.50112
      vertex 2.97469 67.0253 7.54266
    endloop
  endfacet
  facet normal 3.35281e-06 -0.233422 0.972375
    outer loop
      vertex 0 67.267 7.60068
      vertex 2.70804 66.6583 7.45455
      vertex 2.82693 66.8523 7.50112
    endloop
  endfacet
  facet normal -3.35236e-05 -0.233577 0.972338
    outer loop
      vertex 0 67.267 7.60068
      vertex 2.70103 66.6414 7.45049
      vertex 2.70804 66.6583 7.45455
    endloop
  endfacet
  facet normal 0 -0.233441 0.972371
    outer loop
      vertex 2.70103 66.6414 7.45049
      vertex 0 67.267 7.60068
      vertex 0 66.6414 7.45049
    endloop
  endfacet
  facet normal 0 -0.233591 0.972335
    outer loop
      vertex 16.208 66.6583 7.45455
      vertex 5.29896 66.6414 7.45049
      vertex 16.201 66.6414 7.45049
    endloop
  endfacet
  facet normal 0 -0.23342 0.972376
    outer loop
      vertex 5.29196 66.6583 7.45455
      vertex 16.208 66.6583 7.45455
      vertex 16.3269 66.8523 7.50112
    endloop
  endfacet
  facet normal 0 -0.233479 0.972362
    outer loop
      vertex 5.17307 66.8523 7.50112
      vertex 16.3269 66.8523 7.50112
      vertex 16.4747 67.0253 7.54266
    endloop
  endfacet
  facet normal 0 -0.233423 0.972375
    outer loop
      vertex 5.0253 67.0253 7.54266
      vertex 16.4747 67.0253 7.54266
      vertex 16.6477 67.1731 7.57814
    endloop
  endfacet
  facet normal 0 -0.233412 0.972378
    outer loop
      vertex 4.85229 67.1731 7.57814
      vertex 16.6477 67.1731 7.57814
      vertex 16.8009 67.267 7.60068
    endloop
  endfacet
  facet normal 0 -0.233591 0.972335
    outer loop
      vertex 16.208 66.6583 7.45455
      vertex 5.29196 66.6583 7.45455
      vertex 5.29896 66.6414 7.45049
    endloop
  endfacet
  facet normal 0 -0.23342 0.972376
    outer loop
      vertex 16.3269 66.8523 7.50112
      vertex 5.17307 66.8523 7.50112
      vertex 5.29196 66.6583 7.45455
    endloop
  endfacet
  facet normal 0 -0.233479 0.972362
    outer loop
      vertex 16.4747 67.0253 7.54266
      vertex 5.0253 67.0253 7.54266
      vertex 5.17307 66.8523 7.50112
    endloop
  endfacet
  facet normal 0 -0.233423 0.972375
    outer loop
      vertex 16.6477 67.1731 7.57814
      vertex 4.85229 67.1731 7.57814
      vertex 5.0253 67.0253 7.54266
    endloop
  endfacet
  facet normal 0 -0.233412 0.972378
    outer loop
      vertex 4.85229 67.1731 7.57814
      vertex 16.8009 67.267 7.60068
      vertex 4.69907 67.267 7.60068
    endloop
  endfacet
  facet normal -0 0.522542 0.852613
    outer loop
      vertex 0 64.1386 7.84688
      vertex 26.5 63.5901 8.18304
      vertex 26.5 64.1386 7.84688
    endloop
  endfacet
  facet normal 0 0.522542 0.852613
    outer loop
      vertex 26.5 63.5901 8.18304
      vertex 0 64.1386 7.84688
      vertex 0 63.5901 8.18304
    endloop
  endfacet
  facet normal 0 0.972368 -0.233455
    outer loop
      vertex 26.5 61.9505 12.1414
      vertex 0 62.1007 12.767
      vertex 26.5 62.1007 12.767
    endloop
  endfacet
  facet normal 0 0.972368 -0.233455
    outer loop
      vertex 0 62.1007 12.767
      vertex 26.5 61.9505 12.1414
      vertex 0 61.9505 12.1414
    endloop
  endfacet
  facet normal 0 -0.996915 0.0784911
    outer loop
      vertex 0 70.0495 10.8586
      vertex 26.5 70.1 11.5
      vertex 0 70.1 11.5
    endloop
  endfacet
  facet normal 0 -0.996915 0.0784911
    outer loop
      vertex 26.5 70.1 11.5
      vertex 0 70.0495 10.8586
      vertex 26.5 70.0495 10.8586
    endloop
  endfacet
  facet normal 0 0.852655 -0.522475
    outer loop
      vertex 26.5 12.3469 13.3614
      vertex 0 12.683 13.9099
      vertex 26.5 12.683 13.9099
    endloop
  endfacet
  facet normal 0 0.852655 -0.522475
    outer loop
      vertex 0 12.683 13.9099
      vertex 26.5 12.3469 13.3614
      vertex 0 12.3469 13.3614
    endloop
  endfacet
  facet normal 0 0.760342 -0.649523
    outer loop
      vertex 26.5 12.683 13.9099
      vertex 0 13.1009 14.3991
      vertex 26.5 13.1009 14.3991
    endloop
  endfacet
  facet normal 0 0.760342 -0.649523
    outer loop
      vertex 0 13.1009 14.3991
      vertex 26.5 12.683 13.9099
      vertex 0 12.683 13.9099
    endloop
  endfacet
  facet normal 0 0.852676 0.52244
    outer loop
      vertex 26.5 12.683 9.09009
      vertex 0 12.3469 9.63864
      vertex 26.5 12.3469 9.63864
    endloop
  endfacet
  facet normal 0 0.852676 0.52244
    outer loop
      vertex 0 12.3469 9.63864
      vertex 26.5 12.683 9.09009
      vertex 0 12.683 9.09009
    endloop
  endfacet
  facet normal 0 -0.852676 0.52244
    outer loop
      vertex 0 19.317 9.09009
      vertex 26.5 19.6531 9.63864
      vertex 0 19.6531 9.63864
    endloop
  endfacet
  facet normal 0 -0.852676 0.52244
    outer loop
      vertex 26.5 19.6531 9.63864
      vertex 0 19.317 9.09009
      vertex 26.5 19.317 9.09009
    endloop
  endfacet
  facet normal 0 -0.649469 0.760388
    outer loop
      vertex 0 18.8991 8.60088
      vertex 26.5 18.4099 8.18304
      vertex 26.5 18.8991 8.60088
    endloop
  endfacet
  facet normal 0 -0.649469 0.760388
    outer loop
      vertex 26.5 18.4099 8.18304
      vertex 0 18.8991 8.60088
      vertex 0 18.4099 8.18304
    endloop
  endfacet
  facet normal 0 -0.522542 0.852613
    outer loop
      vertex 0 18.4099 8.18304
      vertex 26.5 17.8614 7.84688
      vertex 26.5 18.4099 8.18304
    endloop
  endfacet
  facet normal 0 -0.522542 0.852613
    outer loop
      vertex 26.5 17.8614 7.84688
      vertex 0 18.4099 8.18304
      vertex 0 17.8614 7.84688
    endloop
  endfacet
  facet normal 0 0 -1
    outer loop
      vertex 0 14.9167 16.215
      vertex 26.5 17.0833 16.215
      vertex 26.5 14.9167 16.215
    endloop
  endfacet
  facet normal -0 0 -1
    outer loop
      vertex 26.5 17.0833 16.215
      vertex 0 14.9167 16.215
      vertex 0 17.0833 16.215
    endloop
  endfacet
  facet normal 0 -0.972368 0.233455
    outer loop
      vertex 0 19.8993 10.233
      vertex 26.5 20.0495 10.8586
      vertex 0 20.0495 10.8586
    endloop
  endfacet
  facet normal 0 -0.972368 0.233455
    outer loop
      vertex 26.5 20.0495 10.8586
      vertex 0 19.8993 10.233
      vertex 26.5 19.8993 10.233
    endloop
  endfacet
  facet normal 0 -0.996915 -0.0784911
    outer loop
      vertex 0 20.1 11.5
      vertex 26.5 20.0495 12.1414
      vertex 0 20.0495 12.1414
    endloop
  endfacet
  facet normal 0 -0.996915 -0.0784911
    outer loop
      vertex 26.5 20.0495 12.1414
      vertex 0 20.1 11.5
      vertex 26.5 20.1 11.5
    endloop
  endfacet
  facet normal 0 0.972368 0.233455
    outer loop
      vertex 26.5 12.1007 10.233
      vertex 0 11.9505 10.8586
      vertex 26.5 11.9505 10.8586
    endloop
  endfacet
  facet normal 0 0.972368 0.233455
    outer loop
      vertex 0 11.9505 10.8586
      vertex 26.5 12.1007 10.233
      vertex 0 12.1007 10.233
    endloop
  endfacet
  facet normal 0 0.996915 0.0784911
    outer loop
      vertex 26.5 11.9505 10.8586
      vertex 0 11.9 11.5
      vertex 26.5 11.9 11.5
    endloop
  endfacet
  facet normal 0 0.996915 0.0784911
    outer loop
      vertex 0 11.9 11.5
      vertex 26.5 11.9505 10.8586
      vertex 0 11.9505 10.8586
    endloop
  endfacet
  facet normal 0 0.707126 -0.707087
    outer loop
      vertex 26.5 13.1009 14.3991
      vertex 0 14.9167 16.215
      vertex 26.5 14.9167 16.215
    endloop
  endfacet
  facet normal 0 0.707126 -0.707087
    outer loop
      vertex 0 14.9167 16.215
      vertex 26.5 13.1009 14.3991
      vertex 0 13.1009 14.3991
    endloop
  endfacet
  facet normal 0 0.923875 0.382694
    outer loop
      vertex 26.5 12.3469 9.63864
      vertex 0 12.1007 10.233
      vertex 26.5 12.1007 10.233
    endloop
  endfacet
  facet normal 0 0.923875 0.382694
    outer loop
      vertex 0 12.1007 10.233
      vertex 26.5 12.3469 9.63864
      vertex 0 12.3469 9.63864
    endloop
  endfacet
  facet normal 0 0.923884 -0.382672
    outer loop
      vertex 26.5 12.1007 12.767
      vertex 0 12.3469 13.3614
      vertex 26.5 12.3469 13.3614
    endloop
  endfacet
  facet normal 0 0.923884 -0.382672
    outer loop
      vertex 0 12.3469 13.3614
      vertex 26.5 12.1007 12.767
      vertex 0 12.1007 12.767
    endloop
  endfacet
  facet normal 0 -0.0784602 0.996917
    outer loop
      vertex 26.5 16.6414 7.45049
      vertex 18.95 16 7.40001
      vertex 26.5 16 7.40001
    endloop
  endfacet
  facet normal 7.28681e-08 -0.0784611 0.996917
    outer loop
      vertex 26.5 16.6414 7.45049
      vertex 18.9321 16.2268 7.41786
      vertex 18.95 16 7.40001
    endloop
  endfacet
  facet normal -1.66448e-06 -0.0784296 0.99692
    outer loop
      vertex 26.5 16.6414 7.45049
      vertex 18.879 16.4481 7.43527
      vertex 18.9321 16.2268 7.41786
    endloop
  endfacet
  facet normal 0 -0.0784948 0.996915
    outer loop
      vertex 18.879 16.4481 7.43527
      vertex 26.5 16.6414 7.45049
      vertex 18.799 16.6414 7.45049
    endloop
  endfacet
  facet normal 0 -0.0784948 0.996915
    outer loop
      vertex 0 16.6414 7.45049
      vertex 2.62097 16.4481 7.43527
      vertex 2.70103 16.6414 7.45049
    endloop
  endfacet
  facet normal 4.78456e-06 -0.0784303 0.99692
    outer loop
      vertex 0 16.6414 7.45049
      vertex 2.56785 16.2268 7.41786
      vertex 2.62097 16.4481 7.43527
    endloop
  endfacet
  facet normal -7.6266e-08 -0.0784602 0.996917
    outer loop
      vertex 0 16 7.40001
      vertex 2.56785 16.2268 7.41786
      vertex 0 16.6414 7.45049
    endloop
  endfacet
  facet normal 0 -0.0784611 0.996917
    outer loop
      vertex 2.56785 16.2268 7.41786
      vertex 0 16 7.40001
      vertex 2.55 16 7.40001
    endloop
  endfacet
  facet normal 0 -0.0784611 0.996917
    outer loop
      vertex 16.0679 16.2268 7.41786
      vertex 5.45 16 7.40001
      vertex 16.05 16 7.40001
    endloop
  endfacet
  facet normal 0 -0.0784292 0.99692
    outer loop
      vertex 5.43215 16.2268 7.41786
      vertex 16.0679 16.2268 7.41786
      vertex 16.121 16.4481 7.43527
    endloop
  endfacet
  facet normal 0 -0.0784948 0.996915
    outer loop
      vertex 5.37903 16.4481 7.43527
      vertex 16.121 16.4481 7.43527
      vertex 16.201 16.6414 7.45049
    endloop
  endfacet
  facet normal 0 -0.0784611 0.996917
    outer loop
      vertex 16.0679 16.2268 7.41786
      vertex 5.43215 16.2268 7.41786
      vertex 5.45 16 7.40001
    endloop
  endfacet
  facet normal 0 -0.0784292 0.99692
    outer loop
      vertex 16.121 16.4481 7.43527
      vertex 5.37903 16.4481 7.43527
      vertex 5.43215 16.2268 7.41786
    endloop
  endfacet
  facet normal 0 -0.0784948 0.996915
    outer loop
      vertex 5.37903 16.4481 7.43527
      vertex 16.201 16.6414 7.45049
      vertex 5.29896 16.6414 7.45049
    endloop
  endfacet
  facet normal 0 -0.760342 -0.649523
    outer loop
      vertex 0 19.317 13.9099
      vertex 26.5 18.8991 14.3991
      vertex 0 18.8991 14.3991
    endloop
  endfacet
  facet normal 0 -0.760342 -0.649523
    outer loop
      vertex 26.5 18.8991 14.3991
      vertex 0 19.317 13.9099
      vertex 26.5 19.317 13.9099
    endloop
  endfacet
  facet normal -0 0.649469 0.760388
    outer loop
      vertex 0 13.5901 8.18304
      vertex 26.5 13.1009 8.60088
      vertex 26.5 13.5901 8.18304
    endloop
  endfacet
  facet normal 0 0.649469 0.760388
    outer loop
      vertex 26.5 13.1009 8.60088
      vertex 0 13.5901 8.18304
      vertex 0 13.1009 8.60088
    endloop
  endfacet
  facet normal -0 0.382672 0.923884
    outer loop
      vertex 18.1991 14.733 7.60068
      vertex 26.5 14.1386 7.84688
      vertex 26.5 14.733 7.60068
    endloop
  endfacet
  facet normal -1.17997e-05 0.382531 0.923942
    outer loop
      vertex 18.1583 14.708 7.61103
      vertex 26.5 14.1386 7.84688
      vertex 18.1991 14.733 7.60068
    endloop
  endfacet
  facet normal 2.10975e-05 0.382943 0.923772
    outer loop
      vertex 17.9481 14.621 7.6471
      vertex 26.5 14.1386 7.84688
      vertex 18.1583 14.708 7.61103
    endloop
  endfacet
  facet normal 7.38281e-06 0.382735 0.923858
    outer loop
      vertex 17.7268 14.5679 7.6691
      vertex 26.5 14.1386 7.84688
      vertex 17.9481 14.621 7.6471
    endloop
  endfacet
  facet normal -3.53639e-05 0.38199 0.924167
    outer loop
      vertex 17.5 14.55 7.67649
      vertex 26.5 14.1386 7.84688
      vertex 17.7268 14.5679 7.6691
    endloop
  endfacet
  facet normal -0 0.382515 0.923949
    outer loop
      vertex 4.69907 14.733 7.60068
      vertex 16.8417 14.708 7.61103
      vertex 16.8009 14.733 7.60068
    endloop
  endfacet
  facet normal -0 0.382515 0.923949
    outer loop
      vertex 4.65829 14.708 7.61103
      vertex 16.8417 14.708 7.61103
      vertex 4.69907 14.733 7.60068
    endloop
  endfacet
  facet normal 0 0.382986 0.923754
    outer loop
      vertex 16.8417 14.708 7.61103
      vertex 4.65829 14.708 7.61103
      vertex 17.0519 14.621 7.6471
    endloop
  endfacet
  facet normal -0 0.382986 0.923754
    outer loop
      vertex 4.44807 14.621 7.6471
      vertex 17.0519 14.621 7.6471
      vertex 4.65829 14.708 7.61103
    endloop
  endfacet
  facet normal 0 0.382762 0.923847
    outer loop
      vertex 17.0519 14.621 7.6471
      vertex 4.44807 14.621 7.6471
      vertex 17.2732 14.5679 7.6691
    endloop
  endfacet
  facet normal -0 0.382762 0.923847
    outer loop
      vertex 4.22683 14.5679 7.6691
      vertex 17.2732 14.5679 7.6691
      vertex 4.44807 14.621 7.6471
    endloop
  endfacet
  facet normal 0 0.381607 0.924325
    outer loop
      vertex 17.2732 14.5679 7.6691
      vertex 4.22683 14.5679 7.6691
      vertex 17.5 14.55 7.67649
    endloop
  endfacet
  facet normal -0 0.381607 0.924325
    outer loop
      vertex 4 14.55 7.67649
      vertex 17.5 14.55 7.67649
      vertex 4.22683 14.5679 7.6691
    endloop
  endfacet
  facet normal 0 0.38265 0.923893
    outer loop
      vertex 0 14.1386 7.84688
      vertex 17.5 14.55 7.67649
      vertex 4 14.55 7.67649
    endloop
  endfacet
  facet normal 0 0.382672 0.923884
    outer loop
      vertex 0 14.1386 7.84688
      vertex 3.30093 14.733 7.60068
      vertex 0 14.733 7.60068
    endloop
  endfacet
  facet normal 2.56161e-05 0.382551 0.923935
    outer loop
      vertex 3.30093 14.733 7.60068
      vertex 0 14.1386 7.84688
      vertex 3.34171 14.708 7.61103
    endloop
  endfacet
  facet normal -4.3459e-05 0.382897 0.923791
    outer loop
      vertex 3.34171 14.708 7.61103
      vertex 0 14.1386 7.84688
      vertex 3.55192 14.621 7.6471
    endloop
  endfacet
  facet normal -1.40205e-05 0.382712 0.923868
    outer loop
      vertex 3.55192 14.621 7.6471
      vertex 0 14.1386 7.84688
      vertex 3.77317 14.5679 7.6691
    endloop
  endfacet
  facet normal 0 0.38265 0.923893
    outer loop
      vertex 17.5 14.55 7.67649
      vertex 0 14.1386 7.84688
      vertex 26.5 14.1386 7.84688
    endloop
  endfacet
  facet normal 5.45479e-05 0.382197 0.924081
    outer loop
      vertex 3.77317 14.5679 7.6691
      vertex 0 14.1386 7.84688
      vertex 4 14.55 7.67649
    endloop
  endfacet
  facet normal -1 0 0
    outer loop
      vertex 26.5 20.0495 10.8586
      vertex 26.5 20.0495 12.1414
      vertex 26.5 20.1 11.5
    endloop
  endfacet
  facet normal -1 0 0
    outer loop
      vertex 26.5 19.8993 10.233
      vertex 26.5 20.0495 12.1414
      vertex 26.5 20.0495 10.8586
    endloop
  endfacet
  facet normal -1 0 0
    outer loop
      vertex 26.5 19.8993 10.233
      vertex 26.5 19.8993 12.767
      vertex 26.5 20.0495 12.1414
    endloop
  endfacet
  facet normal -1 0 0
    outer loop
      vertex 26.5 19.6531 9.63864
      vertex 26.5 19.8993 12.767
      vertex 26.5 19.8993 10.233
    endloop
  endfacet
  facet normal -1 0 0
    outer loop
      vertex 26.5 19.6531 9.63864
      vertex 26.5 19.6531 13.3614
      vertex 26.5 19.8993 12.767
    endloop
  endfacet
  facet normal -1 0 0
    outer loop
      vertex 26.5 19.317 9.09009
      vertex 26.5 19.6531 13.3614
      vertex 26.5 19.6531 9.63864
    endloop
  endfacet
  facet normal -1 0 0
    outer loop
      vertex 26.5 19.317 9.09009
      vertex 26.5 19.317 13.9099
      vertex 26.5 19.6531 13.3614
    endloop
  endfacet
  facet normal -1 0 0
    outer loop
      vertex 26.5 18.8991 8.60088
      vertex 26.5 19.317 13.9099
      vertex 26.5 19.317 9.09009
    endloop
  endfacet
  facet normal -1 0 0
    outer loop
      vertex 26.5 18.8991 8.60088
      vertex 26.5 18.8991 14.3991
      vertex 26.5 19.317 13.9099
    endloop
  endfacet
  facet normal -1 0 0
    outer loop
      vertex 26.5 18.4099 8.18304
      vertex 26.5 18.8991 14.3991
      vertex 26.5 18.8991 8.60088
    endloop
  endfacet
  facet normal -1 0 0
    outer loop
      vertex 26.5 17.8614 7.84688
      vertex 26.5 18.8991 14.3991
      vertex 26.5 18.4099 8.18304
    endloop
  endfacet
  facet normal -1 0 0
    outer loop
      vertex 26.5 17.267 7.60068
      vertex 26.5 18.8991 14.3991
      vertex 26.5 17.8614 7.84688
    endloop
  endfacet
  facet normal -1 0 0
    outer loop
      vertex 26.5 13.1009 14.3991
      vertex 26.5 18.8991 14.3991
      vertex 26.5 17.267 7.60068
    endloop
  endfacet
  facet normal -1 0 0
    outer loop
      vertex 26.5 13.1009 14.3991
      vertex 26.5 17.267 7.60068
      vertex 26.5 16.6414 7.45049
    endloop
  endfacet
  facet normal -1 0 0
    outer loop
      vertex 26.5 13.1009 14.3991
      vertex 26.5 16.6414 7.45049
      vertex 26.5 16 7.40001
    endloop
  endfacet
  facet normal -1 0 0
    outer loop
      vertex 26.5 13.1009 14.3991
      vertex 26.5 16 7.40001
      vertex 26.5 15.3586 7.45049
    endloop
  endfacet
  facet normal -1 0 0
    outer loop
      vertex 26.5 18.8991 14.3991
      vertex 26.5 13.1009 14.3991
      vertex 26.5 17.0833 16.215
    endloop
  endfacet
  facet normal -1 0 0
    outer loop
      vertex 26.5 13.1009 14.3991
      vertex 26.5 15.3586 7.45049
      vertex 26.5 14.733 7.60068
    endloop
  endfacet
  facet normal -1 0 0
    outer loop
      vertex 26.5 13.1009 14.3991
      vertex 26.5 14.733 7.60068
      vertex 26.5 14.1386 7.84688
    endloop
  endfacet
  facet normal -1 0 0
    outer loop
      vertex 26.5 13.1009 14.3991
      vertex 26.5 14.1386 7.84688
      vertex 26.5 13.5901 8.18304
    endloop
  endfacet
  facet normal -1 0 0
    outer loop
      vertex 26.5 13.1009 14.3991
      vertex 26.5 13.5901 8.18304
      vertex 26.5 13.1009 8.60088
    endloop
  endfacet
  facet normal -1 -0 0
    outer loop
      vertex 26.5 17.0833 16.215
      vertex 26.5 13.1009 14.3991
      vertex 26.5 14.9167 16.215
    endloop
  endfacet
  facet normal -1 0 0
    outer loop
      vertex 26.5 12.683 9.09009
      vertex 26.5 13.1009 14.3991
      vertex 26.5 13.1009 8.60088
    endloop
  endfacet
  facet normal -1 0 0
    outer loop
      vertex 26.5 12.683 9.09009
      vertex 26.5 12.683 13.9099
      vertex 26.5 13.1009 14.3991
    endloop
  endfacet
  facet normal -1 0 0
    outer loop
      vertex 26.5 12.3469 9.63864
      vertex 26.5 12.683 13.9099
      vertex 26.5 12.683 9.09009
    endloop
  endfacet
  facet normal -1 0 0
    outer loop
      vertex 26.5 12.3469 9.63864
      vertex 26.5 12.3469 13.3614
      vertex 26.5 12.683 13.9099
    endloop
  endfacet
  facet normal -1 0 0
    outer loop
      vertex 26.5 12.1007 10.233
      vertex 26.5 12.3469 13.3614
      vertex 26.5 12.3469 9.63864
    endloop
  endfacet
  facet normal -1 0 0
    outer loop
      vertex 26.5 12.1007 10.233
      vertex 26.5 12.1007 12.767
      vertex 26.5 12.3469 13.3614
    endloop
  endfacet
  facet normal -1 0 0
    outer loop
      vertex 26.5 11.9505 10.8586
      vertex 26.5 12.1007 12.767
      vertex 26.5 12.1007 10.233
    endloop
  endfacet
  facet normal -1 0 0
    outer loop
      vertex 26.5 11.9505 10.8586
      vertex 26.5 11.9505 12.1414
      vertex 26.5 12.1007 12.767
    endloop
  endfacet
  facet normal -1 0 -0
    outer loop
      vertex 26.5 11.9505 12.1414
      vertex 26.5 11.9505 10.8586
      vertex 26.5 11.9 11.5
    endloop
  endfacet
  facet normal 0 0.760348 0.649516
    outer loop
      vertex 26.5 13.1009 8.60088
      vertex 0 12.683 9.09009
      vertex 26.5 12.683 9.09009
    endloop
  endfacet
  facet normal 0 0.760348 0.649516
    outer loop
      vertex 0 12.683 9.09009
      vertex 26.5 13.1009 8.60088
      vertex 0 13.1009 8.60088
    endloop
  endfacet
  facet normal -0 0.233441 0.972371
    outer loop
      vertex 18.799 15.3586 7.45049
      vertex 26.5 14.733 7.60068
      vertex 26.5 15.3586 7.45049
    endloop
  endfacet
  facet normal 1.24681e-05 0.233586 0.972336
    outer loop
      vertex 18.792 15.3417 7.45455
      vertex 26.5 14.733 7.60068
      vertex 18.799 15.3586 7.45049
    endloop
  endfacet
  facet normal -1.27833e-06 0.233421 0.972376
    outer loop
      vertex 18.6731 15.1477 7.50112
      vertex 26.5 14.733 7.60068
      vertex 18.792 15.3417 7.45455
    endloop
  endfacet
  facet normal 1.89478e-06 0.233478 0.972362
    outer loop
      vertex 18.5253 14.9747 7.54266
      vertex 26.5 14.733 7.60068
      vertex 18.6731 15.1477 7.50112
    endloop
  endfacet
  facet normal 1.27475e-07 0.233423 0.972375
    outer loop
      vertex 18.3523 14.8269 7.57814
      vertex 26.5 14.733 7.60068
      vertex 18.5253 14.9747 7.54266
    endloop
  endfacet
  facet normal 0 0.233412 0.972378
    outer loop
      vertex 26.5 14.733 7.60068
      vertex 18.3523 14.8269 7.57814
      vertex 18.1991 14.733 7.60068
    endloop
  endfacet
  facet normal 0 0.233441 0.972371
    outer loop
      vertex 0 14.733 7.60068
      vertex 2.70103 15.3586 7.45049
      vertex 0 15.3586 7.45049
    endloop
  endfacet
  facet normal -3.35236e-05 0.233577 0.972338
    outer loop
      vertex 2.70103 15.3586 7.45049
      vertex 0 14.733 7.60068
      vertex 2.70804 15.3417 7.45455
    endloop
  endfacet
  facet normal 3.35281e-06 0.233422 0.972375
    outer loop
      vertex 2.70804 15.3417 7.45455
      vertex 0 14.733 7.60068
      vertex 2.82693 15.1477 7.50112
    endloop
  endfacet
  facet normal -4.87299e-06 0.233475 0.972363
    outer loop
      vertex 2.82693 15.1477 7.50112
      vertex 0 14.733 7.60068
      vertex 2.97469 14.9747 7.54266
    endloop
  endfacet
  facet normal -3.2313e-07 0.233422 0.972375
    outer loop
      vertex 2.97469 14.9747 7.54266
      vertex 0 14.733 7.60068
      vertex 3.14771 14.8269 7.57814
    endloop
  endfacet
  facet normal 0 0.233412 0.972378
    outer loop
      vertex 3.14771 14.8269 7.57814
      vertex 0 14.733 7.60068
      vertex 3.30093 14.733 7.60068
    endloop
  endfacet
  facet normal -0 0.233591 0.972335
    outer loop
      vertex 5.29896 15.3586 7.45049
      vertex 16.208 15.3417 7.45455
      vertex 16.201 15.3586 7.45049
    endloop
  endfacet
  facet normal -0 0.233591 0.972335
    outer loop
      vertex 5.29196 15.3417 7.45455
      vertex 16.208 15.3417 7.45455
      vertex 5.29896 15.3586 7.45049
    endloop
  endfacet
  facet normal 0 0.23342 0.972376
    outer loop
      vertex 16.208 15.3417 7.45455
      vertex 5.29196 15.3417 7.45455
      vertex 16.3269 15.1477 7.50112
    endloop
  endfacet
  facet normal -0 0.23342 0.972376
    outer loop
      vertex 5.17307 15.1477 7.50112
      vertex 16.3269 15.1477 7.50112
      vertex 5.29196 15.3417 7.45455
    endloop
  endfacet
  facet normal 0 0.233479 0.972362
    outer loop
      vertex 16.3269 15.1477 7.50112
      vertex 5.17307 15.1477 7.50112
      vertex 16.4747 14.9747 7.54266
    endloop
  endfacet
  facet normal -0 0.233479 0.972362
    outer loop
      vertex 5.0253 14.9747 7.54266
      vertex 16.4747 14.9747 7.54266
      vertex 5.17307 15.1477 7.50112
    endloop
  endfacet
  facet normal 0 0.233423 0.972375
    outer loop
      vertex 16.4747 14.9747 7.54266
      vertex 5.0253 14.9747 7.54266
      vertex 16.6477 14.8269 7.57814
    endloop
  endfacet
  facet normal -0 0.233423 0.972375
    outer loop
      vertex 4.85229 14.8269 7.57814
      vertex 16.6477 14.8269 7.57814
      vertex 5.0253 14.9747 7.54266
    endloop
  endfacet
  facet normal 0 0.233412 0.972378
    outer loop
      vertex 16.6477 14.8269 7.57814
      vertex 4.85229 14.8269 7.57814
      vertex 16.8009 14.733 7.60068
    endloop
  endfacet
  facet normal 0 0.233412 0.972378
    outer loop
      vertex 16.8009 14.733 7.60068
      vertex 4.85229 14.8269 7.57814
      vertex 4.69907 14.733 7.60068
    endloop
  endfacet
  facet normal 0 -0.382672 0.923884
    outer loop
      vertex 26.5 17.8614 7.84688
      vertex 18.1991 17.267 7.60068
      vertex 26.5 17.267 7.60068
    endloop
  endfacet
  facet normal -1.17997e-05 -0.382531 0.923942
    outer loop
      vertex 26.5 17.8614 7.84688
      vertex 18.1583 17.292 7.61103
      vertex 18.1991 17.267 7.60068
    endloop
  endfacet
  facet normal 2.10975e-05 -0.382943 0.923772
    outer loop
      vertex 26.5 17.8614 7.84688
      vertex 17.9481 17.379 7.6471
      vertex 18.1583 17.292 7.61103
    endloop
  endfacet
  facet normal 7.38281e-06 -0.382735 0.923858
    outer loop
      vertex 26.5 17.8614 7.84688
      vertex 17.7268 17.4321 7.6691
      vertex 17.9481 17.379 7.6471
    endloop
  endfacet
  facet normal -3.53639e-05 -0.38199 0.924167
    outer loop
      vertex 26.5 17.8614 7.84688
      vertex 17.5 17.45 7.67649
      vertex 17.7268 17.4321 7.6691
    endloop
  endfacet
  facet normal 0 -0.382515 0.923949
    outer loop
      vertex 16.8417 17.292 7.61103
      vertex 4.69907 17.267 7.60068
      vertex 16.8009 17.267 7.60068
    endloop
  endfacet
  facet normal 0 -0.382986 0.923754
    outer loop
      vertex 4.65829 17.292 7.61103
      vertex 16.8417 17.292 7.61103
      vertex 17.0519 17.379 7.6471
    endloop
  endfacet
  facet normal 0 -0.382762 0.923847
    outer loop
      vertex 4.44807 17.379 7.6471
      vertex 17.0519 17.379 7.6471
      vertex 17.2732 17.4321 7.6691
    endloop
  endfacet
  facet normal 0 -0.381607 0.924325
    outer loop
      vertex 4.22683 17.4321 7.6691
      vertex 17.2732 17.4321 7.6691
      vertex 17.5 17.45 7.67649
    endloop
  endfacet
  facet normal 0 -0.38265 0.923893
    outer loop
      vertex 0 17.8614 7.84688
      vertex 17.5 17.45 7.67649
      vertex 26.5 17.8614 7.84688
    endloop
  endfacet
  facet normal 0 -0.382515 0.923949
    outer loop
      vertex 16.8417 17.292 7.61103
      vertex 4.65829 17.292 7.61103
      vertex 4.69907 17.267 7.60068
    endloop
  endfacet
  facet normal 0 -0.382986 0.923754
    outer loop
      vertex 17.0519 17.379 7.6471
      vertex 4.44807 17.379 7.6471
      vertex 4.65829 17.292 7.61103
    endloop
  endfacet
  facet normal 0 -0.382762 0.923847
    outer loop
      vertex 17.2732 17.4321 7.6691
      vertex 4.22683 17.4321 7.6691
      vertex 4.44807 17.379 7.6471
    endloop
  endfacet
  facet normal 0 -0.381607 0.924325
    outer loop
      vertex 17.5 17.45 7.67649
      vertex 4 17.45 7.67649
      vertex 4.22683 17.4321 7.6691
    endloop
  endfacet
  facet normal 0 -0.38265 0.923893
    outer loop
      vertex 17.5 17.45 7.67649
      vertex 0 17.8614 7.84688
      vertex 4 17.45 7.67649
    endloop
  endfacet
  facet normal 5.45479e-05 -0.382197 0.924081
    outer loop
      vertex 0 17.8614 7.84688
      vertex 3.77317 17.4321 7.6691
      vertex 4 17.45 7.67649
    endloop
  endfacet
  facet normal -1.40205e-05 -0.382712 0.923868
    outer loop
      vertex 0 17.8614 7.84688
      vertex 3.55192 17.379 7.6471
      vertex 3.77317 17.4321 7.6691
    endloop
  endfacet
  facet normal -4.3459e-05 -0.382897 0.923791
    outer loop
      vertex 0 17.8614 7.84688
      vertex 3.34171 17.292 7.61103
      vertex 3.55192 17.379 7.6471
    endloop
  endfacet
  facet normal 2.56161e-05 -0.382551 0.923935
    outer loop
      vertex 0 17.8614 7.84688
      vertex 3.30093 17.267 7.60068
      vertex 3.34171 17.292 7.61103
    endloop
  endfacet
  facet normal 0 -0.382672 0.923884
    outer loop
      vertex 3.30093 17.267 7.60068
      vertex 0 17.8614 7.84688
      vertex 0 17.267 7.60068
    endloop
  endfacet
  facet normal 0 -0.923884 -0.382672
    outer loop
      vertex 0 19.8993 12.767
      vertex 26.5 19.6531 13.3614
      vertex 0 19.6531 13.3614
    endloop
  endfacet
  facet normal 0 -0.923884 -0.382672
    outer loop
      vertex 26.5 19.6531 13.3614
      vertex 0 19.8993 12.767
      vertex 26.5 19.8993 12.767
    endloop
  endfacet
  facet normal 0 -0.707126 -0.707087
    outer loop
      vertex 0 18.8991 14.3991
      vertex 26.5 17.0833 16.215
      vertex 0 17.0833 16.215
    endloop
  endfacet
  facet normal 0 -0.707126 -0.707087
    outer loop
      vertex 26.5 17.0833 16.215
      vertex 0 18.8991 14.3991
      vertex 26.5 18.8991 14.3991
    endloop
  endfacet
  facet normal 0 -0.852655 -0.522475
    outer loop
      vertex 0 19.6531 13.3614
      vertex 26.5 19.317 13.9099
      vertex 0 19.317 13.9099
    endloop
  endfacet
  facet normal 0 -0.852655 -0.522475
    outer loop
      vertex 26.5 19.317 13.9099
      vertex 0 19.6531 13.3614
      vertex 26.5 19.6531 13.3614
    endloop
  endfacet
  facet normal -0 0.0784602 0.996917
    outer loop
      vertex 18.95 16 7.40001
      vertex 26.5 15.3586 7.45049
      vertex 26.5 16 7.40001
    endloop
  endfacet
  facet normal 7.28681e-08 0.0784611 0.996917
    outer loop
      vertex 18.9321 15.7732 7.41786
      vertex 26.5 15.3586 7.45049
      vertex 18.95 16 7.40001
    endloop
  endfacet
  facet normal -1.66448e-06 0.0784296 0.99692
    outer loop
      vertex 18.879 15.5519 7.43527
      vertex 26.5 15.3586 7.45049
      vertex 18.9321 15.7732 7.41786
    endloop
  endfacet
  facet normal 0 0.0784948 0.996915
    outer loop
      vertex 26.5 15.3586 7.45049
      vertex 18.879 15.5519 7.43527
      vertex 18.799 15.3586 7.45049
    endloop
  endfacet
  facet normal -0 0.0784611 0.996917
    outer loop
      vertex 0 16 7.40001
      vertex 2.56785 15.7732 7.41786
      vertex 2.55 16 7.40001
    endloop
  endfacet
  facet normal -7.6266e-08 0.0784602 0.996917
    outer loop
      vertex 0 15.3586 7.45049
      vertex 2.56785 15.7732 7.41786
      vertex 0 16 7.40001
    endloop
  endfacet
  facet normal 4.78456e-06 0.0784303 0.99692
    outer loop
      vertex 2.56785 15.7732 7.41786
      vertex 0 15.3586 7.45049
      vertex 2.62097 15.5519 7.43527
    endloop
  endfacet
  facet normal 0 0.0784948 0.996915
    outer loop
      vertex 2.62097 15.5519 7.43527
      vertex 0 15.3586 7.45049
      vertex 2.70103 15.3586 7.45049
    endloop
  endfacet
  facet normal -0 0.0784611 0.996917
    outer loop
      vertex 5.45 16 7.40001
      vertex 16.0679 15.7732 7.41786
      vertex 16.05 16 7.40001
    endloop
  endfacet
  facet normal -0 0.0784611 0.996917
    outer loop
      vertex 5.43215 15.7732 7.41786
      vertex 16.0679 15.7732 7.41786
      vertex 5.45 16 7.40001
    endloop
  endfacet
  facet normal 0 0.0784292 0.99692
    outer loop
      vertex 16.0679 15.7732 7.41786
      vertex 5.43215 15.7732 7.41786
      vertex 16.121 15.5519 7.43527
    endloop
  endfacet
  facet normal -0 0.0784292 0.99692
    outer loop
      vertex 5.37903 15.5519 7.43527
      vertex 16.121 15.5519 7.43527
      vertex 5.43215 15.7732 7.41786
    endloop
  endfacet
  facet normal 0 0.0784948 0.996915
    outer loop
      vertex 16.121 15.5519 7.43527
      vertex 5.37903 15.5519 7.43527
      vertex 16.201 15.3586 7.45049
    endloop
  endfacet
  facet normal 0 0.0784948 0.996915
    outer loop
      vertex 16.201 15.3586 7.45049
      vertex 5.37903 15.5519 7.43527
      vertex 5.29896 15.3586 7.45049
    endloop
  endfacet
  facet normal 0 -0.972368 -0.233455
    outer loop
      vertex 0 20.0495 12.1414
      vertex 26.5 19.8993 12.767
      vertex 0 19.8993 12.767
    endloop
  endfacet
  facet normal 0 -0.972368 -0.233455
    outer loop
      vertex 26.5 19.8993 12.767
      vertex 0 20.0495 12.1414
      vertex 26.5 20.0495 12.1414
    endloop
  endfacet
  facet normal 0 -0.923875 0.382694
    outer loop
      vertex 0 19.6531 9.63864
      vertex 26.5 19.8993 10.233
      vertex 0 19.8993 10.233
    endloop
  endfacet
  facet normal 0 -0.923875 0.382694
    outer loop
      vertex 26.5 19.8993 10.233
      vertex 0 19.6531 9.63864
      vertex 26.5 19.6531 9.63864
    endloop
  endfacet
  facet normal 0 -0.760348 0.649516
    outer loop
      vertex 0 18.8991 8.60088
      vertex 26.5 19.317 9.09009
      vertex 0 19.317 9.09009
    endloop
  endfacet
  facet normal 0 -0.760348 0.649516
    outer loop
      vertex 26.5 19.317 9.09009
      vertex 0 18.8991 8.60088
      vertex 26.5 18.8991 8.60088
    endloop
  endfacet
  facet normal 0 0.996915 -0.0784911
    outer loop
      vertex 26.5 11.9 11.5
      vertex 0 11.9505 12.1414
      vertex 26.5 11.9505 12.1414
    endloop
  endfacet
  facet normal 0 0.996915 -0.0784911
    outer loop
      vertex 0 11.9505 12.1414
      vertex 26.5 11.9 11.5
      vertex 0 11.9 11.5
    endloop
  endfacet
  facet normal 0 -0.233441 0.972371
    outer loop
      vertex 26.5 17.267 7.60068
      vertex 18.799 16.6414 7.45049
      vertex 26.5 16.6414 7.45049
    endloop
  endfacet
  facet normal 1.24681e-05 -0.233586 0.972336
    outer loop
      vertex 26.5 17.267 7.60068
      vertex 18.792 16.6583 7.45455
      vertex 18.799 16.6414 7.45049
    endloop
  endfacet
  facet normal -1.27833e-06 -0.233421 0.972376
    outer loop
      vertex 26.5 17.267 7.60068
      vertex 18.6731 16.8523 7.50112
      vertex 18.792 16.6583 7.45455
    endloop
  endfacet
  facet normal 1.89478e-06 -0.233478 0.972362
    outer loop
      vertex 26.5 17.267 7.60068
      vertex 18.5253 17.0253 7.54266
      vertex 18.6731 16.8523 7.50112
    endloop
  endfacet
  facet normal 1.27475e-07 -0.233423 0.972375
    outer loop
      vertex 26.5 17.267 7.60068
      vertex 18.3523 17.1731 7.57814
      vertex 18.5253 17.0253 7.54266
    endloop
  endfacet
  facet normal 0 -0.233412 0.972378
    outer loop
      vertex 18.3523 17.1731 7.57814
      vertex 26.5 17.267 7.60068
      vertex 18.1991 17.267 7.60068
    endloop
  endfacet
  facet normal 0 -0.233412 0.972378
    outer loop
      vertex 0 17.267 7.60068
      vertex 3.14771 17.1731 7.57814
      vertex 3.30093 17.267 7.60068
    endloop
  endfacet
  facet normal -3.2313e-07 -0.233422 0.972375
    outer loop
      vertex 0 17.267 7.60068
      vertex 2.97469 17.0253 7.54266
      vertex 3.14771 17.1731 7.57814
    endloop
  endfacet
  facet normal -4.87299e-06 -0.233475 0.972363
    outer loop
      vertex 0 17.267 7.60068
      vertex 2.82693 16.8523 7.50112
      vertex 2.97469 17.0253 7.54266
    endloop
  endfacet
  facet normal 3.35281e-06 -0.233422 0.972375
    outer loop
      vertex 0 17.267 7.60068
      vertex 2.70804 16.6583 7.45455
      vertex 2.82693 16.8523 7.50112
    endloop
  endfacet
  facet normal -3.35236e-05 -0.233577 0.972338
    outer loop
      vertex 0 17.267 7.60068
      vertex 2.70103 16.6414 7.45049
      vertex 2.70804 16.6583 7.45455
    endloop
  endfacet
  facet normal 0 -0.233441 0.972371
    outer loop
      vertex 2.70103 16.6414 7.45049
      vertex 0 17.267 7.60068
      vertex 0 16.6414 7.45049
    endloop
  endfacet
  facet normal 0 -0.233591 0.972335
    outer loop
      vertex 16.208 16.6583 7.45455
      vertex 5.29896 16.6414 7.45049
      vertex 16.201 16.6414 7.45049
    endloop
  endfacet
  facet normal 0 -0.23342 0.972376
    outer loop
      vertex 5.29196 16.6583 7.45455
      vertex 16.208 16.6583 7.45455
      vertex 16.3269 16.8523 7.50112
    endloop
  endfacet
  facet normal 0 -0.233479 0.972362
    outer loop
      vertex 5.17307 16.8523 7.50112
      vertex 16.3269 16.8523 7.50112
      vertex 16.4747 17.0253 7.54266
    endloop
  endfacet
  facet normal 0 -0.233423 0.972375
    outer loop
      vertex 5.0253 17.0253 7.54266
      vertex 16.4747 17.0253 7.54266
      vertex 16.6477 17.1731 7.57814
    endloop
  endfacet
  facet normal 0 -0.233412 0.972378
    outer loop
      vertex 4.85229 17.1731 7.57814
      vertex 16.6477 17.1731 7.57814
      vertex 16.8009 17.267 7.60068
    endloop
  endfacet
  facet normal 0 -0.233591 0.972335
    outer loop
      vertex 16.208 16.6583 7.45455
      vertex 5.29196 16.6583 7.45455
      vertex 5.29896 16.6414 7.45049
    endloop
  endfacet
  facet normal 0 -0.23342 0.972376
    outer loop
      vertex 16.3269 16.8523 7.50112
      vertex 5.17307 16.8523 7.50112
      vertex 5.29196 16.6583 7.45455
    endloop
  endfacet
  facet normal 0 -0.233479 0.972362
    outer loop
      vertex 16.4747 17.0253 7.54266
      vertex 5.0253 17.0253 7.54266
      vertex 5.17307 16.8523 7.50112
    endloop
  endfacet
  facet normal 0 -0.233423 0.972375
    outer loop
      vertex 16.6477 17.1731 7.57814
      vertex 4.85229 17.1731 7.57814
      vertex 5.0253 17.0253 7.54266
    endloop
  endfacet
  facet normal 0 -0.233412 0.972378
    outer loop
      vertex 4.85229 17.1731 7.57814
      vertex 16.8009 17.267 7.60068
      vertex 4.69907 17.267 7.60068
    endloop
  endfacet
  facet normal -0 0.522542 0.852613
    outer loop
      vertex 0 14.1386 7.84688
      vertex 26.5 13.5901 8.18304
      vertex 26.5 14.1386 7.84688
    endloop
  endfacet
  facet normal 0 0.522542 0.852613
    outer loop
      vertex 26.5 13.5901 8.18304
      vertex 0 14.1386 7.84688
      vertex 0 13.5901 8.18304
    endloop
  endfacet
  facet normal 0 0.972368 -0.233455
    outer loop
      vertex 26.5 11.9505 12.1414
      vertex 0 12.1007 12.767
      vertex 26.5 12.1007 12.767
    endloop
  endfacet
  facet normal 0 0.972368 -0.233455
    outer loop
      vertex 0 12.1007 12.767
      vertex 26.5 11.9505 12.1414
      vertex 0 11.9505 12.1414
    endloop
  endfacet
  facet normal 0 -0.996915 0.0784911
    outer loop
      vertex 0 20.0495 10.8586
      vertex 26.5 20.1 11.5
      vertex 0 20.1 11.5
    endloop
  endfacet
  facet normal 0 -0.996915 0.0784911
    outer loop
      vertex 26.5 20.1 11.5
      vertex 0 20.0495 10.8586
      vertex 26.5 20.0495 10.8586
    endloop
  endfacet
  facet normal 0 -0.760329 0.649538
    outer loop
      vertex 0 36.5253 1.4747
      vertex 8 36.6731 1.64771
      vertex 0 36.6731 1.64771
    endloop
  endfacet
  facet normal 0 -0.760329 0.649538
    outer loop
      vertex 8 36.6731 1.64771
      vertex 0 36.5253 1.4747
      vertex 8 36.5253 1.4747
    endloop
  endfacet
  facet normal 0 0.996901 -0.0786692
    outer loop
      vertex 8 34.05 2.5
      vertex 0 34.0679 2.72683
      vertex 8 34.0679 2.72683
    endloop
  endfacet
  facet normal 0 0.996901 -0.0786692
    outer loop
      vertex 0 34.0679 2.72683
      vertex 8 34.05 2.5
      vertex 0 34.05 2.5
    endloop
  endfacet
  facet normal 0 0.233406 -0.972379
    outer loop
      vertex 0 35.0519 3.87903
      vertex 8 35.2732 3.93215
      vertex 8 35.0519 3.87903
    endloop
  endfacet
  facet normal 0 0.233406 -0.972379
    outer loop
      vertex 8 35.2732 3.93215
      vertex 0 35.0519 3.87903
      vertex 0 35.2732 3.93215
    endloop
  endfacet
  facet normal 0 0.0784611 -0.996917
    outer loop
      vertex 0 35.2732 3.93215
      vertex 8 35.5 3.95
      vertex 8 35.2732 3.93215
    endloop
  endfacet
  facet normal 0 0.0784611 -0.996917
    outer loop
      vertex 8 35.5 3.95
      vertex 0 35.2732 3.93215
      vertex 0 35.5 3.95
    endloop
  endfacet
  facet normal -0 0.649484 0.760375
    outer loop
      vertex 0 34.6477 1.32693
      vertex 8 34.4747 1.4747
      vertex 8 34.6477 1.32693
    endloop
  endfacet
  facet normal 0 0.649484 0.760375
    outer loop
      vertex 8 34.4747 1.4747
      vertex 0 34.6477 1.32693
      vertex 0 34.4747 1.4747
    endloop
  endfacet
  facet normal -0 0.382692 0.923876
    outer loop
      vertex 0 35.0519 1.12097
      vertex 8 34.8417 1.20804
      vertex 8 35.0519 1.12097
    endloop
  endfacet
  facet normal 0 0.382692 0.923876
    outer loop
      vertex 8 34.8417 1.20804
      vertex 0 35.0519 1.12097
      vertex 0 34.8417 1.20804
    endloop
  endfacet
  facet normal 0 -0.852608 0.522552
    outer loop
      vertex 0 36.6731 1.64771
      vertex 8 36.792 1.84171
      vertex 0 36.792 1.84171
    endloop
  endfacet
  facet normal 0 -0.852608 0.522552
    outer loop
      vertex 8 36.792 1.84171
      vertex 0 36.6731 1.64771
      vertex 8 36.6731 1.64771
    endloop
  endfacet
  facet normal 0 -0.52252 -0.852627
    outer loop
      vertex 0 36.1583 3.79196
      vertex 8 36.3523 3.67307
      vertex 8 36.1583 3.79196
    endloop
  endfacet
  facet normal -0 -0.52252 -0.852627
    outer loop
      vertex 8 36.3523 3.67307
      vertex 0 36.1583 3.79196
      vertex 0 36.3523 3.67307
    endloop
  endfacet
  facet normal 0 0.972385 0.233383
    outer loop
      vertex 8 34.121 2.05193
      vertex 0 34.0679 2.27317
      vertex 8 34.0679 2.27317
    endloop
  endfacet
  facet normal 0 0.972385 0.233383
    outer loop
      vertex 0 34.0679 2.27317
      vertex 8 34.121 2.05193
      vertex 0 34.121 2.05193
    endloop
  endfacet
  facet normal 0 0.382692 -0.923876
    outer loop
      vertex 0 34.8417 3.79196
      vertex 8 35.0519 3.87903
      vertex 8 34.8417 3.79196
    endloop
  endfacet
  facet normal 0 0.382692 -0.923876
    outer loop
      vertex 8 35.0519 3.87903
      vertex 0 34.8417 3.79196
      vertex 0 35.0519 3.87903
    endloop
  endfacet
  facet normal 0 0.852608 -0.522552
    outer loop
      vertex 8 34.208 3.15829
      vertex 0 34.3269 3.35229
      vertex 8 34.3269 3.35229
    endloop
  endfacet
  facet normal 0 0.852608 -0.522552
    outer loop
      vertex 0 34.3269 3.35229
      vertex 8 34.208 3.15829
      vertex 0 34.208 3.15829
    endloop
  endfacet
  facet normal 0 -0.382692 -0.923876
    outer loop
      vertex 0 35.9481 3.87903
      vertex 8 36.1583 3.79196
      vertex 8 35.9481 3.87903
    endloop
  endfacet
  facet normal -0 -0.382692 -0.923876
    outer loop
      vertex 8 36.1583 3.79196
      vertex 0 35.9481 3.87903
      vertex 0 36.1583 3.79196
    endloop
  endfacet
  facet normal -0 0.233406 0.972379
    outer loop
      vertex 0 35.2732 1.06785
      vertex 8 35.0519 1.12097
      vertex 8 35.2732 1.06785
    endloop
  endfacet
  facet normal 0 0.233406 0.972379
    outer loop
      vertex 8 35.0519 1.12097
      vertex 0 35.2732 1.06785
      vertex 0 35.0519 1.12097
    endloop
  endfacet
  facet normal 0 -0.996901 0.0786692
    outer loop
      vertex 0 36.9321 2.27317
      vertex 8 36.95 2.5
      vertex 0 36.95 2.5
    endloop
  endfacet
  facet normal 0 -0.996901 0.0786692
    outer loop
      vertex 8 36.95 2.5
      vertex 0 36.9321 2.27317
      vertex 8 36.9321 2.27317
    endloop
  endfacet
  facet normal 0 -0.0784611 0.996917
    outer loop
      vertex 0 35.7268 1.06785
      vertex 8 35.5 1.05
      vertex 8 35.7268 1.06785
    endloop
  endfacet
  facet normal 0 -0.0784611 0.996917
    outer loop
      vertex 8 35.5 1.05
      vertex 0 35.7268 1.06785
      vertex 0 35.5 1.05
    endloop
  endfacet
  facet normal 0 0.852608 0.522552
    outer loop
      vertex 8 34.3269 1.64771
      vertex 0 34.208 1.84171
      vertex 8 34.208 1.84171
    endloop
  endfacet
  facet normal 0 0.852608 0.522552
    outer loop
      vertex 0 34.208 1.84171
      vertex 8 34.3269 1.64771
      vertex 0 34.3269 1.64771
    endloop
  endfacet
  facet normal 0 0.649458 -0.760397
    outer loop
      vertex 0 34.4747 3.52531
      vertex 8 34.6477 3.67307
      vertex 8 34.4747 3.52531
    endloop
  endfacet
  facet normal 0 0.649458 -0.760397
    outer loop
      vertex 8 34.6477 3.67307
      vertex 0 34.4747 3.52531
      vertex 0 34.6477 3.67307
    endloop
  endfacet
  facet normal 0 0.760329 0.649538
    outer loop
      vertex 8 34.4747 1.4747
      vertex 0 34.3269 1.64771
      vertex 8 34.3269 1.64771
    endloop
  endfacet
  facet normal 0 0.760329 0.649538
    outer loop
      vertex 0 34.3269 1.64771
      vertex 8 34.4747 1.4747
      vertex 0 34.4747 1.4747
    endloop
  endfacet
  facet normal 0 -0.0784611 -0.996917
    outer loop
      vertex 0 35.5 3.95
      vertex 8 35.7268 3.93215
      vertex 8 35.5 3.95
    endloop
  endfacet
  facet normal -0 -0.0784611 -0.996917
    outer loop
      vertex 8 35.7268 3.93215
      vertex 0 35.5 3.95
      vertex 0 35.7268 3.93215
    endloop
  endfacet
  facet normal 0 -0.52252 0.852627
    outer loop
      vertex 0 36.3523 1.32693
      vertex 8 36.1583 1.20804
      vertex 8 36.3523 1.32693
    endloop
  endfacet
  facet normal 0 -0.52252 0.852627
    outer loop
      vertex 8 36.1583 1.20804
      vertex 0 36.3523 1.32693
      vertex 0 36.1583 1.20804
    endloop
  endfacet
  facet normal 0 0.760347 -0.649517
    outer loop
      vertex 8 34.3269 3.35229
      vertex 0 34.4747 3.52531
      vertex 8 34.4747 3.52531
    endloop
  endfacet
  facet normal 0 0.760347 -0.649517
    outer loop
      vertex 0 34.4747 3.52531
      vertex 8 34.3269 3.35229
      vertex 0 34.3269 3.35229
    endloop
  endfacet
  facet normal 0 0.52252 -0.852627
    outer loop
      vertex 0 34.6477 3.67307
      vertex 8 34.8417 3.79196
      vertex 8 34.6477 3.67307
    endloop
  endfacet
  facet normal 0 0.52252 -0.852627
    outer loop
      vertex 8 34.8417 3.79196
      vertex 0 34.6477 3.67307
      vertex 0 34.8417 3.79196
    endloop
  endfacet
  facet normal 0 -0.852608 -0.522552
    outer loop
      vertex 0 36.792 3.15829
      vertex 8 36.6731 3.35229
      vertex 0 36.6731 3.35229
    endloop
  endfacet
  facet normal 0 -0.852608 -0.522552
    outer loop
      vertex 8 36.6731 3.35229
      vertex 0 36.792 3.15829
      vertex 8 36.792 3.15829
    endloop
  endfacet
  facet normal 0 0.923991 -0.382414
    outer loop
      vertex 8 34.121 2.94808
      vertex 0 34.208 3.15829
      vertex 8 34.208 3.15829
    endloop
  endfacet
  facet normal 0 0.923991 -0.382414
    outer loop
      vertex 0 34.208 3.15829
      vertex 8 34.121 2.94808
      vertex 0 34.121 2.94808
    endloop
  endfacet
  facet normal -0 0.52252 0.852627
    outer loop
      vertex 0 34.8417 1.20804
      vertex 8 34.6477 1.32693
      vertex 8 34.8417 1.20804
    endloop
  endfacet
  facet normal 0 0.52252 0.852627
    outer loop
      vertex 8 34.6477 1.32693
      vertex 0 34.8417 1.20804
      vertex 0 34.6477 1.32693
    endloop
  endfacet
  facet normal 0 -0.233406 -0.972379
    outer loop
      vertex 0 35.7268 3.93215
      vertex 8 35.9481 3.87903
      vertex 8 35.7268 3.93215
    endloop
  endfacet
  facet normal -0 -0.233406 -0.972379
    outer loop
      vertex 8 35.9481 3.87903
      vertex 0 35.7268 3.93215
      vertex 0 35.9481 3.87903
    endloop
  endfacet
  facet normal 0 -0.923991 -0.382414
    outer loop
      vertex 0 36.879 2.94808
      vertex 8 36.792 3.15829
      vertex 0 36.792 3.15829
    endloop
  endfacet
  facet normal 0 -0.923991 -0.382414
    outer loop
      vertex 8 36.792 3.15829
      vertex 0 36.879 2.94808
      vertex 8 36.879 2.94808
    endloop
  endfacet
  facet normal -1 0 0
    outer loop
      vertex 8 36.9321 2.27317
      vertex 8 36.9321 2.72683
      vertex 8 36.95 2.5
    endloop
  endfacet
  facet normal -1 0 0
    outer loop
      vertex 8 36.879 2.05193
      vertex 8 36.9321 2.72683
      vertex 8 36.9321 2.27317
    endloop
  endfacet
  facet normal -1 0 0
    outer loop
      vertex 8 36.879 2.05193
      vertex 8 36.879 2.94808
      vertex 8 36.9321 2.72683
    endloop
  endfacet
  facet normal -1 0 0
    outer loop
      vertex 8 36.792 1.84171
      vertex 8 36.879 2.94808
      vertex 8 36.879 2.05193
    endloop
  endfacet
  facet normal -1 0 0
    outer loop
      vertex 8 36.792 1.84171
      vertex 8 36.792 3.15829
      vertex 8 36.879 2.94808
    endloop
  endfacet
  facet normal -1 0 0
    outer loop
      vertex 8 36.6731 1.64771
      vertex 8 36.792 3.15829
      vertex 8 36.792 1.84171
    endloop
  endfacet
  facet normal -1 0 0
    outer loop
      vertex 8 36.6731 1.64771
      vertex 8 36.6731 3.35229
      vertex 8 36.792 3.15829
    endloop
  endfacet
  facet normal -1 0 0
    outer loop
      vertex 8 36.5253 1.4747
      vertex 8 36.6731 3.35229
      vertex 8 36.6731 1.64771
    endloop
  endfacet
  facet normal -1 0 0
    outer loop
      vertex 8 36.5253 1.4747
      vertex 8 36.5253 3.52531
      vertex 8 36.6731 3.35229
    endloop
  endfacet
  facet normal -1 0 0
    outer loop
      vertex 8 36.3523 1.32693
      vertex 8 36.5253 3.52531
      vertex 8 36.5253 1.4747
    endloop
  endfacet
  facet normal -1 0 0
    outer loop
      vertex 8 36.3523 1.32693
      vertex 8 36.3523 3.67307
      vertex 8 36.5253 3.52531
    endloop
  endfacet
  facet normal -1 0 0
    outer loop
      vertex 8 36.1583 1.20804
      vertex 8 36.3523 3.67307
      vertex 8 36.3523 1.32693
    endloop
  endfacet
  facet normal -1 0 0
    outer loop
      vertex 8 36.1583 1.20804
      vertex 8 36.1583 3.79196
      vertex 8 36.3523 3.67307
    endloop
  endfacet
  facet normal -1 0 0
    outer loop
      vertex 8 35.9481 1.12097
      vertex 8 36.1583 3.79196
      vertex 8 36.1583 1.20804
    endloop
  endfacet
  facet normal -1 0 0
    outer loop
      vertex 8 35.9481 1.12097
      vertex 8 35.9481 3.87903
      vertex 8 36.1583 3.79196
    endloop
  endfacet
  facet normal -1 0 0
    outer loop
      vertex 8 35.7268 1.06785
      vertex 8 35.9481 3.87903
      vertex 8 35.9481 1.12097
    endloop
  endfacet
  facet normal -1 0 0
    outer loop
      vertex 8 35.7268 1.06785
      vertex 8 35.7268 3.93215
      vertex 8 35.9481 3.87903
    endloop
  endfacet
  facet normal -1 0 0
    outer loop
      vertex 8 35.5 1.05
      vertex 8 35.7268 3.93215
      vertex 8 35.7268 1.06785
    endloop
  endfacet
  facet normal -1 0 0
    outer loop
      vertex 8 35.5 1.05
      vertex 8 35.5 3.95
      vertex 8 35.7268 3.93215
    endloop
  endfacet
  facet normal -1 0 0
    outer loop
      vertex 8 35.2732 1.06785
      vertex 8 35.5 3.95
      vertex 8 35.5 1.05
    endloop
  endfacet
  facet normal -1 0 0
    outer loop
      vertex 8 35.2732 1.06785
      vertex 8 35.2732 3.93215
      vertex 8 35.5 3.95
    endloop
  endfacet
  facet normal -1 0 0
    outer loop
      vertex 8 35.0519 1.12097
      vertex 8 35.2732 3.93215
      vertex 8 35.2732 1.06785
    endloop
  endfacet
  facet normal -1 0 0
    outer loop
      vertex 8 35.0519 1.12097
      vertex 8 35.0519 3.87903
      vertex 8 35.2732 3.93215
    endloop
  endfacet
  facet normal -1 0 0
    outer loop
      vertex 8 34.8417 1.20804
      vertex 8 35.0519 3.87903
      vertex 8 35.0519 1.12097
    endloop
  endfacet
  facet normal -1 0 0
    outer loop
      vertex 8 34.8417 1.20804
      vertex 8 34.8417 3.79196
      vertex 8 35.0519 3.87903
    endloop
  endfacet
  facet normal -1 0 0
    outer loop
      vertex 8 34.6477 1.32693
      vertex 8 34.8417 3.79196
      vertex 8 34.8417 1.20804
    endloop
  endfacet
  facet normal -1 0 0
    outer loop
      vertex 8 34.6477 1.32693
      vertex 8 34.6477 3.67307
      vertex 8 34.8417 3.79196
    endloop
  endfacet
  facet normal -1 0 0
    outer loop
      vertex 8 34.4747 1.4747
      vertex 8 34.6477 3.67307
      vertex 8 34.6477 1.32693
    endloop
  endfacet
  facet normal -1 0 0
    outer loop
      vertex 8 34.4747 1.4747
      vertex 8 34.4747 3.52531
      vertex 8 34.6477 3.67307
    endloop
  endfacet
  facet normal -1 0 0
    outer loop
      vertex 8 34.3269 1.64771
      vertex 8 34.4747 3.52531
      vertex 8 34.4747 1.4747
    endloop
  endfacet
  facet normal -1 0 0
    outer loop
      vertex 8 34.3269 1.64771
      vertex 8 34.3269 3.35229
      vertex 8 34.4747 3.52531
    endloop
  endfacet
  facet normal -1 0 0
    outer loop
      vertex 8 34.208 1.84171
      vertex 8 34.3269 3.35229
      vertex 8 34.3269 1.64771
    endloop
  endfacet
  facet normal -1 0 0
    outer loop
      vertex 8 34.208 1.84171
      vertex 8 34.208 3.15829
      vertex 8 34.3269 3.35229
    endloop
  endfacet
  facet normal -1 0 0
    outer loop
      vertex 8 34.121 2.05193
      vertex 8 34.208 3.15829
      vertex 8 34.208 1.84171
    endloop
  endfacet
  facet normal -1 0 0
    outer loop
      vertex 8 34.121 2.05193
      vertex 8 34.121 2.94808
      vertex 8 34.208 3.15829
    endloop
  endfacet
  facet normal -1 0 0
    outer loop
      vertex 8 34.0679 2.27317
      vertex 8 34.121 2.94808
      vertex 8 34.121 2.05193
    endloop
  endfacet
  facet normal -1 0 0
    outer loop
      vertex 8 34.0679 2.27317
      vertex 8 34.0679 2.72683
      vertex 8 34.121 2.94808
    endloop
  endfacet
  facet normal -1 0 -0
    outer loop
      vertex 8 34.0679 2.72683
      vertex 8 34.0679 2.27317
      vertex 8 34.05 2.5
    endloop
  endfacet
  facet normal 0 -0.923998 0.382398
    outer loop
      vertex 0 36.792 1.84171
      vertex 8 36.879 2.05193
      vertex 0 36.879 2.05193
    endloop
  endfacet
  facet normal 0 -0.923998 0.382398
    outer loop
      vertex 8 36.879 2.05193
      vertex 0 36.792 1.84171
      vertex 8 36.792 1.84171
    endloop
  endfacet
  facet normal 0 0.972387 -0.233373
    outer loop
      vertex 8 34.0679 2.72683
      vertex 0 34.121 2.94808
      vertex 8 34.121 2.94808
    endloop
  endfacet
  facet normal 0 0.972387 -0.233373
    outer loop
      vertex 0 34.121 2.94808
      vertex 8 34.0679 2.72683
      vertex 0 34.0679 2.72683
    endloop
  endfacet
  facet normal 0 -0.382692 0.923876
    outer loop
      vertex 0 36.1583 1.20804
      vertex 8 35.9481 1.12097
      vertex 8 36.1583 1.20804
    endloop
  endfacet
  facet normal 0 -0.382692 0.923876
    outer loop
      vertex 8 35.9481 1.12097
      vertex 0 36.1583 1.20804
      vertex 0 35.9481 1.12097
    endloop
  endfacet
  facet normal -0 0.0784611 0.996917
    outer loop
      vertex 0 35.5 1.05
      vertex 8 35.2732 1.06785
      vertex 8 35.5 1.05
    endloop
  endfacet
  facet normal 0 0.0784611 0.996917
    outer loop
      vertex 8 35.2732 1.06785
      vertex 0 35.5 1.05
      vertex 0 35.2732 1.06785
    endloop
  endfacet
  facet normal 0 -0.760347 -0.649517
    outer loop
      vertex 0 36.6731 3.35229
      vertex 8 36.5253 3.52531
      vertex 0 36.5253 3.52531
    endloop
  endfacet
  facet normal 0 -0.760347 -0.649517
    outer loop
      vertex 8 36.5253 3.52531
      vertex 0 36.6731 3.35229
      vertex 8 36.6731 3.35229
    endloop
  endfacet
  facet normal 0 -0.649458 -0.760397
    outer loop
      vertex 0 36.3523 3.67307
      vertex 8 36.5253 3.52531
      vertex 8 36.3523 3.67307
    endloop
  endfacet
  facet normal -0 -0.649458 -0.760397
    outer loop
      vertex 8 36.5253 3.52531
      vertex 0 36.3523 3.67307
      vertex 0 36.5253 3.52531
    endloop
  endfacet
  facet normal 0 0.923998 0.382398
    outer loop
      vertex 8 34.208 1.84171
      vertex 0 34.121 2.05193
      vertex 8 34.121 2.05193
    endloop
  endfacet
  facet normal 0 0.923998 0.382398
    outer loop
      vertex 0 34.121 2.05193
      vertex 8 34.208 1.84171
      vertex 0 34.208 1.84171
    endloop
  endfacet
  facet normal 0 -0.649484 0.760375
    outer loop
      vertex 0 36.5253 1.4747
      vertex 8 36.3523 1.32693
      vertex 8 36.5253 1.4747
    endloop
  endfacet
  facet normal 0 -0.649484 0.760375
    outer loop
      vertex 8 36.3523 1.32693
      vertex 0 36.5253 1.4747
      vertex 0 36.3523 1.32693
    endloop
  endfacet
  facet normal 0 -0.233406 0.972379
    outer loop
      vertex 0 35.9481 1.12097
      vertex 8 35.7268 1.06785
      vertex 8 35.9481 1.12097
    endloop
  endfacet
  facet normal 0 -0.233406 0.972379
    outer loop
      vertex 8 35.7268 1.06785
      vertex 0 35.9481 1.12097
      vertex 0 35.7268 1.06785
    endloop
  endfacet
  facet normal 0 -0.972387 -0.233373
    outer loop
      vertex 0 36.9321 2.72683
      vertex 8 36.879 2.94808
      vertex 0 36.879 2.94808
    endloop
  endfacet
  facet normal 0 -0.972387 -0.233373
    outer loop
      vertex 8 36.879 2.94808
      vertex 0 36.9321 2.72683
      vertex 8 36.9321 2.72683
    endloop
  endfacet
  facet normal 0 0.996901 0.0786692
    outer loop
      vertex 8 34.0679 2.27317
      vertex 0 34.05 2.5
      vertex 8 34.05 2.5
    endloop
  endfacet
  facet normal 0 0.996901 0.0786692
    outer loop
      vertex 0 34.05 2.5
      vertex 8 34.0679 2.27317
      vertex 0 34.0679 2.27317
    endloop
  endfacet
  facet normal 0 -0.972385 0.233383
    outer loop
      vertex 0 36.879 2.05193
      vertex 8 36.9321 2.27317
      vertex 0 36.9321 2.27317
    endloop
  endfacet
  facet normal 0 -0.972385 0.233383
    outer loop
      vertex 8 36.9321 2.27317
      vertex 0 36.879 2.05193
      vertex 8 36.879 2.05193
    endloop
  endfacet
  facet normal 0 -0.996901 -0.0786692
    outer loop
      vertex 0 36.95 2.5
      vertex 8 36.9321 2.72683
      vertex 0 36.9321 2.72683
    endloop
  endfacet
  facet normal 0 -0.996901 -0.0786692
    outer loop
      vertex 8 36.9321 2.72683
      vertex 0 36.95 2.5
      vertex 8 36.95 2.5
    endloop
  endfacet
  facet normal 0 0.972385 0.233383
    outer loop
      vertex 8 52.621 6.54193
      vertex 0 52.5679 6.76317
      vertex 8 52.5679 6.76317
    endloop
  endfacet
  facet normal 0 0.972385 0.233383
    outer loop
      vertex 0 52.5679 6.76317
      vertex 8 52.621 6.54193
      vertex 0 52.621 6.54193
    endloop
  endfacet
  facet normal 0 0.382692 -0.923876
    outer loop
      vertex 0 53.3417 8.28196
      vertex 8 53.5519 8.36903
      vertex 8 53.3417 8.28196
    endloop
  endfacet
  facet normal 0 0.382692 -0.923876
    outer loop
      vertex 8 53.5519 8.36903
      vertex 0 53.3417 8.28196
      vertex 0 53.5519 8.36903
    endloop
  endfacet
  facet normal 0 -0.0784611 -0.996917
    outer loop
      vertex 0 54 8.44
      vertex 8 54.2268 8.42215
      vertex 8 54 8.44
    endloop
  endfacet
  facet normal -0 -0.0784611 -0.996917
    outer loop
      vertex 8 54.2268 8.42215
      vertex 0 54 8.44
      vertex 0 54.2268 8.42215
    endloop
  endfacet
  facet normal 0 0.0784611 -0.996917
    outer loop
      vertex 0 53.7732 8.42215
      vertex 8 54 8.44
      vertex 8 53.7732 8.42215
    endloop
  endfacet
  facet normal 0 0.0784611 -0.996917
    outer loop
      vertex 8 54 8.44
      vertex 0 53.7732 8.42215
      vertex 0 54 8.44
    endloop
  endfacet
  facet normal 0 0.923991 -0.382414
    outer loop
      vertex 8 52.621 7.43808
      vertex 0 52.708 7.64829
      vertex 8 52.708 7.64829
    endloop
  endfacet
  facet normal 0 0.923991 -0.382414
    outer loop
      vertex 0 52.708 7.64829
      vertex 8 52.621 7.43808
      vertex 0 52.621 7.43808
    endloop
  endfacet
  facet normal 0 0.760347 0.649517
    outer loop
      vertex 8 52.9747 5.96469
      vertex 0 52.8269 6.13771
      vertex 8 52.8269 6.13771
    endloop
  endfacet
  facet normal 0 0.760347 0.649517
    outer loop
      vertex 0 52.8269 6.13771
      vertex 8 52.9747 5.96469
      vertex 0 52.9747 5.96469
    endloop
  endfacet
  facet normal 0 -0.382692 0.923876
    outer loop
      vertex 0 54.6583 5.69804
      vertex 8 54.4481 5.61097
      vertex 8 54.6583 5.69804
    endloop
  endfacet
  facet normal 0 -0.382692 0.923876
    outer loop
      vertex 8 54.4481 5.61097
      vertex 0 54.6583 5.69804
      vertex 0 54.4481 5.61097
    endloop
  endfacet
  facet normal -0 0.233406 0.972379
    outer loop
      vertex 0 53.7732 5.55785
      vertex 8 53.5519 5.61097
      vertex 8 53.7732 5.55785
    endloop
  endfacet
  facet normal 0 0.233406 0.972379
    outer loop
      vertex 8 53.5519 5.61097
      vertex 0 53.7732 5.55785
      vertex 0 53.5519 5.61097
    endloop
  endfacet
  facet normal 0 -0.852608 -0.522552
    outer loop
      vertex 0 55.292 7.64829
      vertex 8 55.1731 7.84229
      vertex 0 55.1731 7.84229
    endloop
  endfacet
  facet normal 0 -0.852608 -0.522552
    outer loop
      vertex 8 55.1731 7.84229
      vertex 0 55.292 7.64829
      vertex 8 55.292 7.64829
    endloop
  endfacet
  facet normal 0 0.852608 0.522552
    outer loop
      vertex 8 52.8269 6.13771
      vertex 0 52.708 6.33171
      vertex 8 52.708 6.33171
    endloop
  endfacet
  facet normal 0 0.852608 0.522552
    outer loop
      vertex 0 52.708 6.33171
      vertex 8 52.8269 6.13771
      vertex 0 52.8269 6.13771
    endloop
  endfacet
  facet normal 0 -0.923991 -0.382414
    outer loop
      vertex 0 55.379 7.43808
      vertex 8 55.292 7.64829
      vertex 0 55.292 7.64829
    endloop
  endfacet
  facet normal 0 -0.923991 -0.382414
    outer loop
      vertex 8 55.292 7.64829
      vertex 0 55.379 7.43808
      vertex 8 55.379 7.43808
    endloop
  endfacet
  facet normal 0 -0.233406 -0.972379
    outer loop
      vertex 0 54.2268 8.42215
      vertex 8 54.4481 8.36903
      vertex 8 54.2268 8.42215
    endloop
  endfacet
  facet normal -0 -0.233406 -0.972379
    outer loop
      vertex 8 54.4481 8.36903
      vertex 0 54.2268 8.42215
      vertex 0 54.4481 8.36903
    endloop
  endfacet
  facet normal 0 -0.996901 0.0786692
    outer loop
      vertex 0 55.4321 6.76317
      vertex 8 55.45 6.99
      vertex 0 55.45 6.99
    endloop
  endfacet
  facet normal 0 -0.996901 0.0786692
    outer loop
      vertex 8 55.45 6.99
      vertex 0 55.4321 6.76317
      vertex 8 55.4321 6.76317
    endloop
  endfacet
  facet normal 0 -0.382692 -0.923876
    outer loop
      vertex 0 54.4481 8.36903
      vertex 8 54.6583 8.28196
      vertex 8 54.4481 8.36903
    endloop
  endfacet
  facet normal -0 -0.382692 -0.923876
    outer loop
      vertex 8 54.6583 8.28196
      vertex 0 54.4481 8.36903
      vertex 0 54.6583 8.28196
    endloop
  endfacet
  facet normal 0 -0.972387 -0.233373
    outer loop
      vertex 0 55.4321 7.21683
      vertex 8 55.379 7.43808
      vertex 0 55.379 7.43808
    endloop
  endfacet
  facet normal 0 -0.972387 -0.233373
    outer loop
      vertex 8 55.379 7.43808
      vertex 0 55.4321 7.21683
      vertex 8 55.4321 7.21683
    endloop
  endfacet
  facet normal 0 -0.52252 -0.852627
    outer loop
      vertex 0 54.6583 8.28196
      vertex 8 54.8523 8.16307
      vertex 8 54.6583 8.28196
    endloop
  endfacet
  facet normal -0 -0.52252 -0.852627
    outer loop
      vertex 8 54.8523 8.16307
      vertex 0 54.6583 8.28196
      vertex 0 54.8523 8.16307
    endloop
  endfacet
  facet normal 0 0.233406 -0.972379
    outer loop
      vertex 0 53.5519 8.36903
      vertex 8 53.7732 8.42215
      vertex 8 53.5519 8.36903
    endloop
  endfacet
  facet normal 0 0.233406 -0.972379
    outer loop
      vertex 8 53.7732 8.42215
      vertex 0 53.5519 8.36903
      vertex 0 53.7732 8.42215
    endloop
  endfacet
  facet normal 0 0.996901 -0.0786692
    outer loop
      vertex 8 52.55 6.99
      vertex 0 52.5679 7.21683
      vertex 8 52.5679 7.21683
    endloop
  endfacet
  facet normal 0 0.996901 -0.0786692
    outer loop
      vertex 0 52.5679 7.21683
      vertex 8 52.55 6.99
      vertex 0 52.55 6.99
    endloop
  endfacet
  facet normal 0 0.996901 0.0786692
    outer loop
      vertex 8 52.5679 6.76317
      vertex 0 52.55 6.99
      vertex 8 52.55 6.99
    endloop
  endfacet
  facet normal 0 0.996901 0.0786692
    outer loop
      vertex 0 52.55 6.99
      vertex 8 52.5679 6.76317
      vertex 0 52.5679 6.76317
    endloop
  endfacet
  facet normal 0 0.923998 0.382398
    outer loop
      vertex 8 52.708 6.33171
      vertex 0 52.621 6.54193
      vertex 8 52.621 6.54193
    endloop
  endfacet
  facet normal 0 0.923998 0.382398
    outer loop
      vertex 0 52.621 6.54193
      vertex 8 52.708 6.33171
      vertex 0 52.708 6.33171
    endloop
  endfacet
  facet normal 0 0.760347 -0.649517
    outer loop
      vertex 8 52.8269 7.84229
      vertex 0 52.9747 8.01531
      vertex 8 52.9747 8.01531
    endloop
  endfacet
  facet normal 0 0.760347 -0.649517
    outer loop
      vertex 0 52.9747 8.01531
      vertex 8 52.8269 7.84229
      vertex 0 52.8269 7.84229
    endloop
  endfacet
  facet normal 0 0.852608 -0.522552
    outer loop
      vertex 8 52.708 7.64829
      vertex 0 52.8269 7.84229
      vertex 8 52.8269 7.84229
    endloop
  endfacet
  facet normal 0 0.852608 -0.522552
    outer loop
      vertex 0 52.8269 7.84229
      vertex 8 52.708 7.64829
      vertex 0 52.708 7.64829
    endloop
  endfacet
  facet normal 0 -0.233406 0.972379
    outer loop
      vertex 0 54.4481 5.61097
      vertex 8 54.2268 5.55785
      vertex 8 54.4481 5.61097
    endloop
  endfacet
  facet normal 0 -0.233406 0.972379
    outer loop
      vertex 8 54.2268 5.55785
      vertex 0 54.4481 5.61097
      vertex 0 54.2268 5.55785
    endloop
  endfacet
  facet normal 0 -0.923998 0.382398
    outer loop
      vertex 0 55.292 6.33171
      vertex 8 55.379 6.54193
      vertex 0 55.379 6.54193
    endloop
  endfacet
  facet normal 0 -0.923998 0.382398
    outer loop
      vertex 8 55.379 6.54193
      vertex 0 55.292 6.33171
      vertex 8 55.292 6.33171
    endloop
  endfacet
  facet normal 0 -0.649458 0.760397
    outer loop
      vertex 0 55.0253 5.96469
      vertex 8 54.8523 5.81693
      vertex 8 55.0253 5.96469
    endloop
  endfacet
  facet normal 0 -0.649458 0.760397
    outer loop
      vertex 8 54.8523 5.81693
      vertex 0 55.0253 5.96469
      vertex 0 54.8523 5.81693
    endloop
  endfacet
  facet normal 0 0.649458 -0.760397
    outer loop
      vertex 0 52.9747 8.01531
      vertex 8 53.1477 8.16307
      vertex 8 52.9747 8.01531
    endloop
  endfacet
  facet normal 0 0.649458 -0.760397
    outer loop
      vertex 8 53.1477 8.16307
      vertex 0 52.9747 8.01531
      vertex 0 53.1477 8.16307
    endloop
  endfacet
  facet normal 0 0.52252 -0.852627
    outer loop
      vertex 0 53.1477 8.16307
      vertex 8 53.3417 8.28196
      vertex 8 53.1477 8.16307
    endloop
  endfacet
  facet normal 0 0.52252 -0.852627
    outer loop
      vertex 8 53.3417 8.28196
      vertex 0 53.1477 8.16307
      vertex 0 53.3417 8.28196
    endloop
  endfacet
  facet normal 0 -0.972385 0.233383
    outer loop
      vertex 0 55.379 6.54193
      vertex 8 55.4321 6.76317
      vertex 0 55.4321 6.76317
    endloop
  endfacet
  facet normal 0 -0.972385 0.233383
    outer loop
      vertex 8 55.4321 6.76317
      vertex 0 55.379 6.54193
      vertex 8 55.379 6.54193
    endloop
  endfacet
  facet normal 0 -0.760347 -0.649517
    outer loop
      vertex 0 55.1731 7.84229
      vertex 8 55.0253 8.01531
      vertex 0 55.0253 8.01531
    endloop
  endfacet
  facet normal 0 -0.760347 -0.649517
    outer loop
      vertex 8 55.0253 8.01531
      vertex 0 55.1731 7.84229
      vertex 8 55.1731 7.84229
    endloop
  endfacet
  facet normal -0 0.52252 0.852627
    outer loop
      vertex 0 53.3417 5.69804
      vertex 8 53.1477 5.81693
      vertex 8 53.3417 5.69804
    endloop
  endfacet
  facet normal 0 0.52252 0.852627
    outer loop
      vertex 8 53.1477 5.81693
      vertex 0 53.3417 5.69804
      vertex 0 53.1477 5.81693
    endloop
  endfacet
  facet normal 0 -0.52252 0.852627
    outer loop
      vertex 0 54.8523 5.81693
      vertex 8 54.6583 5.69804
      vertex 8 54.8523 5.81693
    endloop
  endfacet
  facet normal 0 -0.52252 0.852627
    outer loop
      vertex 8 54.6583 5.69804
      vertex 0 54.8523 5.81693
      vertex 0 54.6583 5.69804
    endloop
  endfacet
  facet normal -0 0.649458 0.760397
    outer loop
      vertex 0 53.1477 5.81693
      vertex 8 52.9747 5.96469
      vertex 8 53.1477 5.81693
    endloop
  endfacet
  facet normal 0 0.649458 0.760397
    outer loop
      vertex 8 52.9747 5.96469
      vertex 0 53.1477 5.81693
      vertex 0 52.9747 5.96469
    endloop
  endfacet
  facet normal 0 -0.0784611 0.996917
    outer loop
      vertex 0 54.2268 5.55785
      vertex 8 54 5.54
      vertex 8 54.2268 5.55785
    endloop
  endfacet
  facet normal 0 -0.0784611 0.996917
    outer loop
      vertex 8 54 5.54
      vertex 0 54.2268 5.55785
      vertex 0 54 5.54
    endloop
  endfacet
  facet normal 0 0.972387 -0.233373
    outer loop
      vertex 8 52.5679 7.21683
      vertex 0 52.621 7.43808
      vertex 8 52.621 7.43808
    endloop
  endfacet
  facet normal 0 0.972387 -0.233373
    outer loop
      vertex 0 52.621 7.43808
      vertex 8 52.5679 7.21683
      vertex 0 52.5679 7.21683
    endloop
  endfacet
  facet normal 0 -0.649458 -0.760397
    outer loop
      vertex 0 54.8523 8.16307
      vertex 8 55.0253 8.01531
      vertex 8 54.8523 8.16307
    endloop
  endfacet
  facet normal -0 -0.649458 -0.760397
    outer loop
      vertex 8 55.0253 8.01531
      vertex 0 54.8523 8.16307
      vertex 0 55.0253 8.01531
    endloop
  endfacet
  facet normal -0 0.0784611 0.996917
    outer loop
      vertex 0 54 5.54
      vertex 8 53.7732 5.55785
      vertex 8 54 5.54
    endloop
  endfacet
  facet normal 0 0.0784611 0.996917
    outer loop
      vertex 8 53.7732 5.55785
      vertex 0 54 5.54
      vertex 0 53.7732 5.55785
    endloop
  endfacet
  facet normal 0 -0.996901 -0.0786692
    outer loop
      vertex 0 55.45 6.99
      vertex 8 55.4321 7.21683
      vertex 0 55.4321 7.21683
    endloop
  endfacet
  facet normal 0 -0.996901 -0.0786692
    outer loop
      vertex 8 55.4321 7.21683
      vertex 0 55.45 6.99
      vertex 8 55.45 6.99
    endloop
  endfacet
  facet normal -0 0.382692 0.923876
    outer loop
      vertex 0 53.5519 5.61097
      vertex 8 53.3417 5.69804
      vertex 8 53.5519 5.61097
    endloop
  endfacet
  facet normal 0 0.382692 0.923876
    outer loop
      vertex 8 53.3417 5.69804
      vertex 0 53.5519 5.61097
      vertex 0 53.3417 5.69804
    endloop
  endfacet
  facet normal -1 0 0
    outer loop
      vertex 8 55.4321 6.76317
      vertex 8 55.4321 7.21683
      vertex 8 55.45 6.99
    endloop
  endfacet
  facet normal -1 0 0
    outer loop
      vertex 8 55.379 6.54193
      vertex 8 55.4321 7.21683
      vertex 8 55.4321 6.76317
    endloop
  endfacet
  facet normal -1 0 0
    outer loop
      vertex 8 55.379 6.54193
      vertex 8 55.379 7.43808
      vertex 8 55.4321 7.21683
    endloop
  endfacet
  facet normal -1 0 0
    outer loop
      vertex 8 55.292 6.33171
      vertex 8 55.379 7.43808
      vertex 8 55.379 6.54193
    endloop
  endfacet
  facet normal -1 0 0
    outer loop
      vertex 8 55.292 6.33171
      vertex 8 55.292 7.64829
      vertex 8 55.379 7.43808
    endloop
  endfacet
  facet normal -1 0 0
    outer loop
      vertex 8 55.1731 6.13771
      vertex 8 55.292 7.64829
      vertex 8 55.292 6.33171
    endloop
  endfacet
  facet normal -1 0 0
    outer loop
      vertex 8 55.1731 6.13771
      vertex 8 55.1731 7.84229
      vertex 8 55.292 7.64829
    endloop
  endfacet
  facet normal -1 0 0
    outer loop
      vertex 8 55.0253 5.96469
      vertex 8 55.1731 7.84229
      vertex 8 55.1731 6.13771
    endloop
  endfacet
  facet normal -1 0 0
    outer loop
      vertex 8 55.0253 5.96469
      vertex 8 55.0253 8.01531
      vertex 8 55.1731 7.84229
    endloop
  endfacet
  facet normal -1 0 0
    outer loop
      vertex 8 54.8523 5.81693
      vertex 8 55.0253 8.01531
      vertex 8 55.0253 5.96469
    endloop
  endfacet
  facet normal -1 0 0
    outer loop
      vertex 8 54.8523 5.81693
      vertex 8 54.8523 8.16307
      vertex 8 55.0253 8.01531
    endloop
  endfacet
  facet normal -1 0 0
    outer loop
      vertex 8 54.6583 5.69804
      vertex 8 54.8523 8.16307
      vertex 8 54.8523 5.81693
    endloop
  endfacet
  facet normal -1 0 0
    outer loop
      vertex 8 54.6583 5.69804
      vertex 8 54.6583 8.28196
      vertex 8 54.8523 8.16307
    endloop
  endfacet
  facet normal -1 0 0
    outer loop
      vertex 8 54.4481 5.61097
      vertex 8 54.6583 8.28196
      vertex 8 54.6583 5.69804
    endloop
  endfacet
  facet normal -1 0 0
    outer loop
      vertex 8 54.4481 5.61097
      vertex 8 54.4481 8.36903
      vertex 8 54.6583 8.28196
    endloop
  endfacet
  facet normal -1 0 0
    outer loop
      vertex 8 54.2268 5.55785
      vertex 8 54.4481 8.36903
      vertex 8 54.4481 5.61097
    endloop
  endfacet
  facet normal -1 0 0
    outer loop
      vertex 8 54.2268 5.55785
      vertex 8 54.2268 8.42215
      vertex 8 54.4481 8.36903
    endloop
  endfacet
  facet normal -1 0 0
    outer loop
      vertex 8 54 5.54
      vertex 8 54.2268 8.42215
      vertex 8 54.2268 5.55785
    endloop
  endfacet
  facet normal -1 0 0
    outer loop
      vertex 8 54 5.54
      vertex 8 54 8.44
      vertex 8 54.2268 8.42215
    endloop
  endfacet
  facet normal -1 0 0
    outer loop
      vertex 8 53.7732 5.55785
      vertex 8 54 8.44
      vertex 8 54 5.54
    endloop
  endfacet
  facet normal -1 0 0
    outer loop
      vertex 8 53.7732 5.55785
      vertex 8 53.7732 8.42215
      vertex 8 54 8.44
    endloop
  endfacet
  facet normal -1 0 0
    outer loop
      vertex 8 53.5519 5.61097
      vertex 8 53.7732 8.42215
      vertex 8 53.7732 5.55785
    endloop
  endfacet
  facet normal -1 0 0
    outer loop
      vertex 8 53.5519 5.61097
      vertex 8 53.5519 8.36903
      vertex 8 53.7732 8.42215
    endloop
  endfacet
  facet normal -1 0 0
    outer loop
      vertex 8 53.3417 5.69804
      vertex 8 53.5519 8.36903
      vertex 8 53.5519 5.61097
    endloop
  endfacet
  facet normal -1 0 0
    outer loop
      vertex 8 53.3417 5.69804
      vertex 8 53.3417 8.28196
      vertex 8 53.5519 8.36903
    endloop
  endfacet
  facet normal -1 0 0
    outer loop
      vertex 8 53.1477 5.81693
      vertex 8 53.3417 8.28196
      vertex 8 53.3417 5.69804
    endloop
  endfacet
  facet normal -1 0 0
    outer loop
      vertex 8 53.1477 5.81693
      vertex 8 53.1477 8.16307
      vertex 8 53.3417 8.28196
    endloop
  endfacet
  facet normal -1 0 0
    outer loop
      vertex 8 52.9747 5.96469
      vertex 8 53.1477 8.16307
      vertex 8 53.1477 5.81693
    endloop
  endfacet
  facet normal -1 0 0
    outer loop
      vertex 8 52.9747 5.96469
      vertex 8 52.9747 8.01531
      vertex 8 53.1477 8.16307
    endloop
  endfacet
  facet normal -1 0 0
    outer loop
      vertex 8 52.8269 6.13771
      vertex 8 52.9747 8.01531
      vertex 8 52.9747 5.96469
    endloop
  endfacet
  facet normal -1 0 0
    outer loop
      vertex 8 52.8269 6.13771
      vertex 8 52.8269 7.84229
      vertex 8 52.9747 8.01531
    endloop
  endfacet
  facet normal -1 0 0
    outer loop
      vertex 8 52.708 6.33171
      vertex 8 52.8269 7.84229
      vertex 8 52.8269 6.13771
    endloop
  endfacet
  facet normal -1 0 0
    outer loop
      vertex 8 52.708 6.33171
      vertex 8 52.708 7.64829
      vertex 8 52.8269 7.84229
    endloop
  endfacet
  facet normal -1 0 0
    outer loop
      vertex 8 52.621 6.54193
      vertex 8 52.708 7.64829
      vertex 8 52.708 6.33171
    endloop
  endfacet
  facet normal -1 0 0
    outer loop
      vertex 8 52.621 6.54193
      vertex 8 52.621 7.43808
      vertex 8 52.708 7.64829
    endloop
  endfacet
  facet normal -1 0 0
    outer loop
      vertex 8 52.5679 6.76317
      vertex 8 52.621 7.43808
      vertex 8 52.621 6.54193
    endloop
  endfacet
  facet normal -1 0 0
    outer loop
      vertex 8 52.5679 6.76317
      vertex 8 52.5679 7.21683
      vertex 8 52.621 7.43808
    endloop
  endfacet
  facet normal -1 0 -0
    outer loop
      vertex 8 52.5679 7.21683
      vertex 8 52.5679 6.76317
      vertex 8 52.55 6.99
    endloop
  endfacet
  facet normal 0 -0.760347 0.649517
    outer loop
      vertex 0 55.0253 5.96469
      vertex 8 55.1731 6.13771
      vertex 0 55.1731 6.13771
    endloop
  endfacet
  facet normal 0 -0.760347 0.649517
    outer loop
      vertex 8 55.1731 6.13771
      vertex 0 55.0253 5.96469
      vertex 8 55.0253 5.96469
    endloop
  endfacet
  facet normal 0 -0.852608 0.522552
    outer loop
      vertex 0 55.1731 6.13771
      vertex 8 55.292 6.33171
      vertex 0 55.292 6.33171
    endloop
  endfacet
  facet normal 0 -0.852608 0.522552
    outer loop
      vertex 8 55.292 6.33171
      vertex 0 55.1731 6.13771
      vertex 8 55.1731 6.13771
    endloop
  endfacet
  facet normal -1 0 0
    outer loop
      vertex 20 10.25 19.49
      vertex 20 21.75 35.74
      vertex 20 21.75 19.49
    endloop
  endfacet
  facet normal -1 -0 0
    outer loop
      vertex 20 21.75 35.74
      vertex 20 10.25 19.49
      vertex 20 10.25 35.74
    endloop
  endfacet
  facet normal -0 0 1
    outer loop
      vertex 0 21.75 19.49
      vertex 20 10.25 19.49
      vertex 20 21.75 19.49
    endloop
  endfacet
  facet normal 0 0 1
    outer loop
      vertex 20 10.25 19.49
      vertex 0 21.75 19.49
      vertex 0 10.25 19.49
    endloop
  endfacet
  facet normal 0 1 0
    outer loop
      vertex 20 10.25 35.74
      vertex 10.2266 10.25 32.9025
      vertex 0 10.25 35.74
    endloop
  endfacet
  facet normal 0 1 0
    outer loop
      vertex 20 10.25 35.74
      vertex 11.4445 10.25 31.6845
      vertex 10.2266 10.25 32.9025
    endloop
  endfacet
  facet normal 0 1 0
    outer loop
      vertex 20 10.25 35.74
      vertex 11.7248 10.25 31.3564
      vertex 11.4445 10.25 31.6845
    endloop
  endfacet
  facet normal 0 1 0
    outer loop
      vertex 20 10.25 35.74
      vertex 11.9503 10.25 30.9885
      vertex 11.7248 10.25 31.3564
    endloop
  endfacet
  facet normal 0 1 0
    outer loop
      vertex 20 10.25 35.74
      vertex 12.1154 10.25 30.5898
      vertex 11.9503 10.25 30.9885
    endloop
  endfacet
  facet normal 0 1 0
    outer loop
      vertex 20 10.25 35.74
      vertex 12.2161 10.25 30.1702
      vertex 12.1154 10.25 30.5898
    endloop
  endfacet
  facet normal 0 1 0
    outer loop
      vertex 20 10.25 35.74
      vertex 12.25 10.25 29.74
      vertex 12.2161 10.25 30.1702
    endloop
  endfacet
  facet normal 0 1 0
    outer loop
      vertex 20 10.25 35.74
      vertex 12.2161 10.25 29.3098
      vertex 12.25 10.25 29.74
    endloop
  endfacet
  facet normal 0 1 -0
    outer loop
      vertex 20 10.25 19.49
      vertex 12.2161 10.25 29.3098
      vertex 20 10.25 35.74
    endloop
  endfacet
  facet normal 0 1 0
    outer loop
      vertex 12.2161 10.25 29.3098
      vertex 20 10.25 19.49
      vertex 12.1154 10.25 28.8902
    endloop
  endfacet
  facet normal 0 1 0
    outer loop
      vertex 12.1154 10.25 28.8902
      vertex 20 10.25 19.49
      vertex 11.9503 10.25 28.4915
    endloop
  endfacet
  facet normal 0 1 0
    outer loop
      vertex 11.9503 10.25 28.4915
      vertex 20 10.25 19.49
      vertex 11.7248 10.25 28.1236
    endloop
  endfacet
  facet normal 0 1 0
    outer loop
      vertex 9.93019 10.25 27.0239
      vertex 20 10.25 19.49
      vertex 9.5 10.25 26.99
    endloop
  endfacet
  facet normal 0 1 0
    outer loop
      vertex 10.3498 10.25 27.1246
      vertex 20 10.25 19.49
      vertex 9.93019 10.25 27.0239
    endloop
  endfacet
  facet normal 0 1 0
    outer loop
      vertex 10.7485 10.25 27.2897
      vertex 20 10.25 19.49
      vertex 10.3498 10.25 27.1246
    endloop
  endfacet
  facet normal 0 1 0
    outer loop
      vertex 11.1164 10.25 27.5152
      vertex 20 10.25 19.49
      vertex 10.7485 10.25 27.2897
    endloop
  endfacet
  facet normal 0 1 0
    outer loop
      vertex 11.4445 10.25 27.7955
      vertex 20 10.25 19.49
      vertex 11.1164 10.25 27.5152
    endloop
  endfacet
  facet normal 0 1 0
    outer loop
      vertex 11.7248 10.25 28.1236
      vertex 20 10.25 19.49
      vertex 11.4445 10.25 27.7955
    endloop
  endfacet
  facet normal 0 1 -0
    outer loop
      vertex 8.77341 10.25 32.9025
      vertex 0 10.25 35.74
      vertex 10.2266 10.25 32.9025
    endloop
  endfacet
  facet normal 0 1 -0
    outer loop
      vertex 7.55547 10.25 31.6845
      vertex 0 10.25 35.74
      vertex 8.77341 10.25 32.9025
    endloop
  endfacet
  facet normal 0 1 -0
    outer loop
      vertex 7.27521 10.25 31.3564
      vertex 0 10.25 35.74
      vertex 7.55547 10.25 31.6845
    endloop
  endfacet
  facet normal 0 1 -0
    outer loop
      vertex 7.04974 10.25 30.9885
      vertex 0 10.25 35.74
      vertex 7.27521 10.25 31.3564
    endloop
  endfacet
  facet normal 0 1 -0
    outer loop
      vertex 6.8846 10.25 30.5898
      vertex 0 10.25 35.74
      vertex 7.04974 10.25 30.9885
    endloop
  endfacet
  facet normal 0 1 -0
    outer loop
      vertex 6.78386 10.25 30.1702
      vertex 0 10.25 35.74
      vertex 6.8846 10.25 30.5898
    endloop
  endfacet
  facet normal 0 1 -0
    outer loop
      vertex 6.75 10.25 29.74
      vertex 0 10.25 35.74
      vertex 6.78386 10.25 30.1702
    endloop
  endfacet
  facet normal 0 1 0
    outer loop
      vertex 6.78386 10.25 29.3098
      vertex 0 10.25 35.74
      vertex 6.75 10.25 29.74
    endloop
  endfacet
  facet normal 0 1 0
    outer loop
      vertex 0 10.25 19.49
      vertex 6.78386 10.25 29.3098
      vertex 6.8846 10.25 28.8902
    endloop
  endfacet
  facet normal 0 1 0
    outer loop
      vertex 0 10.25 19.49
      vertex 6.8846 10.25 28.8902
      vertex 7.04974 10.25 28.4915
    endloop
  endfacet
  facet normal 0 1 0
    outer loop
      vertex 0 10.25 19.49
      vertex 7.04974 10.25 28.4915
      vertex 7.27521 10.25 28.1236
    endloop
  endfacet
  facet normal 0 1 0
    outer loop
      vertex 0 10.25 19.49
      vertex 7.27521 10.25 28.1236
      vertex 7.55547 10.25 27.7955
    endloop
  endfacet
  facet normal 0 1 0
    outer loop
      vertex 0 10.25 19.49
      vertex 9.5 10.25 26.99
      vertex 20 10.25 19.49
    endloop
  endfacet
  facet normal 0 1 0
    outer loop
      vertex 9.5 10.25 26.99
      vertex 0 10.25 19.49
      vertex 9.06981 10.25 27.0239
    endloop
  endfacet
  facet normal 0 1 0
    outer loop
      vertex 9.06981 10.25 27.0239
      vertex 0 10.25 19.49
      vertex 8.65021 10.25 27.1246
    endloop
  endfacet
  facet normal 0 1 0
    outer loop
      vertex 8.65021 10.25 27.1246
      vertex 0 10.25 19.49
      vertex 8.25154 10.25 27.2897
    endloop
  endfacet
  facet normal 0 1 0
    outer loop
      vertex 6.78386 10.25 29.3098
      vertex 0 10.25 19.49
      vertex 0 10.25 35.74
    endloop
  endfacet
  facet normal 0 1 0
    outer loop
      vertex 7.88359 10.25 27.5152
      vertex 0 10.25 19.49
      vertex 7.55547 10.25 27.7955
    endloop
  endfacet
  facet normal 0 1 0
    outer loop
      vertex 8.25154 10.25 27.2897
      vertex 0 10.25 19.49
      vertex 7.88359 10.25 27.5152
    endloop
  endfacet
  facet normal 0 -1 0
    outer loop
      vertex 10.2266 21.75 32.9025
      vertex 0 21.75 35.74
      vertex 8.77341 21.75 32.9025
    endloop
  endfacet
  facet normal 0 -1 0
    outer loop
      vertex 0 21.75 35.74
      vertex 7.55547 21.75 31.6845
      vertex 8.77341 21.75 32.9025
    endloop
  endfacet
  facet normal 0 -1 0
    outer loop
      vertex 0 21.75 35.74
      vertex 7.27521 21.75 31.3564
      vertex 7.55547 21.75 31.6845
    endloop
  endfacet
  facet normal 0 -1 0
    outer loop
      vertex 0 21.75 35.74
      vertex 7.04974 21.75 30.9885
      vertex 7.27521 21.75 31.3564
    endloop
  endfacet
  facet normal 0 -1 0
    outer loop
      vertex 0 21.75 35.74
      vertex 6.8846 21.75 30.5898
      vertex 7.04974 21.75 30.9885
    endloop
  endfacet
  facet normal 0 -1 0
    outer loop
      vertex 0 21.75 35.74
      vertex 6.78386 21.75 30.1702
      vertex 6.8846 21.75 30.5898
    endloop
  endfacet
  facet normal 0 -1 0
    outer loop
      vertex 0 21.75 35.74
      vertex 6.75 21.75 29.74
      vertex 6.78386 21.75 30.1702
    endloop
  endfacet
  facet normal 0 -1 0
    outer loop
      vertex 0 21.75 35.74
      vertex 6.78386 21.75 29.3098
      vertex 6.75 21.75 29.74
    endloop
  endfacet
  facet normal 0 -1 0
    outer loop
      vertex 0 21.75 19.49
      vertex 6.78386 21.75 29.3098
      vertex 0 21.75 35.74
    endloop
  endfacet
  facet normal 0 -1 -0
    outer loop
      vertex 6.78386 21.75 29.3098
      vertex 0 21.75 19.49
      vertex 6.8846 21.75 28.8902
    endloop
  endfacet
  facet normal 0 -1 -0
    outer loop
      vertex 6.8846 21.75 28.8902
      vertex 0 21.75 19.49
      vertex 7.04974 21.75 28.4915
    endloop
  endfacet
  facet normal 0 -1 -0
    outer loop
      vertex 7.04974 21.75 28.4915
      vertex 0 21.75 19.49
      vertex 7.27521 21.75 28.1236
    endloop
  endfacet
  facet normal 0 -1 -0
    outer loop
      vertex 9.06981 21.75 27.0239
      vertex 0 21.75 19.49
      vertex 9.5 21.75 26.99
    endloop
  endfacet
  facet normal 0 -1 -0
    outer loop
      vertex 8.65021 21.75 27.1246
      vertex 0 21.75 19.49
      vertex 9.06981 21.75 27.0239
    endloop
  endfacet
  facet normal 0 -1 -0
    outer loop
      vertex 8.25154 21.75 27.2897
      vertex 0 21.75 19.49
      vertex 8.65021 21.75 27.1246
    endloop
  endfacet
  facet normal 0 -1 -0
    outer loop
      vertex 7.88359 21.75 27.5152
      vertex 0 21.75 19.49
      vertex 8.25154 21.75 27.2897
    endloop
  endfacet
  facet normal 0 -1 -0
    outer loop
      vertex 7.55547 21.75 27.7955
      vertex 0 21.75 19.49
      vertex 7.88359 21.75 27.5152
    endloop
  endfacet
  facet normal 0 -1 -0
    outer loop
      vertex 7.27521 21.75 28.1236
      vertex 0 21.75 19.49
      vertex 7.55547 21.75 27.7955
    endloop
  endfacet
  facet normal 0 -1 0
    outer loop
      vertex 0 21.75 35.74
      vertex 10.2266 21.75 32.9025
      vertex 20 21.75 35.74
    endloop
  endfacet
  facet normal 0 -1 0
    outer loop
      vertex 11.4445 21.75 31.6845
      vertex 20 21.75 35.74
      vertex 10.2266 21.75 32.9025
    endloop
  endfacet
  facet normal 0 -1 0
    outer loop
      vertex 11.7248 21.75 31.3564
      vertex 20 21.75 35.74
      vertex 11.4445 21.75 31.6845
    endloop
  endfacet
  facet normal 0 -1 0
    outer loop
      vertex 11.9503 21.75 30.9885
      vertex 20 21.75 35.74
      vertex 11.7248 21.75 31.3564
    endloop
  endfacet
  facet normal 0 -1 0
    outer loop
      vertex 12.1154 21.75 30.5898
      vertex 20 21.75 35.74
      vertex 11.9503 21.75 30.9885
    endloop
  endfacet
  facet normal 0 -1 0
    outer loop
      vertex 12.2161 21.75 30.1702
      vertex 20 21.75 35.74
      vertex 12.1154 21.75 30.5898
    endloop
  endfacet
  facet normal 0 -1 0
    outer loop
      vertex 12.25 21.75 29.74
      vertex 20 21.75 35.74
      vertex 12.2161 21.75 30.1702
    endloop
  endfacet
  facet normal 0 -1 0
    outer loop
      vertex 12.2161 21.75 29.3098
      vertex 20 21.75 35.74
      vertex 12.25 21.75 29.74
    endloop
  endfacet
  facet normal 0 -1 0
    outer loop
      vertex 20 21.75 19.49
      vertex 12.2161 21.75 29.3098
      vertex 12.1154 21.75 28.8902
    endloop
  endfacet
  facet normal 0 -1 0
    outer loop
      vertex 20 21.75 19.49
      vertex 12.1154 21.75 28.8902
      vertex 11.9503 21.75 28.4915
    endloop
  endfacet
  facet normal 0 -1 0
    outer loop
      vertex 20 21.75 19.49
      vertex 11.9503 21.75 28.4915
      vertex 11.7248 21.75 28.1236
    endloop
  endfacet
  facet normal 0 -1 0
    outer loop
      vertex 20 21.75 19.49
      vertex 11.7248 21.75 28.1236
      vertex 11.4445 21.75 27.7955
    endloop
  endfacet
  facet normal 0 -1 0
    outer loop
      vertex 20 21.75 19.49
      vertex 9.5 21.75 26.99
      vertex 0 21.75 19.49
    endloop
  endfacet
  facet normal 0 -1 0
    outer loop
      vertex 9.5 21.75 26.99
      vertex 20 21.75 19.49
      vertex 9.93019 21.75 27.0239
    endloop
  endfacet
  facet normal 0 -1 0
    outer loop
      vertex 9.93019 21.75 27.0239
      vertex 20 21.75 19.49
      vertex 10.3498 21.75 27.1246
    endloop
  endfacet
  facet normal 0 -1 0
    outer loop
      vertex 10.3498 21.75 27.1246
      vertex 20 21.75 19.49
      vertex 10.7485 21.75 27.2897
    endloop
  endfacet
  facet normal 0 -1 0
    outer loop
      vertex 12.2161 21.75 29.3098
      vertex 20 21.75 19.49
      vertex 20 21.75 35.74
    endloop
  endfacet
  facet normal 0 -1 0
    outer loop
      vertex 11.1164 21.75 27.5152
      vertex 20 21.75 19.49
      vertex 11.4445 21.75 27.7955
    endloop
  endfacet
  facet normal 0 -1 0
    outer loop
      vertex 10.7485 21.75 27.2897
      vertex 20 21.75 19.49
      vertex 11.1164 21.75 27.5152
    endloop
  endfacet
  facet normal 0.233364 0 0.972389
    outer loop
      vertex 8.65021 10.25 27.1246
      vertex 9.06981 6.25 27.0239
      vertex 9.06981 10.25 27.0239
    endloop
  endfacet
  facet normal 0.233364 0 0.972389
    outer loop
      vertex 9.06981 6.25 27.0239
      vertex 8.65021 10.25 27.1246
      vertex 8.65021 6.25 27.1246
    endloop
  endfacet
  facet normal 0.233364 0 0.972389
    outer loop
      vertex 8.65021 25.75 27.1246
      vertex 9.06981 21.75 27.0239
      vertex 9.06981 25.75 27.0239
    endloop
  endfacet
  facet normal 0.233364 0 0.972389
    outer loop
      vertex 9.06981 21.75 27.0239
      vertex 8.65021 25.75 27.1246
      vertex 8.65021 21.75 27.1246
    endloop
  endfacet
  facet normal -0.852588 0 -0.522584
    outer loop
      vertex 11.9503 6.25 30.9885
      vertex 11.7248 10.25 31.3564
      vertex 11.9503 10.25 30.9885
    endloop
  endfacet
  facet normal -0.852588 -0 -0.522584
    outer loop
      vertex 11.7248 10.25 31.3564
      vertex 11.9503 6.25 30.9885
      vertex 11.7248 6.25 31.3564
    endloop
  endfacet
  facet normal -0.852588 0 -0.522584
    outer loop
      vertex 11.9503 21.75 30.9885
      vertex 11.7248 25.75 31.3564
      vertex 11.9503 25.75 30.9885
    endloop
  endfacet
  facet normal -0.852588 -0 -0.522584
    outer loop
      vertex 11.7248 25.75 31.3564
      vertex 11.9503 21.75 30.9885
      vertex 11.7248 21.75 31.3564
    endloop
  endfacet
  facet normal -0.760319 0 -0.64955
    outer loop
      vertex 11.7248 6.25 31.3564
      vertex 11.4445 10.25 31.6845
      vertex 11.7248 10.25 31.3564
    endloop
  endfacet
  facet normal -0.760319 -0 -0.64955
    outer loop
      vertex 11.4445 10.25 31.6845
      vertex 11.7248 6.25 31.3564
      vertex 11.4445 6.25 31.6845
    endloop
  endfacet
  facet normal -0.760319 0 -0.64955
    outer loop
      vertex 11.7248 21.75 31.3564
      vertex 11.4445 25.75 31.6845
      vertex 11.7248 25.75 31.3564
    endloop
  endfacet
  facet normal -0.760319 -0 -0.64955
    outer loop
      vertex 11.4445 25.75 31.6845
      vertex 11.7248 21.75 31.3564
      vertex 11.4445 21.75 31.6845
    endloop
  endfacet
  facet normal -0.972389 0 0.233364
    outer loop
      vertex 12.1154 6.25 28.8902
      vertex 12.2161 10.25 29.3098
      vertex 12.1154 10.25 28.8902
    endloop
  endfacet
  facet normal -0.972389 0 0.233364
    outer loop
      vertex 12.2161 10.25 29.3098
      vertex 12.1154 6.25 28.8902
      vertex 12.2161 6.25 29.3098
    endloop
  endfacet
  facet normal -0.972389 0 0.233364
    outer loop
      vertex 12.1154 21.75 28.8902
      vertex 12.2161 25.75 29.3098
      vertex 12.1154 25.75 28.8902
    endloop
  endfacet
  facet normal -0.972389 0 0.233364
    outer loop
      vertex 12.2161 25.75 29.3098
      vertex 12.1154 21.75 28.8902
      vertex 12.2161 21.75 29.3098
    endloop
  endfacet
  facet normal 0 0 -1
    outer loop
      vertex 8.77341 6.25 32.9025
      vertex 10.2266 10.25 32.9025
      vertex 10.2266 6.25 32.9025
    endloop
  endfacet
  facet normal -0 0 -1
    outer loop
      vertex 10.2266 10.25 32.9025
      vertex 8.77341 6.25 32.9025
      vertex 8.77341 10.25 32.9025
    endloop
  endfacet
  facet normal 0 0 -1
    outer loop
      vertex 8.77341 21.75 32.9025
      vertex 10.2266 25.75 32.9025
      vertex 10.2266 21.75 32.9025
    endloop
  endfacet
  facet normal -0 0 -1
    outer loop
      vertex 10.2266 25.75 32.9025
      vertex 8.77341 21.75 32.9025
      vertex 8.77341 25.75 32.9025
    endloop
  endfacet
  facet normal 0.760365 0 -0.649496
    outer loop
      vertex 7.55547 6.25 31.6845
      vertex 7.27521 10.25 31.3564
      vertex 7.55547 10.25 31.6845
    endloop
  endfacet
  facet normal 0.760365 0 -0.649496
    outer loop
      vertex 7.27521 10.25 31.3564
      vertex 7.55547 6.25 31.6845
      vertex 7.27521 6.25 31.3564
    endloop
  endfacet
  facet normal 0.760365 0 -0.649496
    outer loop
      vertex 7.55547 21.75 31.6845
      vertex 7.27521 25.75 31.3564
      vertex 7.55547 25.75 31.6845
    endloop
  endfacet
  facet normal 0.760365 0 -0.649496
    outer loop
      vertex 7.27521 25.75 31.3564
      vertex 7.55547 21.75 31.6845
      vertex 7.27521 21.75 31.3564
    endloop
  endfacet
  facet normal -0.64955 0 0.760319
    outer loop
      vertex 11.1164 10.25 27.5152
      vertex 11.4445 6.25 27.7955
      vertex 11.4445 10.25 27.7955
    endloop
  endfacet
  facet normal -0.64955 0 0.760319
    outer loop
      vertex 11.4445 6.25 27.7955
      vertex 11.1164 10.25 27.5152
      vertex 11.1164 6.25 27.5152
    endloop
  endfacet
  facet normal -0.64955 0 0.760319
    outer loop
      vertex 11.1164 25.75 27.5152
      vertex 11.4445 21.75 27.7955
      vertex 11.4445 25.75 27.7955
    endloop
  endfacet
  facet normal -0.64955 0 0.760319
    outer loop
      vertex 11.4445 21.75 27.7955
      vertex 11.1164 25.75 27.5152
      vertex 11.1164 21.75 27.5152
    endloop
  endfacet
  facet normal -0.707136 0 -0.707078
    outer loop
      vertex 11.4445 6.25 31.6845
      vertex 10.2266 10.25 32.9025
      vertex 11.4445 10.25 31.6845
    endloop
  endfacet
  facet normal -0.707136 -0 -0.707078
    outer loop
      vertex 10.2266 10.25 32.9025
      vertex 11.4445 6.25 31.6845
      vertex 10.2266 6.25 32.9025
    endloop
  endfacet
  facet normal -0.707136 0 -0.707078
    outer loop
      vertex 11.4445 21.75 31.6845
      vertex 10.2266 25.75 32.9025
      vertex 11.4445 25.75 31.6845
    endloop
  endfacet
  facet normal -0.707136 -0 -0.707078
    outer loop
      vertex 10.2266 25.75 32.9025
      vertex 11.4445 21.75 31.6845
      vertex 10.2266 21.75 32.9025
    endloop
  endfacet
  facet normal 0.972368 -0 0.233452
    outer loop
      vertex 6.78386 6.25 29.3098
      vertex 6.8846 10.25 28.8902
      vertex 6.78386 10.25 29.3098
    endloop
  endfacet
  facet normal 0.972368 0 0.233452
    outer loop
      vertex 6.8846 10.25 28.8902
      vertex 6.78386 6.25 29.3098
      vertex 6.8846 6.25 28.8902
    endloop
  endfacet
  facet normal 0.972368 -0 0.233452
    outer loop
      vertex 6.78386 21.75 29.3098
      vertex 6.8846 25.75 28.8902
      vertex 6.78386 25.75 29.3098
    endloop
  endfacet
  facet normal 0.972368 0 0.233452
    outer loop
      vertex 6.8846 25.75 28.8902
      vertex 6.78386 21.75 29.3098
      vertex 6.8846 21.75 28.8902
    endloop
  endfacet
  facet normal 0.996917 0 -0.0784649
    outer loop
      vertex 6.78386 6.25 30.1702
      vertex 6.75 10.25 29.74
      vertex 6.78386 10.25 30.1702
    endloop
  endfacet
  facet normal 0.996917 0 -0.0784649
    outer loop
      vertex 6.75 10.25 29.74
      vertex 6.78386 6.25 30.1702
      vertex 6.75 6.25 29.74
    endloop
  endfacet
  facet normal 0.996917 0 -0.0784649
    outer loop
      vertex 6.78386 21.75 30.1702
      vertex 6.75 25.75 29.74
      vertex 6.78386 25.75 30.1702
    endloop
  endfacet
  facet normal 0.996917 0 -0.0784649
    outer loop
      vertex 6.75 25.75 29.74
      vertex 6.78386 21.75 30.1702
      vertex 6.75 21.75 29.74
    endloop
  endfacet
  facet normal 0.760365 -0 0.649496
    outer loop
      vertex 7.27521 6.25 28.1236
      vertex 7.55547 10.25 27.7955
      vertex 7.27521 10.25 28.1236
    endloop
  endfacet
  facet normal 0.760365 0 0.649496
    outer loop
      vertex 7.55547 10.25 27.7955
      vertex 7.27521 6.25 28.1236
      vertex 7.55547 6.25 27.7955
    endloop
  endfacet
  facet normal 0.760365 -0 0.649496
    outer loop
      vertex 7.27521 21.75 28.1236
      vertex 7.55547 25.75 27.7955
      vertex 7.27521 25.75 28.1236
    endloop
  endfacet
  facet normal 0.760365 0 0.649496
    outer loop
      vertex 7.55547 25.75 27.7955
      vertex 7.27521 21.75 28.1236
      vertex 7.55547 21.75 27.7955
    endloop
  endfacet
  facet normal 0.923885 -0 0.38267
    outer loop
      vertex 6.8846 6.25 28.8902
      vertex 7.04974 10.25 28.4915
      vertex 6.8846 10.25 28.8902
    endloop
  endfacet
  facet normal 0.923885 0 0.38267
    outer loop
      vertex 7.04974 10.25 28.4915
      vertex 6.8846 6.25 28.8902
      vertex 7.04974 6.25 28.4915
    endloop
  endfacet
  facet normal 0.923885 -0 0.38267
    outer loop
      vertex 6.8846 21.75 28.8902
      vertex 7.04974 25.75 28.4915
      vertex 6.8846 25.75 28.8902
    endloop
  endfacet
  facet normal 0.923885 0 0.38267
    outer loop
      vertex 7.04974 25.75 28.4915
      vertex 6.8846 21.75 28.8902
      vertex 7.04974 21.75 28.4915
    endloop
  endfacet
  facet normal 0.522532 0 0.85262
    outer loop
      vertex 7.88359 10.25 27.5152
      vertex 8.25154 6.25 27.2897
      vertex 8.25154 10.25 27.2897
    endloop
  endfacet
  facet normal 0.522532 0 0.85262
    outer loop
      vertex 8.25154 6.25 27.2897
      vertex 7.88359 10.25 27.5152
      vertex 7.88359 6.25 27.5152
    endloop
  endfacet
  facet normal 0.522532 0 0.85262
    outer loop
      vertex 7.88359 25.75 27.5152
      vertex 8.25154 21.75 27.2897
      vertex 8.25154 25.75 27.2897
    endloop
  endfacet
  facet normal 0.522532 0 0.85262
    outer loop
      vertex 8.25154 21.75 27.2897
      vertex 7.88359 25.75 27.5152
      vertex 7.88359 21.75 27.5152
    endloop
  endfacet
  facet normal 0.923885 0 -0.38267
    outer loop
      vertex 7.04974 6.25 30.9885
      vertex 6.8846 10.25 30.5898
      vertex 7.04974 10.25 30.9885
    endloop
  endfacet
  facet normal 0.923885 0 -0.38267
    outer loop
      vertex 6.8846 10.25 30.5898
      vertex 7.04974 6.25 30.9885
      vertex 6.8846 6.25 30.5898
    endloop
  endfacet
  facet normal 0.923885 0 -0.38267
    outer loop
      vertex 7.04974 21.75 30.9885
      vertex 6.8846 25.75 30.5898
      vertex 7.04974 25.75 30.9885
    endloop
  endfacet
  facet normal 0.923885 0 -0.38267
    outer loop
      vertex 6.8846 25.75 30.5898
      vertex 7.04974 21.75 30.9885
      vertex 6.8846 21.75 30.5898
    endloop
  endfacet
  facet normal 0.382615 0 0.923908
    outer loop
      vertex 8.25154 10.25 27.2897
      vertex 8.65021 6.25 27.1246
      vertex 8.65021 10.25 27.1246
    endloop
  endfacet
  facet normal 0.382615 0 0.923908
    outer loop
      vertex 8.65021 6.25 27.1246
      vertex 8.25154 10.25 27.2897
      vertex 8.25154 6.25 27.2897
    endloop
  endfacet
  facet normal 0.382615 0 0.923908
    outer loop
      vertex 8.25154 25.75 27.2897
      vertex 8.65021 21.75 27.1246
      vertex 8.65021 25.75 27.1246
    endloop
  endfacet
  facet normal 0.382615 0 0.923908
    outer loop
      vertex 8.65021 21.75 27.1246
      vertex 8.25154 25.75 27.2897
      vertex 8.25154 21.75 27.2897
    endloop
  endfacet
  facet normal -0.99691 0 -0.078557
    outer loop
      vertex 12.25 6.25 29.74
      vertex 12.2161 10.25 30.1702
      vertex 12.25 10.25 29.74
    endloop
  endfacet
  facet normal -0.99691 -0 -0.078557
    outer loop
      vertex 12.2161 10.25 30.1702
      vertex 12.25 6.25 29.74
      vertex 12.2161 6.25 30.1702
    endloop
  endfacet
  facet normal -0.99691 0 -0.078557
    outer loop
      vertex 12.25 21.75 29.74
      vertex 12.2161 25.75 30.1702
      vertex 12.25 25.75 29.74
    endloop
  endfacet
  facet normal -0.99691 -0 -0.078557
    outer loop
      vertex 12.2161 25.75 30.1702
      vertex 12.25 21.75 29.74
      vertex 12.2161 21.75 30.1702
    endloop
  endfacet
  facet normal -0.0785588 0 0.996909
    outer loop
      vertex 9.5 10.25 26.99
      vertex 9.93019 6.25 27.0239
      vertex 9.93019 10.25 27.0239
    endloop
  endfacet
  facet normal -0.0785588 0 0.996909
    outer loop
      vertex 9.93019 6.25 27.0239
      vertex 9.5 10.25 26.99
      vertex 9.5 6.25 26.99
    endloop
  endfacet
  facet normal -0.0785588 0 0.996909
    outer loop
      vertex 9.5 25.75 26.99
      vertex 9.93019 21.75 27.0239
      vertex 9.93019 25.75 27.0239
    endloop
  endfacet
  facet normal -0.0785588 0 0.996909
    outer loop
      vertex 9.93019 21.75 27.0239
      vertex 9.5 25.75 26.99
      vertex 9.5 21.75 26.99
    endloop
  endfacet
  facet normal -0.852588 0 0.522584
    outer loop
      vertex 11.7248 6.25 28.1236
      vertex 11.9503 10.25 28.4915
      vertex 11.7248 10.25 28.1236
    endloop
  endfacet
  facet normal -0.852588 0 0.522584
    outer loop
      vertex 11.9503 10.25 28.4915
      vertex 11.7248 6.25 28.1236
      vertex 11.9503 6.25 28.4915
    endloop
  endfacet
  facet normal -0.852588 0 0.522584
    outer loop
      vertex 11.7248 21.75 28.1236
      vertex 11.9503 25.75 28.4915
      vertex 11.7248 25.75 28.1236
    endloop
  endfacet
  facet normal -0.852588 0 0.522584
    outer loop
      vertex 11.9503 25.75 28.4915
      vertex 11.7248 21.75 28.1236
      vertex 11.9503 21.75 28.4915
    endloop
  endfacet
  facet normal -0.760319 0 0.64955
    outer loop
      vertex 11.4445 6.25 27.7955
      vertex 11.7248 10.25 28.1236
      vertex 11.4445 10.25 27.7955
    endloop
  endfacet
  facet normal -0.760319 0 0.64955
    outer loop
      vertex 11.7248 10.25 28.1236
      vertex 11.4445 6.25 27.7955
      vertex 11.7248 6.25 28.1236
    endloop
  endfacet
  facet normal -0.760319 0 0.64955
    outer loop
      vertex 11.4445 21.75 27.7955
      vertex 11.7248 25.75 28.1236
      vertex 11.4445 25.75 27.7955
    endloop
  endfacet
  facet normal -0.760319 0 0.64955
    outer loop
      vertex 11.7248 25.75 28.1236
      vertex 11.4445 21.75 27.7955
      vertex 11.7248 21.75 28.1236
    endloop
  endfacet
  facet normal 0.852619 0 -0.522533
    outer loop
      vertex 7.27521 6.25 31.3564
      vertex 7.04974 10.25 30.9885
      vertex 7.27521 10.25 31.3564
    endloop
  endfacet
  facet normal 0.852619 0 -0.522533
    outer loop
      vertex 7.04974 10.25 30.9885
      vertex 7.27521 6.25 31.3564
      vertex 7.04974 6.25 30.9885
    endloop
  endfacet
  facet normal 0.852619 0 -0.522533
    outer loop
      vertex 7.27521 21.75 31.3564
      vertex 7.04974 25.75 30.9885
      vertex 7.27521 25.75 31.3564
    endloop
  endfacet
  facet normal 0.852619 0 -0.522533
    outer loop
      vertex 7.04974 25.75 30.9885
      vertex 7.27521 21.75 31.3564
      vertex 7.04974 21.75 30.9885
    endloop
  endfacet
  facet normal 0.0785588 0 0.996909
    outer loop
      vertex 9.06981 10.25 27.0239
      vertex 9.5 6.25 26.99
      vertex 9.5 10.25 26.99
    endloop
  endfacet
  facet normal 0.0785588 0 0.996909
    outer loop
      vertex 9.5 6.25 26.99
      vertex 9.06981 10.25 27.0239
      vertex 9.06981 6.25 27.0239
    endloop
  endfacet
  facet normal 0.0785588 0 0.996909
    outer loop
      vertex 9.06981 25.75 27.0239
      vertex 9.5 21.75 26.99
      vertex 9.5 25.75 26.99
    endloop
  endfacet
  facet normal 0.0785588 0 0.996909
    outer loop
      vertex 9.5 21.75 26.99
      vertex 9.06981 25.75 27.0239
      vertex 9.06981 21.75 27.0239
    endloop
  endfacet
  facet normal -0.972389 0 -0.233364
    outer loop
      vertex 12.2161 6.25 30.1702
      vertex 12.1154 10.25 30.5898
      vertex 12.2161 10.25 30.1702
    endloop
  endfacet
  facet normal -0.972389 -0 -0.233364
    outer loop
      vertex 12.1154 10.25 30.5898
      vertex 12.2161 6.25 30.1702
      vertex 12.1154 6.25 30.5898
    endloop
  endfacet
  facet normal -0.972389 0 -0.233364
    outer loop
      vertex 12.2161 21.75 30.1702
      vertex 12.1154 25.75 30.5898
      vertex 12.2161 25.75 30.1702
    endloop
  endfacet
  facet normal -0.972389 -0 -0.233364
    outer loop
      vertex 12.1154 25.75 30.5898
      vertex 12.2161 21.75 30.1702
      vertex 12.1154 21.75 30.5898
    endloop
  endfacet
  facet normal 0.852619 -0 0.522533
    outer loop
      vertex 7.04974 6.25 28.4915
      vertex 7.27521 10.25 28.1236
      vertex 7.04974 10.25 28.4915
    endloop
  endfacet
  facet normal 0.852619 0 0.522533
    outer loop
      vertex 7.27521 10.25 28.1236
      vertex 7.04974 6.25 28.4915
      vertex 7.27521 6.25 28.1236
    endloop
  endfacet
  facet normal 0.852619 -0 0.522533
    outer loop
      vertex 7.04974 21.75 28.4915
      vertex 7.27521 25.75 28.1236
      vertex 7.04974 25.75 28.4915
    endloop
  endfacet
  facet normal 0.852619 0 0.522533
    outer loop
      vertex 7.27521 25.75 28.1236
      vertex 7.04974 21.75 28.4915
      vertex 7.27521 21.75 28.1236
    endloop
  endfacet
  facet normal -0.233359 0 0.972391
    outer loop
      vertex 9.93019 10.25 27.0239
      vertex 10.3498 6.25 27.1246
      vertex 10.3498 10.25 27.1246
    endloop
  endfacet
  facet normal -0.233359 0 0.972391
    outer loop
      vertex 10.3498 6.25 27.1246
      vertex 9.93019 10.25 27.0239
      vertex 9.93019 6.25 27.0239
    endloop
  endfacet
  facet normal -0.233359 0 0.972391
    outer loop
      vertex 9.93019 25.75 27.0239
      vertex 10.3498 21.75 27.1246
      vertex 10.3498 25.75 27.1246
    endloop
  endfacet
  facet normal -0.233359 0 0.972391
    outer loop
      vertex 10.3498 21.75 27.1246
      vertex 9.93019 25.75 27.0239
      vertex 9.93019 21.75 27.0239
    endloop
  endfacet
  facet normal 0.996917 -0 0.0784649
    outer loop
      vertex 6.75 6.25 29.74
      vertex 6.78386 10.25 29.3098
      vertex 6.75 10.25 29.74
    endloop
  endfacet
  facet normal 0.996917 0 0.0784649
    outer loop
      vertex 6.78386 10.25 29.3098
      vertex 6.75 6.25 29.74
      vertex 6.78386 6.25 29.3098
    endloop
  endfacet
  facet normal 0.996917 -0 0.0784649
    outer loop
      vertex 6.75 21.75 29.74
      vertex 6.78386 25.75 29.3098
      vertex 6.75 25.75 29.74
    endloop
  endfacet
  facet normal 0.996917 0 0.0784649
    outer loop
      vertex 6.78386 25.75 29.3098
      vertex 6.75 21.75 29.74
      vertex 6.78386 21.75 29.3098
    endloop
  endfacet
  facet normal -0.923918 0 0.382591
    outer loop
      vertex 11.9503 6.25 28.4915
      vertex 12.1154 10.25 28.8902
      vertex 11.9503 10.25 28.4915
    endloop
  endfacet
  facet normal -0.923918 0 0.382591
    outer loop
      vertex 12.1154 10.25 28.8902
      vertex 11.9503 6.25 28.4915
      vertex 12.1154 6.25 28.8902
    endloop
  endfacet
  facet normal -0.923918 0 0.382591
    outer loop
      vertex 11.9503 21.75 28.4915
      vertex 12.1154 25.75 28.8902
      vertex 11.9503 25.75 28.4915
    endloop
  endfacet
  facet normal -0.923918 0 0.382591
    outer loop
      vertex 12.1154 25.75 28.8902
      vertex 11.9503 21.75 28.4915
      vertex 12.1154 21.75 28.8902
    endloop
  endfacet
  facet normal 0.707124 0 -0.707089
    outer loop
      vertex 8.77341 6.25 32.9025
      vertex 7.55547 10.25 31.6845
      vertex 8.77341 10.25 32.9025
    endloop
  endfacet
  facet normal 0.707124 0 -0.707089
    outer loop
      vertex 7.55547 10.25 31.6845
      vertex 8.77341 6.25 32.9025
      vertex 7.55547 6.25 31.6845
    endloop
  endfacet
  facet normal 0.707124 0 -0.707089
    outer loop
      vertex 8.77341 21.75 32.9025
      vertex 7.55547 25.75 31.6845
      vertex 8.77341 25.75 32.9025
    endloop
  endfacet
  facet normal 0.707124 0 -0.707089
    outer loop
      vertex 7.55547 25.75 31.6845
      vertex 8.77341 21.75 32.9025
      vertex 7.55547 21.75 31.6845
    endloop
  endfacet
  facet normal 0.649527 0 0.760338
    outer loop
      vertex 7.55547 10.25 27.7955
      vertex 7.88359 6.25 27.5152
      vertex 7.88359 10.25 27.5152
    endloop
  endfacet
  facet normal 0.649527 0 0.760338
    outer loop
      vertex 7.88359 6.25 27.5152
      vertex 7.55547 10.25 27.7955
      vertex 7.55547 6.25 27.7955
    endloop
  endfacet
  facet normal 0.649527 0 0.760338
    outer loop
      vertex 7.55547 25.75 27.7955
      vertex 7.88359 21.75 27.5152
      vertex 7.88359 25.75 27.5152
    endloop
  endfacet
  facet normal 0.649527 0 0.760338
    outer loop
      vertex 7.88359 21.75 27.5152
      vertex 7.55547 25.75 27.7955
      vertex 7.55547 21.75 27.7955
    endloop
  endfacet
  facet normal 0.972368 0 -0.233452
    outer loop
      vertex 6.8846 6.25 30.5898
      vertex 6.78386 10.25 30.1702
      vertex 6.8846 10.25 30.5898
    endloop
  endfacet
  facet normal 0.972368 0 -0.233452
    outer loop
      vertex 6.78386 10.25 30.1702
      vertex 6.8846 6.25 30.5898
      vertex 6.78386 6.25 30.1702
    endloop
  endfacet
  facet normal 0.972368 0 -0.233452
    outer loop
      vertex 6.8846 21.75 30.5898
      vertex 6.78386 25.75 30.1702
      vertex 6.8846 25.75 30.5898
    endloop
  endfacet
  facet normal 0.972368 0 -0.233452
    outer loop
      vertex 6.78386 25.75 30.1702
      vertex 6.8846 21.75 30.5898
      vertex 6.78386 21.75 30.1702
    endloop
  endfacet
  facet normal -0.382591 0 0.923918
    outer loop
      vertex 10.3498 10.25 27.1246
      vertex 10.7485 6.25 27.2897
      vertex 10.7485 10.25 27.2897
    endloop
  endfacet
  facet normal -0.382591 0 0.923918
    outer loop
      vertex 10.7485 6.25 27.2897
      vertex 10.3498 10.25 27.1246
      vertex 10.3498 6.25 27.1246
    endloop
  endfacet
  facet normal -0.382591 0 0.923918
    outer loop
      vertex 10.3498 25.75 27.1246
      vertex 10.7485 21.75 27.2897
      vertex 10.7485 25.75 27.2897
    endloop
  endfacet
  facet normal -0.382591 0 0.923918
    outer loop
      vertex 10.7485 21.75 27.2897
      vertex 10.3498 25.75 27.1246
      vertex 10.3498 21.75 27.1246
    endloop
  endfacet
  facet normal -0.99691 0 0.078557
    outer loop
      vertex 12.2161 6.25 29.3098
      vertex 12.25 10.25 29.74
      vertex 12.2161 10.25 29.3098
    endloop
  endfacet
  facet normal -0.99691 0 0.078557
    outer loop
      vertex 12.25 10.25 29.74
      vertex 12.2161 6.25 29.3098
      vertex 12.25 6.25 29.74
    endloop
  endfacet
  facet normal -0.99691 0 0.078557
    outer loop
      vertex 12.2161 21.75 29.3098
      vertex 12.25 25.75 29.74
      vertex 12.2161 25.75 29.3098
    endloop
  endfacet
  facet normal -0.99691 0 0.078557
    outer loop
      vertex 12.25 25.75 29.74
      vertex 12.2161 21.75 29.3098
      vertex 12.25 21.75 29.74
    endloop
  endfacet
  facet normal -0.522584 0 0.852588
    outer loop
      vertex 10.7485 10.25 27.2897
      vertex 11.1164 6.25 27.5152
      vertex 11.1164 10.25 27.5152
    endloop
  endfacet
  facet normal -0.522584 0 0.852588
    outer loop
      vertex 11.1164 6.25 27.5152
      vertex 10.7485 10.25 27.2897
      vertex 10.7485 6.25 27.2897
    endloop
  endfacet
  facet normal -0.522584 0 0.852588
    outer loop
      vertex 10.7485 25.75 27.2897
      vertex 11.1164 21.75 27.5152
      vertex 11.1164 25.75 27.5152
    endloop
  endfacet
  facet normal -0.522584 0 0.852588
    outer loop
      vertex 11.1164 21.75 27.5152
      vertex 10.7485 25.75 27.2897
      vertex 10.7485 21.75 27.2897
    endloop
  endfacet
  facet normal -0.923918 0 -0.382591
    outer loop
      vertex 12.1154 6.25 30.5898
      vertex 11.9503 10.25 30.9885
      vertex 12.1154 10.25 30.5898
    endloop
  endfacet
  facet normal -0.923918 -0 -0.382591
    outer loop
      vertex 11.9503 10.25 30.9885
      vertex 12.1154 6.25 30.5898
      vertex 11.9503 6.25 30.9885
    endloop
  endfacet
  facet normal -0.923918 0 -0.382591
    outer loop
      vertex 12.1154 21.75 30.5898
      vertex 11.9503 25.75 30.9885
      vertex 12.1154 25.75 30.5898
    endloop
  endfacet
  facet normal -0.923918 -0 -0.382591
    outer loop
      vertex 11.9503 25.75 30.9885
      vertex 12.1154 21.75 30.5898
      vertex 11.9503 21.75 30.9885
    endloop
  endfacet
endsolid OpenSCAD_Model
