solid OpenSCAD_Model
  facet normal 1 -0 0
    outer loop
      vertex 47 0 6
      vertex 47 50.5 0
      vertex 47 50.5 6
    endloop
  endfacet
  facet normal 1 0 0
    outer loop
      vertex 47 50.5 0
      vertex 47 0 6
      vertex 47 0 0
    endloop
  endfacet
  facet normal 0 1 -0
    outer loop
      vertex 47 50.5 0
      vertex 33 50.5 6
      vertex 47 50.5 6
    endloop
  endfacet
  facet normal 0 1 0
    outer loop
      vertex 33 50.5 6
      vertex 47 50.5 0
      vertex 33 50.5 0
    endloop
  endfacet
  facet normal 0 -1 0
    outer loop
      vertex 0 0 0
      vertex 47 0 6
      vertex 0 0 6
    endloop
  endfacet
  facet normal 0 -1 -0
    outer loop
      vertex 47 0 6
      vertex 0 0 0
      vertex 47 0 0
    endloop
  endfacet
  facet normal -1 0 0
    outer loop
      vertex 0 52.49 0
      vertex 0 50.49 6
      vertex 0 52.49 11
    endloop
  endfacet
  facet normal -1 0 0
    outer loop
      vertex 0 0 0
      vertex 0 50.49 6
      vertex 0 52.49 0
    endloop
  endfacet
  facet normal -1 -0 0
    outer loop
      vertex 0 50.49 6
      vertex 0 0 0
      vertex 0 0 6
    endloop
  endfacet
  facet normal -1 -0 0
    outer loop
      vertex 0 52.49 11
      vertex 0 50.49 6
      vertex 0 50.49 11
    endloop
  endfacet
  facet normal 0 0 -1
    outer loop
      vertex 20.3209 46.2341 0
      vertex 7.67907 46.2341 0
      vertex 7.7 46.5 0
    endloop
  endfacet
  facet normal 0 0 -1
    outer loop
      vertex 7.97467 37.8668 0
      vertex 7.6168 45.9747 0
      vertex 7.67907 46.2341 0
    endloop
  endfacet
  facet normal 0 0 -1
    outer loop
      vertex 7.97467 37.8668 0
      vertex 7.51471 45.7282 0
      vertex 7.6168 45.9747 0
    endloop
  endfacet
  facet normal 0 0 -1
    outer loop
      vertex 6 44.8 0
      vertex 7.72822 37.7647 0
      vertex 7.50077 37.6253 0
    endloop
  endfacet
  facet normal 0 0 -1
    outer loop
      vertex 7.97467 37.8668 0
      vertex 7.37533 45.5008 0
      vertex 7.51471 45.7282 0
    endloop
  endfacet
  facet normal 0 0 -1
    outer loop
      vertex 5.73406 44.8209 0
      vertex 7.50077 37.6253 0
      vertex 7.29792 37.4521 0
    endloop
  endfacet
  facet normal 0 0 -1
    outer loop
      vertex 7.97467 37.8668 0
      vertex 7.20208 45.2979 0
      vertex 7.37533 45.5008 0
    endloop
  endfacet
  facet normal 0 0 -1
    outer loop
      vertex 5.47467 44.8832 0
      vertex 7.29792 37.4521 0
      vertex 7.12467 37.2492 0
    endloop
  endfacet
  facet normal 0 0 -1
    outer loop
      vertex 7.97467 37.8668 0
      vertex 6.99923 45.1247 0
      vertex 7.20208 45.2979 0
    endloop
  endfacet
  facet normal 0 0 -1
    outer loop
      vertex 5.22822 44.9853 0
      vertex 7.12467 37.2492 0
      vertex 6.98529 37.0218 0
    endloop
  endfacet
  facet normal 0 0 -1
    outer loop
      vertex 5.00076 45.1247 0
      vertex 6.98529 37.0218 0
      vertex 6.8832 36.7753 0
    endloop
  endfacet
  facet normal 0 0 -1
    outer loop
      vertex 4.79792 45.2979 0
      vertex 6.8832 36.7753 0
      vertex 6.82093 36.5159 0
    endloop
  endfacet
  facet normal 0 0 -1
    outer loop
      vertex 4.62467 45.5008 0
      vertex 6.82093 36.5159 0
      vertex 6.8 36.25 0
    endloop
  endfacet
  facet normal 0 0 -1
    outer loop
      vertex 7.97467 37.8668 0
      vertex 6.77178 44.9853 0
      vertex 6.99923 45.1247 0
    endloop
  endfacet
  facet normal -0 0 -1
    outer loop
      vertex 16.0097 12.7597 0
      vertex 9.49923 6.62533 0
      vertex 14.8581 14.108 0
    endloop
  endfacet
  facet normal 0 0 -1
    outer loop
      vertex 12.7 20.75 0
      vertex 10.1791 35.9841 0
      vertex 10.2 36.25 0
    endloop
  endfacet
  facet normal 0 0 -1
    outer loop
      vertex 9.27178 6.76471 0
      vertex 14.8581 14.108 0
      vertex 9.49923 6.62533 0
    endloop
  endfacet
  facet normal 0 0 -1
    outer loop
      vertex 12.7 20.75 0
      vertex 10.1168 35.7247 0
      vertex 10.1791 35.9841 0
    endloop
  endfacet
  facet normal 0 0 -1
    outer loop
      vertex 9.02533 6.8668 0
      vertex 14.8581 14.108 0
      vertex 9.27178 6.76471 0
    endloop
  endfacet
  facet normal 0 0 -1
    outer loop
      vertex 12.7 20.75 0
      vertex 10.0147 35.4782 0
      vertex 10.1168 35.7247 0
    endloop
  endfacet
  facet normal 0 0 -1
    outer loop
      vertex 8.76594 6.92907 0
      vertex 14.8581 14.108 0
      vertex 9.02533 6.8668 0
    endloop
  endfacet
  facet normal 0 0 -1
    outer loop
      vertex 12.7 20.75 0
      vertex 9.87533 35.2508 0
      vertex 10.0147 35.4782 0
    endloop
  endfacet
  facet normal -0 0 -1
    outer loop
      vertex 14.8581 14.108 0
      vertex 8.76594 6.92907 0
      vertex 13.9316 15.6199 0
    endloop
  endfacet
  facet normal 0 0 -1
    outer loop
      vertex 12.7 20.75 0
      vertex 9.70208 35.0479 0
      vertex 9.87533 35.2508 0
    endloop
  endfacet
  facet normal 0 0 -1
    outer loop
      vertex 8.5 6.95 0
      vertex 13.9316 15.6199 0
      vertex 8.76594 6.92907 0
    endloop
  endfacet
  facet normal 0 0 -1
    outer loop
      vertex 12.7 20.75 0
      vertex 9.49923 34.8747 0
      vertex 9.70208 35.0479 0
    endloop
  endfacet
  facet normal 0 0 -1
    outer loop
      vertex 8.23406 6.92907 0
      vertex 13.9316 15.6199 0
      vertex 8.5 6.95 0
    endloop
  endfacet
  facet normal 0 0 -1
    outer loop
      vertex 12.7 20.75 0
      vertex 9.27178 34.7353 0
      vertex 9.49923 34.8747 0
    endloop
  endfacet
  facet normal -0 0 -1
    outer loop
      vertex 13.9316 15.6199 0
      vertex 8.23406 6.92907 0
      vertex 13.2531 17.2581 0
    endloop
  endfacet
  facet normal 0 0 -1
    outer loop
      vertex 12.7 20.75 0
      vertex 9.02533 34.6332 0
      vertex 9.27178 34.7353 0
    endloop
  endfacet
  facet normal 0 0 -1
    outer loop
      vertex 7.97467 6.8668 0
      vertex 13.2531 17.2581 0
      vertex 8.23406 6.92907 0
    endloop
  endfacet
  facet normal 0 0 -1
    outer loop
      vertex 12.7 20.75 0
      vertex 8.76594 34.5709 0
      vertex 9.02533 34.6332 0
    endloop
  endfacet
  facet normal 0 0 -1
    outer loop
      vertex 7.72822 6.76471 0
      vertex 13.2531 17.2581 0
      vertex 7.97467 6.8668 0
    endloop
  endfacet
  facet normal 0 0 -1
    outer loop
      vertex 12.7 20.75 0
      vertex 8.5 34.55 0
      vertex 8.76594 34.5709 0
    endloop
  endfacet
  facet normal -0 0 -1
    outer loop
      vertex 13.2531 17.2581 0
      vertex 7.72822 6.76471 0
      vertex 12.8391 18.9823 0
    endloop
  endfacet
  facet normal 0 0 -1
    outer loop
      vertex 12.7 20.75 0
      vertex 8.23406 34.5709 0
      vertex 8.5 34.55 0
    endloop
  endfacet
  facet normal 0 0 -1
    outer loop
      vertex 7.50077 6.62533 0
      vertex 12.8391 18.9823 0
      vertex 7.72822 6.76471 0
    endloop
  endfacet
  facet normal 0 0 -1
    outer loop
      vertex 12.7 20.75 0
      vertex 7.97467 34.6332 0
      vertex 8.23406 34.5709 0
    endloop
  endfacet
  facet normal 0 0 -1
    outer loop
      vertex 7.29792 6.45208 0
      vertex 12.8391 18.9823 0
      vertex 7.50077 6.62533 0
    endloop
  endfacet
  facet normal 0 0 -1
    outer loop
      vertex 12.7 20.75 0
      vertex 7.72822 34.7353 0
      vertex 7.97467 34.6332 0
    endloop
  endfacet
  facet normal -0 0 -1
    outer loop
      vertex 12.8391 18.9823 0
      vertex 7.29792 6.45208 0
      vertex 12.7 20.75 0
    endloop
  endfacet
  facet normal 0 0 -1
    outer loop
      vertex 12.7 20.75 0
      vertex 7.50077 34.8747 0
      vertex 7.72822 34.7353 0
    endloop
  endfacet
  facet normal 0 0 -1
    outer loop
      vertex 7.29792 35.0479 0
      vertex 12.7 20.75 0
      vertex 7.29792 6.45208 0
    endloop
  endfacet
  facet normal 0 0 -1
    outer loop
      vertex 12.7 20.75 0
      vertex 7.29792 35.0479 0
      vertex 7.50077 34.8747 0
    endloop
  endfacet
  facet normal 0 0 -1
    outer loop
      vertex 7.12467 6.24923 0
      vertex 7.29792 35.0479 0
      vertex 7.29792 6.45208 0
    endloop
  endfacet
  facet normal 0 0 -1
    outer loop
      vertex 7.12467 6.24923 0
      vertex 7.12467 35.2508 0
      vertex 7.29792 35.0479 0
    endloop
  endfacet
  facet normal 0 0 -1
    outer loop
      vertex 0 0 0
      vertex 7.12467 6.24923 0
      vertex 6.98529 6.02178 0
    endloop
  endfacet
  facet normal -0 0 -1
    outer loop
      vertex 7.12467 6.24923 0
      vertex 0 0 0
      vertex 7.12467 35.2508 0
    endloop
  endfacet
  facet normal 0 0 -1
    outer loop
      vertex 0 0 0
      vertex 6.98529 6.02178 0
      vertex 6.8832 5.77533 0
    endloop
  endfacet
  facet normal -0 0 -1
    outer loop
      vertex 7.12467 35.2508 0
      vertex 0 0 0
      vertex 6.98529 35.4782 0
    endloop
  endfacet
  facet normal 0 0 -1
    outer loop
      vertex 0 0 0
      vertex 6.8832 5.77533 0
      vertex 6.82093 5.51594 0
    endloop
  endfacet
  facet normal -0 0 -1
    outer loop
      vertex 6.98529 35.4782 0
      vertex 0 0 0
      vertex 6.8832 35.7247 0
    endloop
  endfacet
  facet normal 0 0 -1
    outer loop
      vertex 0 0 0
      vertex 6.82093 5.51594 0
      vertex 6.8 5.25 0
    endloop
  endfacet
  facet normal -0 0 -1
    outer loop
      vertex 6.8832 35.7247 0
      vertex 0 0 0
      vertex 6.82093 35.9841 0
    endloop
  endfacet
  facet normal 0 0 -1
    outer loop
      vertex 33 50.5 0
      vertex 23.6791 46.2341 0
      vertex 23.7 46.5 0
    endloop
  endfacet
  facet normal 0 0 -1
    outer loop
      vertex 25.7677 31.9109 0
      vertex 23.6168 45.9747 0
      vertex 23.6791 46.2341 0
    endloop
  endfacet
  facet normal 0 0 -1
    outer loop
      vertex 25.7677 31.9109 0
      vertex 23.5147 45.7282 0
      vertex 23.6168 45.9747 0
    endloop
  endfacet
  facet normal 0 0 -1
    outer loop
      vertex 25.7677 31.9109 0
      vertex 23.3753 45.5008 0
      vertex 23.5147 45.7282 0
    endloop
  endfacet
  facet normal 0 0 -1
    outer loop
      vertex 25.7677 31.9109 0
      vertex 23.2021 45.2979 0
      vertex 23.3753 45.5008 0
    endloop
  endfacet
  facet normal 0 0 -1
    outer loop
      vertex 25.7677 31.9109 0
      vertex 22.9992 45.1247 0
      vertex 23.2021 45.2979 0
    endloop
  endfacet
  facet normal 0 0 -1
    outer loop
      vertex 25.7677 31.9109 0
      vertex 22.7718 44.9853 0
      vertex 22.9992 45.1247 0
    endloop
  endfacet
  facet normal 0 0 -1
    outer loop
      vertex 24 32.05 0
      vertex 22.5253 44.8832 0
      vertex 22.7718 44.9853 0
    endloop
  endfacet
  facet normal 0 0 -1
    outer loop
      vertex 24 32.05 0
      vertex 22.2659 44.8209 0
      vertex 22.5253 44.8832 0
    endloop
  endfacet
  facet normal 0 0 -1
    outer loop
      vertex 22.2323 31.9109 0
      vertex 22.2659 44.8209 0
      vertex 24 32.05 0
    endloop
  endfacet
  facet normal 0 0 -1
    outer loop
      vertex 22.2323 31.9109 0
      vertex 22 44.8 0
      vertex 22.2659 44.8209 0
    endloop
  endfacet
  facet normal 0 0 -1
    outer loop
      vertex 22.2323 31.9109 0
      vertex 21.7341 44.8209 0
      vertex 22 44.8 0
    endloop
  endfacet
  facet normal 0 0 -1
    outer loop
      vertex 22.2323 31.9109 0
      vertex 21.4747 44.8832 0
      vertex 21.7341 44.8209 0
    endloop
  endfacet
  facet normal 0 0 -1
    outer loop
      vertex 20.5081 31.4969 0
      vertex 21.4747 44.8832 0
      vertex 22.2323 31.9109 0
    endloop
  endfacet
  facet normal -0 0 -1
    outer loop
      vertex 21.4747 44.8832 0
      vertex 20.5081 31.4969 0
      vertex 21.2282 44.9853 0
    endloop
  endfacet
  facet normal 0 0 -1
    outer loop
      vertex 10.1168 36.7753 0
      vertex 21.2282 44.9853 0
      vertex 20.5081 31.4969 0
    endloop
  endfacet
  facet normal -0 0 -1
    outer loop
      vertex 21.2282 44.9853 0
      vertex 10.1168 36.7753 0
      vertex 21.0008 45.1247 0
    endloop
  endfacet
  facet normal 0 0 -1
    outer loop
      vertex 10.0147 37.0218 0
      vertex 21.0008 45.1247 0
      vertex 10.1168 36.7753 0
    endloop
  endfacet
  facet normal -0 0 -1
    outer loop
      vertex 21.0008 45.1247 0
      vertex 10.0147 37.0218 0
      vertex 20.7979 45.2979 0
    endloop
  endfacet
  facet normal 0 0 -1
    outer loop
      vertex 9.87533 37.2492 0
      vertex 20.7979 45.2979 0
      vertex 10.0147 37.0218 0
    endloop
  endfacet
  facet normal -0 0 -1
    outer loop
      vertex 20.7979 45.2979 0
      vertex 9.87533 37.2492 0
      vertex 20.6247 45.5008 0
    endloop
  endfacet
  facet normal 0 0 -1
    outer loop
      vertex 9.70208 37.4521 0
      vertex 20.6247 45.5008 0
      vertex 9.87533 37.2492 0
    endloop
  endfacet
  facet normal 0 0 -1
    outer loop
      vertex 10.1791 36.5159 0
      vertex 20.5081 31.4969 0
      vertex 18.8699 30.8184 0
    endloop
  endfacet
  facet normal 0 0 -1
    outer loop
      vertex 41.1168 5.77533 0
      vertex 47 0 0
      vertex 41.1791 5.51594 0
    endloop
  endfacet
  facet normal 0 0 -1
    outer loop
      vertex 47 0 0
      vertex 41.1791 35.9841 0
      vertex 41.2 36.25 0
    endloop
  endfacet
  facet normal 0 0 -1
    outer loop
      vertex 41.0147 6.02178 0
      vertex 47 0 0
      vertex 41.1168 5.77533 0
    endloop
  endfacet
  facet normal 0 0 -1
    outer loop
      vertex 47 0 0
      vertex 41.1168 35.7247 0
      vertex 41.1791 35.9841 0
    endloop
  endfacet
  facet normal 0 0 -1
    outer loop
      vertex 40.8753 6.24923 0
      vertex 47 0 0
      vertex 41.0147 6.02178 0
    endloop
  endfacet
  facet normal 0 0 -1
    outer loop
      vertex 47 0 0
      vertex 41.0147 35.4782 0
      vertex 41.1168 35.7247 0
    endloop
  endfacet
  facet normal 0 0 -1
    outer loop
      vertex 40.8753 35.2508 0
      vertex 47 0 0
      vertex 40.8753 6.24923 0
    endloop
  endfacet
  facet normal 0 0 -1
    outer loop
      vertex 47 0 0
      vertex 40.8753 35.2508 0
      vertex 41.0147 35.4782 0
    endloop
  endfacet
  facet normal 0 0 -1
    outer loop
      vertex 40.7021 6.45208 0
      vertex 40.8753 35.2508 0
      vertex 40.8753 6.24923 0
    endloop
  endfacet
  facet normal 0 0 -1
    outer loop
      vertex 40.7021 6.45208 0
      vertex 40.7021 35.0479 0
      vertex 40.8753 35.2508 0
    endloop
  endfacet
  facet normal 0 0 -1
    outer loop
      vertex 35.1609 18.9823 0
      vertex 40.7021 6.45208 0
      vertex 40.4992 6.62533 0
    endloop
  endfacet
  facet normal 0 0 -1
    outer loop
      vertex 40.7021 6.45208 0
      vertex 35.3 20.75 0
      vertex 40.7021 35.0479 0
    endloop
  endfacet
  facet normal 0 0 -1
    outer loop
      vertex 35.1609 18.9823 0
      vertex 40.4992 6.62533 0
      vertex 40.2718 6.76471 0
    endloop
  endfacet
  facet normal 0 0 -1
    outer loop
      vertex 35.1609 22.5177 0
      vertex 40.7021 35.0479 0
      vertex 35.3 20.75 0
    endloop
  endfacet
  facet normal 0 0 -1
    outer loop
      vertex 34.7469 17.2581 0
      vertex 40.2718 6.76471 0
      vertex 40.0253 6.8668 0
    endloop
  endfacet
  facet normal 0 0 -1
    outer loop
      vertex 40.7021 35.0479 0
      vertex 35.1609 22.5177 0
      vertex 40.4992 34.8747 0
    endloop
  endfacet
  facet normal 0 0 -1
    outer loop
      vertex 34.7469 17.2581 0
      vertex 40.0253 6.8668 0
      vertex 39.7659 6.92907 0
    endloop
  endfacet
  facet normal 0 0 -1
    outer loop
      vertex 40.4992 34.8747 0
      vertex 35.1609 22.5177 0
      vertex 40.2718 34.7353 0
    endloop
  endfacet
  facet normal 0 0 -1
    outer loop
      vertex 34.0684 15.6199 0
      vertex 39.7659 6.92907 0
      vertex 39.5 6.95 0
    endloop
  endfacet
  facet normal 0 0 -1
    outer loop
      vertex 34.7469 24.2419 0
      vertex 40.2718 34.7353 0
      vertex 35.1609 22.5177 0
    endloop
  endfacet
  facet normal 0 0 -1
    outer loop
      vertex 34.0684 15.6199 0
      vertex 39.5 6.95 0
      vertex 39.2341 6.92907 0
    endloop
  endfacet
  facet normal 0 0 -1
    outer loop
      vertex 40.2718 34.7353 0
      vertex 34.7469 24.2419 0
      vertex 40.0253 34.6332 0
    endloop
  endfacet
  facet normal 0 0 -1
    outer loop
      vertex 33.1419 14.108 0
      vertex 39.2341 6.92907 0
      vertex 38.9747 6.8668 0
    endloop
  endfacet
  facet normal 0 0 -1
    outer loop
      vertex 40.0253 34.6332 0
      vertex 34.7469 24.2419 0
      vertex 39.7659 34.5709 0
    endloop
  endfacet
  facet normal 0 0 -1
    outer loop
      vertex 33.1419 14.108 0
      vertex 38.9747 6.8668 0
      vertex 38.7282 6.76471 0
    endloop
  endfacet
  facet normal 0 0 -1
    outer loop
      vertex 34.0684 25.8801 0
      vertex 39.7659 34.5709 0
      vertex 34.7469 24.2419 0
    endloop
  endfacet
  facet normal 0 0 -1
    outer loop
      vertex 33.1419 14.108 0
      vertex 38.7282 6.76471 0
      vertex 38.5008 6.62533 0
    endloop
  endfacet
  facet normal 0 0 -1
    outer loop
      vertex 39.7659 34.5709 0
      vertex 34.0684 25.8801 0
      vertex 39.5 34.55 0
    endloop
  endfacet
  facet normal 0 0 -1
    outer loop
      vertex 31.9903 12.7597 0
      vertex 38.5008 6.62533 0
      vertex 38.2979 6.45208 0
    endloop
  endfacet
  facet normal -0 0 -1
    outer loop
      vertex 39.5 34.55 0
      vertex 34.0684 25.8801 0
      vertex 39.2341 34.5709 0
    endloop
  endfacet
  facet normal 0 0 -1
    outer loop
      vertex 31.9903 12.7597 0
      vertex 38.2979 6.45208 0
      vertex 38.1247 6.24923 0
    endloop
  endfacet
  facet normal 0 0 -1
    outer loop
      vertex 33.1419 27.392 0
      vertex 39.2341 34.5709 0
      vertex 34.0684 25.8801 0
    endloop
  endfacet
  facet normal 0 0 -1
    outer loop
      vertex 30.642 11.6081 0
      vertex 38.1247 6.24923 0
      vertex 37.9853 6.02178 0
    endloop
  endfacet
  facet normal -0 0 -1
    outer loop
      vertex 39.2341 34.5709 0
      vertex 33.1419 27.392 0
      vertex 38.9747 34.6332 0
    endloop
  endfacet
  facet normal 0 0 -1
    outer loop
      vertex 30.642 11.6081 0
      vertex 37.9853 6.02178 0
      vertex 37.8832 5.77533 0
    endloop
  endfacet
  facet normal -0 0 -1
    outer loop
      vertex 38.9747 34.6332 0
      vertex 33.1419 27.392 0
      vertex 38.7282 34.7353 0
    endloop
  endfacet
  facet normal 0 0 -1
    outer loop
      vertex 30.642 11.6081 0
      vertex 37.8832 5.77533 0
      vertex 37.8209 5.51594 0
    endloop
  endfacet
  facet normal -0 0 -1
    outer loop
      vertex 38.7282 34.7353 0
      vertex 33.1419 27.392 0
      vertex 38.5008 34.8747 0
    endloop
  endfacet
  facet normal 0 0 -1
    outer loop
      vertex 29.1301 10.6816 0
      vertex 37.8209 5.51594 0
      vertex 37.8 5.25 0
    endloop
  endfacet
  facet normal 0 0 -1
    outer loop
      vertex 31.9903 28.7403 0
      vertex 38.5008 34.8747 0
      vertex 33.1419 27.392 0
    endloop
  endfacet
  facet normal 0 0 -1
    outer loop
      vertex 41.1791 5.51594 0
      vertex 47 0 0
      vertex 41.2 5.25 0
    endloop
  endfacet
  facet normal 0 0 -1
    outer loop
      vertex 47 0 0
      vertex 41.1791 4.98406 0
      vertex 41.2 5.25 0
    endloop
  endfacet
  facet normal 0 0 -1
    outer loop
      vertex 47 0 0
      vertex 41.1168 4.72467 0
      vertex 41.1791 4.98406 0
    endloop
  endfacet
  facet normal 0 0 -1
    outer loop
      vertex 47 0 0
      vertex 41.0147 4.47822 0
      vertex 41.1168 4.72467 0
    endloop
  endfacet
  facet normal 0 0 -1
    outer loop
      vertex 47 0 0
      vertex 40.8753 4.25077 0
      vertex 41.0147 4.47822 0
    endloop
  endfacet
  facet normal 0 0 -1
    outer loop
      vertex 47 0 0
      vertex 40.7021 4.04792 0
      vertex 40.8753 4.25077 0
    endloop
  endfacet
  facet normal 0 0 -1
    outer loop
      vertex 47 0 0
      vertex 40.4992 3.87467 0
      vertex 40.7021 4.04792 0
    endloop
  endfacet
  facet normal 0 0 -1
    outer loop
      vertex 47 0 0
      vertex 40.2718 3.73529 0
      vertex 40.4992 3.87467 0
    endloop
  endfacet
  facet normal 0 0 -1
    outer loop
      vertex 47 0 0
      vertex 40.0253 3.6332 0
      vertex 40.2718 3.73529 0
    endloop
  endfacet
  facet normal 0 0 -1
    outer loop
      vertex 47 0 0
      vertex 39.7659 3.57093 0
      vertex 40.0253 3.6332 0
    endloop
  endfacet
  facet normal 0 0 -1
    outer loop
      vertex 47 0 0
      vertex 39.5 3.55 0
      vertex 39.7659 3.57093 0
    endloop
  endfacet
  facet normal 0 0 -1
    outer loop
      vertex 47 0 0
      vertex 39.2341 3.57093 0
      vertex 39.5 3.55 0
    endloop
  endfacet
  facet normal 0 0 -1
    outer loop
      vertex 47 0 0
      vertex 38.9747 3.6332 0
      vertex 39.2341 3.57093 0
    endloop
  endfacet
  facet normal 0 0 -1
    outer loop
      vertex 9.02533 3.6332 0
      vertex 38.9747 3.6332 0
      vertex 47 0 0
    endloop
  endfacet
  facet normal -0 0 -1
    outer loop
      vertex 38.5008 34.8747 0
      vertex 31.9903 28.7403 0
      vertex 38.2979 35.0479 0
    endloop
  endfacet
  facet normal 0 0 -1
    outer loop
      vertex 29.1301 10.6816 0
      vertex 37.8 5.25 0
      vertex 37.8209 4.98406 0
    endloop
  endfacet
  facet normal 0 0 -1
    outer loop
      vertex 40.7021 6.45208 0
      vertex 35.1609 18.9823 0
      vertex 35.3 20.75 0
    endloop
  endfacet
  facet normal 0 0 -1
    outer loop
      vertex 40.2718 6.76471 0
      vertex 34.7469 17.2581 0
      vertex 35.1609 18.9823 0
    endloop
  endfacet
  facet normal 0 0 -1
    outer loop
      vertex 27.4919 10.0031 0
      vertex 37.8209 4.98406 0
      vertex 37.8832 4.72467 0
    endloop
  endfacet
  facet normal 0 0 -1
    outer loop
      vertex 39.7659 6.92907 0
      vertex 34.0684 15.6199 0
      vertex 34.7469 17.2581 0
    endloop
  endfacet
  facet normal 0 0 -1
    outer loop
      vertex 39.2341 6.92907 0
      vertex 33.1419 14.108 0
      vertex 34.0684 15.6199 0
    endloop
  endfacet
  facet normal 0 0 -1
    outer loop
      vertex 27.4919 10.0031 0
      vertex 37.8832 4.72467 0
      vertex 37.9853 4.47822 0
    endloop
  endfacet
  facet normal 0 0 -1
    outer loop
      vertex 38.5008 6.62533 0
      vertex 31.9903 12.7597 0
      vertex 33.1419 14.108 0
    endloop
  endfacet
  facet normal 0 0 -1
    outer loop
      vertex 25.7677 9.58912 0
      vertex 37.9853 4.47822 0
      vertex 38.1247 4.25077 0
    endloop
  endfacet
  facet normal 0 0 -1
    outer loop
      vertex 38.1247 6.24923 0
      vertex 30.642 11.6081 0
      vertex 31.9903 12.7597 0
    endloop
  endfacet
  facet normal 0 0 -1
    outer loop
      vertex 25.7677 9.58912 0
      vertex 38.1247 4.25077 0
      vertex 38.2979 4.04792 0
    endloop
  endfacet
  facet normal 0 0 -1
    outer loop
      vertex 37.8209 5.51594 0
      vertex 29.1301 10.6816 0
      vertex 30.642 11.6081 0
    endloop
  endfacet
  facet normal 0 0 -1
    outer loop
      vertex 9.70208 4.04792 0
      vertex 38.2979 4.04792 0
      vertex 38.5008 3.87467 0
    endloop
  endfacet
  facet normal 0 0 -1
    outer loop
      vertex 37.8209 4.98406 0
      vertex 27.4919 10.0031 0
      vertex 29.1301 10.6816 0
    endloop
  endfacet
  facet normal 0 0 -1
    outer loop
      vertex 9.49923 3.87467 0
      vertex 38.5008 3.87467 0
      vertex 38.7282 3.73529 0
    endloop
  endfacet
  facet normal 0 0 -1
    outer loop
      vertex 37.9853 4.47822 0
      vertex 25.7677 9.58912 0
      vertex 27.4919 10.0031 0
    endloop
  endfacet
  facet normal 0 0 -1
    outer loop
      vertex 38.2979 4.04792 0
      vertex 24 9.45 0
      vertex 25.7677 9.58912 0
    endloop
  endfacet
  facet normal 0 0 -1
    outer loop
      vertex 38.9747 3.6332 0
      vertex 9.02533 3.6332 0
      vertex 38.7282 3.73529 0
    endloop
  endfacet
  facet normal 0 0 -1
    outer loop
      vertex 38.5008 3.87467 0
      vertex 9.49923 3.87467 0
      vertex 9.70208 4.04792 0
    endloop
  endfacet
  facet normal 0 0 -1
    outer loop
      vertex 38.2979 4.04792 0
      vertex 9.70208 4.04792 0
      vertex 24 9.45 0
    endloop
  endfacet
  facet normal 0 0 -1
    outer loop
      vertex 9.70208 6.45208 0
      vertex 16.0097 12.7597 0
      vertex 9.87533 6.24923 0
    endloop
  endfacet
  facet normal -0 0 -1
    outer loop
      vertex 17.358 11.6081 0
      vertex 9.87533 6.24923 0
      vertex 16.0097 12.7597 0
    endloop
  endfacet
  facet normal 0 0 -1
    outer loop
      vertex 9.87533 6.24923 0
      vertex 17.358 11.6081 0
      vertex 10.0147 6.02178 0
    endloop
  endfacet
  facet normal 0 0 -1
    outer loop
      vertex 10.0147 6.02178 0
      vertex 17.358 11.6081 0
      vertex 10.1168 5.77533 0
    endloop
  endfacet
  facet normal 0 0 -1
    outer loop
      vertex 10.1168 5.77533 0
      vertex 17.358 11.6081 0
      vertex 10.1791 5.51594 0
    endloop
  endfacet
  facet normal -0 0 -1
    outer loop
      vertex 18.8699 10.6816 0
      vertex 10.1791 5.51594 0
      vertex 17.358 11.6081 0
    endloop
  endfacet
  facet normal 0 0 -1
    outer loop
      vertex 10.1791 5.51594 0
      vertex 18.8699 10.6816 0
      vertex 10.2 5.25 0
    endloop
  endfacet
  facet normal 0 0 -1
    outer loop
      vertex 10.1791 4.98406 0
      vertex 18.8699 10.6816 0
      vertex 20.5081 10.0031 0
    endloop
  endfacet
  facet normal 0 -0 -1
    outer loop
      vertex 9.87533 4.25077 0
      vertex 22.2323 9.58912 0
      vertex 9.70208 4.04792 0
    endloop
  endfacet
  facet normal 0 0 -1
    outer loop
      vertex 18.8699 10.6816 0
      vertex 10.1791 4.98406 0
      vertex 10.2 5.25 0
    endloop
  endfacet
  facet normal 0 0 -1
    outer loop
      vertex 20.5081 10.0031 0
      vertex 10.1168 4.72467 0
      vertex 10.1791 4.98406 0
    endloop
  endfacet
  facet normal 0 0 -1
    outer loop
      vertex 20.5081 10.0031 0
      vertex 10.0147 4.47822 0
      vertex 10.1168 4.72467 0
    endloop
  endfacet
  facet normal -0 0 -1
    outer loop
      vertex 22.2323 9.58912 0
      vertex 10.0147 4.47822 0
      vertex 20.5081 10.0031 0
    endloop
  endfacet
  facet normal 0 -0 -1
    outer loop
      vertex 10.0147 4.47822 0
      vertex 22.2323 9.58912 0
      vertex 9.87533 4.25077 0
    endloop
  endfacet
  facet normal -0 0 -1
    outer loop
      vertex 24 9.45 0
      vertex 9.70208 4.04792 0
      vertex 22.2323 9.58912 0
    endloop
  endfacet
  facet normal 0 0 -1
    outer loop
      vertex 38.7282 3.73529 0
      vertex 9.27178 3.73529 0
      vertex 9.49923 3.87467 0
    endloop
  endfacet
  facet normal -0 0 -1
    outer loop
      vertex 38.7282 3.73529 0
      vertex 9.02533 3.6332 0
      vertex 9.27178 3.73529 0
    endloop
  endfacet
  facet normal 0 0 -1
    outer loop
      vertex 0 0 0
      vertex 9.02533 3.6332 0
      vertex 47 0 0
    endloop
  endfacet
  facet normal 0 0 -1
    outer loop
      vertex 9.02533 3.6332 0
      vertex 0 0 0
      vertex 8.76594 3.57093 0
    endloop
  endfacet
  facet normal 0 0 -1
    outer loop
      vertex 8.76594 3.57093 0
      vertex 0 0 0
      vertex 8.5 3.55 0
    endloop
  endfacet
  facet normal 0 0 -1
    outer loop
      vertex 0 52.49 0
      vertex 6.82093 35.9841 0
      vertex 0 0 0
    endloop
  endfacet
  facet normal 0 0 -1
    outer loop
      vertex 7.97467 37.8668 0
      vertex 6.52533 44.8832 0
      vertex 6.77178 44.9853 0
    endloop
  endfacet
  facet normal 0 0 -1
    outer loop
      vertex 7.97467 37.8668 0
      vertex 6.26594 44.8209 0
      vertex 6.52533 44.8832 0
    endloop
  endfacet
  facet normal 0 0 -1
    outer loop
      vertex 7.72822 37.7647 0
      vertex 6 44.8 0
      vertex 6.26594 44.8209 0
    endloop
  endfacet
  facet normal 0 0 -1
    outer loop
      vertex 7.50077 37.6253 0
      vertex 5.73406 44.8209 0
      vertex 6 44.8 0
    endloop
  endfacet
  facet normal 0 0 -1
    outer loop
      vertex 7.29792 37.4521 0
      vertex 5.47467 44.8832 0
      vertex 5.73406 44.8209 0
    endloop
  endfacet
  facet normal 0 0 -1
    outer loop
      vertex 7.12467 37.2492 0
      vertex 5.22822 44.9853 0
      vertex 5.47467 44.8832 0
    endloop
  endfacet
  facet normal 0 0 -1
    outer loop
      vertex 6.98529 37.0218 0
      vertex 5.00076 45.1247 0
      vertex 5.22822 44.9853 0
    endloop
  endfacet
  facet normal 0 0 -1
    outer loop
      vertex 6.8832 36.7753 0
      vertex 4.79792 45.2979 0
      vertex 5.00076 45.1247 0
    endloop
  endfacet
  facet normal 0 0 -1
    outer loop
      vertex 6.82093 35.9841 0
      vertex 0 52.49 0
      vertex 6.8 36.25 0
    endloop
  endfacet
  facet normal 0 0 -1
    outer loop
      vertex 6.82093 36.5159 0
      vertex 4.62467 45.5008 0
      vertex 4.79792 45.2979 0
    endloop
  endfacet
  facet normal 0 0 -1
    outer loop
      vertex 6.8 36.25 0
      vertex 4.48529 45.7282 0
      vertex 4.62467 45.5008 0
    endloop
  endfacet
  facet normal 0 0 -1
    outer loop
      vertex 6.8 36.25 0
      vertex 0 52.49 0
      vertex 4.48529 45.7282 0
    endloop
  endfacet
  facet normal 0 0 -1
    outer loop
      vertex 4.48529 45.7282 0
      vertex 0 52.49 0
      vertex 4.3832 45.9747 0
    endloop
  endfacet
  facet normal 0 0 -1
    outer loop
      vertex 4.3832 45.9747 0
      vertex 0 52.49 0
      vertex 4.32093 46.2341 0
    endloop
  endfacet
  facet normal -0 0 -1
    outer loop
      vertex 6.82093 4.98406 0
      vertex 0 0 0
      vertex 6.8 5.25 0
    endloop
  endfacet
  facet normal -0 0 -1
    outer loop
      vertex 6.8832 4.72467 0
      vertex 0 0 0
      vertex 6.82093 4.98406 0
    endloop
  endfacet
  facet normal -0 0 -1
    outer loop
      vertex 6.98529 4.47822 0
      vertex 0 0 0
      vertex 6.8832 4.72467 0
    endloop
  endfacet
  facet normal -0 0 -1
    outer loop
      vertex 7.12467 4.25077 0
      vertex 0 0 0
      vertex 6.98529 4.47822 0
    endloop
  endfacet
  facet normal -0 0 -1
    outer loop
      vertex 7.29792 4.04792 0
      vertex 0 0 0
      vertex 7.12467 4.25077 0
    endloop
  endfacet
  facet normal -0 0 -1
    outer loop
      vertex 7.50077 3.87467 0
      vertex 0 0 0
      vertex 7.29792 4.04792 0
    endloop
  endfacet
  facet normal -0 0 -1
    outer loop
      vertex 7.72822 3.73529 0
      vertex 0 0 0
      vertex 7.50077 3.87467 0
    endloop
  endfacet
  facet normal -0 0 -1
    outer loop
      vertex 7.97467 3.6332 0
      vertex 0 0 0
      vertex 7.72822 3.73529 0
    endloop
  endfacet
  facet normal -0 0 -1
    outer loop
      vertex 8.23406 3.57093 0
      vertex 0 0 0
      vertex 7.97467 3.6332 0
    endloop
  endfacet
  facet normal -0 0 -1
    outer loop
      vertex 8.5 3.55 0
      vertex 0 0 0
      vertex 8.23406 3.57093 0
    endloop
  endfacet
  facet normal 0 0 -1
    outer loop
      vertex 47 0 0
      vertex 41.2 36.25 0
      vertex 47 50.5 0
    endloop
  endfacet
  facet normal 0 0 -1
    outer loop
      vertex 41.1791 36.5159 0
      vertex 47 50.5 0
      vertex 41.2 36.25 0
    endloop
  endfacet
  facet normal 0 0 -1
    outer loop
      vertex 41.1168 36.7753 0
      vertex 47 50.5 0
      vertex 41.1791 36.5159 0
    endloop
  endfacet
  facet normal 0 0 -1
    outer loop
      vertex 41.0147 37.0218 0
      vertex 47 50.5 0
      vertex 41.1168 36.7753 0
    endloop
  endfacet
  facet normal 0 0 -1
    outer loop
      vertex 40.8753 37.2492 0
      vertex 47 50.5 0
      vertex 41.0147 37.0218 0
    endloop
  endfacet
  facet normal 0 0 -1
    outer loop
      vertex 40.7021 37.4521 0
      vertex 47 50.5 0
      vertex 40.8753 37.2492 0
    endloop
  endfacet
  facet normal 0 0 -1
    outer loop
      vertex 40.4992 37.6253 0
      vertex 47 50.5 0
      vertex 40.7021 37.4521 0
    endloop
  endfacet
  facet normal 0 0 -1
    outer loop
      vertex 40.2718 37.7647 0
      vertex 47 50.5 0
      vertex 40.4992 37.6253 0
    endloop
  endfacet
  facet normal 0 0 -1
    outer loop
      vertex 40.0253 37.8668 0
      vertex 47 50.5 0
      vertex 40.2718 37.7647 0
    endloop
  endfacet
  facet normal 0 0 -1
    outer loop
      vertex 39.7659 37.9291 0
      vertex 47 50.5 0
      vertex 40.0253 37.8668 0
    endloop
  endfacet
  facet normal 0 0 -1
    outer loop
      vertex 39.5 37.95 0
      vertex 47 50.5 0
      vertex 39.7659 37.9291 0
    endloop
  endfacet
  facet normal 0 0 -1
    outer loop
      vertex 33 50.5 0
      vertex 39.5 37.95 0
      vertex 39.2341 37.9291 0
    endloop
  endfacet
  facet normal 0 0 -1
    outer loop
      vertex 33 50.5 0
      vertex 39.2341 37.9291 0
      vertex 38.9747 37.8668 0
    endloop
  endfacet
  facet normal 0 0 -1
    outer loop
      vertex 33 50.5 0
      vertex 38.9747 37.8668 0
      vertex 38.7282 37.7647 0
    endloop
  endfacet
  facet normal 0 0 -1
    outer loop
      vertex 33 50.5 0
      vertex 38.7282 37.7647 0
      vertex 38.5008 37.6253 0
    endloop
  endfacet
  facet normal 0 0 -1
    outer loop
      vertex 33 50.5 0
      vertex 38.5008 37.6253 0
      vertex 38.2979 37.4521 0
    endloop
  endfacet
  facet normal 0 0 -1
    outer loop
      vertex 33 50.5 0
      vertex 38.2979 37.4521 0
      vertex 38.1247 37.2492 0
    endloop
  endfacet
  facet normal -0 0 -1
    outer loop
      vertex 38.2979 35.0479 0
      vertex 31.9903 28.7403 0
      vertex 38.1247 35.2508 0
    endloop
  endfacet
  facet normal 0 0 -1
    outer loop
      vertex 30.642 29.8919 0
      vertex 38.1247 35.2508 0
      vertex 31.9903 28.7403 0
    endloop
  endfacet
  facet normal -0 0 -1
    outer loop
      vertex 38.1247 35.2508 0
      vertex 30.642 29.8919 0
      vertex 37.9853 35.4782 0
    endloop
  endfacet
  facet normal -0 0 -1
    outer loop
      vertex 37.9853 35.4782 0
      vertex 30.642 29.8919 0
      vertex 37.8832 35.7247 0
    endloop
  endfacet
  facet normal -0 0 -1
    outer loop
      vertex 37.8832 35.7247 0
      vertex 30.642 29.8919 0
      vertex 37.8209 35.9841 0
    endloop
  endfacet
  facet normal 0 0 -1
    outer loop
      vertex 29.1301 30.8184 0
      vertex 37.8209 35.9841 0
      vertex 30.642 29.8919 0
    endloop
  endfacet
  facet normal -0 0 -1
    outer loop
      vertex 37.8209 35.9841 0
      vertex 29.1301 30.8184 0
      vertex 37.8 36.25 0
    endloop
  endfacet
  facet normal 0 0 -1
    outer loop
      vertex 39.5 37.95 0
      vertex 33 50.5 0
      vertex 47 50.5 0
    endloop
  endfacet
  facet normal 0 0 -1
    outer loop
      vertex 23.6791 46.2341 0
      vertex 38.1247 37.2492 0
      vertex 37.9853 37.0218 0
    endloop
  endfacet
  facet normal -0 0 -1
    outer loop
      vertex 37.8 36.25 0
      vertex 29.1301 30.8184 0
      vertex 37.8209 36.5159 0
    endloop
  endfacet
  facet normal 0 0 -1
    outer loop
      vertex 27.4919 31.4969 0
      vertex 37.8209 36.5159 0
      vertex 29.1301 30.8184 0
    endloop
  endfacet
  facet normal -0 0 -1
    outer loop
      vertex 37.8209 36.5159 0
      vertex 27.4919 31.4969 0
      vertex 37.8832 36.7753 0
    endloop
  endfacet
  facet normal 0 0 -1
    outer loop
      vertex 23.6791 46.2341 0
      vertex 37.8832 36.7753 0
      vertex 27.4919 31.4969 0
    endloop
  endfacet
  facet normal 0 0 -1
    outer loop
      vertex 23.6791 46.2341 0
      vertex 37.9853 37.0218 0
      vertex 37.8832 36.7753 0
    endloop
  endfacet
  facet normal 0 0 -1
    outer loop
      vertex 23.6791 46.2341 0
      vertex 33 50.5 0
      vertex 38.1247 37.2492 0
    endloop
  endfacet
  facet normal 0 0 -1
    outer loop
      vertex 23.6791 46.2341 0
      vertex 27.4919 31.4969 0
      vertex 25.7677 31.9109 0
    endloop
  endfacet
  facet normal 0 0 -1
    outer loop
      vertex 22.7718 44.9853 0
      vertex 25.7677 31.9109 0
      vertex 24 32.05 0
    endloop
  endfacet
  facet normal 0 0 -1
    outer loop
      vertex 23.6791 46.7659 0
      vertex 33 50.5 0
      vertex 23.7 46.5 0
    endloop
  endfacet
  facet normal 0 0 -1
    outer loop
      vertex 23.6168 47.0253 0
      vertex 33 50.5 0
      vertex 23.6791 46.7659 0
    endloop
  endfacet
  facet normal 0 0 -1
    outer loop
      vertex 23.5147 47.2718 0
      vertex 33 50.5 0
      vertex 23.6168 47.0253 0
    endloop
  endfacet
  facet normal 0 0 -1
    outer loop
      vertex 23.3753 47.4992 0
      vertex 33 50.5 0
      vertex 23.5147 47.2718 0
    endloop
  endfacet
  facet normal 0 0 -1
    outer loop
      vertex 23.2021 47.7021 0
      vertex 33 50.5 0
      vertex 23.3753 47.4992 0
    endloop
  endfacet
  facet normal -0 0 -1
    outer loop
      vertex 33 50.5 0
      vertex 23.2021 47.7021 0
      vertex 33 52.49 0
    endloop
  endfacet
  facet normal 0 0 -1
    outer loop
      vertex 22.9992 47.8753 0
      vertex 33 52.49 0
      vertex 23.2021 47.7021 0
    endloop
  endfacet
  facet normal 0 0 -1
    outer loop
      vertex 22.7718 48.0147 0
      vertex 33 52.49 0
      vertex 22.9992 47.8753 0
    endloop
  endfacet
  facet normal 0 0 -1
    outer loop
      vertex 22.5253 48.1168 0
      vertex 33 52.49 0
      vertex 22.7718 48.0147 0
    endloop
  endfacet
  facet normal 0 0 -1
    outer loop
      vertex 22.2659 48.1791 0
      vertex 33 52.49 0
      vertex 22.5253 48.1168 0
    endloop
  endfacet
  facet normal 0 0 -1
    outer loop
      vertex 22 48.2 0
      vertex 33 52.49 0
      vertex 22.2659 48.1791 0
    endloop
  endfacet
  facet normal 0 0 -1
    outer loop
      vertex 21.7341 48.1791 0
      vertex 33 52.49 0
      vertex 22 48.2 0
    endloop
  endfacet
  facet normal 0 0 -1
    outer loop
      vertex 0 52.49 0
      vertex 21.7341 48.1791 0
      vertex 21.4747 48.1168 0
    endloop
  endfacet
  facet normal -0 0 -1
    outer loop
      vertex 20.6247 45.5008 0
      vertex 9.70208 37.4521 0
      vertex 20.4853 45.7282 0
    endloop
  endfacet
  facet normal 0 0 -1
    outer loop
      vertex 10.2 36.25 0
      vertex 18.8699 30.8184 0
      vertex 17.358 29.8919 0
    endloop
  endfacet
  facet normal 0 0 -1
    outer loop
      vertex 10.2 36.25 0
      vertex 17.358 29.8919 0
      vertex 16.0097 28.7403 0
    endloop
  endfacet
  facet normal 0 0 -1
    outer loop
      vertex 10.2 36.25 0
      vertex 16.0097 28.7403 0
      vertex 14.8581 27.392 0
    endloop
  endfacet
  facet normal 0 0 -1
    outer loop
      vertex 18.8699 30.8184 0
      vertex 10.2 36.25 0
      vertex 10.1791 36.5159 0
    endloop
  endfacet
  facet normal 0 0 -1
    outer loop
      vertex 10.2 36.25 0
      vertex 14.8581 27.392 0
      vertex 13.9316 25.8801 0
    endloop
  endfacet
  facet normal 0 0 -1
    outer loop
      vertex 10.2 36.25 0
      vertex 13.9316 25.8801 0
      vertex 13.2531 24.2419 0
    endloop
  endfacet
  facet normal 0 0 -1
    outer loop
      vertex 9.49923 6.62533 0
      vertex 16.0097 12.7597 0
      vertex 9.70208 6.45208 0
    endloop
  endfacet
  facet normal 0 0 -1
    outer loop
      vertex 12.7 20.75 0
      vertex 10.2 36.25 0
      vertex 12.8391 22.5177 0
    endloop
  endfacet
  facet normal 0 0 -1
    outer loop
      vertex 10.2 36.25 0
      vertex 13.2531 24.2419 0
      vertex 12.8391 22.5177 0
    endloop
  endfacet
  facet normal 0 0 -1
    outer loop
      vertex 20.5081 31.4969 0
      vertex 10.1791 36.5159 0
      vertex 10.1168 36.7753 0
    endloop
  endfacet
  facet normal 0 0 -1
    outer loop
      vertex 9.49923 37.6253 0
      vertex 20.4853 45.7282 0
      vertex 9.70208 37.4521 0
    endloop
  endfacet
  facet normal 0 0 -1
    outer loop
      vertex 7.67907 46.2341 0
      vertex 20.4853 45.7282 0
      vertex 9.49923 37.6253 0
    endloop
  endfacet
  facet normal 0 0 -1
    outer loop
      vertex 20.4853 45.7282 0
      vertex 7.67907 46.2341 0
      vertex 20.3832 45.9747 0
    endloop
  endfacet
  facet normal 0 0 -1
    outer loop
      vertex 7.67907 46.2341 0
      vertex 20.3209 46.2341 0
      vertex 20.3832 45.9747 0
    endloop
  endfacet
  facet normal 0 0 -1
    outer loop
      vertex 20.3209 46.2341 0
      vertex 7.7 46.5 0
      vertex 20.3 46.5 0
    endloop
  endfacet
  facet normal 0 0 -1
    outer loop
      vertex 20.3 46.5 0
      vertex 7.7 46.5 0
      vertex 20.3209 46.7659 0
    endloop
  endfacet
  facet normal 0 0 -1
    outer loop
      vertex 7.67907 46.7659 0
      vertex 20.3209 46.7659 0
      vertex 7.7 46.5 0
    endloop
  endfacet
  facet normal 0 0 -1
    outer loop
      vertex 20.3209 46.7659 0
      vertex 7.67907 46.7659 0
      vertex 20.3832 47.0253 0
    endloop
  endfacet
  facet normal 0 0 -1
    outer loop
      vertex 7.6168 47.0253 0
      vertex 20.3832 47.0253 0
      vertex 7.67907 46.7659 0
    endloop
  endfacet
  facet normal 0 0 -1
    outer loop
      vertex 7.67907 46.2341 0
      vertex 9.49923 37.6253 0
      vertex 9.27178 37.7647 0
    endloop
  endfacet
  facet normal 0 0 -1
    outer loop
      vertex 7.67907 46.2341 0
      vertex 9.27178 37.7647 0
      vertex 9.02533 37.8668 0
    endloop
  endfacet
  facet normal 0 0 -1
    outer loop
      vertex 20.3832 47.0253 0
      vertex 7.6168 47.0253 0
      vertex 20.4853 47.2718 0
    endloop
  endfacet
  facet normal 0 0 -1
    outer loop
      vertex 7.67907 46.2341 0
      vertex 9.02533 37.8668 0
      vertex 8.76594 37.9291 0
    endloop
  endfacet
  facet normal 0 0 -1
    outer loop
      vertex 7.67907 46.2341 0
      vertex 8.76594 37.9291 0
      vertex 8.5 37.95 0
    endloop
  endfacet
  facet normal 0 0 -1
    outer loop
      vertex 7.67907 46.2341 0
      vertex 8.5 37.95 0
      vertex 8.23406 37.9291 0
    endloop
  endfacet
  facet normal 0 0 -1
    outer loop
      vertex 7.67907 46.2341 0
      vertex 8.23406 37.9291 0
      vertex 7.97467 37.8668 0
    endloop
  endfacet
  facet normal 0 0 -1
    outer loop
      vertex 6.26594 44.8209 0
      vertex 7.97467 37.8668 0
      vertex 7.72822 37.7647 0
    endloop
  endfacet
  facet normal 0 0 -1
    outer loop
      vertex 7.51471 47.2718 0
      vertex 20.4853 47.2718 0
      vertex 7.6168 47.0253 0
    endloop
  endfacet
  facet normal 0 0 -1
    outer loop
      vertex 20.4853 47.2718 0
      vertex 7.51471 47.2718 0
      vertex 20.6247 47.4992 0
    endloop
  endfacet
  facet normal 0 0 -1
    outer loop
      vertex 7.37533 47.4992 0
      vertex 20.6247 47.4992 0
      vertex 7.51471 47.2718 0
    endloop
  endfacet
  facet normal 0 0 -1
    outer loop
      vertex 20.6247 47.4992 0
      vertex 7.37533 47.4992 0
      vertex 20.7979 47.7021 0
    endloop
  endfacet
  facet normal 0 0 -1
    outer loop
      vertex 7.20208 47.7021 0
      vertex 20.7979 47.7021 0
      vertex 7.37533 47.4992 0
    endloop
  endfacet
  facet normal 0 0 -1
    outer loop
      vertex 20.7979 47.7021 0
      vertex 7.20208 47.7021 0
      vertex 21.0008 47.8753 0
    endloop
  endfacet
  facet normal 0 0 -1
    outer loop
      vertex 6.99923 47.8753 0
      vertex 21.0008 47.8753 0
      vertex 7.20208 47.7021 0
    endloop
  endfacet
  facet normal 0 0 -1
    outer loop
      vertex 21.0008 47.8753 0
      vertex 6.99923 47.8753 0
      vertex 21.2282 48.0147 0
    endloop
  endfacet
  facet normal 0 0 -1
    outer loop
      vertex 6.77178 48.0147 0
      vertex 21.2282 48.0147 0
      vertex 6.99923 47.8753 0
    endloop
  endfacet
  facet normal 0 0 -1
    outer loop
      vertex 21.2282 48.0147 0
      vertex 6.77178 48.0147 0
      vertex 21.4747 48.1168 0
    endloop
  endfacet
  facet normal 0 0 -1
    outer loop
      vertex 6.52533 48.1168 0
      vertex 21.4747 48.1168 0
      vertex 6.77178 48.0147 0
    endloop
  endfacet
  facet normal 0 0 -1
    outer loop
      vertex 21.4747 48.1168 0
      vertex 6.52533 48.1168 0
      vertex 0 52.49 0
    endloop
  endfacet
  facet normal 0 0 -1
    outer loop
      vertex 0 52.49 0
      vertex 6.52533 48.1168 0
      vertex 6.26594 48.1791 0
    endloop
  endfacet
  facet normal 0 0 -1
    outer loop
      vertex 0 52.49 0
      vertex 6.26594 48.1791 0
      vertex 6 48.2 0
    endloop
  endfacet
  facet normal 0 0 -1
    outer loop
      vertex 0 52.49 0
      vertex 6 48.2 0
      vertex 5.73406 48.1791 0
    endloop
  endfacet
  facet normal 0 0 -1
    outer loop
      vertex 4.32093 46.2341 0
      vertex 0 52.49 0
      vertex 4.3 46.5 0
    endloop
  endfacet
  facet normal 0 0 -1
    outer loop
      vertex 21.7341 48.1791 0
      vertex 0 52.49 0
      vertex 33 52.49 0
    endloop
  endfacet
  facet normal 0 0 -1
    outer loop
      vertex 5.47467 48.1168 0
      vertex 0 52.49 0
      vertex 5.73406 48.1791 0
    endloop
  endfacet
  facet normal 0 0 -1
    outer loop
      vertex 5.22822 48.0147 0
      vertex 0 52.49 0
      vertex 5.47467 48.1168 0
    endloop
  endfacet
  facet normal 0 0 -1
    outer loop
      vertex 5.00076 47.8753 0
      vertex 0 52.49 0
      vertex 5.22822 48.0147 0
    endloop
  endfacet
  facet normal 0 0 -1
    outer loop
      vertex 4.79792 47.7021 0
      vertex 0 52.49 0
      vertex 5.00076 47.8753 0
    endloop
  endfacet
  facet normal 0 0 -1
    outer loop
      vertex 4.62467 47.4992 0
      vertex 0 52.49 0
      vertex 4.79792 47.7021 0
    endloop
  endfacet
  facet normal 0 0 -1
    outer loop
      vertex 4.48529 47.2718 0
      vertex 0 52.49 0
      vertex 4.62467 47.4992 0
    endloop
  endfacet
  facet normal 0 0 -1
    outer loop
      vertex 4.3832 47.0253 0
      vertex 0 52.49 0
      vertex 4.48529 47.2718 0
    endloop
  endfacet
  facet normal 0 0 -1
    outer loop
      vertex 4.32093 46.7659 0
      vertex 0 52.49 0
      vertex 4.3832 47.0253 0
    endloop
  endfacet
  facet normal 0 0 -1
    outer loop
      vertex 4.3 46.5 0
      vertex 0 52.49 0
      vertex 4.32093 46.7659 0
    endloop
  endfacet
  facet normal 0 0 1
    outer loop
      vertex 17.358 29.8919 6
      vertex 11.2426 34.2574 6
      vertex 16.0097 28.7403 6
    endloop
  endfacet
  facet normal 0 0 1
    outer loop
      vertex 12.7 20.75 6
      vertex 11.8484 5.77875 6
      vertex 11.89 5.25 6
    endloop
  endfacet
  facet normal -0 0 1
    outer loop
      vertex 10.8971 33.8529 6
      vertex 16.0097 28.7403 6
      vertex 11.2426 34.2574 6
    endloop
  endfacet
  facet normal 0 0 1
    outer loop
      vertex 12.7 20.75 6
      vertex 11.8483 5.78031 6
      vertex 11.8484 5.77875 6
    endloop
  endfacet
  facet normal -0 0 1
    outer loop
      vertex 10.4926 33.5074 6
      vertex 16.0097 28.7403 6
      vertex 10.8971 33.8529 6
    endloop
  endfacet
  facet normal 0 0 1
    outer loop
      vertex 12.7 20.75 6
      vertex 11.8479 5.78184 6
      vertex 11.8483 5.78031 6
    endloop
  endfacet
  facet normal 0 0 1
    outer loop
      vertex 16.0097 28.7403 6
      vertex 10.4926 33.5074 6
      vertex 14.8581 27.392 6
    endloop
  endfacet
  facet normal 0 0 1
    outer loop
      vertex 12.7 20.75 6
      vertex 11.7241 6.29757 6
      vertex 11.8479 5.78184 6
    endloop
  endfacet
  facet normal -0 0 1
    outer loop
      vertex 10.4913 33.5066 6
      vertex 14.8581 27.392 6
      vertex 10.4926 33.5074 6
    endloop
  endfacet
  facet normal 0 0 1
    outer loop
      vertex 12.7 20.75 6
      vertex 11.5205 6.78903 6
      vertex 11.7241 6.29757 6
    endloop
  endfacet
  facet normal -0 0 1
    outer loop
      vertex 10.039 33.2295 6
      vertex 14.8581 27.392 6
      vertex 10.4913 33.5066 6
    endloop
  endfacet
  facet normal 0 0 1
    outer loop
      vertex 12.7 20.75 6
      vertex 11.2434 7.24125 6
      vertex 11.5205 6.78903 6
    endloop
  endfacet
  facet normal -0 0 1
    outer loop
      vertex 9.54757 33.0259 6
      vertex 14.8581 27.392 6
      vertex 10.039 33.2295 6
    endloop
  endfacet
  facet normal 0 0 1
    outer loop
      vertex 12.7 20.75 6
      vertex 11.2426 7.24259 6
      vertex 11.2434 7.24125 6
    endloop
  endfacet
  facet normal 0 0 1
    outer loop
      vertex 14.8581 27.392 6
      vertex 9.54757 33.0259 6
      vertex 13.9316 25.8801 6
    endloop
  endfacet
  facet normal 0 0 1
    outer loop
      vertex 12.7 20.75 6
      vertex 10.8971 7.64709 6
      vertex 11.2426 7.24259 6
    endloop
  endfacet
  facet normal -0 0 1
    outer loop
      vertex 9.03184 32.9021 6
      vertex 13.9316 25.8801 6
      vertex 9.54757 33.0259 6
    endloop
  endfacet
  facet normal 0 0 1
    outer loop
      vertex 12.7 20.75 6
      vertex 10.4926 7.99257 6
      vertex 10.8971 7.64709 6
    endloop
  endfacet
  facet normal -0 0 1
    outer loop
      vertex 9.03031 32.9017 6
      vertex 13.9316 25.8801 6
      vertex 9.03184 32.9021 6
    endloop
  endfacet
  facet normal 0 0 1
    outer loop
      vertex 12.7 20.75 6
      vertex 10.4913 7.99339 6
      vertex 10.4926 7.99257 6
    endloop
  endfacet
  facet normal -0 0 1
    outer loop
      vertex 9.02875 32.9016 6
      vertex 13.9316 25.8801 6
      vertex 9.03031 32.9017 6
    endloop
  endfacet
  facet normal 0 0 1
    outer loop
      vertex 12.7 20.75 6
      vertex 10.039 8.27051 6
      vertex 10.4913 7.99339 6
    endloop
  endfacet
  facet normal -0 0 1
    outer loop
      vertex 8.5 32.86 6
      vertex 13.9316 25.8801 6
      vertex 9.02875 32.9016 6
    endloop
  endfacet
  facet normal 0 0 1
    outer loop
      vertex 12.7 20.75 6
      vertex 9.54757 8.47408 6
      vertex 10.039 8.27051 6
    endloop
  endfacet
  facet normal 0 0 1
    outer loop
      vertex 13.9316 25.8801 6
      vertex 8.5 32.86 6
      vertex 13.2531 24.2419 6
    endloop
  endfacet
  facet normal 0 0 1
    outer loop
      vertex 12.7 20.75 6
      vertex 9.03184 8.5979 6
      vertex 9.54757 8.47408 6
    endloop
  endfacet
  facet normal 0 0 1
    outer loop
      vertex 7.97125 32.9016 6
      vertex 13.2531 24.2419 6
      vertex 8.5 32.86 6
    endloop
  endfacet
  facet normal 0 0 1
    outer loop
      vertex 12.7 20.75 6
      vertex 9.03031 8.59826 6
      vertex 9.03184 8.5979 6
    endloop
  endfacet
  facet normal 0 0 1
    outer loop
      vertex 7.96969 32.9017 6
      vertex 13.2531 24.2419 6
      vertex 7.97125 32.9016 6
    endloop
  endfacet
  facet normal 0 0 1
    outer loop
      vertex 12.7 20.75 6
      vertex 9.02875 8.59839 6
      vertex 9.03031 8.59826 6
    endloop
  endfacet
  facet normal 0 0 1
    outer loop
      vertex 7.96816 32.9021 6
      vertex 13.2531 24.2419 6
      vertex 7.96969 32.9017 6
    endloop
  endfacet
  facet normal 0 0 1
    outer loop
      vertex 12.7 20.75 6
      vertex 8.5 8.64 6
      vertex 9.02875 8.59839 6
    endloop
  endfacet
  facet normal 0 0 1
    outer loop
      vertex 7.45243 33.0259 6
      vertex 13.2531 24.2419 6
      vertex 7.96816 32.9021 6
    endloop
  endfacet
  facet normal 0 0 1
    outer loop
      vertex 12.7 20.75 6
      vertex 7.97125 8.59839 6
      vertex 8.5 8.64 6
    endloop
  endfacet
  facet normal 0 0 1
    outer loop
      vertex 13.2531 24.2419 6
      vertex 7.45243 33.0259 6
      vertex 12.8391 22.5177 6
    endloop
  endfacet
  facet normal 0 0 1
    outer loop
      vertex 12.7 20.75 6
      vertex 7.96969 8.59826 6
      vertex 7.97125 8.59839 6
    endloop
  endfacet
  facet normal 0 0 1
    outer loop
      vertex 6.96097 33.2295 6
      vertex 12.8391 22.5177 6
      vertex 7.45243 33.0259 6
    endloop
  endfacet
  facet normal 0 0 1
    outer loop
      vertex 12.7 20.75 6
      vertex 7.96816 8.5979 6
      vertex 7.96969 8.59826 6
    endloop
  endfacet
  facet normal 0 0 1
    outer loop
      vertex 12.8391 22.5177 6
      vertex 6.96097 33.2295 6
      vertex 12.7 20.75 6
    endloop
  endfacet
  facet normal 0 0 1
    outer loop
      vertex 12.7 20.75 6
      vertex 7.45243 8.47408 6
      vertex 7.96816 8.5979 6
    endloop
  endfacet
  facet normal 0 0 1
    outer loop
      vertex 6.50875 33.5066 6
      vertex 12.7 20.75 6
      vertex 6.96097 33.2295 6
    endloop
  endfacet
  facet normal 0 0 1
    outer loop
      vertex 12.7 20.75 6
      vertex 6.96097 8.27051 6
      vertex 7.45243 8.47408 6
    endloop
  endfacet
  facet normal 0 0 1
    outer loop
      vertex 6.50741 33.5074 6
      vertex 12.7 20.75 6
      vertex 6.50875 33.5066 6
    endloop
  endfacet
  facet normal 0 0 1
    outer loop
      vertex 12.7 20.75 6
      vertex 6.50875 7.99339 6
      vertex 6.96097 8.27051 6
    endloop
  endfacet
  facet normal 0 0 1
    outer loop
      vertex 6.50741 7.99257 6
      vertex 12.7 20.75 6
      vertex 6.50741 33.5074 6
    endloop
  endfacet
  facet normal 0 0 1
    outer loop
      vertex 12.7 20.75 6
      vertex 6.50741 7.99257 6
      vertex 6.50875 7.99339 6
    endloop
  endfacet
  facet normal 0 0 1
    outer loop
      vertex 6.10291 33.8529 6
      vertex 6.50741 7.99257 6
      vertex 6.50741 33.5074 6
    endloop
  endfacet
  facet normal 0 0 1
    outer loop
      vertex 6.10291 33.8529 6
      vertex 6.10291 7.64709 6
      vertex 6.50741 7.99257 6
    endloop
  endfacet
  facet normal 0 0 1
    outer loop
      vertex 5.75743 34.2574 6
      vertex 6.10291 7.64709 6
      vertex 6.10291 33.8529 6
    endloop
  endfacet
  facet normal 0 0 1
    outer loop
      vertex 5.75743 34.2574 6
      vertex 5.75743 7.24259 6
      vertex 6.10291 7.64709 6
    endloop
  endfacet
  facet normal 0 0 1
    outer loop
      vertex 5.75661 34.2587 6
      vertex 5.75743 7.24259 6
      vertex 5.75743 34.2574 6
    endloop
  endfacet
  facet normal 0 0 1
    outer loop
      vertex 5.75661 34.2587 6
      vertex 5.75661 7.24125 6
      vertex 5.75743 7.24259 6
    endloop
  endfacet
  facet normal 0 0 1
    outer loop
      vertex 5.47949 34.711 6
      vertex 5.75661 7.24125 6
      vertex 5.75661 34.2587 6
    endloop
  endfacet
  facet normal 0 0 1
    outer loop
      vertex 5.47949 34.711 6
      vertex 5.47949 6.78903 6
      vertex 5.75661 7.24125 6
    endloop
  endfacet
  facet normal 0 0 1
    outer loop
      vertex 0 0 6
      vertex 5.47949 34.711 6
      vertex 5.27592 35.2024 6
    endloop
  endfacet
  facet normal 0 0 1
    outer loop
      vertex 5.47949 34.711 6
      vertex 0 0 6
      vertex 5.47949 6.78903 6
    endloop
  endfacet
  facet normal 0 0 1
    outer loop
      vertex 0 0 6
      vertex 5.27592 35.2024 6
      vertex 5.1521 35.7182 6
    endloop
  endfacet
  facet normal 0 0 1
    outer loop
      vertex 5.47949 6.78903 6
      vertex 0 0 6
      vertex 5.27592 6.29757 6
    endloop
  endfacet
  facet normal 0 0 1
    outer loop
      vertex 0 0 6
      vertex 5.1521 35.7182 6
      vertex 5.15174 35.7197 6
    endloop
  endfacet
  facet normal 0 0 1
    outer loop
      vertex 5.27592 6.29757 6
      vertex 0 0 6
      vertex 5.1521 5.78184 6
    endloop
  endfacet
  facet normal 0 0 1
    outer loop
      vertex 0 50.49 6
      vertex 5.15174 35.7197 6
      vertex 5.15161 35.7213 6
    endloop
  endfacet
  facet normal 0 0 1
    outer loop
      vertex 5.1521 5.78184 6
      vertex 0 0 6
      vertex 5.15174 5.78031 6
    endloop
  endfacet
  facet normal 0 0 1
    outer loop
      vertex 0 50.49 6
      vertex 5.15161 35.7213 6
      vertex 5.11 36.25 6
    endloop
  endfacet
  facet normal 0 0 1
    outer loop
      vertex 5.15174 5.78031 6
      vertex 0 0 6
      vertex 5.15161 5.77875 6
    endloop
  endfacet
  facet normal 0 0 1
    outer loop
      vertex 47 50.5 6
      vertex 42.8483 35.7197 6
      vertex 47 0 6
    endloop
  endfacet
  facet normal 0 0 1
    outer loop
      vertex 47 0 6
      vertex 42.8484 5.77875 6
      vertex 42.89 5.25 6
    endloop
  endfacet
  facet normal -0 0 1
    outer loop
      vertex 42.8479 35.7182 6
      vertex 47 0 6
      vertex 42.8483 35.7197 6
    endloop
  endfacet
  facet normal 0 0 1
    outer loop
      vertex 47 0 6
      vertex 42.8483 5.78031 6
      vertex 42.8484 5.77875 6
    endloop
  endfacet
  facet normal -0 0 1
    outer loop
      vertex 42.7241 35.2024 6
      vertex 47 0 6
      vertex 42.8479 35.7182 6
    endloop
  endfacet
  facet normal 0 0 1
    outer loop
      vertex 47 0 6
      vertex 42.8479 5.78184 6
      vertex 42.8483 5.78031 6
    endloop
  endfacet
  facet normal -0 0 1
    outer loop
      vertex 42.5205 34.711 6
      vertex 47 0 6
      vertex 42.7241 35.2024 6
    endloop
  endfacet
  facet normal 0 0 1
    outer loop
      vertex 47 0 6
      vertex 42.7241 6.29757 6
      vertex 42.8479 5.78184 6
    endloop
  endfacet
  facet normal -0 0 1
    outer loop
      vertex 42.5205 6.78903 6
      vertex 47 0 6
      vertex 42.5205 34.711 6
    endloop
  endfacet
  facet normal 0 0 1
    outer loop
      vertex 47 0 6
      vertex 42.5205 6.78903 6
      vertex 42.7241 6.29757 6
    endloop
  endfacet
  facet normal -0 0 1
    outer loop
      vertex 42.2434 34.2587 6
      vertex 42.5205 6.78903 6
      vertex 42.5205 34.711 6
    endloop
  endfacet
  facet normal 0 0 1
    outer loop
      vertex 42.2434 34.2587 6
      vertex 42.2434 7.24125 6
      vertex 42.5205 6.78903 6
    endloop
  endfacet
  facet normal -0 0 1
    outer loop
      vertex 42.2426 34.2574 6
      vertex 42.2434 7.24125 6
      vertex 42.2434 34.2587 6
    endloop
  endfacet
  facet normal 0 0 1
    outer loop
      vertex 42.2426 34.2574 6
      vertex 42.2426 7.24259 6
      vertex 42.2434 7.24125 6
    endloop
  endfacet
  facet normal -0 0 1
    outer loop
      vertex 41.8971 33.8529 6
      vertex 42.2426 7.24259 6
      vertex 42.2426 34.2574 6
    endloop
  endfacet
  facet normal 0 0 1
    outer loop
      vertex 41.8971 33.8529 6
      vertex 41.8971 7.64709 6
      vertex 42.2426 7.24259 6
    endloop
  endfacet
  facet normal -0 0 1
    outer loop
      vertex 41.4926 33.5074 6
      vertex 41.8971 7.64709 6
      vertex 41.8971 33.8529 6
    endloop
  endfacet
  facet normal 0 0 1
    outer loop
      vertex 41.4926 33.5074 6
      vertex 41.4926 7.99257 6
      vertex 41.8971 7.64709 6
    endloop
  endfacet
  facet normal 0 0 1
    outer loop
      vertex 35.3 20.75 6
      vertex 41.4926 33.5074 6
      vertex 41.4913 33.5066 6
    endloop
  endfacet
  facet normal 0 0 1
    outer loop
      vertex 41.4926 33.5074 6
      vertex 35.3 20.75 6
      vertex 41.4926 7.99257 6
    endloop
  endfacet
  facet normal 0 0 1
    outer loop
      vertex 35.3 20.75 6
      vertex 41.4913 33.5066 6
      vertex 41.039 33.2295 6
    endloop
  endfacet
  facet normal 0 0 1
    outer loop
      vertex 41.4926 7.99257 6
      vertex 35.3 20.75 6
      vertex 41.4913 7.99339 6
    endloop
  endfacet
  facet normal 0 0 1
    outer loop
      vertex 35.1609 22.5177 6
      vertex 41.039 33.2295 6
      vertex 40.5476 33.0259 6
    endloop
  endfacet
  facet normal 0 0 1
    outer loop
      vertex 41.4913 7.99339 6
      vertex 35.3 20.75 6
      vertex 41.039 8.27051 6
    endloop
  endfacet
  facet normal 0 0 1
    outer loop
      vertex 34.7469 24.2419 6
      vertex 40.5476 33.0259 6
      vertex 40.0318 32.9021 6
    endloop
  endfacet
  facet normal -0 0 1
    outer loop
      vertex 35.1609 18.9823 6
      vertex 41.039 8.27051 6
      vertex 35.3 20.75 6
    endloop
  endfacet
  facet normal 0 0 1
    outer loop
      vertex 34.7469 24.2419 6
      vertex 40.0318 32.9021 6
      vertex 40.0303 32.9017 6
    endloop
  endfacet
  facet normal 0 0 1
    outer loop
      vertex 41.039 8.27051 6
      vertex 35.1609 18.9823 6
      vertex 40.5476 8.47408 6
    endloop
  endfacet
  facet normal 0 0 1
    outer loop
      vertex 34.7469 24.2419 6
      vertex 40.0303 32.9017 6
      vertex 40.0287 32.9016 6
    endloop
  endfacet
  facet normal -0 0 1
    outer loop
      vertex 34.7469 17.2581 6
      vertex 40.5476 8.47408 6
      vertex 35.1609 18.9823 6
    endloop
  endfacet
  facet normal 0 0 1
    outer loop
      vertex 34.7469 24.2419 6
      vertex 40.0287 32.9016 6
      vertex 39.5 32.86 6
    endloop
  endfacet
  facet normal 0 0 1
    outer loop
      vertex 40.5476 8.47408 6
      vertex 34.7469 17.2581 6
      vertex 40.0318 8.5979 6
    endloop
  endfacet
  facet normal 0 0 1
    outer loop
      vertex 34.0684 25.8801 6
      vertex 39.5 32.86 6
      vertex 38.9713 32.9016 6
    endloop
  endfacet
  facet normal 0 0 1
    outer loop
      vertex 40.0318 8.5979 6
      vertex 34.7469 17.2581 6
      vertex 40.0303 8.59826 6
    endloop
  endfacet
  facet normal 0 0 1
    outer loop
      vertex 34.0684 25.8801 6
      vertex 38.9713 32.9016 6
      vertex 38.9697 32.9017 6
    endloop
  endfacet
  facet normal 0 0 1
    outer loop
      vertex 40.0303 8.59826 6
      vertex 34.7469 17.2581 6
      vertex 40.0287 8.59839 6
    endloop
  endfacet
  facet normal 0 0 1
    outer loop
      vertex 34.0684 25.8801 6
      vertex 38.9697 32.9017 6
      vertex 38.9682 32.9021 6
    endloop
  endfacet
  facet normal 0 0 1
    outer loop
      vertex 40.0287 8.59839 6
      vertex 34.7469 17.2581 6
      vertex 39.5 8.64 6
    endloop
  endfacet
  facet normal 0 0 1
    outer loop
      vertex 34.0684 25.8801 6
      vertex 38.9682 32.9021 6
      vertex 38.4524 33.0259 6
    endloop
  endfacet
  facet normal -0 0 1
    outer loop
      vertex 34.0684 15.6199 6
      vertex 39.5 8.64 6
      vertex 34.7469 17.2581 6
    endloop
  endfacet
  facet normal 0 0 1
    outer loop
      vertex 33.1419 27.392 6
      vertex 38.4524 33.0259 6
      vertex 37.961 33.2295 6
    endloop
  endfacet
  facet normal 0 0 1
    outer loop
      vertex 39.5 8.64 6
      vertex 34.0684 15.6199 6
      vertex 38.9713 8.59839 6
    endloop
  endfacet
  facet normal 0 0 1
    outer loop
      vertex 33.1419 27.392 6
      vertex 37.961 33.2295 6
      vertex 37.5087 33.5066 6
    endloop
  endfacet
  facet normal 0 0 1
    outer loop
      vertex 38.9713 8.59839 6
      vertex 34.0684 15.6199 6
      vertex 38.9697 8.59826 6
    endloop
  endfacet
  facet normal 0 0 1
    outer loop
      vertex 33.1419 27.392 6
      vertex 37.5087 33.5066 6
      vertex 37.5074 33.5074 6
    endloop
  endfacet
  facet normal 0 0 1
    outer loop
      vertex 38.9697 8.59826 6
      vertex 34.0684 15.6199 6
      vertex 38.9682 8.5979 6
    endloop
  endfacet
  facet normal 0 0 1
    outer loop
      vertex 31.9903 28.7403 6
      vertex 37.5074 33.5074 6
      vertex 37.1029 33.8529 6
    endloop
  endfacet
  facet normal 0 0 1
    outer loop
      vertex 38.9682 8.5979 6
      vertex 34.0684 15.6199 6
      vertex 38.4524 8.47408 6
    endloop
  endfacet
  facet normal 0 0 1
    outer loop
      vertex 31.9903 28.7403 6
      vertex 37.1029 33.8529 6
      vertex 36.7574 34.2574 6
    endloop
  endfacet
  facet normal -0 0 1
    outer loop
      vertex 33.1419 14.108 6
      vertex 38.4524 8.47408 6
      vertex 34.0684 15.6199 6
    endloop
  endfacet
  facet normal 0 0 1
    outer loop
      vertex 30.642 29.8919 6
      vertex 36.7574 34.2574 6
      vertex 36.7566 34.2587 6
    endloop
  endfacet
  facet normal 0 0 1
    outer loop
      vertex 38.4524 8.47408 6
      vertex 33.1419 14.108 6
      vertex 37.961 8.27051 6
    endloop
  endfacet
  facet normal 0 0 1
    outer loop
      vertex 30.642 29.8919 6
      vertex 36.7566 34.2587 6
      vertex 36.4795 34.711 6
    endloop
  endfacet
  facet normal 0 0 1
    outer loop
      vertex 37.961 8.27051 6
      vertex 33.1419 14.108 6
      vertex 37.5087 7.99339 6
    endloop
  endfacet
  facet normal 0 0 1
    outer loop
      vertex 30.642 29.8919 6
      vertex 36.4795 34.711 6
      vertex 36.2759 35.2024 6
    endloop
  endfacet
  facet normal 0 0 1
    outer loop
      vertex 37.5087 7.99339 6
      vertex 33.1419 14.108 6
      vertex 37.5074 7.99257 6
    endloop
  endfacet
  facet normal 0 0 1
    outer loop
      vertex 29.1301 30.8184 6
      vertex 36.2759 35.2024 6
      vertex 36.1521 35.7182 6
    endloop
  endfacet
  facet normal -0 0 1
    outer loop
      vertex 31.9903 12.7597 6
      vertex 37.5074 7.99257 6
      vertex 33.1419 14.108 6
    endloop
  endfacet
  facet normal 0 0 1
    outer loop
      vertex 29.1301 30.8184 6
      vertex 36.1521 35.7182 6
      vertex 36.1517 35.7197 6
    endloop
  endfacet
  facet normal 0 0 1
    outer loop
      vertex 37.5074 7.99257 6
      vertex 31.9903 12.7597 6
      vertex 37.1029 7.64709 6
    endloop
  endfacet
  facet normal 0 0 1
    outer loop
      vertex 29.1301 30.8184 6
      vertex 36.1517 35.7197 6
      vertex 36.1516 35.7213 6
    endloop
  endfacet
  facet normal 0 0 1
    outer loop
      vertex 37.1029 7.64709 6
      vertex 31.9903 12.7597 6
      vertex 36.7574 7.24259 6
    endloop
  endfacet
  facet normal 0 0 1
    outer loop
      vertex 29.1301 30.8184 6
      vertex 36.1516 35.7213 6
      vertex 36.11 36.25 6
    endloop
  endfacet
  facet normal -0 0 1
    outer loop
      vertex 30.642 11.6081 6
      vertex 36.7574 7.24259 6
      vertex 31.9903 12.7597 6
    endloop
  endfacet
  facet normal 0 0 1
    outer loop
      vertex 42.8484 35.7213 6
      vertex 47 50.5 6
      vertex 42.89 36.25 6
    endloop
  endfacet
  facet normal 0 0 1
    outer loop
      vertex 47 50.5 6
      vertex 42.8484 36.7787 6
      vertex 42.89 36.25 6
    endloop
  endfacet
  facet normal 0 0 1
    outer loop
      vertex 47 50.5 6
      vertex 42.8483 36.7803 6
      vertex 42.8484 36.7787 6
    endloop
  endfacet
  facet normal 0 0 1
    outer loop
      vertex 47 50.5 6
      vertex 42.8479 36.7818 6
      vertex 42.8483 36.7803 6
    endloop
  endfacet
  facet normal 0 0 1
    outer loop
      vertex 47 50.5 6
      vertex 42.7241 37.2976 6
      vertex 42.8479 36.7818 6
    endloop
  endfacet
  facet normal 0 0 1
    outer loop
      vertex 47 50.5 6
      vertex 42.5205 37.789 6
      vertex 42.7241 37.2976 6
    endloop
  endfacet
  facet normal 0 0 1
    outer loop
      vertex 47 50.5 6
      vertex 42.2434 38.2413 6
      vertex 42.5205 37.789 6
    endloop
  endfacet
  facet normal 0 0 1
    outer loop
      vertex 47 50.5 6
      vertex 42.2426 38.2426 6
      vertex 42.2434 38.2413 6
    endloop
  endfacet
  facet normal 0 0 1
    outer loop
      vertex 47 50.5 6
      vertex 41.8971 38.6471 6
      vertex 42.2426 38.2426 6
    endloop
  endfacet
  facet normal 0 0 1
    outer loop
      vertex 47 50.5 6
      vertex 41.4926 38.9926 6
      vertex 41.8971 38.6471 6
    endloop
  endfacet
  facet normal 0 0 1
    outer loop
      vertex 47 50.5 6
      vertex 41.4913 38.9934 6
      vertex 41.4926 38.9926 6
    endloop
  endfacet
  facet normal 0 0 1
    outer loop
      vertex 47 50.5 6
      vertex 41.039 39.2705 6
      vertex 41.4913 38.9934 6
    endloop
  endfacet
  facet normal 0 0 1
    outer loop
      vertex 47 50.5 6
      vertex 40.5476 39.4741 6
      vertex 41.039 39.2705 6
    endloop
  endfacet
  facet normal 0 0 1
    outer loop
      vertex 47 50.5 6
      vertex 40.0318 39.5979 6
      vertex 40.5476 39.4741 6
    endloop
  endfacet
  facet normal 0 0 1
    outer loop
      vertex 47 50.5 6
      vertex 40.0303 39.5983 6
      vertex 40.0318 39.5979 6
    endloop
  endfacet
  facet normal 0 0 1
    outer loop
      vertex 47 50.5 6
      vertex 40.0287 39.5984 6
      vertex 40.0303 39.5983 6
    endloop
  endfacet
  facet normal 0 0 1
    outer loop
      vertex 47 50.5 6
      vertex 39.5 39.64 6
      vertex 40.0287 39.5984 6
    endloop
  endfacet
  facet normal -0 0 1
    outer loop
      vertex 33 50.49 6
      vertex 39.5 39.64 6
      vertex 47 50.5 6
    endloop
  endfacet
  facet normal 0 0 1
    outer loop
      vertex 39.5 39.64 6
      vertex 33 50.49 6
      vertex 38.9713 39.5984 6
    endloop
  endfacet
  facet normal 0 0 1
    outer loop
      vertex 38.9713 39.5984 6
      vertex 33 50.49 6
      vertex 38.9697 39.5983 6
    endloop
  endfacet
  facet normal 0 0 1
    outer loop
      vertex 38.9697 39.5983 6
      vertex 33 50.49 6
      vertex 38.9682 39.5979 6
    endloop
  endfacet
  facet normal 0 0 1
    outer loop
      vertex 38.9682 39.5979 6
      vertex 33 50.49 6
      vertex 38.4524 39.4741 6
    endloop
  endfacet
  facet normal 0 0 1
    outer loop
      vertex 38.4524 39.4741 6
      vertex 33 50.49 6
      vertex 37.961 39.2705 6
    endloop
  endfacet
  facet normal 0 0 1
    outer loop
      vertex 37.961 39.2705 6
      vertex 33 50.49 6
      vertex 37.5087 38.9934 6
    endloop
  endfacet
  facet normal 0 0 1
    outer loop
      vertex 37.5087 38.9934 6
      vertex 33 50.49 6
      vertex 37.5074 38.9926 6
    endloop
  endfacet
  facet normal 0 0 1
    outer loop
      vertex 37.5074 38.9926 6
      vertex 33 50.49 6
      vertex 37.1029 38.6471 6
    endloop
  endfacet
  facet normal 0 0 1
    outer loop
      vertex 23.5147 45.7282 6
      vertex 36.7566 38.2413 6
      vertex 36.7574 38.2426 6
    endloop
  endfacet
  facet normal 0 0 1
    outer loop
      vertex 36.7574 7.24259 6
      vertex 30.642 11.6081 6
      vertex 36.7566 7.24125 6
    endloop
  endfacet
  facet normal 0 0 1
    outer loop
      vertex 41.039 33.2295 6
      vertex 35.1609 22.5177 6
      vertex 35.3 20.75 6
    endloop
  endfacet
  facet normal 0 0 1
    outer loop
      vertex 40.5476 33.0259 6
      vertex 34.7469 24.2419 6
      vertex 35.1609 22.5177 6
    endloop
  endfacet
  facet normal 0 0 1
    outer loop
      vertex 27.4919 31.4969 6
      vertex 36.11 36.25 6
      vertex 36.1516 36.7787 6
    endloop
  endfacet
  facet normal 0 0 1
    outer loop
      vertex 27.4919 31.4969 6
      vertex 36.1516 36.7787 6
      vertex 36.1517 36.7803 6
    endloop
  endfacet
  facet normal 0 0 1
    outer loop
      vertex 39.5 32.86 6
      vertex 34.0684 25.8801 6
      vertex 34.7469 24.2419 6
    endloop
  endfacet
  facet normal 0 0 1
    outer loop
      vertex 38.4524 33.0259 6
      vertex 33.1419 27.392 6
      vertex 34.0684 25.8801 6
    endloop
  endfacet
  facet normal 0 0 1
    outer loop
      vertex 27.4919 31.4969 6
      vertex 36.1517 36.7803 6
      vertex 36.1521 36.7818 6
    endloop
  endfacet
  facet normal 0 0 1
    outer loop
      vertex 27.4919 31.4969 6
      vertex 36.1521 36.7818 6
      vertex 36.2759 37.2976 6
    endloop
  endfacet
  facet normal 0 0 1
    outer loop
      vertex 33 50.49 6
      vertex 47 50.5 6
      vertex 33 50.5 6
    endloop
  endfacet
  facet normal 0 0 1
    outer loop
      vertex 37.1029 38.6471 6
      vertex 33 50.49 6
      vertex 36.7574 38.2426 6
    endloop
  endfacet
  facet normal -0 0 1
    outer loop
      vertex 23.6168 45.9747 6
      vertex 36.7574 38.2426 6
      vertex 33 50.49 6
    endloop
  endfacet
  facet normal -0 0 1
    outer loop
      vertex 23.5147 45.7282 6
      vertex 36.7574 38.2426 6
      vertex 23.6168 45.9747 6
    endloop
  endfacet
  facet normal 0 0 1
    outer loop
      vertex 36.7566 38.2413 6
      vertex 23.5147 45.7282 6
      vertex 36.4795 37.789 6
    endloop
  endfacet
  facet normal 0 0 1
    outer loop
      vertex 37.5074 33.5074 6
      vertex 31.9903 28.7403 6
      vertex 33.1419 27.392 6
    endloop
  endfacet
  facet normal 0 0 1
    outer loop
      vertex 36.7574 34.2574 6
      vertex 30.642 29.8919 6
      vertex 31.9903 28.7403 6
    endloop
  endfacet
  facet normal 0 0 1
    outer loop
      vertex 36.2759 35.2024 6
      vertex 29.1301 30.8184 6
      vertex 30.642 29.8919 6
    endloop
  endfacet
  facet normal 0 0 1
    outer loop
      vertex 36.11 36.25 6
      vertex 27.4919 31.4969 6
      vertex 29.1301 30.8184 6
    endloop
  endfacet
  facet normal 0 0 1
    outer loop
      vertex 36.4795 37.789 6
      vertex 23.3753 45.5008 6
      vertex 36.2759 37.2976 6
    endloop
  endfacet
  facet normal 0 0 1
    outer loop
      vertex 36.2759 37.2976 6
      vertex 23.2021 45.2979 6
      vertex 27.4919 31.4969 6
    endloop
  endfacet
  facet normal 0 0 1
    outer loop
      vertex 23.6791 46.2341 6
      vertex 33 50.49 6
      vertex 23.7 46.5 6
    endloop
  endfacet
  facet normal 0 0 1
    outer loop
      vertex 33 50.49 6
      vertex 23.6791 46.7659 6
      vertex 23.7 46.5 6
    endloop
  endfacet
  facet normal 0 0 1
    outer loop
      vertex 33 50.49 6
      vertex 23.6168 47.0253 6
      vertex 23.6791 46.7659 6
    endloop
  endfacet
  facet normal 0 0 1
    outer loop
      vertex 33 50.49 6
      vertex 23.5147 47.2718 6
      vertex 23.6168 47.0253 6
    endloop
  endfacet
  facet normal 0 0 1
    outer loop
      vertex 33 50.49 6
      vertex 23.3753 47.4992 6
      vertex 23.5147 47.2718 6
    endloop
  endfacet
  facet normal 0 0 1
    outer loop
      vertex 33 50.49 6
      vertex 23.2021 47.7021 6
      vertex 23.3753 47.4992 6
    endloop
  endfacet
  facet normal 0 0 1
    outer loop
      vertex 33 50.49 6
      vertex 22.9992 47.8753 6
      vertex 23.2021 47.7021 6
    endloop
  endfacet
  facet normal 0 0 1
    outer loop
      vertex 33 50.49 6
      vertex 22.7718 48.0147 6
      vertex 22.9992 47.8753 6
    endloop
  endfacet
  facet normal 0 0 1
    outer loop
      vertex 33 50.49 6
      vertex 22.5253 48.1168 6
      vertex 22.7718 48.0147 6
    endloop
  endfacet
  facet normal 0 0 1
    outer loop
      vertex 33 50.49 6
      vertex 22.2659 48.1791 6
      vertex 22.5253 48.1168 6
    endloop
  endfacet
  facet normal 0 0 1
    outer loop
      vertex 33 50.49 6
      vertex 22 48.2 6
      vertex 22.2659 48.1791 6
    endloop
  endfacet
  facet normal 0 0 1
    outer loop
      vertex 33 50.49 6
      vertex 21.7341 48.1791 6
      vertex 22 48.2 6
    endloop
  endfacet
  facet normal 0 0 1
    outer loop
      vertex 7.7 46.5 6
      vertex 20.3 46.5 6
      vertex 20.3209 46.7659 6
    endloop
  endfacet
  facet normal 0 0 1
    outer loop
      vertex 20.3 46.5 6
      vertex 11.8479 36.7818 6
      vertex 18.8699 30.8184 6
    endloop
  endfacet
  facet normal -0 -0 1
    outer loop
      vertex 11.8484 36.7787 6
      vertex 18.8699 30.8184 6
      vertex 11.8483 36.7803 6
    endloop
  endfacet
  facet normal -0 0 1
    outer loop
      vertex 11.8483 35.7197 6
      vertex 18.8699 30.8184 6
      vertex 11.8484 35.7213 6
    endloop
  endfacet
  facet normal 0 0 1
    outer loop
      vertex 7.67907 46.7659 6
      vertex 20.3209 46.7659 6
      vertex 20.3832 47.0253 6
    endloop
  endfacet
  facet normal -0 0 1
    outer loop
      vertex 11.8479 35.7182 6
      vertex 18.8699 30.8184 6
      vertex 11.8483 35.7197 6
    endloop
  endfacet
  facet normal -0 0 1
    outer loop
      vertex 11.7241 35.2024 6
      vertex 18.8699 30.8184 6
      vertex 11.8479 35.7182 6
    endloop
  endfacet
  facet normal -0 0 1
    outer loop
      vertex 11.2434 34.2587 6
      vertex 17.358 29.8919 6
      vertex 11.5205 34.711 6
    endloop
  endfacet
  facet normal -0 0 1
    outer loop
      vertex 11.5205 34.711 6
      vertex 17.358 29.8919 6
      vertex 11.7241 35.2024 6
    endloop
  endfacet
  facet normal 0 0 1
    outer loop
      vertex 18.8699 30.8184 6
      vertex 11.7241 35.2024 6
      vertex 17.358 29.8919 6
    endloop
  endfacet
  facet normal 0 0 1
    outer loop
      vertex 7.6168 47.0253 6
      vertex 20.3832 47.0253 6
      vertex 20.4853 47.2718 6
    endloop
  endfacet
  facet normal 0 0 1
    outer loop
      vertex 7.51471 47.2718 6
      vertex 20.4853 47.2718 6
      vertex 20.6247 47.4992 6
    endloop
  endfacet
  facet normal -0 0 1
    outer loop
      vertex 11.8484 35.7213 6
      vertex 18.8699 30.8184 6
      vertex 11.89 36.25 6
    endloop
  endfacet
  facet normal -0 -0 1
    outer loop
      vertex 11.89 36.25 6
      vertex 18.8699 30.8184 6
      vertex 11.8484 36.7787 6
    endloop
  endfacet
  facet normal 0 0 1
    outer loop
      vertex 18.8699 30.8184 6
      vertex 11.8479 36.7818 6
      vertex 11.8483 36.7803 6
    endloop
  endfacet
  facet normal 0 0 1
    outer loop
      vertex 20.3 46.5 6
      vertex 11.7241 37.2976 6
      vertex 11.8479 36.7818 6
    endloop
  endfacet
  facet normal 0 0 1
    outer loop
      vertex 7.37533 47.4992 6
      vertex 20.6247 47.4992 6
      vertex 20.7979 47.7021 6
    endloop
  endfacet
  facet normal 0 0 1
    outer loop
      vertex 20.3 46.5 6
      vertex 11.5205 37.789 6
      vertex 11.7241 37.2976 6
    endloop
  endfacet
  facet normal 0 0 1
    outer loop
      vertex 20.3 46.5 6
      vertex 11.2434 38.2413 6
      vertex 11.5205 37.789 6
    endloop
  endfacet
  facet normal 0 0 1
    outer loop
      vertex 20.3 46.5 6
      vertex 11.2426 38.2426 6
      vertex 11.2434 38.2413 6
    endloop
  endfacet
  facet normal 0 0 1
    outer loop
      vertex 20.3 46.5 6
      vertex 10.8971 38.6471 6
      vertex 11.2426 38.2426 6
    endloop
  endfacet
  facet normal 0 0 1
    outer loop
      vertex 20.3 46.5 6
      vertex 10.4926 38.9926 6
      vertex 10.8971 38.6471 6
    endloop
  endfacet
  facet normal 0 0 1
    outer loop
      vertex 7.20208 47.7021 6
      vertex 20.7979 47.7021 6
      vertex 21.0008 47.8753 6
    endloop
  endfacet
  facet normal 0 0 1
    outer loop
      vertex 20.3 46.5 6
      vertex 7.67907 46.2341 6
      vertex 10.4926 38.9926 6
    endloop
  endfacet
  facet normal -0 0 1
    outer loop
      vertex 7.6168 45.9747 6
      vertex 10.4926 38.9926 6
      vertex 7.67907 46.2341 6
    endloop
  endfacet
  facet normal 0 0 1
    outer loop
      vertex 10.4926 38.9926 6
      vertex 7.6168 45.9747 6
      vertex 10.4913 38.9934 6
    endloop
  endfacet
  facet normal 0 0 1
    outer loop
      vertex 10.4913 38.9934 6
      vertex 7.6168 45.9747 6
      vertex 10.039 39.2705 6
    endloop
  endfacet
  facet normal 0 0 1
    outer loop
      vertex 10.039 39.2705 6
      vertex 7.51471 45.7282 6
      vertex 9.54757 39.4741 6
    endloop
  endfacet
  facet normal -0 0 1
    outer loop
      vertex 7.37533 45.5008 6
      vertex 9.54757 39.4741 6
      vertex 7.51471 45.7282 6
    endloop
  endfacet
  facet normal 0 0 1
    outer loop
      vertex 9.54757 39.4741 6
      vertex 7.37533 45.5008 6
      vertex 9.03184 39.5979 6
    endloop
  endfacet
  facet normal -0 0 1
    outer loop
      vertex 7.20208 45.2979 6
      vertex 9.03184 39.5979 6
      vertex 7.37533 45.5008 6
    endloop
  endfacet
  facet normal 0 0 1
    outer loop
      vertex 9.03184 39.5979 6
      vertex 7.20208 45.2979 6
      vertex 9.03031 39.5983 6
    endloop
  endfacet
  facet normal 0 0 1
    outer loop
      vertex 9.03031 39.5983 6
      vertex 7.20208 45.2979 6
      vertex 9.02875 39.5984 6
    endloop
  endfacet
  facet normal 0 0 1
    outer loop
      vertex 20.3 46.5 6
      vertex 7.7 46.5 6
      vertex 7.67907 46.2341 6
    endloop
  endfacet
  facet normal 0 0 1
    outer loop
      vertex 6.99923 47.8753 6
      vertex 21.0008 47.8753 6
      vertex 21.2282 48.0147 6
    endloop
  endfacet
  facet normal 0 0 1
    outer loop
      vertex 6.77178 48.0147 6
      vertex 21.2282 48.0147 6
      vertex 21.4747 48.1168 6
    endloop
  endfacet
  facet normal 0 0 1
    outer loop
      vertex 6.52533 48.1168 6
      vertex 21.4747 48.1168 6
      vertex 21.7341 48.1791 6
    endloop
  endfacet
  facet normal -0 0 1
    outer loop
      vertex 0 50.49 6
      vertex 21.7341 48.1791 6
      vertex 33 50.49 6
    endloop
  endfacet
  facet normal 0 0 1
    outer loop
      vertex 20.3209 46.7659 6
      vertex 7.67907 46.7659 6
      vertex 7.7 46.5 6
    endloop
  endfacet
  facet normal 0 0 1
    outer loop
      vertex 20.3832 47.0253 6
      vertex 7.6168 47.0253 6
      vertex 7.67907 46.7659 6
    endloop
  endfacet
  facet normal 0 0 1
    outer loop
      vertex 20.4853 47.2718 6
      vertex 7.51471 47.2718 6
      vertex 7.6168 47.0253 6
    endloop
  endfacet
  facet normal 0 0 1
    outer loop
      vertex 20.6247 47.4992 6
      vertex 7.37533 47.4992 6
      vertex 7.51471 47.2718 6
    endloop
  endfacet
  facet normal 0 0 1
    outer loop
      vertex 20.7979 47.7021 6
      vertex 7.20208 47.7021 6
      vertex 7.37533 47.4992 6
    endloop
  endfacet
  facet normal 0 0 1
    outer loop
      vertex 21.0008 47.8753 6
      vertex 6.99923 47.8753 6
      vertex 7.20208 47.7021 6
    endloop
  endfacet
  facet normal 0 0 1
    outer loop
      vertex 21.2282 48.0147 6
      vertex 6.77178 48.0147 6
      vertex 6.99923 47.8753 6
    endloop
  endfacet
  facet normal 0 0 1
    outer loop
      vertex 21.4747 48.1168 6
      vertex 6.52533 48.1168 6
      vertex 6.77178 48.0147 6
    endloop
  endfacet
  facet normal 0 0 1
    outer loop
      vertex 21.7341 48.1791 6
      vertex 0 50.49 6
      vertex 6.52533 48.1168 6
    endloop
  endfacet
  facet normal 0 0 1
    outer loop
      vertex 6.52533 48.1168 6
      vertex 0 50.49 6
      vertex 6.26594 48.1791 6
    endloop
  endfacet
  facet normal 0 0 1
    outer loop
      vertex 6.26594 48.1791 6
      vertex 0 50.49 6
      vertex 6 48.2 6
    endloop
  endfacet
  facet normal 0 0 1
    outer loop
      vertex 4.32093 46.7659 6
      vertex 0 50.49 6
      vertex 4.3 46.5 6
    endloop
  endfacet
  facet normal 0 0 1
    outer loop
      vertex 4.3832 47.0253 6
      vertex 0 50.49 6
      vertex 4.32093 46.7659 6
    endloop
  endfacet
  facet normal 0 0 1
    outer loop
      vertex 4.48529 47.2718 6
      vertex 0 50.49 6
      vertex 4.3832 47.0253 6
    endloop
  endfacet
  facet normal 0 0 1
    outer loop
      vertex 4.62467 47.4992 6
      vertex 0 50.49 6
      vertex 4.48529 47.2718 6
    endloop
  endfacet
  facet normal 0 0 1
    outer loop
      vertex 4.79792 47.7021 6
      vertex 0 50.49 6
      vertex 4.62467 47.4992 6
    endloop
  endfacet
  facet normal 0 0 1
    outer loop
      vertex 5.00076 47.8753 6
      vertex 0 50.49 6
      vertex 4.79792 47.7021 6
    endloop
  endfacet
  facet normal 0 0 1
    outer loop
      vertex 5.22822 48.0147 6
      vertex 0 50.49 6
      vertex 5.00076 47.8753 6
    endloop
  endfacet
  facet normal 0 0 1
    outer loop
      vertex 5.47467 48.1168 6
      vertex 0 50.49 6
      vertex 5.22822 48.0147 6
    endloop
  endfacet
  facet normal 0 0 1
    outer loop
      vertex 5.73406 48.1791 6
      vertex 0 50.49 6
      vertex 5.47467 48.1168 6
    endloop
  endfacet
  facet normal 0 0 1
    outer loop
      vertex 6 48.2 6
      vertex 0 50.49 6
      vertex 5.73406 48.1791 6
    endloop
  endfacet
  facet normal 0 0 1
    outer loop
      vertex 42.8483 35.7197 6
      vertex 47 50.5 6
      vertex 42.8484 35.7213 6
    endloop
  endfacet
  facet normal -0 0 1
    outer loop
      vertex 42.8484 4.72125 6
      vertex 47 0 6
      vertex 42.89 5.25 6
    endloop
  endfacet
  facet normal -0 0 1
    outer loop
      vertex 42.8483 4.71969 6
      vertex 47 0 6
      vertex 42.8484 4.72125 6
    endloop
  endfacet
  facet normal -0 0 1
    outer loop
      vertex 42.8479 4.71816 6
      vertex 47 0 6
      vertex 42.8483 4.71969 6
    endloop
  endfacet
  facet normal -0 0 1
    outer loop
      vertex 42.7241 4.20243 6
      vertex 47 0 6
      vertex 42.8479 4.71816 6
    endloop
  endfacet
  facet normal -0 0 1
    outer loop
      vertex 42.5205 3.71097 6
      vertex 47 0 6
      vertex 42.7241 4.20243 6
    endloop
  endfacet
  facet normal -0 0 1
    outer loop
      vertex 42.2434 3.25875 6
      vertex 47 0 6
      vertex 42.5205 3.71097 6
    endloop
  endfacet
  facet normal -0 0 1
    outer loop
      vertex 42.2426 3.25741 6
      vertex 47 0 6
      vertex 42.2434 3.25875 6
    endloop
  endfacet
  facet normal -0 0 1
    outer loop
      vertex 41.8971 2.85291 6
      vertex 47 0 6
      vertex 42.2426 3.25741 6
    endloop
  endfacet
  facet normal -0 0 1
    outer loop
      vertex 41.4926 2.50743 6
      vertex 47 0 6
      vertex 41.8971 2.85291 6
    endloop
  endfacet
  facet normal -0 0 1
    outer loop
      vertex 41.4913 2.50661 6
      vertex 47 0 6
      vertex 41.4926 2.50743 6
    endloop
  endfacet
  facet normal -0 0 1
    outer loop
      vertex 41.039 2.22949 6
      vertex 47 0 6
      vertex 41.4913 2.50661 6
    endloop
  endfacet
  facet normal -0 0 1
    outer loop
      vertex 40.5476 2.02592 6
      vertex 47 0 6
      vertex 41.039 2.22949 6
    endloop
  endfacet
  facet normal -0 0 1
    outer loop
      vertex 40.0318 1.9021 6
      vertex 47 0 6
      vertex 40.5476 2.02592 6
    endloop
  endfacet
  facet normal -0 0 1
    outer loop
      vertex 40.0303 1.90174 6
      vertex 47 0 6
      vertex 40.0318 1.9021 6
    endloop
  endfacet
  facet normal -0 0 1
    outer loop
      vertex 40.0287 1.90161 6
      vertex 47 0 6
      vertex 40.0303 1.90174 6
    endloop
  endfacet
  facet normal -0 0 1
    outer loop
      vertex 39.5 1.86 6
      vertex 47 0 6
      vertex 40.0287 1.90161 6
    endloop
  endfacet
  facet normal 0 0 1
    outer loop
      vertex 38.9713 1.90161 6
      vertex 47 0 6
      vertex 39.5 1.86 6
    endloop
  endfacet
  facet normal 0 0 1
    outer loop
      vertex 38.9697 1.90174 6
      vertex 47 0 6
      vertex 38.9713 1.90161 6
    endloop
  endfacet
  facet normal 0 0 -1
    outer loop
      vertex 37.5074 2.50743 6
      vertex 37.961 2.22949 6
      vertex 37.5087 2.50661 6
    endloop
  endfacet
  facet normal 0 0 1
    outer loop
      vertex 27.4919 10.0031 6
      vertex 36.1521 4.71816 6
      vertex 36.1517 4.71969 6
    endloop
  endfacet
  facet normal 0 0 1
    outer loop
      vertex 36.7566 7.24125 6
      vertex 30.642 11.6081 6
      vertex 36.4795 6.78903 6
    endloop
  endfacet
  facet normal 0 0 1
    outer loop
      vertex 36.4795 6.78903 6
      vertex 30.642 11.6081 6
      vertex 36.2759 6.29757 6
    endloop
  endfacet
  facet normal -0 0 1
    outer loop
      vertex 29.1301 10.6816 6
      vertex 36.2759 6.29757 6
      vertex 30.642 11.6081 6
    endloop
  endfacet
  facet normal 0 0 1
    outer loop
      vertex 36.2759 6.29757 6
      vertex 29.1301 10.6816 6
      vertex 36.1521 5.78184 6
    endloop
  endfacet
  facet normal 0 0 1
    outer loop
      vertex 36.1521 5.78184 6
      vertex 29.1301 10.6816 6
      vertex 36.1517 5.78031 6
    endloop
  endfacet
  facet normal 0 0 1
    outer loop
      vertex 36.1517 5.78031 6
      vertex 29.1301 10.6816 6
      vertex 36.1516 5.77875 6
    endloop
  endfacet
  facet normal 0 0 1
    outer loop
      vertex 36.1516 5.77875 6
      vertex 29.1301 10.6816 6
      vertex 36.11 5.25 6
    endloop
  endfacet
  facet normal -0 0 1
    outer loop
      vertex 27.4919 10.0031 6
      vertex 36.11 5.25 6
      vertex 29.1301 10.6816 6
    endloop
  endfacet
  facet normal 0 0 1
    outer loop
      vertex 36.11 5.25 6
      vertex 27.4919 10.0031 6
      vertex 36.1516 4.72125 6
    endloop
  endfacet
  facet normal 0 0 1
    outer loop
      vertex 36.1516 4.72125 6
      vertex 27.4919 10.0031 6
      vertex 36.1517 4.71969 6
    endloop
  endfacet
  facet normal 0 0 1
    outer loop
      vertex 36.1521 4.71816 6
      vertex 27.4919 10.0031 6
      vertex 36.2759 4.20243 6
    endloop
  endfacet
  facet normal -0 0 1
    outer loop
      vertex 25.7677 9.58912 6
      vertex 36.2759 4.20243 6
      vertex 27.4919 10.0031 6
    endloop
  endfacet
  facet normal 0 0 1
    outer loop
      vertex 36.2759 4.20243 6
      vertex 25.7677 9.58912 6
      vertex 36.4795 3.71097 6
    endloop
  endfacet
  facet normal -0 0 1
    outer loop
      vertex 24 9.45 6
      vertex 36.4795 3.71097 6
      vertex 25.7677 9.58912 6
    endloop
  endfacet
  facet normal 0 0 1
    outer loop
      vertex 36.4795 3.71097 6
      vertex 24 9.45 6
      vertex 36.7566 3.25875 6
    endloop
  endfacet
  facet normal 0 0 1
    outer loop
      vertex 36.7566 3.25875 6
      vertex 24 9.45 6
      vertex 36.7574 3.25741 6
    endloop
  endfacet
  facet normal 0 0 1
    outer loop
      vertex 11.2426 3.25741 6
      vertex 36.7574 3.25741 6
      vertex 24 9.45 6
    endloop
  endfacet
  facet normal 0 0 1
    outer loop
      vertex 36.7574 3.25741 6
      vertex 11.2426 3.25741 6
      vertex 37.1029 2.85291 6
    endloop
  endfacet
  facet normal 0 0 1
    outer loop
      vertex 10.8971 2.85291 6
      vertex 37.1029 2.85291 6
      vertex 11.2426 3.25741 6
    endloop
  endfacet
  facet normal 0 0 1
    outer loop
      vertex 11.5205 3.71097 6
      vertex 24 9.45 6
      vertex 22.2323 9.58912 6
    endloop
  endfacet
  facet normal 0 0 1
    outer loop
      vertex 11.7241 4.20243 6
      vertex 22.2323 9.58912 6
      vertex 20.5081 10.0031 6
    endloop
  endfacet
  facet normal 0 0 1
    outer loop
      vertex 11.89 5.25 6
      vertex 20.5081 10.0031 6
      vertex 18.8699 10.6816 6
    endloop
  endfacet
  facet normal -0 0 1
    outer loop
      vertex 11.2426 34.2574 6
      vertex 17.358 29.8919 6
      vertex 11.2434 34.2587 6
    endloop
  endfacet
  facet normal 0 0 1
    outer loop
      vertex 11.89 5.25 6
      vertex 12.8391 18.9823 6
      vertex 12.7 20.75 6
    endloop
  endfacet
  facet normal 0 0 1
    outer loop
      vertex 11.89 5.25 6
      vertex 13.2531 17.2581 6
      vertex 12.8391 18.9823 6
    endloop
  endfacet
  facet normal 0 0 1
    outer loop
      vertex 11.89 5.25 6
      vertex 13.9316 15.6199 6
      vertex 13.2531 17.2581 6
    endloop
  endfacet
  facet normal 0 0 1
    outer loop
      vertex 11.89 5.25 6
      vertex 14.8581 14.108 6
      vertex 13.9316 15.6199 6
    endloop
  endfacet
  facet normal 0 0 1
    outer loop
      vertex 11.89 5.25 6
      vertex 16.0097 12.7597 6
      vertex 14.8581 14.108 6
    endloop
  endfacet
  facet normal 0 0 1
    outer loop
      vertex 11.89 5.25 6
      vertex 17.358 11.6081 6
      vertex 16.0097 12.7597 6
    endloop
  endfacet
  facet normal 0 0 1
    outer loop
      vertex 11.89 5.25 6
      vertex 18.8699 10.6816 6
      vertex 17.358 11.6081 6
    endloop
  endfacet
  facet normal 0 0 1
    outer loop
      vertex 20.5081 10.0031 6
      vertex 11.89 5.25 6
      vertex 11.8484 4.72125 6
    endloop
  endfacet
  facet normal 0 0 1
    outer loop
      vertex 20.5081 10.0031 6
      vertex 11.8484 4.72125 6
      vertex 11.8483 4.71969 6
    endloop
  endfacet
  facet normal 0 0 1
    outer loop
      vertex 20.5081 10.0031 6
      vertex 11.8483 4.71969 6
      vertex 11.8479 4.71816 6
    endloop
  endfacet
  facet normal 0 0 1
    outer loop
      vertex 20.5081 10.0031 6
      vertex 11.8479 4.71816 6
      vertex 11.7241 4.20243 6
    endloop
  endfacet
  facet normal 0 0 1
    outer loop
      vertex 22.2323 9.58912 6
      vertex 11.7241 4.20243 6
      vertex 11.5205 3.71097 6
    endloop
  endfacet
  facet normal 0 0 1
    outer loop
      vertex 24 9.45 6
      vertex 11.5205 3.71097 6
      vertex 11.2434 3.25875 6
    endloop
  endfacet
  facet normal 0 0 1
    outer loop
      vertex 24 9.45 6
      vertex 11.2434 3.25875 6
      vertex 11.2426 3.25741 6
    endloop
  endfacet
  facet normal 0 0 1
    outer loop
      vertex 37.1029 2.85291 6
      vertex 10.8971 2.85291 6
      vertex 37.5074 2.50743 6
    endloop
  endfacet
  facet normal 0 0 1
    outer loop
      vertex 10.4926 2.50743 6
      vertex 37.5074 2.50743 6
      vertex 10.8971 2.85291 6
    endloop
  endfacet
  facet normal 0 0 1
    outer loop
      vertex 37.5074 2.50743 6
      vertex 10.4926 2.50743 6
      vertex 37.961 2.22949 6
    endloop
  endfacet
  facet normal -0 0 1
    outer loop
      vertex 10.4913 2.50661 6
      vertex 37.961 2.22949 6
      vertex 10.4926 2.50743 6
    endloop
  endfacet
  facet normal 0 0 1
    outer loop
      vertex 10.039 2.22949 6
      vertex 37.961 2.22949 6
      vertex 10.4913 2.50661 6
    endloop
  endfacet
  facet normal 0 0 1
    outer loop
      vertex 37.961 2.22949 6
      vertex 10.039 2.22949 6
      vertex 38.4524 2.02592 6
    endloop
  endfacet
  facet normal 0 0 1
    outer loop
      vertex 9.54757 2.02592 6
      vertex 38.4524 2.02592 6
      vertex 10.039 2.22949 6
    endloop
  endfacet
  facet normal 0 0 1
    outer loop
      vertex 38.4524 2.02592 6
      vertex 9.54757 2.02592 6
      vertex 38.9682 1.9021 6
    endloop
  endfacet
  facet normal 0 0 1
    outer loop
      vertex 38.9682 1.9021 6
      vertex 9.54757 2.02592 6
      vertex 38.9697 1.90174 6
    endloop
  endfacet
  facet normal -0 0 1
    outer loop
      vertex 9.03184 1.9021 6
      vertex 38.9697 1.90174 6
      vertex 9.54757 2.02592 6
    endloop
  endfacet
  facet normal 0 0 1
    outer loop
      vertex 9.03031 1.90174 6
      vertex 38.9697 1.90174 6
      vertex 9.03184 1.9021 6
    endloop
  endfacet
  facet normal 0 0 1
    outer loop
      vertex 38.9697 1.90174 6
      vertex 9.03031 1.90174 6
      vertex 47 0 6
    endloop
  endfacet
  facet normal 0 0 1
    outer loop
      vertex 0 0 6
      vertex 9.03031 1.90174 6
      vertex 9.02875 1.90161 6
    endloop
  endfacet
  facet normal 0 0 1
    outer loop
      vertex 0 0 6
      vertex 9.02875 1.90161 6
      vertex 8.5 1.86 6
    endloop
  endfacet
  facet normal 0 0 1
    outer loop
      vertex 0 0 6
      vertex 7.97125 1.90161 6
      vertex 7.96969 1.90174 6
    endloop
  endfacet
  facet normal 0 0 1
    outer loop
      vertex 0 0 6
      vertex 7.96816 1.9021 6
      vertex 7.45243 2.02592 6
    endloop
  endfacet
  facet normal 0 0 1
    outer loop
      vertex 0 0 6
      vertex 6.50875 2.50661 6
      vertex 6.50741 2.50743 6
    endloop
  endfacet
  facet normal 0 0 1
    outer loop
      vertex 0 0 6
      vertex 5.75661 3.25875 6
      vertex 5.47949 3.71097 6
    endloop
  endfacet
  facet normal 0 0 1
    outer loop
      vertex 0 0 6
      vertex 5.15161 4.72125 6
      vertex 5.11 5.25 6
    endloop
  endfacet
  facet normal 0 0 1
    outer loop
      vertex 5.1521 36.7818 6
      vertex 0 50.49 6
      vertex 5.15174 36.7803 6
    endloop
  endfacet
  facet normal 0 0 1
    outer loop
      vertex 5.15174 36.7803 6
      vertex 0 50.49 6
      vertex 5.15161 36.7787 6
    endloop
  endfacet
  facet normal 0 0 1
    outer loop
      vertex 5.15161 36.7787 6
      vertex 0 50.49 6
      vertex 5.11 36.25 6
    endloop
  endfacet
  facet normal 0 0 1
    outer loop
      vertex 0 50.49 6
      vertex 4.48529 45.7282 6
      vertex 4.3832 45.9747 6
    endloop
  endfacet
  facet normal 0 0 1
    outer loop
      vertex 0 50.49 6
      vertex 4.3832 45.9747 6
      vertex 4.32093 46.2341 6
    endloop
  endfacet
  facet normal 0 0 1
    outer loop
      vertex 0 50.49 6
      vertex 4.32093 46.2341 6
      vertex 4.3 46.5 6
    endloop
  endfacet
  facet normal 0 0 1
    outer loop
      vertex 5.15174 35.7197 6
      vertex 0 50.49 6
      vertex 0 0 6
    endloop
  endfacet
  facet normal 0 0 1
    outer loop
      vertex 5.15161 5.77875 6
      vertex 0 0 6
      vertex 5.11 5.25 6
    endloop
  endfacet
  facet normal 0 0 1
    outer loop
      vertex 9.03031 1.90174 6
      vertex 0 0 6
      vertex 47 0 6
    endloop
  endfacet
  facet normal 0 0 1
    outer loop
      vertex 7.97125 1.90161 6
      vertex 0 0 6
      vertex 8.5 1.86 6
    endloop
  endfacet
  facet normal 0 0 1
    outer loop
      vertex 7.96816 1.9021 6
      vertex 0 0 6
      vertex 7.96969 1.90174 6
    endloop
  endfacet
  facet normal 0 0 1
    outer loop
      vertex 6.96097 2.22949 6
      vertex 0 0 6
      vertex 7.45243 2.02592 6
    endloop
  endfacet
  facet normal 0 0 1
    outer loop
      vertex 6.50875 2.50661 6
      vertex 0 0 6
      vertex 6.96097 2.22949 6
    endloop
  endfacet
  facet normal 0 0 1
    outer loop
      vertex 6.10291 2.85291 6
      vertex 0 0 6
      vertex 6.50741 2.50743 6
    endloop
  endfacet
  facet normal 0 0 1
    outer loop
      vertex 5.75743 3.25741 6
      vertex 0 0 6
      vertex 6.10291 2.85291 6
    endloop
  endfacet
  facet normal 0 0 1
    outer loop
      vertex 5.75661 3.25875 6
      vertex 0 0 6
      vertex 5.75743 3.25741 6
    endloop
  endfacet
  facet normal 0 0 1
    outer loop
      vertex 5.27592 4.20243 6
      vertex 0 0 6
      vertex 5.47949 3.71097 6
    endloop
  endfacet
  facet normal 0 0 1
    outer loop
      vertex 5.1521 4.71816 6
      vertex 0 0 6
      vertex 5.27592 4.20243 6
    endloop
  endfacet
  facet normal 0 0 1
    outer loop
      vertex 5.15174 4.71969 6
      vertex 0 0 6
      vertex 5.1521 4.71816 6
    endloop
  endfacet
  facet normal 0 0 1
    outer loop
      vertex 5.15161 4.72125 6
      vertex 0 0 6
      vertex 5.15174 4.71969 6
    endloop
  endfacet
  facet normal 0 0 1
    outer loop
      vertex 23.6168 45.9747 6
      vertex 33 50.49 6
      vertex 23.6791 46.2341 6
    endloop
  endfacet
  facet normal -0 0 1
    outer loop
      vertex 23.3753 45.5008 6
      vertex 36.4795 37.789 6
      vertex 23.5147 45.7282 6
    endloop
  endfacet
  facet normal -0 0 1
    outer loop
      vertex 23.2021 45.2979 6
      vertex 36.2759 37.2976 6
      vertex 23.3753 45.5008 6
    endloop
  endfacet
  facet normal 0 0 1
    outer loop
      vertex 27.4919 31.4969 6
      vertex 23.2021 45.2979 6
      vertex 25.7677 31.9109 6
    endloop
  endfacet
  facet normal -0 0 1
    outer loop
      vertex 22.9992 45.1247 6
      vertex 25.7677 31.9109 6
      vertex 23.2021 45.2979 6
    endloop
  endfacet
  facet normal -0 0 1
    outer loop
      vertex 22.7718 44.9853 6
      vertex 25.7677 31.9109 6
      vertex 22.9992 45.1247 6
    endloop
  endfacet
  facet normal 0 0 1
    outer loop
      vertex 25.7677 31.9109 6
      vertex 22.7718 44.9853 6
      vertex 24 32.05 6
    endloop
  endfacet
  facet normal -0 0 1
    outer loop
      vertex 22.5253 44.8832 6
      vertex 24 32.05 6
      vertex 22.7718 44.9853 6
    endloop
  endfacet
  facet normal -0 0 1
    outer loop
      vertex 22.2659 44.8209 6
      vertex 24 32.05 6
      vertex 22.5253 44.8832 6
    endloop
  endfacet
  facet normal 0 0 1
    outer loop
      vertex 22.2659 44.8209 6
      vertex 22.2323 31.9109 6
      vertex 24 32.05 6
    endloop
  endfacet
  facet normal -0 0 1
    outer loop
      vertex 22 44.8 6
      vertex 22.2323 31.9109 6
      vertex 22.2659 44.8209 6
    endloop
  endfacet
  facet normal 0 0 1
    outer loop
      vertex 21.7341 44.8209 6
      vertex 22.2323 31.9109 6
      vertex 22 44.8 6
    endloop
  endfacet
  facet normal 0 0 1
    outer loop
      vertex 21.4747 44.8832 6
      vertex 22.2323 31.9109 6
      vertex 21.7341 44.8209 6
    endloop
  endfacet
  facet normal 0 0 1
    outer loop
      vertex 20.5081 31.4969 6
      vertex 21.4747 44.8832 6
      vertex 21.2282 44.9853 6
    endloop
  endfacet
  facet normal 0 0 1
    outer loop
      vertex 20.5081 31.4969 6
      vertex 21.2282 44.9853 6
      vertex 21.0008 45.1247 6
    endloop
  endfacet
  facet normal 0 0 1
    outer loop
      vertex 18.8699 30.8184 6
      vertex 21.0008 45.1247 6
      vertex 20.7979 45.2979 6
    endloop
  endfacet
  facet normal 0 0 1
    outer loop
      vertex 18.8699 30.8184 6
      vertex 20.7979 45.2979 6
      vertex 20.6247 45.5008 6
    endloop
  endfacet
  facet normal 0 0 1
    outer loop
      vertex 21.4747 44.8832 6
      vertex 20.5081 31.4969 6
      vertex 22.2323 31.9109 6
    endloop
  endfacet
  facet normal 0 0 1
    outer loop
      vertex 18.8699 30.8184 6
      vertex 20.6247 45.5008 6
      vertex 20.4853 45.7282 6
    endloop
  endfacet
  facet normal 0 0 1
    outer loop
      vertex 18.8699 30.8184 6
      vertex 20.4853 45.7282 6
      vertex 20.3832 45.9747 6
    endloop
  endfacet
  facet normal 0 0 1
    outer loop
      vertex 18.8699 30.8184 6
      vertex 20.3832 45.9747 6
      vertex 20.3209 46.2341 6
    endloop
  endfacet
  facet normal 0 0 1
    outer loop
      vertex 18.8699 30.8184 6
      vertex 20.3209 46.2341 6
      vertex 20.3 46.5 6
    endloop
  endfacet
  facet normal 0 0 1
    outer loop
      vertex 21.0008 45.1247 6
      vertex 18.8699 30.8184 6
      vertex 20.5081 31.4969 6
    endloop
  endfacet
  facet normal -0 0 1
    outer loop
      vertex 7.51471 45.7282 6
      vertex 10.039 39.2705 6
      vertex 7.6168 45.9747 6
    endloop
  endfacet
  facet normal -0 0 1
    outer loop
      vertex 6.99923 45.1247 6
      vertex 9.02875 39.5984 6
      vertex 7.20208 45.2979 6
    endloop
  endfacet
  facet normal 0 0 1
    outer loop
      vertex 9.02875 39.5984 6
      vertex 6.99923 45.1247 6
      vertex 8.5 39.64 6
    endloop
  endfacet
  facet normal -0 0 1
    outer loop
      vertex 6.77178 44.9853 6
      vertex 8.5 39.64 6
      vertex 6.99923 45.1247 6
    endloop
  endfacet
  facet normal 0 0 1
    outer loop
      vertex 8.5 39.64 6
      vertex 6.77178 44.9853 6
      vertex 7.97125 39.5984 6
    endloop
  endfacet
  facet normal 0 0 1
    outer loop
      vertex 7.97125 39.5984 6
      vertex 6.77178 44.9853 6
      vertex 7.96969 39.5983 6
    endloop
  endfacet
  facet normal -0 0 1
    outer loop
      vertex 6.52533 44.8832 6
      vertex 7.96969 39.5983 6
      vertex 6.77178 44.9853 6
    endloop
  endfacet
  facet normal 0 0 1
    outer loop
      vertex 7.96969 39.5983 6
      vertex 6.52533 44.8832 6
      vertex 7.96816 39.5979 6
    endloop
  endfacet
  facet normal 0 0 1
    outer loop
      vertex 7.96816 39.5979 6
      vertex 6.52533 44.8832 6
      vertex 7.45243 39.4741 6
    endloop
  endfacet
  facet normal -0 0 1
    outer loop
      vertex 6.26594 44.8209 6
      vertex 7.45243 39.4741 6
      vertex 6.52533 44.8832 6
    endloop
  endfacet
  facet normal -0 0 1
    outer loop
      vertex 6 44.8 6
      vertex 7.45243 39.4741 6
      vertex 6.26594 44.8209 6
    endloop
  endfacet
  facet normal 0 0 1
    outer loop
      vertex 7.45243 39.4741 6
      vertex 6 44.8 6
      vertex 6.96097 39.2705 6
    endloop
  endfacet
  facet normal 0 0 1
    outer loop
      vertex 5.73406 44.8209 6
      vertex 6.96097 39.2705 6
      vertex 6 44.8 6
    endloop
  endfacet
  facet normal 0 0 1
    outer loop
      vertex 6.96097 39.2705 6
      vertex 5.73406 44.8209 6
      vertex 6.50875 38.9934 6
    endloop
  endfacet
  facet normal 0 0 1
    outer loop
      vertex 6.50875 38.9934 6
      vertex 5.73406 44.8209 6
      vertex 6.50741 38.9926 6
    endloop
  endfacet
  facet normal 0 0 1
    outer loop
      vertex 5.47467 44.8832 6
      vertex 6.50741 38.9926 6
      vertex 5.73406 44.8209 6
    endloop
  endfacet
  facet normal 0 0 1
    outer loop
      vertex 6.50741 38.9926 6
      vertex 5.47467 44.8832 6
      vertex 6.10291 38.6471 6
    endloop
  endfacet
  facet normal 0 0 1
    outer loop
      vertex 5.22822 44.9853 6
      vertex 6.10291 38.6471 6
      vertex 5.47467 44.8832 6
    endloop
  endfacet
  facet normal 0 0 1
    outer loop
      vertex 5.00076 45.1247 6
      vertex 6.10291 38.6471 6
      vertex 5.22822 44.9853 6
    endloop
  endfacet
  facet normal 0 0 1
    outer loop
      vertex 6.10291 38.6471 6
      vertex 5.00076 45.1247 6
      vertex 5.75743 38.2426 6
    endloop
  endfacet
  facet normal 0 0 1
    outer loop
      vertex 4.79792 45.2979 6
      vertex 5.75743 38.2426 6
      vertex 5.00076 45.1247 6
    endloop
  endfacet
  facet normal 0 0 1
    outer loop
      vertex 5.75743 38.2426 6
      vertex 4.79792 45.2979 6
      vertex 5.75661 38.2413 6
    endloop
  endfacet
  facet normal 0 0 1
    outer loop
      vertex 5.75661 38.2413 6
      vertex 4.79792 45.2979 6
      vertex 5.47949 37.789 6
    endloop
  endfacet
  facet normal 0 0 1
    outer loop
      vertex 4.62467 45.5008 6
      vertex 5.47949 37.789 6
      vertex 4.79792 45.2979 6
    endloop
  endfacet
  facet normal 0 0 1
    outer loop
      vertex 5.47949 37.789 6
      vertex 4.62467 45.5008 6
      vertex 5.27592 37.2976 6
    endloop
  endfacet
  facet normal 0 0 1
    outer loop
      vertex 4.48529 45.7282 6
      vertex 5.27592 37.2976 6
      vertex 4.62467 45.5008 6
    endloop
  endfacet
  facet normal 0 0 1
    outer loop
      vertex 5.27592 37.2976 6
      vertex 0 50.49 6
      vertex 5.1521 36.7818 6
    endloop
  endfacet
  facet normal 0 0 1
    outer loop
      vertex 0 50.49 6
      vertex 5.27592 37.2976 6
      vertex 4.48529 45.7282 6
    endloop
  endfacet
  facet normal 1 0 0
    outer loop
      vertex 33 52.49 11
      vertex 33 50.5 6
      vertex 33 52.49 0
    endloop
  endfacet
  facet normal 1 -0 0
    outer loop
      vertex 33 50.49 11
      vertex 33 50.5 6
      vertex 33 52.49 11
    endloop
  endfacet
  facet normal 1 0 0
    outer loop
      vertex 33 50.5 6
      vertex 33 50.49 11
      vertex 33 50.49 6
    endloop
  endfacet
  facet normal 1 0 0
    outer loop
      vertex 33 52.49 0
      vertex 33 50.5 6
      vertex 33 50.5 0
    endloop
  endfacet
  facet normal 0 1 -0
    outer loop
      vertex 33 52.49 0
      vertex 0 52.49 11
      vertex 33 52.49 11
    endloop
  endfacet
  facet normal 0 1 0
    outer loop
      vertex 0 52.49 11
      vertex 33 52.49 0
      vertex 0 52.49 0
    endloop
  endfacet
  facet normal 0 -1 0
    outer loop
      vertex 0 50.49 6
      vertex 33 50.49 11
      vertex 0 50.49 11
    endloop
  endfacet
  facet normal 0 -1 -0
    outer loop
      vertex 33 50.49 11
      vertex 0 50.49 6
      vertex 33 50.49 6
    endloop
  endfacet
  facet normal -0 0 1
    outer loop
      vertex 0 52.49 11
      vertex 33 50.49 11
      vertex 33 52.49 11
    endloop
  endfacet
  facet normal 0 0 1
    outer loop
      vertex 33 50.49 11
      vertex 0 52.49 11
      vertex 0 50.49 11
    endloop
  endfacet
  facet normal -0.972348 0.233537 0
    outer loop
      vertex 10.1168 4.72467 0
      vertex 10.1791 4.98406 4.31
      vertex 10.1791 4.98406 0
    endloop
  endfacet
  facet normal -0.972348 0.233537 0
    outer loop
      vertex 10.1791 4.98406 4.31
      vertex 10.1168 4.72467 0
      vertex 10.1168 4.72467 4.31
    endloop
  endfacet
  facet normal -0.996926 0.0783476 0
    outer loop
      vertex 10.1791 4.98406 0
      vertex 10.2 5.25 4.31
      vertex 10.2 5.25 0
    endloop
  endfacet
  facet normal -0.996926 0.0783476 0
    outer loop
      vertex 10.2 5.25 4.31
      vertex 10.1791 4.98406 0
      vertex 10.1791 4.98406 4.31
    endloop
  endfacet
  facet normal -0.923857 0.382738 0
    outer loop
      vertex 10.0147 4.47822 0
      vertex 10.1168 4.72467 4.31
      vertex 10.1168 4.72467 0
    endloop
  endfacet
  facet normal -0.923857 0.382738 0
    outer loop
      vertex 10.1168 4.72467 4.31
      vertex 10.0147 4.47822 0
      vertex 10.0147 4.47822 4.31
    endloop
  endfacet
  facet normal -0.522494 -0.852643 0
    outer loop
      vertex 9.27178 6.76471 0
      vertex 9.49923 6.62533 4.31
      vertex 9.27178 6.76471 4.31
    endloop
  endfacet
  facet normal -0.522494 -0.852643 -0
    outer loop
      vertex 9.49923 6.62533 4.31
      vertex 9.27178 6.76471 0
      vertex 9.49923 6.62533 0
    endloop
  endfacet
  facet normal 0.92387 0.382706 0
    outer loop
      vertex 6.98529 4.47822 4.31
      vertex 6.8832 4.72467 0
      vertex 6.8832 4.72467 4.31
    endloop
  endfacet
  facet normal 0.92387 0.382706 0
    outer loop
      vertex 6.8832 4.72467 0
      vertex 6.98529 4.47822 4.31
      vertex 6.98529 4.47822 0
    endloop
  endfacet
  facet normal 0.522494 -0.852643 0
    outer loop
      vertex 7.50077 6.62533 0
      vertex 7.72822 6.76471 4.31
      vertex 7.50077 6.62533 4.31
    endloop
  endfacet
  facet normal 0.522494 -0.852643 0
    outer loop
      vertex 7.72822 6.76471 4.31
      vertex 7.50077 6.62533 0
      vertex 7.72822 6.76471 0
    endloop
  endfacet
  facet normal -0.382706 -0.92387 0
    outer loop
      vertex 9.02533 6.8668 0
      vertex 9.27178 6.76471 4.31
      vertex 9.02533 6.8668 4.31
    endloop
  endfacet
  facet normal -0.382706 -0.92387 -0
    outer loop
      vertex 9.27178 6.76471 4.31
      vertex 9.02533 6.8668 0
      vertex 9.27178 6.76471 0
    endloop
  endfacet
  facet normal 0.382706 0.92387 -0
    outer loop
      vertex 7.97467 3.6332 0
      vertex 7.72822 3.73529 4.31
      vertex 7.97467 3.6332 4.31
    endloop
  endfacet
  facet normal 0.382706 0.92387 0
    outer loop
      vertex 7.72822 3.73529 4.31
      vertex 7.97467 3.6332 0
      vertex 7.72822 3.73529 0
    endloop
  endfacet
  facet normal 0.522494 0.852643 -0
    outer loop
      vertex 7.72822 3.73529 0
      vertex 7.50077 3.87467 4.31
      vertex 7.72822 3.73529 4.31
    endloop
  endfacet
  facet normal 0.522494 0.852643 0
    outer loop
      vertex 7.50077 3.87467 4.31
      vertex 7.72822 3.73529 0
      vertex 7.50077 3.87467 0
    endloop
  endfacet
  facet normal 0.233431 0.972373 -0
    outer loop
      vertex 8.23406 3.57093 0
      vertex 7.97467 3.6332 4.31
      vertex 8.23406 3.57093 4.31
    endloop
  endfacet
  facet normal 0.233431 0.972373 0
    outer loop
      vertex 7.97467 3.6332 4.31
      vertex 8.23406 3.57093 0
      vertex 7.97467 3.6332 0
    endloop
  endfacet
  facet normal -0.649447 -0.760406 0
    outer loop
      vertex 9.49923 6.62533 0
      vertex 9.70208 6.45208 4.31
      vertex 9.49923 6.62533 4.31
    endloop
  endfacet
  facet normal -0.649447 -0.760406 -0
    outer loop
      vertex 9.70208 6.45208 4.31
      vertex 9.49923 6.62533 0
      vertex 9.70208 6.45208 0
    endloop
  endfacet
  facet normal 0.0784593 0.996917 -0
    outer loop
      vertex 8.5 3.55 0
      vertex 8.23406 3.57093 4.31
      vertex 8.5 3.55 4.31
    endloop
  endfacet
  facet normal 0.0784593 0.996917 0
    outer loop
      vertex 8.23406 3.57093 4.31
      vertex 8.5 3.55 0
      vertex 8.23406 3.57093 0
    endloop
  endfacet
  facet normal 0.92387 -0.382706 0
    outer loop
      vertex 6.8832 5.77533 4.31
      vertex 6.98529 6.02178 0
      vertex 6.98529 6.02178 4.31
    endloop
  endfacet
  facet normal 0.92387 -0.382706 0
    outer loop
      vertex 6.98529 6.02178 0
      vertex 6.8832 5.77533 4.31
      vertex 6.8832 5.77533 0
    endloop
  endfacet
  facet normal 0.760406 0.649447 0
    outer loop
      vertex 7.29792 4.04792 4.31
      vertex 7.12467 4.25077 0
      vertex 7.12467 4.25077 4.31
    endloop
  endfacet
  facet normal 0.760406 0.649447 0
    outer loop
      vertex 7.12467 4.25077 0
      vertex 7.29792 4.04792 4.31
      vertex 7.29792 4.04792 0
    endloop
  endfacet
  facet normal 0.233431 -0.972373 0
    outer loop
      vertex 7.97467 6.8668 0
      vertex 8.23406 6.92907 4.31
      vertex 7.97467 6.8668 4.31
    endloop
  endfacet
  facet normal 0.233431 -0.972373 0
    outer loop
      vertex 8.23406 6.92907 4.31
      vertex 7.97467 6.8668 0
      vertex 8.23406 6.92907 0
    endloop
  endfacet
  facet normal -0.923857 -0.382738 0
    outer loop
      vertex 10.1168 5.77533 0
      vertex 10.0147 6.02178 4.31
      vertex 10.0147 6.02178 0
    endloop
  endfacet
  facet normal -0.923857 -0.382738 0
    outer loop
      vertex 10.0147 6.02178 4.31
      vertex 10.1168 5.77533 0
      vertex 10.1168 5.77533 4.31
    endloop
  endfacet
  facet normal 0.760406 -0.649447 0
    outer loop
      vertex 7.12467 6.24923 4.31
      vertex 7.29792 6.45208 0
      vertex 7.29792 6.45208 4.31
    endloop
  endfacet
  facet normal 0.760406 -0.649447 0
    outer loop
      vertex 7.29792 6.45208 0
      vertex 7.12467 6.24923 4.31
      vertex 7.12467 6.24923 0
    endloop
  endfacet
  facet normal 0.649447 0.760406 -0
    outer loop
      vertex 7.50077 3.87467 0
      vertex 7.29792 4.04792 4.31
      vertex 7.50077 3.87467 4.31
    endloop
  endfacet
  facet normal 0.649447 0.760406 0
    outer loop
      vertex 7.29792 4.04792 4.31
      vertex 7.50077 3.87467 0
      vertex 7.29792 4.04792 0
    endloop
  endfacet
  facet normal -0.0784593 -0.996917 0
    outer loop
      vertex 8.5 6.95 0
      vertex 8.76594 6.92907 4.31
      vertex 8.5 6.95 4.31
    endloop
  endfacet
  facet normal -0.0784593 -0.996917 -0
    outer loop
      vertex 8.76594 6.92907 4.31
      vertex 8.5 6.95 0
      vertex 8.76594 6.92907 0
    endloop
  endfacet
  facet normal -0.852659 -0.522467 0
    outer loop
      vertex 10.0147 6.02178 0
      vertex 9.87533 6.24923 4.31
      vertex 9.87533 6.24923 0
    endloop
  endfacet
  facet normal -0.852659 -0.522467 0
    outer loop
      vertex 9.87533 6.24923 4.31
      vertex 10.0147 6.02178 0
      vertex 10.0147 6.02178 4.31
    endloop
  endfacet
  facet normal -0.852659 0.522467 0
    outer loop
      vertex 9.87533 4.25077 0
      vertex 10.0147 4.47822 4.31
      vertex 10.0147 4.47822 0
    endloop
  endfacet
  facet normal -0.852659 0.522467 0
    outer loop
      vertex 10.0147 4.47822 4.31
      vertex 9.87533 4.25077 0
      vertex 9.87533 4.25077 4.31
    endloop
  endfacet
  facet normal -0.996926 -0.0783476 0
    outer loop
      vertex 10.2 5.25 0
      vertex 10.1791 5.51594 4.31
      vertex 10.1791 5.51594 0
    endloop
  endfacet
  facet normal -0.996926 -0.0783476 0
    outer loop
      vertex 10.1791 5.51594 4.31
      vertex 10.2 5.25 0
      vertex 10.2 5.25 4.31
    endloop
  endfacet
  facet normal -0.972348 -0.233537 0
    outer loop
      vertex 10.1791 5.51594 0
      vertex 10.1168 5.77533 4.31
      vertex 10.1168 5.77533 0
    endloop
  endfacet
  facet normal -0.972348 -0.233537 0
    outer loop
      vertex 10.1168 5.77533 4.31
      vertex 10.1791 5.51594 0
      vertex 10.1791 5.51594 4.31
    endloop
  endfacet
  facet normal 0.972373 -0.233431 0
    outer loop
      vertex 6.82093 5.51594 4.31
      vertex 6.8832 5.77533 0
      vertex 6.8832 5.77533 4.31
    endloop
  endfacet
  facet normal 0.972373 -0.233431 0
    outer loop
      vertex 6.8832 5.77533 0
      vertex 6.82093 5.51594 4.31
      vertex 6.82093 5.51594 0
    endloop
  endfacet
  facet normal -0.522494 0.852643 0
    outer loop
      vertex 9.49923 3.87467 0
      vertex 9.27178 3.73529 4.31
      vertex 9.49923 3.87467 4.31
    endloop
  endfacet
  facet normal -0.522494 0.852643 0
    outer loop
      vertex 9.27178 3.73529 4.31
      vertex 9.49923 3.87467 0
      vertex 9.27178 3.73529 0
    endloop
  endfacet
  facet normal -0.760406 0.649447 0
    outer loop
      vertex 9.70208 4.04792 0
      vertex 9.87533 4.25077 4.31
      vertex 9.87533 4.25077 0
    endloop
  endfacet
  facet normal -0.760406 0.649447 0
    outer loop
      vertex 9.87533 4.25077 4.31
      vertex 9.70208 4.04792 0
      vertex 9.70208 4.04792 4.31
    endloop
  endfacet
  facet normal 0.996917 0.0784593 0
    outer loop
      vertex 6.82093 4.98406 4.31
      vertex 6.8 5.25 0
      vertex 6.8 5.25 4.31
    endloop
  endfacet
  facet normal 0.996917 0.0784593 0
    outer loop
      vertex 6.8 5.25 0
      vertex 6.82093 4.98406 4.31
      vertex 6.82093 4.98406 0
    endloop
  endfacet
  facet normal -0.649447 0.760406 0
    outer loop
      vertex 9.70208 4.04792 0
      vertex 9.49923 3.87467 4.31
      vertex 9.70208 4.04792 4.31
    endloop
  endfacet
  facet normal -0.649447 0.760406 0
    outer loop
      vertex 9.49923 3.87467 4.31
      vertex 9.70208 4.04792 0
      vertex 9.49923 3.87467 0
    endloop
  endfacet
  facet normal -0.233431 -0.972373 0
    outer loop
      vertex 8.76594 6.92907 0
      vertex 9.02533 6.8668 4.31
      vertex 8.76594 6.92907 4.31
    endloop
  endfacet
  facet normal -0.233431 -0.972373 -0
    outer loop
      vertex 9.02533 6.8668 4.31
      vertex 8.76594 6.92907 0
      vertex 9.02533 6.8668 0
    endloop
  endfacet
  facet normal 0.852643 -0.522494 0
    outer loop
      vertex 6.98529 6.02178 4.31
      vertex 7.12467 6.24923 0
      vertex 7.12467 6.24923 4.31
    endloop
  endfacet
  facet normal 0.852643 -0.522494 0
    outer loop
      vertex 7.12467 6.24923 0
      vertex 6.98529 6.02178 4.31
      vertex 6.98529 6.02178 0
    endloop
  endfacet
  facet normal 0.649447 -0.760406 0
    outer loop
      vertex 7.29792 6.45208 0
      vertex 7.50077 6.62533 4.31
      vertex 7.29792 6.45208 4.31
    endloop
  endfacet
  facet normal 0.649447 -0.760406 0
    outer loop
      vertex 7.50077 6.62533 4.31
      vertex 7.29792 6.45208 0
      vertex 7.50077 6.62533 0
    endloop
  endfacet
  facet normal -0.760406 -0.649447 0
    outer loop
      vertex 9.87533 6.24923 0
      vertex 9.70208 6.45208 4.31
      vertex 9.70208 6.45208 0
    endloop
  endfacet
  facet normal -0.760406 -0.649447 0
    outer loop
      vertex 9.70208 6.45208 4.31
      vertex 9.87533 6.24923 0
      vertex 9.87533 6.24923 4.31
    endloop
  endfacet
  facet normal 0.852643 0.522494 0
    outer loop
      vertex 7.12467 4.25077 4.31
      vertex 6.98529 4.47822 0
      vertex 6.98529 4.47822 4.31
    endloop
  endfacet
  facet normal 0.852643 0.522494 0
    outer loop
      vertex 6.98529 4.47822 0
      vertex 7.12467 4.25077 4.31
      vertex 7.12467 4.25077 0
    endloop
  endfacet
  facet normal 0.996917 -0.0784593 0
    outer loop
      vertex 6.8 5.25 4.31
      vertex 6.82093 5.51594 0
      vertex 6.82093 5.51594 4.31
    endloop
  endfacet
  facet normal 0.996917 -0.0784593 0
    outer loop
      vertex 6.82093 5.51594 0
      vertex 6.8 5.25 4.31
      vertex 6.8 5.25 0
    endloop
  endfacet
  facet normal 0.382706 -0.92387 0
    outer loop
      vertex 7.72822 6.76471 0
      vertex 7.97467 6.8668 4.31
      vertex 7.72822 6.76471 4.31
    endloop
  endfacet
  facet normal 0.382706 -0.92387 0
    outer loop
      vertex 7.97467 6.8668 4.31
      vertex 7.72822 6.76471 0
      vertex 7.97467 6.8668 0
    endloop
  endfacet
  facet normal -0.382706 0.92387 0
    outer loop
      vertex 9.27178 3.73529 0
      vertex 9.02533 3.6332 4.31
      vertex 9.27178 3.73529 4.31
    endloop
  endfacet
  facet normal -0.382706 0.92387 0
    outer loop
      vertex 9.02533 3.6332 4.31
      vertex 9.27178 3.73529 0
      vertex 9.02533 3.6332 0
    endloop
  endfacet
  facet normal -0.233431 0.972373 0
    outer loop
      vertex 9.02533 3.6332 0
      vertex 8.76594 3.57093 4.31
      vertex 9.02533 3.6332 4.31
    endloop
  endfacet
  facet normal -0.233431 0.972373 0
    outer loop
      vertex 8.76594 3.57093 4.31
      vertex 9.02533 3.6332 0
      vertex 8.76594 3.57093 0
    endloop
  endfacet
  facet normal -0.0784593 0.996917 0
    outer loop
      vertex 8.76594 3.57093 0
      vertex 8.5 3.55 4.31
      vertex 8.76594 3.57093 4.31
    endloop
  endfacet
  facet normal -0.0784593 0.996917 0
    outer loop
      vertex 8.5 3.55 4.31
      vertex 8.76594 3.57093 0
      vertex 8.5 3.55 0
    endloop
  endfacet
  facet normal 0.972373 0.233431 0
    outer loop
      vertex 6.8832 4.72467 4.31
      vertex 6.82093 4.98406 0
      vertex 6.82093 4.98406 4.31
    endloop
  endfacet
  facet normal 0.972373 0.233431 0
    outer loop
      vertex 6.82093 4.98406 0
      vertex 6.8832 4.72467 4.31
      vertex 6.8832 4.72467 0
    endloop
  endfacet
  facet normal 0.0784593 -0.996917 0
    outer loop
      vertex 8.23406 6.92907 0
      vertex 8.5 6.95 4.31
      vertex 8.23406 6.92907 4.31
    endloop
  endfacet
  facet normal 0.0784593 -0.996917 0
    outer loop
      vertex 8.5 6.95 4.31
      vertex 8.23406 6.92907 0
      vertex 8.5 6.95 0
    endloop
  endfacet
  facet normal -0.706015 0.0555465 0.706015
    outer loop
      vertex 11.8484 4.72125 6
      vertex 11.89 5.25 6
      vertex 10.2 5.25 4.31
    endloop
  endfacet
  facet normal -0.603849 -0.370011 0.706016
    outer loop
      vertex 11.5205 6.78903 6
      vertex 11.2434 7.24125 6
      vertex 10.0147 6.02178 4.31
    endloop
  endfacet
  facet normal -0.369984 0.603868 0.706014
    outer loop
      vertex 10.039 2.22949 6
      vertex 10.4913 2.50661 6
      vertex 9.27178 3.73529 4.31
    endloop
  endfacet
  facet normal -0.654273 -0.27105 0.706016
    outer loop
      vertex 11.5205 6.78903 6
      vertex 10.1168 5.77533 4.31
      vertex 11.7241 6.29757 6
    endloop
  endfacet
  facet normal -0.654271 -0.271053 0.706016
    outer loop
      vertex 10.1168 5.77533 4.31
      vertex 11.5205 6.78903 6
      vertex 10.0147 6.02178 4.31
    endloop
  endfacet
  facet normal -0.165331 0.68863 0.706014
    outer loop
      vertex 9.03184 1.9021 6
      vertex 9.54757 2.02592 6
      vertex 9.02533 3.6332 4.31
    endloop
  endfacet
  facet normal -0.688633 0.165305 0.706017
    outer loop
      vertex 11.7241 4.20243 6
      vertex 11.8479 4.71816 6
      vertex 10.1168 4.72467 4.31
    endloop
  endfacet
  facet normal -0.271031 0.654284 0.706013
    outer loop
      vertex 9.27178 3.73529 4.31
      vertex 9.54757 2.02592 6
      vertex 10.039 2.22949 6
    endloop
  endfacet
  facet normal -0.271032 0.654284 0.706013
    outer loop
      vertex 9.54757 2.02592 6
      vertex 9.27178 3.73529 4.31
      vertex 9.02533 3.6332 4.31
    endloop
  endfacet
  facet normal 0.603838 0.370031 0.706015
    outer loop
      vertex 5.75661 3.25875 6
      vertex 6.98529 4.47822 4.31
      vertex 5.47949 3.71097 6
    endloop
  endfacet
  facet normal -0.603849 0.370011 0.706016
    outer loop
      vertex 11.2434 3.25875 6
      vertex 11.5205 3.71097 6
      vertex 10.0147 4.47822 4.31
    endloop
  endfacet
  facet normal 0.706014 0.0555647 0.706015
    outer loop
      vertex 5.15161 4.72125 6
      vertex 6.82093 4.98406 4.31
      vertex 6.8 5.25 4.31
    endloop
  endfacet
  facet normal 0.705628 0.0588024 0.706138
    outer loop
      vertex 6.82093 4.98406 4.31
      vertex 5.15161 4.72125 6
      vertex 5.15174 4.71969 6
    endloop
  endfacet
  facet normal -0.0588024 0.705628 0.706138
    outer loop
      vertex 8.76594 3.57093 4.31
      vertex 9.02875 1.90161 6
      vertex 9.03031 1.90174 6
    endloop
  endfacet
  facet normal -0.0555647 0.706014 0.706015
    outer loop
      vertex 9.02875 1.90161 6
      vertex 8.76594 3.57093 4.31
      vertex 8.5 3.55 4.31
    endloop
  endfacet
  facet normal -0.369984 -0.603868 0.706014
    outer loop
      vertex 10.4913 7.99339 6
      vertex 10.039 8.27051 6
      vertex 9.27178 6.76471 4.31
    endloop
  endfacet
  facet normal -0.162177 -0.689254 0.706136
    outer loop
      vertex 8.76594 6.92907 4.31
      vertex 9.03184 8.5979 6
      vertex 9.03031 8.59826 6
    endloop
  endfacet
  facet normal -0.165315 -0.688631 0.706015
    outer loop
      vertex 9.03184 8.5979 6
      vertex 8.76594 6.92907 4.31
      vertex 9.02533 6.8668 4.31
    endloop
  endfacet
  facet normal 0.706015 -0.0555598 0.706015
    outer loop
      vertex 6.8 5.25 4.31
      vertex 5.15161 5.77875 6
      vertex 5.11 5.25 6
    endloop
  endfacet
  facet normal -0.0588024 -0.705628 0.706138
    outer loop
      vertex 9.02875 8.59839 6
      vertex 8.76594 6.92907 4.31
      vertex 9.03031 8.59826 6
    endloop
  endfacet
  facet normal -0.0555647 -0.706014 0.706015
    outer loop
      vertex 8.76594 6.92907 4.31
      vertex 9.02875 8.59839 6
      vertex 8.5 6.95 4.31
    endloop
  endfacet
  facet normal -0.0555598 0.706015 0.706015
    outer loop
      vertex 9.02875 1.90161 6
      vertex 8.5 3.55 4.31
      vertex 8.5 1.86 6
    endloop
  endfacet
  facet normal 0.271032 0.654284 0.706013
    outer loop
      vertex 7.72822 3.73529 4.31
      vertex 7.45243 2.02592 6
      vertex 7.97467 3.6332 4.31
    endloop
  endfacet
  facet normal 0.271016 0.654289 0.706015
    outer loop
      vertex 7.45243 2.02592 6
      vertex 7.72822 3.73529 4.31
      vertex 6.96097 2.22949 6
    endloop
  endfacet
  facet normal 0.705628 -0.0588024 0.706138
    outer loop
      vertex 5.15161 5.77875 6
      vertex 6.82093 5.51594 4.31
      vertex 5.15174 5.78031 6
    endloop
  endfacet
  facet normal 0.706014 -0.0555647 0.706015
    outer loop
      vertex 6.82093 5.51594 4.31
      vertex 5.15161 5.77875 6
      vertex 6.8 5.25 4.31
    endloop
  endfacet
  facet normal -0.0555598 -0.706015 0.706015
    outer loop
      vertex 8.5 6.95 4.31
      vertex 9.02875 8.59839 6
      vertex 8.5 8.64 6
    endloop
  endfacet
  facet normal 0.603838 -0.370031 0.706015
    outer loop
      vertex 6.98529 6.02178 4.31
      vertex 5.75661 7.24125 6
      vertex 5.47949 6.78903 6
    endloop
  endfacet
  facet normal 0.538518 -0.459937 0.706014
    outer loop
      vertex 6.10291 7.64709 6
      vertex 7.12467 6.24923 4.31
      vertex 7.29792 6.45208 4.31
    endloop
  endfacet
  facet normal 0.538514 -0.459941 0.706015
    outer loop
      vertex 7.12467 6.24923 4.31
      vertex 6.10291 7.64709 6
      vertex 5.75743 7.24259 6
    endloop
  endfacet
  facet normal -0.706015 -0.0555465 0.706015
    outer loop
      vertex 11.89 5.25 6
      vertex 11.8484 5.77875 6
      vertex 10.2 5.25 4.31
    endloop
  endfacet
  facet normal -0.538498 0.459953 0.706019
    outer loop
      vertex 9.87533 4.25077 4.31
      vertex 10.8971 2.85291 6
      vertex 11.2426 3.25741 6
    endloop
  endfacet
  facet normal -0.538517 0.459936 0.706016
    outer loop
      vertex 10.8971 2.85291 6
      vertex 9.87533 4.25077 4.31
      vertex 9.70208 4.04792 4.31
    endloop
  endfacet
  facet normal 0.0555598 -0.706015 0.706015
    outer loop
      vertex 8.5 6.95 4.31
      vertex 8.5 8.64 6
      vertex 7.97125 8.59839 6
    endloop
  endfacet
  facet normal 0.603839 0.370029 0.706015
    outer loop
      vertex 5.75661 3.25875 6
      vertex 7.12467 4.25077 4.31
      vertex 6.98529 4.47822 4.31
    endloop
  endfacet
  facet normal 0.604084 0.369663 0.705997
    outer loop
      vertex 7.12467 4.25077 4.31
      vertex 5.75661 3.25875 6
      vertex 5.75743 3.25741 6
    endloop
  endfacet
  facet normal 0.538518 0.459937 0.706014
    outer loop
      vertex 7.12467 4.25077 4.31
      vertex 6.10291 2.85291 6
      vertex 7.29792 4.04792 4.31
    endloop
  endfacet
  facet normal 0.538514 0.459941 0.706015
    outer loop
      vertex 6.10291 2.85291 6
      vertex 7.12467 4.25077 4.31
      vertex 5.75743 3.25741 6
    endloop
  endfacet
  facet normal 0.162177 -0.689254 0.706136
    outer loop
      vertex 7.96816 8.5979 6
      vertex 8.23406 6.92907 4.31
      vertex 7.96969 8.59826 6
    endloop
  endfacet
  facet normal 0.165315 -0.688631 0.706015
    outer loop
      vertex 8.23406 6.92907 4.31
      vertex 7.96816 8.5979 6
      vertex 7.97467 6.8668 4.31
    endloop
  endfacet
  facet normal -0.538498 -0.459953 0.706019
    outer loop
      vertex 10.8971 7.64709 6
      vertex 9.87533 6.24923 4.31
      vertex 11.2426 7.24259 6
    endloop
  endfacet
  facet normal -0.538517 -0.459936 0.706016
    outer loop
      vertex 9.87533 6.24923 4.31
      vertex 10.8971 7.64709 6
      vertex 9.70208 6.45208 4.31
    endloop
  endfacet
  facet normal -0.165315 0.688631 0.706015
    outer loop
      vertex 8.76594 3.57093 4.31
      vertex 9.03184 1.9021 6
      vertex 9.02533 3.6332 4.31
    endloop
  endfacet
  facet normal -0.162177 0.689254 0.706136
    outer loop
      vertex 9.03184 1.9021 6
      vertex 8.76594 3.57093 4.31
      vertex 9.03031 1.90174 6
    endloop
  endfacet
  facet normal -0.654273 0.27105 0.706016
    outer loop
      vertex 10.1168 4.72467 4.31
      vertex 11.5205 3.71097 6
      vertex 11.7241 4.20243 6
    endloop
  endfacet
  facet normal -0.654271 0.271053 0.706016
    outer loop
      vertex 11.5205 3.71097 6
      vertex 10.1168 4.72467 4.31
      vertex 10.0147 4.47822 4.31
    endloop
  endfacet
  facet normal -0.377649 0.598711 0.706347
    outer loop
      vertex 9.49923 3.87467 4.31
      vertex 10.4913 2.50661 6
      vertex 10.4926 2.50743 6
    endloop
  endfacet
  facet normal -0.370026 0.603835 0.70602
    outer loop
      vertex 10.4913 2.50661 6
      vertex 9.49923 3.87467 4.31
      vertex 9.27178 3.73529 4.31
    endloop
  endfacet
  facet normal 0.370031 -0.603838 0.706015
    outer loop
      vertex 7.72822 6.76471 4.31
      vertex 6.96097 8.27051 6
      vertex 6.50875 7.99339 6
    endloop
  endfacet
  facet normal 0.165331 0.68863 0.706014
    outer loop
      vertex 7.96816 1.9021 6
      vertex 7.97467 3.6332 4.31
      vertex 7.45243 2.02592 6
    endloop
  endfacet
  facet normal -0.271031 -0.654284 0.706013
    outer loop
      vertex 9.54757 8.47408 6
      vertex 9.27178 6.76471 4.31
      vertex 10.039 8.27051 6
    endloop
  endfacet
  facet normal -0.271032 -0.654284 0.706013
    outer loop
      vertex 9.27178 6.76471 4.31
      vertex 9.54757 8.47408 6
      vertex 9.02533 6.8668 4.31
    endloop
  endfacet
  facet normal -0.608365 -0.363203 0.705674
    outer loop
      vertex 9.87533 6.24923 4.31
      vertex 11.2434 7.24125 6
      vertex 11.2426 7.24259 6
    endloop
  endfacet
  facet normal -0.60385 -0.370009 0.706015
    outer loop
      vertex 11.2434 7.24125 6
      vertex 9.87533 6.24923 4.31
      vertex 10.0147 6.02178 4.31
    endloop
  endfacet
  facet normal 0.370031 0.603838 0.706015
    outer loop
      vertex 6.96097 2.22949 6
      vertex 7.72822 3.73529 4.31
      vertex 6.50875 2.50661 6
    endloop
  endfacet
  facet normal 0.654282 -0.271031 0.706015
    outer loop
      vertex 5.47949 6.78903 6
      vertex 6.8832 5.77533 4.31
      vertex 6.98529 6.02178 4.31
    endloop
  endfacet
  facet normal 0.65429 -0.271017 0.706013
    outer loop
      vertex 6.8832 5.77533 4.31
      vertex 5.47949 6.78903 6
      vertex 5.27592 6.29757 6
    endloop
  endfacet
  facet normal 0.706015 0.0555598 0.706015
    outer loop
      vertex 5.15161 4.72125 6
      vertex 6.8 5.25 4.31
      vertex 5.11 5.25 6
    endloop
  endfacet
  facet normal 0.68863 -0.165331 0.706014
    outer loop
      vertex 6.8832 5.77533 4.31
      vertex 5.27592 6.29757 6
      vertex 5.1521 5.78184 6
    endloop
  endfacet
  facet normal 0.0555598 0.706015 0.706015
    outer loop
      vertex 8.5 1.86 6
      vertex 8.5 3.55 4.31
      vertex 7.97125 1.90161 6
    endloop
  endfacet
  facet normal -0.45994 -0.538514 0.706016
    outer loop
      vertex 10.4926 7.99257 6
      vertex 9.70208 6.45208 4.31
      vertex 10.8971 7.64709 6
    endloop
  endfacet
  facet normal -0.459936 -0.538516 0.706016
    outer loop
      vertex 9.70208 6.45208 4.31
      vertex 10.4926 7.99257 6
      vertex 9.49923 6.62533 4.31
    endloop
  endfacet
  facet normal 0.0555647 0.706014 0.706015
    outer loop
      vertex 8.23406 3.57093 4.31
      vertex 7.97125 1.90161 6
      vertex 8.5 3.55 4.31
    endloop
  endfacet
  facet normal 0.0588024 0.705628 0.706138
    outer loop
      vertex 7.97125 1.90161 6
      vertex 8.23406 3.57093 4.31
      vertex 7.96969 1.90174 6
    endloop
  endfacet
  facet normal 0.459937 -0.538517 0.706015
    outer loop
      vertex 6.50741 7.99257 6
      vertex 7.29792 6.45208 4.31
      vertex 7.50077 6.62533 4.31
    endloop
  endfacet
  facet normal 0.459941 -0.538515 0.706014
    outer loop
      vertex 7.29792 6.45208 4.31
      vertex 6.50741 7.99257 6
      vertex 6.10291 7.64709 6
    endloop
  endfacet
  facet normal 0.459937 0.538517 0.706015
    outer loop
      vertex 7.29792 4.04792 4.31
      vertex 6.50741 2.50743 6
      vertex 7.50077 3.87467 4.31
    endloop
  endfacet
  facet normal 0.459941 0.538515 0.706014
    outer loop
      vertex 6.50741 2.50743 6
      vertex 7.29792 4.04792 4.31
      vertex 6.10291 2.85291 6
    endloop
  endfacet
  facet normal 0.370029 0.603839 0.706015
    outer loop
      vertex 7.50077 3.87467 4.31
      vertex 6.50875 2.50661 6
      vertex 7.72822 3.73529 4.31
    endloop
  endfacet
  facet normal 0.369663 0.604084 0.705997
    outer loop
      vertex 6.50875 2.50661 6
      vertex 7.50077 3.87467 4.31
      vertex 6.50741 2.50743 6
    endloop
  endfacet
  facet normal -0.377649 -0.598711 0.706347
    outer loop
      vertex 10.4913 7.99339 6
      vertex 9.49923 6.62533 4.31
      vertex 10.4926 7.99257 6
    endloop
  endfacet
  facet normal -0.370026 -0.603835 0.70602
    outer loop
      vertex 9.49923 6.62533 4.31
      vertex 10.4913 7.99339 6
      vertex 9.27178 6.76471 4.31
    endloop
  endfacet
  facet normal 0.654282 0.271031 0.706015
    outer loop
      vertex 6.8832 4.72467 4.31
      vertex 5.47949 3.71097 6
      vertex 6.98529 4.47822 4.31
    endloop
  endfacet
  facet normal 0.65429 0.271017 0.706013
    outer loop
      vertex 5.47949 3.71097 6
      vertex 6.8832 4.72467 4.31
      vertex 5.27592 4.20243 6
    endloop
  endfacet
  facet normal 0.68863 0.165331 0.706014
    outer loop
      vertex 5.27592 4.20243 6
      vertex 6.8832 4.72467 4.31
      vertex 5.1521 4.71816 6
    endloop
  endfacet
  facet normal 0.165331 -0.68863 0.706014
    outer loop
      vertex 7.97467 6.8668 4.31
      vertex 7.96816 8.5979 6
      vertex 7.45243 8.47408 6
    endloop
  endfacet
  facet normal -0.685777 0.179288 0.705383
    outer loop
      vertex 10.1791 4.98406 4.31
      vertex 11.8479 4.71816 6
      vertex 11.8483 4.71969 6
    endloop
  endfacet
  facet normal -0.688622 0.165393 0.706006
    outer loop
      vertex 11.8479 4.71816 6
      vertex 10.1791 4.98406 4.31
      vertex 10.1168 4.72467 4.31
    endloop
  endfacet
  facet normal -0.707186 -0.0453324 0.705573
    outer loop
      vertex 10.1791 5.51594 4.31
      vertex 11.8484 5.77875 6
      vertex 11.8483 5.78031 6
    endloop
  endfacet
  facet normal -0.706027 -0.0554861 0.706008
    outer loop
      vertex 11.8484 5.77875 6
      vertex 10.1791 5.51594 4.31
      vertex 10.2 5.25 4.31
    endloop
  endfacet
  facet normal -0.45994 0.538514 0.706016
    outer loop
      vertex 9.70208 4.04792 4.31
      vertex 10.4926 2.50743 6
      vertex 10.8971 2.85291 6
    endloop
  endfacet
  facet normal -0.459936 0.538516 0.706016
    outer loop
      vertex 10.4926 2.50743 6
      vertex 9.70208 4.04792 4.31
      vertex 9.49923 3.87467 4.31
    endloop
  endfacet
  facet normal 0.688631 0.165315 0.706015
    outer loop
      vertex 6.82093 4.98406 4.31
      vertex 5.1521 4.71816 6
      vertex 6.8832 4.72467 4.31
    endloop
  endfacet
  facet normal 0.689254 0.162177 0.706136
    outer loop
      vertex 5.1521 4.71816 6
      vertex 6.82093 4.98406 4.31
      vertex 5.15174 4.71969 6
    endloop
  endfacet
  facet normal 0.688631 -0.165315 0.706015
    outer loop
      vertex 5.1521 5.78184 6
      vertex 6.82093 5.51594 4.31
      vertex 6.8832 5.77533 4.31
    endloop
  endfacet
  facet normal 0.689254 -0.162177 0.706136
    outer loop
      vertex 6.82093 5.51594 4.31
      vertex 5.1521 5.78184 6
      vertex 5.15174 5.78031 6
    endloop
  endfacet
  facet normal 0.0555647 -0.706014 0.706015
    outer loop
      vertex 7.97125 8.59839 6
      vertex 8.23406 6.92907 4.31
      vertex 8.5 6.95 4.31
    endloop
  endfacet
  facet normal 0.0588024 -0.705628 0.706138
    outer loop
      vertex 8.23406 6.92907 4.31
      vertex 7.97125 8.59839 6
      vertex 7.96969 8.59826 6
    endloop
  endfacet
  facet normal 0.370029 -0.603839 0.706015
    outer loop
      vertex 6.50875 7.99339 6
      vertex 7.50077 6.62533 4.31
      vertex 7.72822 6.76471 4.31
    endloop
  endfacet
  facet normal 0.369663 -0.604084 0.705997
    outer loop
      vertex 7.50077 6.62533 4.31
      vertex 6.50875 7.99339 6
      vertex 6.50741 7.99257 6
    endloop
  endfacet
  facet normal 0.271032 -0.654284 0.706013
    outer loop
      vertex 7.45243 8.47408 6
      vertex 7.72822 6.76471 4.31
      vertex 7.97467 6.8668 4.31
    endloop
  endfacet
  facet normal 0.271016 -0.654289 0.706015
    outer loop
      vertex 7.72822 6.76471 4.31
      vertex 7.45243 8.47408 6
      vertex 6.96097 8.27051 6
    endloop
  endfacet
  facet normal 0.604084 -0.369663 0.705997
    outer loop
      vertex 5.75661 7.24125 6
      vertex 7.12467 6.24923 4.31
      vertex 5.75743 7.24259 6
    endloop
  endfacet
  facet normal 0.603839 -0.370029 0.706015
    outer loop
      vertex 7.12467 6.24923 4.31
      vertex 5.75661 7.24125 6
      vertex 6.98529 6.02178 4.31
    endloop
  endfacet
  facet normal -0.165331 -0.68863 0.706014
    outer loop
      vertex 9.54757 8.47408 6
      vertex 9.03184 8.5979 6
      vertex 9.02533 6.8668 4.31
    endloop
  endfacet
  facet normal -0.688633 -0.165305 0.706017
    outer loop
      vertex 11.8479 5.78184 6
      vertex 11.7241 6.29757 6
      vertex 10.1168 5.77533 4.31
    endloop
  endfacet
  facet normal -0.60385 0.370009 0.706015
    outer loop
      vertex 9.87533 4.25077 4.31
      vertex 11.2434 3.25875 6
      vertex 10.0147 4.47822 4.31
    endloop
  endfacet
  facet normal -0.608365 0.363203 0.705674
    outer loop
      vertex 11.2434 3.25875 6
      vertex 9.87533 4.25077 4.31
      vertex 11.2426 3.25741 6
    endloop
  endfacet
  facet normal -0.706027 0.0554861 0.706008
    outer loop
      vertex 10.1791 4.98406 4.31
      vertex 11.8484 4.72125 6
      vertex 10.2 5.25 4.31
    endloop
  endfacet
  facet normal -0.707186 0.0453324 0.705573
    outer loop
      vertex 11.8484 4.72125 6
      vertex 10.1791 4.98406 4.31
      vertex 11.8483 4.71969 6
    endloop
  endfacet
  facet normal 0.165315 0.688631 0.706015
    outer loop
      vertex 7.96816 1.9021 6
      vertex 8.23406 3.57093 4.31
      vertex 7.97467 3.6332 4.31
    endloop
  endfacet
  facet normal 0.162177 0.689254 0.706136
    outer loop
      vertex 8.23406 3.57093 4.31
      vertex 7.96816 1.9021 6
      vertex 7.96969 1.90174 6
    endloop
  endfacet
  facet normal -0.685777 -0.179288 0.705383
    outer loop
      vertex 11.8479 5.78184 6
      vertex 10.1791 5.51594 4.31
      vertex 11.8483 5.78031 6
    endloop
  endfacet
  facet normal -0.688622 -0.165393 0.706006
    outer loop
      vertex 10.1791 5.51594 4.31
      vertex 11.8479 5.78184 6
      vertex 10.1168 5.77533 4.31
    endloop
  endfacet
  facet normal -0.97235 0.233529 0
    outer loop
      vertex 10.1168 35.7247 0
      vertex 10.1791 35.9841 4.31
      vertex 10.1791 35.9841 0
    endloop
  endfacet
  facet normal -0.97235 0.233529 0
    outer loop
      vertex 10.1791 35.9841 4.31
      vertex 10.1168 35.7247 0
      vertex 10.1168 35.7247 4.31
    endloop
  endfacet
  facet normal -0.996925 0.0783593 0
    outer loop
      vertex 10.1791 35.9841 0
      vertex 10.2 36.25 4.31
      vertex 10.2 36.25 0
    endloop
  endfacet
  facet normal -0.996925 0.0783593 0
    outer loop
      vertex 10.2 36.25 4.31
      vertex 10.1791 35.9841 0
      vertex 10.1791 35.9841 4.31
    endloop
  endfacet
  facet normal -0.923884 0.382672 0
    outer loop
      vertex 10.0147 35.4782 0
      vertex 10.1168 35.7247 4.31
      vertex 10.1168 35.7247 0
    endloop
  endfacet
  facet normal -0.923884 0.382672 0
    outer loop
      vertex 10.1168 35.7247 4.31
      vertex 10.0147 35.4782 0
      vertex 10.0147 35.4782 4.31
    endloop
  endfacet
  facet normal -0.522549 -0.852609 0
    outer loop
      vertex 9.27178 37.7647 0
      vertex 9.49923 37.6253 4.31
      vertex 9.27178 37.7647 4.31
    endloop
  endfacet
  facet normal -0.522549 -0.852609 -0
    outer loop
      vertex 9.49923 37.6253 4.31
      vertex 9.27178 37.7647 0
      vertex 9.49923 37.6253 0
    endloop
  endfacet
  facet normal 0.923898 0.38264 0
    outer loop
      vertex 6.98529 35.4782 4.31
      vertex 6.8832 35.7247 0
      vertex 6.8832 35.7247 4.31
    endloop
  endfacet
  facet normal 0.923898 0.38264 0
    outer loop
      vertex 6.8832 35.7247 0
      vertex 6.98529 35.4782 4.31
      vertex 6.98529 35.4782 0
    endloop
  endfacet
  facet normal 0.522549 -0.852609 0
    outer loop
      vertex 7.50077 37.6253 0
      vertex 7.72822 37.7647 4.31
      vertex 7.50077 37.6253 4.31
    endloop
  endfacet
  facet normal 0.522549 -0.852609 0
    outer loop
      vertex 7.72822 37.7647 4.31
      vertex 7.50077 37.6253 0
      vertex 7.72822 37.7647 0
    endloop
  endfacet
  facet normal -0.382738 -0.923857 0
    outer loop
      vertex 9.02533 37.8668 0
      vertex 9.27178 37.7647 4.31
      vertex 9.02533 37.8668 4.31
    endloop
  endfacet
  facet normal -0.382738 -0.923857 -0
    outer loop
      vertex 9.27178 37.7647 4.31
      vertex 9.02533 37.8668 0
      vertex 9.27178 37.7647 0
    endloop
  endfacet
  facet normal 0.382738 0.923857 -0
    outer loop
      vertex 7.97467 34.6332 0
      vertex 7.72822 34.7353 4.31
      vertex 7.97467 34.6332 4.31
    endloop
  endfacet
  facet normal 0.382738 0.923857 0
    outer loop
      vertex 7.72822 34.7353 4.31
      vertex 7.97467 34.6332 0
      vertex 7.72822 34.7353 0
    endloop
  endfacet
  facet normal 0.522549 0.852609 -0
    outer loop
      vertex 7.72822 34.7353 0
      vertex 7.50077 34.8747 4.31
      vertex 7.72822 34.7353 4.31
    endloop
  endfacet
  facet normal 0.522549 0.852609 0
    outer loop
      vertex 7.50077 34.8747 4.31
      vertex 7.72822 34.7353 0
      vertex 7.50077 34.8747 0
    endloop
  endfacet
  facet normal 0.233537 0.972348 -0
    outer loop
      vertex 8.23406 34.5709 0
      vertex 7.97467 34.6332 4.31
      vertex 8.23406 34.5709 4.31
    endloop
  endfacet
  facet normal 0.233537 0.972348 0
    outer loop
      vertex 7.97467 34.6332 4.31
      vertex 8.23406 34.5709 0
      vertex 7.97467 34.6332 0
    endloop
  endfacet
  facet normal -0.649339 -0.760499 0
    outer loop
      vertex 9.49923 37.6253 0
      vertex 9.70208 37.4521 4.31
      vertex 9.49923 37.6253 4.31
    endloop
  endfacet
  facet normal -0.649339 -0.760499 -0
    outer loop
      vertex 9.70208 37.4521 4.31
      vertex 9.49923 37.6253 0
      vertex 9.70208 37.4521 0
    endloop
  endfacet
  facet normal 0.0783476 0.996926 -0
    outer loop
      vertex 8.5 34.55 0
      vertex 8.23406 34.5709 4.31
      vertex 8.5 34.55 4.31
    endloop
  endfacet
  facet normal 0.0783476 0.996926 0
    outer loop
      vertex 8.23406 34.5709 4.31
      vertex 8.5 34.55 0
      vertex 8.23406 34.5709 0
    endloop
  endfacet
  facet normal 0.923898 -0.38264 0
    outer loop
      vertex 6.8832 36.7753 4.31
      vertex 6.98529 37.0218 0
      vertex 6.98529 37.0218 4.31
    endloop
  endfacet
  facet normal 0.923898 -0.38264 0
    outer loop
      vertex 6.98529 37.0218 0
      vertex 6.8832 36.7753 4.31
      vertex 6.8832 36.7753 0
    endloop
  endfacet
  facet normal 0.760485 0.649355 0
    outer loop
      vertex 7.29792 35.0479 4.31
      vertex 7.12467 35.2508 0
      vertex 7.12467 35.2508 4.31
    endloop
  endfacet
  facet normal 0.760485 0.649355 0
    outer loop
      vertex 7.12467 35.2508 0
      vertex 7.29792 35.0479 4.31
      vertex 7.29792 35.0479 0
    endloop
  endfacet
  facet normal 0.233537 -0.972348 0
    outer loop
      vertex 7.97467 37.8668 0
      vertex 8.23406 37.9291 4.31
      vertex 7.97467 37.8668 4.31
    endloop
  endfacet
  facet normal 0.233537 -0.972348 0
    outer loop
      vertex 8.23406 37.9291 4.31
      vertex 7.97467 37.8668 0
      vertex 8.23406 37.9291 0
    endloop
  endfacet
  facet normal -0.923884 -0.382672 0
    outer loop
      vertex 10.1168 36.7753 0
      vertex 10.0147 37.0218 4.31
      vertex 10.0147 37.0218 0
    endloop
  endfacet
  facet normal -0.923884 -0.382672 0
    outer loop
      vertex 10.0147 37.0218 4.31
      vertex 10.1168 36.7753 0
      vertex 10.1168 36.7753 4.31
    endloop
  endfacet
  facet normal 0.760485 -0.649355 0
    outer loop
      vertex 7.12467 37.2492 4.31
      vertex 7.29792 37.4521 0
      vertex 7.29792 37.4521 4.31
    endloop
  endfacet
  facet normal 0.760485 -0.649355 0
    outer loop
      vertex 7.29792 37.4521 0
      vertex 7.12467 37.2492 4.31
      vertex 7.12467 37.2492 0
    endloop
  endfacet
  facet normal 0.649339 0.760499 -0
    outer loop
      vertex 7.50077 34.8747 0
      vertex 7.29792 35.0479 4.31
      vertex 7.50077 34.8747 4.31
    endloop
  endfacet
  facet normal 0.649339 0.760499 0
    outer loop
      vertex 7.29792 35.0479 4.31
      vertex 7.50077 34.8747 0
      vertex 7.29792 35.0479 0
    endloop
  endfacet
  facet normal -0.0783476 -0.996926 0
    outer loop
      vertex 8.5 37.95 0
      vertex 8.76594 37.9291 4.31
      vertex 8.5 37.95 4.31
    endloop
  endfacet
  facet normal -0.0783476 -0.996926 -0
    outer loop
      vertex 8.76594 37.9291 4.31
      vertex 8.5 37.95 0
      vertex 8.76594 37.9291 0
    endloop
  endfacet
  facet normal -0.852608 -0.522551 0
    outer loop
      vertex 10.0147 37.0218 0
      vertex 9.87533 37.2492 4.31
      vertex 9.87533 37.2492 0
    endloop
  endfacet
  facet normal -0.852608 -0.522551 0
    outer loop
      vertex 9.87533 37.2492 4.31
      vertex 10.0147 37.0218 0
      vertex 10.0147 37.0218 4.31
    endloop
  endfacet
  facet normal -0.852608 0.522551 0
    outer loop
      vertex 9.87533 35.2508 0
      vertex 10.0147 35.4782 4.31
      vertex 10.0147 35.4782 0
    endloop
  endfacet
  facet normal -0.852608 0.522551 0
    outer loop
      vertex 10.0147 35.4782 4.31
      vertex 9.87533 35.2508 0
      vertex 9.87533 35.2508 4.31
    endloop
  endfacet
  facet normal -0.996925 -0.0783593 0
    outer loop
      vertex 10.2 36.25 0
      vertex 10.1791 36.5159 4.31
      vertex 10.1791 36.5159 0
    endloop
  endfacet
  facet normal -0.996925 -0.0783593 0
    outer loop
      vertex 10.1791 36.5159 4.31
      vertex 10.2 36.25 0
      vertex 10.2 36.25 4.31
    endloop
  endfacet
  facet normal -0.97235 -0.233529 0
    outer loop
      vertex 10.1791 36.5159 0
      vertex 10.1168 36.7753 4.31
      vertex 10.1168 36.7753 0
    endloop
  endfacet
  facet normal -0.97235 -0.233529 0
    outer loop
      vertex 10.1168 36.7753 4.31
      vertex 10.1791 36.5159 0
      vertex 10.1791 36.5159 4.31
    endloop
  endfacet
  facet normal 0.972375 -0.233423 0
    outer loop
      vertex 6.82093 36.5159 4.31
      vertex 6.8832 36.7753 0
      vertex 6.8832 36.7753 4.31
    endloop
  endfacet
  facet normal 0.972375 -0.233423 0
    outer loop
      vertex 6.8832 36.7753 0
      vertex 6.82093 36.5159 4.31
      vertex 6.82093 36.5159 0
    endloop
  endfacet
  facet normal -0.522549 0.852609 0
    outer loop
      vertex 9.49923 34.8747 0
      vertex 9.27178 34.7353 4.31
      vertex 9.49923 34.8747 4.31
    endloop
  endfacet
  facet normal -0.522549 0.852609 0
    outer loop
      vertex 9.27178 34.7353 4.31
      vertex 9.49923 34.8747 0
      vertex 9.27178 34.7353 0
    endloop
  endfacet
  facet normal -0.760485 0.649355 0
    outer loop
      vertex 9.70208 35.0479 0
      vertex 9.87533 35.2508 4.31
      vertex 9.87533 35.2508 0
    endloop
  endfacet
  facet normal -0.760485 0.649355 0
    outer loop
      vertex 9.87533 35.2508 4.31
      vertex 9.70208 35.0479 0
      vertex 9.70208 35.0479 4.31
    endloop
  endfacet
  facet normal 0.996916 0.0784711 0
    outer loop
      vertex 6.82093 35.9841 4.31
      vertex 6.8 36.25 0
      vertex 6.8 36.25 4.31
    endloop
  endfacet
  facet normal 0.996916 0.0784711 0
    outer loop
      vertex 6.8 36.25 0
      vertex 6.82093 35.9841 4.31
      vertex 6.82093 35.9841 0
    endloop
  endfacet
  facet normal -0.649339 0.760499 0
    outer loop
      vertex 9.70208 35.0479 0
      vertex 9.49923 34.8747 4.31
      vertex 9.70208 35.0479 4.31
    endloop
  endfacet
  facet normal -0.649339 0.760499 0
    outer loop
      vertex 9.49923 34.8747 4.31
      vertex 9.70208 35.0479 0
      vertex 9.49923 34.8747 0
    endloop
  endfacet
  facet normal -0.233537 -0.972348 0
    outer loop
      vertex 8.76594 37.9291 0
      vertex 9.02533 37.8668 4.31
      vertex 8.76594 37.9291 4.31
    endloop
  endfacet
  facet normal -0.233537 -0.972348 -0
    outer loop
      vertex 9.02533 37.8668 4.31
      vertex 8.76594 37.9291 0
      vertex 9.02533 37.8668 0
    endloop
  endfacet
  facet normal 0.852592 -0.522578 0
    outer loop
      vertex 6.98529 37.0218 4.31
      vertex 7.12467 37.2492 0
      vertex 7.12467 37.2492 4.31
    endloop
  endfacet
  facet normal 0.852592 -0.522578 0
    outer loop
      vertex 7.12467 37.2492 0
      vertex 6.98529 37.0218 4.31
      vertex 6.98529 37.0218 0
    endloop
  endfacet
  facet normal 0.649339 -0.760499 0
    outer loop
      vertex 7.29792 37.4521 0
      vertex 7.50077 37.6253 4.31
      vertex 7.29792 37.4521 4.31
    endloop
  endfacet
  facet normal 0.649339 -0.760499 0
    outer loop
      vertex 7.50077 37.6253 4.31
      vertex 7.29792 37.4521 0
      vertex 7.50077 37.6253 0
    endloop
  endfacet
  facet normal -0.760485 -0.649355 0
    outer loop
      vertex 9.87533 37.2492 0
      vertex 9.70208 37.4521 4.31
      vertex 9.70208 37.4521 0
    endloop
  endfacet
  facet normal -0.760485 -0.649355 0
    outer loop
      vertex 9.70208 37.4521 4.31
      vertex 9.87533 37.2492 0
      vertex 9.87533 37.2492 4.31
    endloop
  endfacet
  facet normal 0.852592 0.522578 0
    outer loop
      vertex 7.12467 35.2508 4.31
      vertex 6.98529 35.4782 0
      vertex 6.98529 35.4782 4.31
    endloop
  endfacet
  facet normal 0.852592 0.522578 0
    outer loop
      vertex 6.98529 35.4782 0
      vertex 7.12467 35.2508 4.31
      vertex 7.12467 35.2508 0
    endloop
  endfacet
  facet normal 0.996916 -0.0784711 0
    outer loop
      vertex 6.8 36.25 4.31
      vertex 6.82093 36.5159 0
      vertex 6.82093 36.5159 4.31
    endloop
  endfacet
  facet normal 0.996916 -0.0784711 0
    outer loop
      vertex 6.82093 36.5159 0
      vertex 6.8 36.25 4.31
      vertex 6.8 36.25 0
    endloop
  endfacet
  facet normal 0.382738 -0.923857 0
    outer loop
      vertex 7.72822 37.7647 0
      vertex 7.97467 37.8668 4.31
      vertex 7.72822 37.7647 4.31
    endloop
  endfacet
  facet normal 0.382738 -0.923857 0
    outer loop
      vertex 7.97467 37.8668 4.31
      vertex 7.72822 37.7647 0
      vertex 7.97467 37.8668 0
    endloop
  endfacet
  facet normal -0.382738 0.923857 0
    outer loop
      vertex 9.27178 34.7353 0
      vertex 9.02533 34.6332 4.31
      vertex 9.27178 34.7353 4.31
    endloop
  endfacet
  facet normal -0.382738 0.923857 0
    outer loop
      vertex 9.02533 34.6332 4.31
      vertex 9.27178 34.7353 0
      vertex 9.02533 34.6332 0
    endloop
  endfacet
  facet normal -0.233537 0.972348 0
    outer loop
      vertex 9.02533 34.6332 0
      vertex 8.76594 34.5709 4.31
      vertex 9.02533 34.6332 4.31
    endloop
  endfacet
  facet normal -0.233537 0.972348 0
    outer loop
      vertex 8.76594 34.5709 4.31
      vertex 9.02533 34.6332 0
      vertex 8.76594 34.5709 0
    endloop
  endfacet
  facet normal -0.0783476 0.996926 0
    outer loop
      vertex 8.76594 34.5709 0
      vertex 8.5 34.55 4.31
      vertex 8.76594 34.5709 4.31
    endloop
  endfacet
  facet normal -0.0783476 0.996926 0
    outer loop
      vertex 8.5 34.55 4.31
      vertex 8.76594 34.5709 0
      vertex 8.5 34.55 0
    endloop
  endfacet
  facet normal 0.972375 0.233423 0
    outer loop
      vertex 6.8832 35.7247 4.31
      vertex 6.82093 35.9841 0
      vertex 6.82093 35.9841 4.31
    endloop
  endfacet
  facet normal 0.972375 0.233423 0
    outer loop
      vertex 6.82093 35.9841 0
      vertex 6.8832 35.7247 4.31
      vertex 6.8832 35.7247 0
    endloop
  endfacet
  facet normal 0.0783476 -0.996926 0
    outer loop
      vertex 8.23406 37.9291 0
      vertex 8.5 37.95 4.31
      vertex 8.23406 37.9291 4.31
    endloop
  endfacet
  facet normal 0.0783476 -0.996926 0
    outer loop
      vertex 8.5 37.95 4.31
      vertex 8.23406 37.9291 0
      vertex 8.5 37.95 0
    endloop
  endfacet
  facet normal -0.706015 0.0555518 0.706015
    outer loop
      vertex 11.8484 35.7213 6
      vertex 11.89 36.25 6
      vertex 10.2 36.25 4.31
    endloop
  endfacet
  facet normal -0.603881 -0.369965 0.706012
    outer loop
      vertex 11.5205 37.789 6
      vertex 11.2434 38.2413 6
      vertex 10.0147 37.0218 4.31
    endloop
  endfacet
  facet normal -0.369964 0.603879 0.706015
    outer loop
      vertex 10.039 33.2295 6
      vertex 10.4913 33.5066 6
      vertex 9.27178 34.7353 4.31
    endloop
  endfacet
  facet normal -0.654258 -0.271077 0.706019
    outer loop
      vertex 11.5205 37.789 6
      vertex 10.1168 36.7753 4.31
      vertex 11.7241 37.2976 6
    endloop
  endfacet
  facet normal -0.654296 -0.271009 0.70601
    outer loop
      vertex 10.1168 36.7753 4.31
      vertex 11.5205 37.789 6
      vertex 10.0147 37.0218 4.31
    endloop
  endfacet
  facet normal -0.165305 0.688633 0.706017
    outer loop
      vertex 9.03184 32.9021 6
      vertex 9.54757 33.0259 6
      vertex 9.02533 34.6332 4.31
    endloop
  endfacet
  facet normal -0.688636 0.165283 0.706019
    outer loop
      vertex 11.7241 35.2024 6
      vertex 11.8479 35.7182 6
      vertex 10.1168 35.7247 4.31
    endloop
  endfacet
  facet normal -0.271064 0.654269 0.706014
    outer loop
      vertex 9.27178 34.7353 4.31
      vertex 9.54757 33.0259 6
      vertex 10.039 33.2295 6
    endloop
  endfacet
  facet normal -0.271054 0.654272 0.706016
    outer loop
      vertex 9.54757 33.0259 6
      vertex 9.27178 34.7353 4.31
      vertex 9.02533 34.6332 4.31
    endloop
  endfacet
  facet normal 0.60387 0.369985 0.706012
    outer loop
      vertex 5.75661 34.2587 6
      vertex 6.98529 35.4782 4.31
      vertex 5.47949 34.711 6
    endloop
  endfacet
  facet normal -0.603881 0.369965 0.706012
    outer loop
      vertex 11.2434 34.2587 6
      vertex 11.5205 34.711 6
      vertex 10.0147 35.4782 4.31
    endloop
  endfacet
  facet normal 0.706013 0.055573 0.706015
    outer loop
      vertex 5.15161 35.7213 6
      vertex 6.82093 35.9841 4.31
      vertex 6.8 36.25 4.31
    endloop
  endfacet
  facet normal 0.705803 0.0573465 0.706084
    outer loop
      vertex 6.82093 35.9841 4.31
      vertex 5.15161 35.7213 6
      vertex 5.15174 35.7197 6
    endloop
  endfacet
  facet normal -0.0453324 0.707186 0.705573
    outer loop
      vertex 8.76594 34.5709 4.31
      vertex 9.02875 32.9016 6
      vertex 9.03031 32.9017 6
    endloop
  endfacet
  facet normal -0.0554861 0.706027 0.706008
    outer loop
      vertex 9.02875 32.9016 6
      vertex 8.76594 34.5709 4.31
      vertex 8.5 34.55 4.31
    endloop
  endfacet
  facet normal -0.369964 -0.603879 0.706015
    outer loop
      vertex 10.4913 38.9934 6
      vertex 10.039 39.2705 6
      vertex 9.27178 37.7647 4.31
    endloop
  endfacet
  facet normal -0.179288 -0.685777 0.705383
    outer loop
      vertex 8.76594 37.9291 4.31
      vertex 9.03184 39.5979 6
      vertex 9.03031 39.5983 6
    endloop
  endfacet
  facet normal -0.165393 -0.688622 0.706006
    outer loop
      vertex 9.03184 39.5979 6
      vertex 8.76594 37.9291 4.31
      vertex 9.02533 37.8668 4.31
    endloop
  endfacet
  facet normal 0.706014 -0.0555651 0.706014
    outer loop
      vertex 6.8 36.25 4.31
      vertex 5.15161 36.7787 6
      vertex 5.11 36.25 6
    endloop
  endfacet
  facet normal -0.0453324 -0.707186 0.705573
    outer loop
      vertex 9.02875 39.5984 6
      vertex 8.76594 37.9291 4.31
      vertex 9.03031 39.5983 6
    endloop
  endfacet
  facet normal -0.0554861 -0.706027 0.706008
    outer loop
      vertex 8.76594 37.9291 4.31
      vertex 9.02875 39.5984 6
      vertex 8.5 37.95 4.31
    endloop
  endfacet
  facet normal -0.0555465 0.706015 0.706015
    outer loop
      vertex 9.02875 32.9016 6
      vertex 8.5 34.55 4.31
      vertex 8.5 32.86 6
    endloop
  endfacet
  facet normal 0.271054 0.654272 0.706016
    outer loop
      vertex 7.72822 34.7353 4.31
      vertex 7.45243 33.0259 6
      vertex 7.97467 34.6332 4.31
    endloop
  endfacet
  facet normal 0.27105 0.654273 0.706016
    outer loop
      vertex 7.45243 33.0259 6
      vertex 7.72822 34.7353 4.31
      vertex 6.96097 33.2295 6
    endloop
  endfacet
  facet normal 0.705803 -0.0573465 0.706084
    outer loop
      vertex 5.15161 36.7787 6
      vertex 6.82093 36.5159 4.31
      vertex 5.15174 36.7803 6
    endloop
  endfacet
  facet normal 0.706013 -0.055573 0.706015
    outer loop
      vertex 6.82093 36.5159 4.31
      vertex 5.15161 36.7787 6
      vertex 6.8 36.25 4.31
    endloop
  endfacet
  facet normal -0.0555465 -0.706015 0.706015
    outer loop
      vertex 8.5 37.95 4.31
      vertex 9.02875 39.5984 6
      vertex 8.5 39.64 6
    endloop
  endfacet
  facet normal 0.60387 -0.369985 0.706012
    outer loop
      vertex 6.98529 37.0218 4.31
      vertex 5.75661 38.2413 6
      vertex 5.47949 37.789 6
    endloop
  endfacet
  facet normal 0.538578 -0.459875 0.706009
    outer loop
      vertex 6.10291 38.6471 6
      vertex 7.12467 37.2492 4.31
      vertex 7.29792 37.4521 4.31
    endloop
  endfacet
  facet normal 0.53851 -0.459937 0.70602
    outer loop
      vertex 7.12467 37.2492 4.31
      vertex 6.10291 38.6471 6
      vertex 5.75743 38.2426 6
    endloop
  endfacet
  facet normal -0.706015 -0.0555518 0.706015
    outer loop
      vertex 11.89 36.25 6
      vertex 11.8484 36.7787 6
      vertex 10.2 36.25 4.31
    endloop
  endfacet
  facet normal -0.538494 0.45995 0.706024
    outer loop
      vertex 9.87533 35.2508 4.31
      vertex 10.8971 33.8529 6
      vertex 11.2426 34.2574 6
    endloop
  endfacet
  facet normal -0.538576 0.459874 0.706011
    outer loop
      vertex 10.8971 33.8529 6
      vertex 9.87533 35.2508 4.31
      vertex 9.70208 35.0479 4.31
    endloop
  endfacet
  facet normal 0.0555465 -0.706015 0.706015
    outer loop
      vertex 8.5 37.95 4.31
      vertex 8.5 39.64 6
      vertex 7.97125 39.5984 6
    endloop
  endfacet
  facet normal 0.603793 0.370082 0.706026
    outer loop
      vertex 5.75661 34.2587 6
      vertex 7.12467 35.2508 4.31
      vertex 6.98529 35.4782 4.31
    endloop
  endfacet
  facet normal 0.598708 0.377647 0.706351
    outer loop
      vertex 7.12467 35.2508 4.31
      vertex 5.75661 34.2587 6
      vertex 5.75743 34.2574 6
    endloop
  endfacet
  facet normal 0.538578 0.459875 0.706009
    outer loop
      vertex 7.12467 35.2508 4.31
      vertex 6.10291 33.8529 6
      vertex 7.29792 35.0479 4.31
    endloop
  endfacet
  facet normal 0.53851 0.459937 0.70602
    outer loop
      vertex 6.10291 33.8529 6
      vertex 7.12467 35.2508 4.31
      vertex 5.75743 34.2574 6
    endloop
  endfacet
  facet normal 0.179288 -0.685777 0.705383
    outer loop
      vertex 7.96816 39.5979 6
      vertex 8.23406 37.9291 4.31
      vertex 7.96969 39.5983 6
    endloop
  endfacet
  facet normal 0.165393 -0.688622 0.706006
    outer loop
      vertex 8.23406 37.9291 4.31
      vertex 7.96816 39.5979 6
      vertex 7.97467 37.8668 4.31
    endloop
  endfacet
  facet normal -0.538494 -0.45995 0.706024
    outer loop
      vertex 10.8971 38.6471 6
      vertex 9.87533 37.2492 4.31
      vertex 11.2426 38.2426 6
    endloop
  endfacet
  facet normal -0.538576 -0.459874 0.706011
    outer loop
      vertex 9.87533 37.2492 4.31
      vertex 10.8971 38.6471 6
      vertex 9.70208 37.4521 4.31
    endloop
  endfacet
  facet normal -0.165393 0.688622 0.706006
    outer loop
      vertex 8.76594 34.5709 4.31
      vertex 9.03184 32.9021 6
      vertex 9.02533 34.6332 4.31
    endloop
  endfacet
  facet normal -0.179288 0.685777 0.705383
    outer loop
      vertex 9.03184 32.9021 6
      vertex 8.76594 34.5709 4.31
      vertex 9.03031 32.9017 6
    endloop
  endfacet
  facet normal -0.654258 0.271077 0.706019
    outer loop
      vertex 10.1168 35.7247 4.31
      vertex 11.5205 34.711 6
      vertex 11.7241 35.2024 6
    endloop
  endfacet
  facet normal -0.654296 0.271009 0.70601
    outer loop
      vertex 11.5205 34.711 6
      vertex 10.1168 35.7247 4.31
      vertex 10.0147 35.4782 4.31
    endloop
  endfacet
  facet normal -0.371131 0.603088 0.706078
    outer loop
      vertex 9.49923 34.8747 4.31
      vertex 10.4913 33.5066 6
      vertex 10.4926 33.5074 6
    endloop
  endfacet
  facet normal -0.37006 0.603803 0.706029
    outer loop
      vertex 10.4913 33.5066 6
      vertex 9.49923 34.8747 4.31
      vertex 9.27178 34.7353 4.31
    endloop
  endfacet
  facet normal 0.370011 -0.603849 0.706016
    outer loop
      vertex 7.72822 37.7647 4.31
      vertex 6.96097 39.2705 6
      vertex 6.50875 38.9934 6
    endloop
  endfacet
  facet normal 0.165305 0.688633 0.706017
    outer loop
      vertex 7.96816 32.9021 6
      vertex 7.97467 34.6332 4.31
      vertex 7.45243 33.0259 6
    endloop
  endfacet
  facet normal -0.271064 -0.654269 0.706014
    outer loop
      vertex 9.54757 39.4741 6
      vertex 9.27178 37.7647 4.31
      vertex 10.039 39.2705 6
    endloop
  endfacet
  facet normal -0.271054 -0.654272 0.706016
    outer loop
      vertex 9.27178 37.7647 4.31
      vertex 9.54757 39.4741 6
      vertex 9.02533 37.8668 4.31
    endloop
  endfacet
  facet normal -0.60309 -0.371132 0.706076
    outer loop
      vertex 9.87533 37.2492 4.31
      vertex 11.2434 38.2413 6
      vertex 11.2426 38.2426 6
    endloop
  endfacet
  facet normal -0.603804 -0.370062 0.706027
    outer loop
      vertex 11.2434 38.2413 6
      vertex 9.87533 37.2492 4.31
      vertex 10.0147 37.0218 4.31
    endloop
  endfacet
  facet normal 0.370011 0.603849 0.706016
    outer loop
      vertex 6.96097 33.2295 6
      vertex 7.72822 34.7353 4.31
      vertex 6.50875 33.5066 6
    endloop
  endfacet
  facet normal 0.654307 -0.270986 0.706009
    outer loop
      vertex 5.47949 37.789 6
      vertex 6.8832 36.7753 4.31
      vertex 6.98529 37.0218 4.31
    endloop
  endfacet
  facet normal 0.654275 -0.271043 0.706017
    outer loop
      vertex 6.8832 36.7753 4.31
      vertex 5.47949 37.789 6
      vertex 5.27592 37.2976 6
    endloop
  endfacet
  facet normal 0.706014 0.0555651 0.706014
    outer loop
      vertex 5.15161 35.7213 6
      vertex 6.8 36.25 4.31
      vertex 5.11 36.25 6
    endloop
  endfacet
  facet normal 0.688633 -0.165309 0.706016
    outer loop
      vertex 6.8832 36.7753 4.31
      vertex 5.27592 37.2976 6
      vertex 5.1521 36.7818 6
    endloop
  endfacet
  facet normal 0.0555465 0.706015 0.706015
    outer loop
      vertex 8.5 32.86 6
      vertex 8.5 34.55 4.31
      vertex 7.97125 32.9016 6
    endloop
  endfacet
  facet normal -0.459956 -0.538501 0.706015
    outer loop
      vertex 10.4926 38.9926 6
      vertex 9.70208 37.4521 4.31
      vertex 10.8971 38.6471 6
    endloop
  endfacet
  facet normal -0.45985 -0.538572 0.70603
    outer loop
      vertex 9.70208 37.4521 4.31
      vertex 10.4926 38.9926 6
      vertex 9.49923 37.6253 4.31
    endloop
  endfacet
  facet normal 0.0554861 0.706027 0.706008
    outer loop
      vertex 8.23406 34.5709 4.31
      vertex 7.97125 32.9016 6
      vertex 8.5 34.55 4.31
    endloop
  endfacet
  facet normal 0.0453324 0.707186 0.705573
    outer loop
      vertex 7.97125 32.9016 6
      vertex 8.23406 34.5709 4.31
      vertex 7.96969 32.9017 6
    endloop
  endfacet
  facet normal 0.459851 -0.538573 0.706029
    outer loop
      vertex 6.50741 38.9926 6
      vertex 7.29792 37.4521 4.31
      vertex 7.50077 37.6253 4.31
    endloop
  endfacet
  facet normal 0.459957 -0.538502 0.706014
    outer loop
      vertex 7.29792 37.4521 4.31
      vertex 6.50741 38.9926 6
      vertex 6.10291 38.6471 6
    endloop
  endfacet
  facet normal 0.459851 0.538573 0.706029
    outer loop
      vertex 7.29792 35.0479 4.31
      vertex 6.50741 33.5074 6
      vertex 7.50077 34.8747 4.31
    endloop
  endfacet
  facet normal 0.459957 0.538502 0.706014
    outer loop
      vertex 6.50741 33.5074 6
      vertex 7.29792 35.0479 4.31
      vertex 6.10291 33.8529 6
    endloop
  endfacet
  facet normal 0.370063 0.603808 0.706024
    outer loop
      vertex 7.50077 34.8747 4.31
      vertex 6.50875 33.5066 6
      vertex 7.72822 34.7353 4.31
    endloop
  endfacet
  facet normal 0.3632 0.60836 0.70568
    outer loop
      vertex 6.50875 33.5066 6
      vertex 7.50077 34.8747 4.31
      vertex 6.50741 33.5074 6
    endloop
  endfacet
  facet normal -0.371131 -0.603088 0.706078
    outer loop
      vertex 10.4913 38.9934 6
      vertex 9.49923 37.6253 4.31
      vertex 10.4926 38.9926 6
    endloop
  endfacet
  facet normal -0.37006 -0.603803 0.706029
    outer loop
      vertex 9.49923 37.6253 4.31
      vertex 10.4913 38.9934 6
      vertex 9.27178 37.7647 4.31
    endloop
  endfacet
  facet normal 0.654307 0.270986 0.706009
    outer loop
      vertex 6.8832 35.7247 4.31
      vertex 5.47949 34.711 6
      vertex 6.98529 35.4782 4.31
    endloop
  endfacet
  facet normal 0.654275 0.271043 0.706017
    outer loop
      vertex 5.47949 34.711 6
      vertex 6.8832 35.7247 4.31
      vertex 5.27592 35.2024 6
    endloop
  endfacet
  facet normal 0.688633 0.165309 0.706016
    outer loop
      vertex 5.27592 35.2024 6
      vertex 6.8832 35.7247 4.31
      vertex 5.1521 35.7182 6
    endloop
  endfacet
  facet normal 0.165305 -0.688633 0.706017
    outer loop
      vertex 7.97467 37.8668 4.31
      vertex 7.96816 39.5979 6
      vertex 7.45243 39.4741 6
    endloop
  endfacet
  facet normal -0.68506 0.182683 0.705209
    outer loop
      vertex 10.1791 35.9841 4.31
      vertex 11.8479 35.7182 6
      vertex 11.8483 35.7197 6
    endloop
  endfacet
  facet normal -0.688623 0.165386 0.706006
    outer loop
      vertex 11.8479 35.7182 6
      vertex 10.1791 35.9841 4.31
      vertex 10.1168 35.7247 4.31
    endloop
  endfacet
  facet normal -0.70731 -0.0442068 0.70552
    outer loop
      vertex 10.1791 36.5159 4.31
      vertex 11.8484 36.7787 6
      vertex 11.8483 36.7803 6
    endloop
  endfacet
  facet normal -0.706026 -0.0554944 0.706008
    outer loop
      vertex 11.8484 36.7787 6
      vertex 10.1791 36.5159 4.31
      vertex 10.2 36.25 4.31
    endloop
  endfacet
  facet normal -0.459956 0.538501 0.706015
    outer loop
      vertex 9.70208 35.0479 4.31
      vertex 10.4926 33.5074 6
      vertex 10.8971 33.8529 6
    endloop
  endfacet
  facet normal -0.45985 0.538572 0.70603
    outer loop
      vertex 10.4926 33.5074 6
      vertex 9.70208 35.0479 4.31
      vertex 9.49923 34.8747 4.31
    endloop
  endfacet
  facet normal 0.688633 0.165309 0.706016
    outer loop
      vertex 6.82093 35.9841 4.31
      vertex 5.1521 35.7182 6
      vertex 6.8832 35.7247 4.31
    endloop
  endfacet
  facet normal 0.68864 0.165274 0.706017
    outer loop
      vertex 5.1521 35.7182 6
      vertex 6.82093 35.9841 4.31
      vertex 5.15174 35.7197 6
    endloop
  endfacet
  facet normal 0.688633 -0.165309 0.706016
    outer loop
      vertex 5.1521 36.7818 6
      vertex 6.82093 36.5159 4.31
      vertex 6.8832 36.7753 4.31
    endloop
  endfacet
  facet normal 0.68864 -0.165274 0.706017
    outer loop
      vertex 6.82093 36.5159 4.31
      vertex 5.1521 36.7818 6
      vertex 5.15174 36.7803 6
    endloop
  endfacet
  facet normal 0.0554861 -0.706027 0.706008
    outer loop
      vertex 7.97125 39.5984 6
      vertex 8.23406 37.9291 4.31
      vertex 8.5 37.95 4.31
    endloop
  endfacet
  facet normal 0.0453324 -0.707186 0.705573
    outer loop
      vertex 8.23406 37.9291 4.31
      vertex 7.97125 39.5984 6
      vertex 7.96969 39.5983 6
    endloop
  endfacet
  facet normal 0.370063 -0.603808 0.706024
    outer loop
      vertex 6.50875 38.9934 6
      vertex 7.50077 37.6253 4.31
      vertex 7.72822 37.7647 4.31
    endloop
  endfacet
  facet normal 0.3632 -0.60836 0.70568
    outer loop
      vertex 7.50077 37.6253 4.31
      vertex 6.50875 38.9934 6
      vertex 6.50741 38.9926 6
    endloop
  endfacet
  facet normal 0.271054 -0.654272 0.706016
    outer loop
      vertex 7.45243 39.4741 6
      vertex 7.72822 37.7647 4.31
      vertex 7.97467 37.8668 4.31
    endloop
  endfacet
  facet normal 0.27105 -0.654273 0.706016
    outer loop
      vertex 7.72822 37.7647 4.31
      vertex 7.45243 39.4741 6
      vertex 6.96097 39.2705 6
    endloop
  endfacet
  facet normal 0.598708 -0.377647 0.706351
    outer loop
      vertex 5.75661 38.2413 6
      vertex 7.12467 37.2492 4.31
      vertex 5.75743 38.2426 6
    endloop
  endfacet
  facet normal 0.603793 -0.370082 0.706026
    outer loop
      vertex 7.12467 37.2492 4.31
      vertex 5.75661 38.2413 6
      vertex 6.98529 37.0218 4.31
    endloop
  endfacet
  facet normal -0.165305 -0.688633 0.706017
    outer loop
      vertex 9.54757 39.4741 6
      vertex 9.03184 39.5979 6
      vertex 9.02533 37.8668 4.31
    endloop
  endfacet
  facet normal -0.688636 -0.165283 0.706019
    outer loop
      vertex 11.8479 36.7818 6
      vertex 11.7241 37.2976 6
      vertex 10.1168 36.7753 4.31
    endloop
  endfacet
  facet normal -0.603804 0.370062 0.706027
    outer loop
      vertex 9.87533 35.2508 4.31
      vertex 11.2434 34.2587 6
      vertex 10.0147 35.4782 4.31
    endloop
  endfacet
  facet normal -0.60309 0.371132 0.706076
    outer loop
      vertex 11.2434 34.2587 6
      vertex 9.87533 35.2508 4.31
      vertex 11.2426 34.2574 6
    endloop
  endfacet
  facet normal -0.706026 0.0554944 0.706008
    outer loop
      vertex 10.1791 35.9841 4.31
      vertex 11.8484 35.7213 6
      vertex 10.2 36.25 4.31
    endloop
  endfacet
  facet normal -0.70731 0.0442068 0.70552
    outer loop
      vertex 11.8484 35.7213 6
      vertex 10.1791 35.9841 4.31
      vertex 11.8483 35.7197 6
    endloop
  endfacet
  facet normal 0.165393 0.688622 0.706006
    outer loop
      vertex 7.96816 32.9021 6
      vertex 8.23406 34.5709 4.31
      vertex 7.97467 34.6332 4.31
    endloop
  endfacet
  facet normal 0.179288 0.685777 0.705383
    outer loop
      vertex 8.23406 34.5709 4.31
      vertex 7.96816 32.9021 6
      vertex 7.96969 32.9017 6
    endloop
  endfacet
  facet normal -0.68506 -0.182683 0.705209
    outer loop
      vertex 11.8479 36.7818 6
      vertex 10.1791 36.5159 4.31
      vertex 11.8483 36.7803 6
    endloop
  endfacet
  facet normal -0.688623 -0.165386 0.706006
    outer loop
      vertex 10.1791 36.5159 4.31
      vertex 11.8479 36.7818 6
      vertex 10.1168 36.7753 4.31
    endloop
  endfacet
  facet normal -0.972348 0.233537 0
    outer loop
      vertex 41.1168 4.72467 0
      vertex 41.1791 4.98406 4.31
      vertex 41.1791 4.98406 0
    endloop
  endfacet
  facet normal -0.972348 0.233537 0
    outer loop
      vertex 41.1791 4.98406 4.31
      vertex 41.1168 4.72467 0
      vertex 41.1168 4.72467 4.31
    endloop
  endfacet
  facet normal -0.996926 0.0783476 0
    outer loop
      vertex 41.1791 4.98406 0
      vertex 41.2 5.25 4.31
      vertex 41.2 5.25 0
    endloop
  endfacet
  facet normal -0.996926 0.0783476 0
    outer loop
      vertex 41.2 5.25 4.31
      vertex 41.1791 4.98406 0
      vertex 41.1791 4.98406 4.31
    endloop
  endfacet
  facet normal -0.923857 0.382738 0
    outer loop
      vertex 41.0147 4.47822 0
      vertex 41.1168 4.72467 4.31
      vertex 41.1168 4.72467 0
    endloop
  endfacet
  facet normal -0.923857 0.382738 0
    outer loop
      vertex 41.1168 4.72467 4.31
      vertex 41.0147 4.47822 0
      vertex 41.0147 4.47822 4.31
    endloop
  endfacet
  facet normal -0.522578 -0.852592 0
    outer loop
      vertex 40.2718 6.76471 0
      vertex 40.4992 6.62533 4.31
      vertex 40.2718 6.76471 4.31
    endloop
  endfacet
  facet normal -0.522578 -0.852592 -0
    outer loop
      vertex 40.4992 6.62533 4.31
      vertex 40.2718 6.76471 0
      vertex 40.4992 6.62533 0
    endloop
  endfacet
  facet normal 0.923857 0.382738 0
    outer loop
      vertex 37.9853 4.47822 4.31
      vertex 37.8832 4.72467 0
      vertex 37.8832 4.72467 4.31
    endloop
  endfacet
  facet normal 0.923857 0.382738 0
    outer loop
      vertex 37.8832 4.72467 0
      vertex 37.9853 4.47822 4.31
      vertex 37.9853 4.47822 0
    endloop
  endfacet
  facet normal 0.522578 -0.852592 0
    outer loop
      vertex 38.5008 6.62533 0
      vertex 38.7282 6.76471 4.31
      vertex 38.5008 6.62533 4.31
    endloop
  endfacet
  facet normal 0.522578 -0.852592 0
    outer loop
      vertex 38.7282 6.76471 4.31
      vertex 38.5008 6.62533 0
      vertex 38.7282 6.76471 0
    endloop
  endfacet
  facet normal -0.38264 -0.923898 0
    outer loop
      vertex 40.0253 6.8668 0
      vertex 40.2718 6.76471 4.31
      vertex 40.0253 6.8668 4.31
    endloop
  endfacet
  facet normal -0.38264 -0.923898 -0
    outer loop
      vertex 40.2718 6.76471 4.31
      vertex 40.0253 6.8668 0
      vertex 40.2718 6.76471 0
    endloop
  endfacet
  facet normal 0.38264 0.923898 -0
    outer loop
      vertex 38.9747 3.6332 0
      vertex 38.7282 3.73529 4.31
      vertex 38.9747 3.6332 4.31
    endloop
  endfacet
  facet normal 0.38264 0.923898 0
    outer loop
      vertex 38.7282 3.73529 4.31
      vertex 38.9747 3.6332 0
      vertex 38.7282 3.73529 0
    endloop
  endfacet
  facet normal 0.522578 0.852592 -0
    outer loop
      vertex 38.7282 3.73529 0
      vertex 38.5008 3.87467 4.31
      vertex 38.7282 3.73529 4.31
    endloop
  endfacet
  facet normal 0.522578 0.852592 0
    outer loop
      vertex 38.5008 3.87467 4.31
      vertex 38.7282 3.73529 0
      vertex 38.5008 3.87467 0
    endloop
  endfacet
  facet normal 0.233423 0.972375 -0
    outer loop
      vertex 39.2341 3.57093 0
      vertex 38.9747 3.6332 4.31
      vertex 39.2341 3.57093 4.31
    endloop
  endfacet
  facet normal 0.233423 0.972375 0
    outer loop
      vertex 38.9747 3.6332 4.31
      vertex 39.2341 3.57093 0
      vertex 38.9747 3.6332 0
    endloop
  endfacet
  facet normal -0.649355 -0.760485 0
    outer loop
      vertex 40.4992 6.62533 0
      vertex 40.7021 6.45208 4.31
      vertex 40.4992 6.62533 4.31
    endloop
  endfacet
  facet normal -0.649355 -0.760485 -0
    outer loop
      vertex 40.7021 6.45208 4.31
      vertex 40.4992 6.62533 0
      vertex 40.7021 6.45208 0
    endloop
  endfacet
  facet normal 0.0784711 0.996916 -0
    outer loop
      vertex 39.5 3.55 0
      vertex 39.2341 3.57093 4.31
      vertex 39.5 3.55 4.31
    endloop
  endfacet
  facet normal 0.0784711 0.996916 0
    outer loop
      vertex 39.2341 3.57093 4.31
      vertex 39.5 3.55 0
      vertex 39.2341 3.57093 0
    endloop
  endfacet
  facet normal 0.923857 -0.382738 0
    outer loop
      vertex 37.8832 5.77533 4.31
      vertex 37.9853 6.02178 0
      vertex 37.9853 6.02178 4.31
    endloop
  endfacet
  facet normal 0.923857 -0.382738 0
    outer loop
      vertex 37.9853 6.02178 0
      vertex 37.8832 5.77533 4.31
      vertex 37.8832 5.77533 0
    endloop
  endfacet
  facet normal 0.760499 0.649339 0
    outer loop
      vertex 38.2979 4.04792 4.31
      vertex 38.1247 4.25077 0
      vertex 38.1247 4.25077 4.31
    endloop
  endfacet
  facet normal 0.760499 0.649339 0
    outer loop
      vertex 38.1247 4.25077 0
      vertex 38.2979 4.04792 4.31
      vertex 38.2979 4.04792 0
    endloop
  endfacet
  facet normal 0.233423 -0.972375 0
    outer loop
      vertex 38.9747 6.8668 0
      vertex 39.2341 6.92907 4.31
      vertex 38.9747 6.8668 4.31
    endloop
  endfacet
  facet normal 0.233423 -0.972375 0
    outer loop
      vertex 39.2341 6.92907 4.31
      vertex 38.9747 6.8668 0
      vertex 39.2341 6.92907 0
    endloop
  endfacet
  facet normal -0.923857 -0.382738 0
    outer loop
      vertex 41.1168 5.77533 0
      vertex 41.0147 6.02178 4.31
      vertex 41.0147 6.02178 0
    endloop
  endfacet
  facet normal -0.923857 -0.382738 0
    outer loop
      vertex 41.0147 6.02178 4.31
      vertex 41.1168 5.77533 0
      vertex 41.1168 5.77533 4.31
    endloop
  endfacet
  facet normal 0.760499 -0.649339 0
    outer loop
      vertex 38.1247 6.24923 4.31
      vertex 38.2979 6.45208 0
      vertex 38.2979 6.45208 4.31
    endloop
  endfacet
  facet normal 0.760499 -0.649339 0
    outer loop
      vertex 38.2979 6.45208 0
      vertex 38.1247 6.24923 4.31
      vertex 38.1247 6.24923 0
    endloop
  endfacet
  facet normal 0.649355 0.760485 -0
    outer loop
      vertex 38.5008 3.87467 0
      vertex 38.2979 4.04792 4.31
      vertex 38.5008 3.87467 4.31
    endloop
  endfacet
  facet normal 0.649355 0.760485 0
    outer loop
      vertex 38.2979 4.04792 4.31
      vertex 38.5008 3.87467 0
      vertex 38.2979 4.04792 0
    endloop
  endfacet
  facet normal -0.0784711 -0.996916 0
    outer loop
      vertex 39.5 6.95 0
      vertex 39.7659 6.92907 4.31
      vertex 39.5 6.95 4.31
    endloop
  endfacet
  facet normal -0.0784711 -0.996916 -0
    outer loop
      vertex 39.7659 6.92907 4.31
      vertex 39.5 6.95 0
      vertex 39.7659 6.92907 0
    endloop
  endfacet
  facet normal -0.852609 -0.522549 0
    outer loop
      vertex 41.0147 6.02178 0
      vertex 40.8753 6.24923 4.31
      vertex 40.8753 6.24923 0
    endloop
  endfacet
  facet normal -0.852609 -0.522549 0
    outer loop
      vertex 40.8753 6.24923 4.31
      vertex 41.0147 6.02178 0
      vertex 41.0147 6.02178 4.31
    endloop
  endfacet
  facet normal -0.852609 0.522549 0
    outer loop
      vertex 40.8753 4.25077 0
      vertex 41.0147 4.47822 4.31
      vertex 41.0147 4.47822 0
    endloop
  endfacet
  facet normal -0.852609 0.522549 0
    outer loop
      vertex 41.0147 4.47822 4.31
      vertex 40.8753 4.25077 0
      vertex 40.8753 4.25077 4.31
    endloop
  endfacet
  facet normal -0.996926 -0.0783476 0
    outer loop
      vertex 41.2 5.25 0
      vertex 41.1791 5.51594 4.31
      vertex 41.1791 5.51594 0
    endloop
  endfacet
  facet normal -0.996926 -0.0783476 0
    outer loop
      vertex 41.1791 5.51594 4.31
      vertex 41.2 5.25 0
      vertex 41.2 5.25 4.31
    endloop
  endfacet
  facet normal -0.972348 -0.233537 0
    outer loop
      vertex 41.1791 5.51594 0
      vertex 41.1168 5.77533 4.31
      vertex 41.1168 5.77533 0
    endloop
  endfacet
  facet normal -0.972348 -0.233537 0
    outer loop
      vertex 41.1168 5.77533 4.31
      vertex 41.1791 5.51594 0
      vertex 41.1791 5.51594 4.31
    endloop
  endfacet
  facet normal 0.972348 -0.233537 0
    outer loop
      vertex 37.8209 5.51594 4.31
      vertex 37.8832 5.77533 0
      vertex 37.8832 5.77533 4.31
    endloop
  endfacet
  facet normal 0.972348 -0.233537 0
    outer loop
      vertex 37.8832 5.77533 0
      vertex 37.8209 5.51594 4.31
      vertex 37.8209 5.51594 0
    endloop
  endfacet
  facet normal -0.522578 0.852592 0
    outer loop
      vertex 40.4992 3.87467 0
      vertex 40.2718 3.73529 4.31
      vertex 40.4992 3.87467 4.31
    endloop
  endfacet
  facet normal -0.522578 0.852592 0
    outer loop
      vertex 40.2718 3.73529 4.31
      vertex 40.4992 3.87467 0
      vertex 40.2718 3.73529 0
    endloop
  endfacet
  facet normal -0.760499 0.649339 0
    outer loop
      vertex 40.7021 4.04792 0
      vertex 40.8753 4.25077 4.31
      vertex 40.8753 4.25077 0
    endloop
  endfacet
  facet normal -0.760499 0.649339 0
    outer loop
      vertex 40.8753 4.25077 4.31
      vertex 40.7021 4.04792 0
      vertex 40.7021 4.04792 4.31
    endloop
  endfacet
  facet normal 0.996926 0.0783476 0
    outer loop
      vertex 37.8209 4.98406 4.31
      vertex 37.8 5.25 0
      vertex 37.8 5.25 4.31
    endloop
  endfacet
  facet normal 0.996926 0.0783476 0
    outer loop
      vertex 37.8 5.25 0
      vertex 37.8209 4.98406 4.31
      vertex 37.8209 4.98406 0
    endloop
  endfacet
  facet normal -0.649355 0.760485 0
    outer loop
      vertex 40.7021 4.04792 0
      vertex 40.4992 3.87467 4.31
      vertex 40.7021 4.04792 4.31
    endloop
  endfacet
  facet normal -0.649355 0.760485 0
    outer loop
      vertex 40.4992 3.87467 4.31
      vertex 40.7021 4.04792 0
      vertex 40.4992 3.87467 0
    endloop
  endfacet
  facet normal -0.233423 -0.972375 0
    outer loop
      vertex 39.7659 6.92907 0
      vertex 40.0253 6.8668 4.31
      vertex 39.7659 6.92907 4.31
    endloop
  endfacet
  facet normal -0.233423 -0.972375 -0
    outer loop
      vertex 40.0253 6.8668 4.31
      vertex 39.7659 6.92907 0
      vertex 40.0253 6.8668 0
    endloop
  endfacet
  facet normal 0.852609 -0.522549 0
    outer loop
      vertex 37.9853 6.02178 4.31
      vertex 38.1247 6.24923 0
      vertex 38.1247 6.24923 4.31
    endloop
  endfacet
  facet normal 0.852609 -0.522549 0
    outer loop
      vertex 38.1247 6.24923 0
      vertex 37.9853 6.02178 4.31
      vertex 37.9853 6.02178 0
    endloop
  endfacet
  facet normal 0.649355 -0.760485 0
    outer loop
      vertex 38.2979 6.45208 0
      vertex 38.5008 6.62533 4.31
      vertex 38.2979 6.45208 4.31
    endloop
  endfacet
  facet normal 0.649355 -0.760485 0
    outer loop
      vertex 38.5008 6.62533 4.31
      vertex 38.2979 6.45208 0
      vertex 38.5008 6.62533 0
    endloop
  endfacet
  facet normal -0.760499 -0.649339 0
    outer loop
      vertex 40.8753 6.24923 0
      vertex 40.7021 6.45208 4.31
      vertex 40.7021 6.45208 0
    endloop
  endfacet
  facet normal -0.760499 -0.649339 0
    outer loop
      vertex 40.7021 6.45208 4.31
      vertex 40.8753 6.24923 0
      vertex 40.8753 6.24923 4.31
    endloop
  endfacet
  facet normal 0.852609 0.522549 0
    outer loop
      vertex 38.1247 4.25077 4.31
      vertex 37.9853 4.47822 0
      vertex 37.9853 4.47822 4.31
    endloop
  endfacet
  facet normal 0.852609 0.522549 0
    outer loop
      vertex 37.9853 4.47822 0
      vertex 38.1247 4.25077 4.31
      vertex 38.1247 4.25077 0
    endloop
  endfacet
  facet normal 0.996926 -0.0783476 0
    outer loop
      vertex 37.8 5.25 4.31
      vertex 37.8209 5.51594 0
      vertex 37.8209 5.51594 4.31
    endloop
  endfacet
  facet normal 0.996926 -0.0783476 0
    outer loop
      vertex 37.8209 5.51594 0
      vertex 37.8 5.25 4.31
      vertex 37.8 5.25 0
    endloop
  endfacet
  facet normal 0.38264 -0.923898 0
    outer loop
      vertex 38.7282 6.76471 0
      vertex 38.9747 6.8668 4.31
      vertex 38.7282 6.76471 4.31
    endloop
  endfacet
  facet normal 0.38264 -0.923898 0
    outer loop
      vertex 38.9747 6.8668 4.31
      vertex 38.7282 6.76471 0
      vertex 38.9747 6.8668 0
    endloop
  endfacet
  facet normal -0.38264 0.923898 0
    outer loop
      vertex 40.2718 3.73529 0
      vertex 40.0253 3.6332 4.31
      vertex 40.2718 3.73529 4.31
    endloop
  endfacet
  facet normal -0.38264 0.923898 0
    outer loop
      vertex 40.0253 3.6332 4.31
      vertex 40.2718 3.73529 0
      vertex 40.0253 3.6332 0
    endloop
  endfacet
  facet normal -0.233423 0.972375 0
    outer loop
      vertex 40.0253 3.6332 0
      vertex 39.7659 3.57093 4.31
      vertex 40.0253 3.6332 4.31
    endloop
  endfacet
  facet normal -0.233423 0.972375 0
    outer loop
      vertex 39.7659 3.57093 4.31
      vertex 40.0253 3.6332 0
      vertex 39.7659 3.57093 0
    endloop
  endfacet
  facet normal -0.0784711 0.996916 0
    outer loop
      vertex 39.7659 3.57093 0
      vertex 39.5 3.55 4.31
      vertex 39.7659 3.57093 4.31
    endloop
  endfacet
  facet normal -0.0784711 0.996916 0
    outer loop
      vertex 39.5 3.55 4.31
      vertex 39.7659 3.57093 0
      vertex 39.5 3.55 0
    endloop
  endfacet
  facet normal 0.972348 0.233537 0
    outer loop
      vertex 37.8832 4.72467 4.31
      vertex 37.8209 4.98406 0
      vertex 37.8209 4.98406 4.31
    endloop
  endfacet
  facet normal 0.972348 0.233537 0
    outer loop
      vertex 37.8209 4.98406 0
      vertex 37.8832 4.72467 4.31
      vertex 37.8832 4.72467 0
    endloop
  endfacet
  facet normal 0.0784711 -0.996916 0
    outer loop
      vertex 39.2341 6.92907 0
      vertex 39.5 6.95 4.31
      vertex 39.2341 6.92907 4.31
    endloop
  endfacet
  facet normal 0.0784711 -0.996916 0
    outer loop
      vertex 39.5 6.95 4.31
      vertex 39.2341 6.92907 0
      vertex 39.5 6.95 0
    endloop
  endfacet
  facet normal -0.706015 0.0555465 0.706015
    outer loop
      vertex 42.8484 4.72125 6
      vertex 42.89 5.25 6
      vertex 41.2 5.25 4.31
    endloop
  endfacet
  facet normal -0.603849 -0.370011 0.706016
    outer loop
      vertex 42.5205 6.78903 6
      vertex 42.2434 7.24125 6
      vertex 41.0147 6.02178 4.31
    endloop
  endfacet
  facet normal -0.369985 0.60387 0.706012
    outer loop
      vertex 41.039 2.22949 6
      vertex 41.4913 2.50661 6
      vertex 40.2718 3.73529 4.31
    endloop
  endfacet
  facet normal -0.654273 -0.27105 0.706016
    outer loop
      vertex 42.5205 6.78903 6
      vertex 41.1168 5.77533 4.31
      vertex 42.7241 6.29757 6
    endloop
  endfacet
  facet normal -0.654271 -0.271053 0.706016
    outer loop
      vertex 41.1168 5.77533 4.31
      vertex 42.5205 6.78903 6
      vertex 41.0147 6.02178 4.31
    endloop
  endfacet
  facet normal -0.165309 0.688633 0.706016
    outer loop
      vertex 40.0318 1.9021 6
      vertex 40.5476 2.02592 6
      vertex 40.0253 3.6332 4.31
    endloop
  endfacet
  facet normal -0.688633 0.165305 0.706017
    outer loop
      vertex 42.7241 4.20243 6
      vertex 42.8479 4.71816 6
      vertex 41.1168 4.72467 4.31
    endloop
  endfacet
  facet normal -0.271045 0.65428 0.706012
    outer loop
      vertex 40.2718 3.73529 4.31
      vertex 40.5476 2.02592 6
      vertex 41.039 2.22949 6
    endloop
  endfacet
  facet normal -0.270983 0.654297 0.70602
    outer loop
      vertex 40.5476 2.02592 6
      vertex 40.2718 3.73529 4.31
      vertex 40.0253 3.6332 4.31
    endloop
  endfacet
  facet normal 0.603849 0.370011 0.706016
    outer loop
      vertex 36.7566 3.25875 6
      vertex 37.9853 4.47822 4.31
      vertex 36.4795 3.71097 6
    endloop
  endfacet
  facet normal -0.603849 0.370011 0.706016
    outer loop
      vertex 42.2434 3.25875 6
      vertex 42.5205 3.71097 6
      vertex 41.0147 4.47822 4.31
    endloop
  endfacet
  facet normal 0.706027 0.0554861 0.706008
    outer loop
      vertex 36.1516 4.72125 6
      vertex 37.8209 4.98406 4.31
      vertex 37.8 5.25 4.31
    endloop
  endfacet
  facet normal 0.707186 0.0453324 0.705573
    outer loop
      vertex 37.8209 4.98406 4.31
      vertex 36.1516 4.72125 6
      vertex 36.1517 4.71969 6
    endloop
  endfacet
  facet normal -0.0573465 0.705803 0.706084
    outer loop
      vertex 39.7659 3.57093 4.31
      vertex 40.0287 1.90161 6
      vertex 40.0303 1.90174 6
    endloop
  endfacet
  facet normal -0.055573 0.706013 0.706015
    outer loop
      vertex 40.0287 1.90161 6
      vertex 39.7659 3.57093 4.31
      vertex 39.5 3.55 4.31
    endloop
  endfacet
  facet normal -0.369985 -0.60387 0.706012
    outer loop
      vertex 41.4913 7.99339 6
      vertex 41.039 8.27051 6
      vertex 40.2718 6.76471 4.31
    endloop
  endfacet
  facet normal -0.165274 -0.68864 0.706017
    outer loop
      vertex 39.7659 6.92907 4.31
      vertex 40.0318 8.5979 6
      vertex 40.0303 8.59826 6
    endloop
  endfacet
  facet normal -0.165309 -0.688633 0.706016
    outer loop
      vertex 40.0318 8.5979 6
      vertex 39.7659 6.92907 4.31
      vertex 40.0253 6.8668 4.31
    endloop
  endfacet
  facet normal 0.706015 -0.0555465 0.706015
    outer loop
      vertex 37.8 5.25 4.31
      vertex 36.1516 5.77875 6
      vertex 36.11 5.25 6
    endloop
  endfacet
  facet normal -0.0573465 -0.705803 0.706084
    outer loop
      vertex 40.0287 8.59839 6
      vertex 39.7659 6.92907 4.31
      vertex 40.0303 8.59826 6
    endloop
  endfacet
  facet normal -0.055573 -0.706013 0.706015
    outer loop
      vertex 39.7659 6.92907 4.31
      vertex 40.0287 8.59839 6
      vertex 39.5 6.95 4.31
    endloop
  endfacet
  facet normal -0.0555651 0.706014 0.706014
    outer loop
      vertex 40.0287 1.90161 6
      vertex 39.5 3.55 4.31
      vertex 39.5 1.86 6
    endloop
  endfacet
  facet normal 0.270983 0.654297 0.70602
    outer loop
      vertex 38.7282 3.73529 4.31
      vertex 38.4524 2.02592 6
      vertex 38.9747 3.6332 4.31
    endloop
  endfacet
  facet normal 0.271045 0.65428 0.706012
    outer loop
      vertex 38.4524 2.02592 6
      vertex 38.7282 3.73529 4.31
      vertex 37.961 2.22949 6
    endloop
  endfacet
  facet normal 0.707186 -0.0453324 0.705573
    outer loop
      vertex 36.1516 5.77875 6
      vertex 37.8209 5.51594 4.31
      vertex 36.1517 5.78031 6
    endloop
  endfacet
  facet normal 0.706027 -0.0554861 0.706008
    outer loop
      vertex 37.8209 5.51594 4.31
      vertex 36.1516 5.77875 6
      vertex 37.8 5.25 4.31
    endloop
  endfacet
  facet normal -0.0555651 -0.706014 0.706014
    outer loop
      vertex 39.5 6.95 4.31
      vertex 40.0287 8.59839 6
      vertex 39.5 8.64 6
    endloop
  endfacet
  facet normal 0.603849 -0.370011 0.706016
    outer loop
      vertex 37.9853 6.02178 4.31
      vertex 36.7566 7.24125 6
      vertex 36.4795 6.78903 6
    endloop
  endfacet
  facet normal 0.538588 -0.459864 0.706009
    outer loop
      vertex 37.1029 7.64709 6
      vertex 38.1247 6.24923 4.31
      vertex 38.2979 6.45208 4.31
    endloop
  endfacet
  facet normal 0.538495 -0.45995 0.706024
    outer loop
      vertex 38.1247 6.24923 4.31
      vertex 37.1029 7.64709 6
      vertex 36.7574 7.24259 6
    endloop
  endfacet
  facet normal -0.706015 -0.0555465 0.706015
    outer loop
      vertex 42.89 5.25 6
      vertex 42.8484 5.77875 6
      vertex 41.2 5.25 4.31
    endloop
  endfacet
  facet normal -0.538495 0.45995 0.706024
    outer loop
      vertex 40.8753 4.25077 4.31
      vertex 41.8971 2.85291 6
      vertex 42.2426 3.25741 6
    endloop
  endfacet
  facet normal -0.538588 0.459864 0.706009
    outer loop
      vertex 41.8971 2.85291 6
      vertex 40.8753 4.25077 4.31
      vertex 40.7021 4.04792 4.31
    endloop
  endfacet
  facet normal 0.0555651 -0.706014 0.706014
    outer loop
      vertex 39.5 6.95 4.31
      vertex 39.5 8.64 6
      vertex 38.9713 8.59839 6
    endloop
  endfacet
  facet normal 0.603808 0.370063 0.706024
    outer loop
      vertex 36.7566 3.25875 6
      vertex 38.1247 4.25077 4.31
      vertex 37.9853 4.47822 4.31
    endloop
  endfacet
  facet normal 0.60836 0.3632 0.70568
    outer loop
      vertex 38.1247 4.25077 4.31
      vertex 36.7566 3.25875 6
      vertex 36.7574 3.25741 6
    endloop
  endfacet
  facet normal 0.538588 0.459864 0.706009
    outer loop
      vertex 38.1247 4.25077 4.31
      vertex 37.1029 2.85291 6
      vertex 38.2979 4.04792 4.31
    endloop
  endfacet
  facet normal 0.538495 0.45995 0.706024
    outer loop
      vertex 37.1029 2.85291 6
      vertex 38.1247 4.25077 4.31
      vertex 36.7574 3.25741 6
    endloop
  endfacet
  facet normal 0.165274 -0.68864 0.706017
    outer loop
      vertex 38.9682 8.5979 6
      vertex 39.2341 6.92907 4.31
      vertex 38.9697 8.59826 6
    endloop
  endfacet
  facet normal 0.165309 -0.688633 0.706016
    outer loop
      vertex 39.2341 6.92907 4.31
      vertex 38.9682 8.5979 6
      vertex 38.9747 6.8668 4.31
    endloop
  endfacet
  facet normal -0.538495 -0.45995 0.706024
    outer loop
      vertex 41.8971 7.64709 6
      vertex 40.8753 6.24923 4.31
      vertex 42.2426 7.24259 6
    endloop
  endfacet
  facet normal -0.538588 -0.459864 0.706009
    outer loop
      vertex 40.8753 6.24923 4.31
      vertex 41.8971 7.64709 6
      vertex 40.7021 6.45208 4.31
    endloop
  endfacet
  facet normal -0.165309 0.688633 0.706016
    outer loop
      vertex 39.7659 3.57093 4.31
      vertex 40.0318 1.9021 6
      vertex 40.0253 3.6332 4.31
    endloop
  endfacet
  facet normal -0.165274 0.68864 0.706017
    outer loop
      vertex 40.0318 1.9021 6
      vertex 39.7659 3.57093 4.31
      vertex 40.0303 1.90174 6
    endloop
  endfacet
  facet normal -0.654273 0.27105 0.706016
    outer loop
      vertex 41.1168 4.72467 4.31
      vertex 42.5205 3.71097 6
      vertex 42.7241 4.20243 6
    endloop
  endfacet
  facet normal -0.654271 0.271053 0.706016
    outer loop
      vertex 42.5205 3.71097 6
      vertex 41.1168 4.72467 4.31
      vertex 41.0147 4.47822 4.31
    endloop
  endfacet
  facet normal -0.377647 0.598708 0.706351
    outer loop
      vertex 40.4992 3.87467 4.31
      vertex 41.4913 2.50661 6
      vertex 41.4926 2.50743 6
    endloop
  endfacet
  facet normal -0.370082 0.603793 0.706026
    outer loop
      vertex 41.4913 2.50661 6
      vertex 40.4992 3.87467 4.31
      vertex 40.2718 3.73529 4.31
    endloop
  endfacet
  facet normal 0.369985 -0.60387 0.706012
    outer loop
      vertex 38.7282 6.76471 4.31
      vertex 37.961 8.27051 6
      vertex 37.5087 7.99339 6
    endloop
  endfacet
  facet normal 0.165309 0.688633 0.706016
    outer loop
      vertex 38.9682 1.9021 6
      vertex 38.9747 3.6332 4.31
      vertex 38.4524 2.02592 6
    endloop
  endfacet
  facet normal -0.271045 -0.65428 0.706012
    outer loop
      vertex 40.5476 8.47408 6
      vertex 40.2718 6.76471 4.31
      vertex 41.039 8.27051 6
    endloop
  endfacet
  facet normal -0.270983 -0.654297 0.70602
    outer loop
      vertex 40.2718 6.76471 4.31
      vertex 40.5476 8.47408 6
      vertex 40.0253 6.8668 4.31
    endloop
  endfacet
  facet normal -0.60836 -0.3632 0.70568
    outer loop
      vertex 40.8753 6.24923 4.31
      vertex 42.2434 7.24125 6
      vertex 42.2426 7.24259 6
    endloop
  endfacet
  facet normal -0.603808 -0.370063 0.706024
    outer loop
      vertex 42.2434 7.24125 6
      vertex 40.8753 6.24923 4.31
      vertex 41.0147 6.02178 4.31
    endloop
  endfacet
  facet normal 0.369985 0.60387 0.706012
    outer loop
      vertex 37.961 2.22949 6
      vertex 38.7282 3.73529 4.31
      vertex 37.5087 2.50661 6
    endloop
  endfacet
  facet normal 0.654271 -0.271053 0.706016
    outer loop
      vertex 36.4795 6.78903 6
      vertex 37.8832 5.77533 4.31
      vertex 37.9853 6.02178 4.31
    endloop
  endfacet
  facet normal 0.654273 -0.27105 0.706016
    outer loop
      vertex 37.8832 5.77533 4.31
      vertex 36.4795 6.78903 6
      vertex 36.2759 6.29757 6
    endloop
  endfacet
  facet normal 0.706015 0.0555465 0.706015
    outer loop
      vertex 36.1516 4.72125 6
      vertex 37.8 5.25 4.31
      vertex 36.11 5.25 6
    endloop
  endfacet
  facet normal 0.688633 -0.165305 0.706017
    outer loop
      vertex 37.8832 5.77533 4.31
      vertex 36.2759 6.29757 6
      vertex 36.1521 5.78184 6
    endloop
  endfacet
  facet normal 0.0555651 0.706014 0.706014
    outer loop
      vertex 39.5 1.86 6
      vertex 39.5 3.55 4.31
      vertex 38.9713 1.90161 6
    endloop
  endfacet
  facet normal -0.459942 -0.538516 0.706013
    outer loop
      vertex 41.4926 7.99257 6
      vertex 40.7021 6.45208 4.31
      vertex 41.8971 7.64709 6
    endloop
  endfacet
  facet normal -0.459865 -0.538567 0.706024
    outer loop
      vertex 40.7021 6.45208 4.31
      vertex 41.4926 7.99257 6
      vertex 40.4992 6.62533 4.31
    endloop
  endfacet
  facet normal 0.055573 0.706013 0.706015
    outer loop
      vertex 39.2341 3.57093 4.31
      vertex 38.9713 1.90161 6
      vertex 39.5 3.55 4.31
    endloop
  endfacet
  facet normal 0.0573465 0.705803 0.706084
    outer loop
      vertex 38.9713 1.90161 6
      vertex 39.2341 3.57093 4.31
      vertex 38.9697 1.90174 6
    endloop
  endfacet
  facet normal 0.459865 -0.538567 0.706024
    outer loop
      vertex 37.5074 7.99257 6
      vertex 38.2979 6.45208 4.31
      vertex 38.5008 6.62533 4.31
    endloop
  endfacet
  facet normal 0.459942 -0.538516 0.706013
    outer loop
      vertex 38.2979 6.45208 4.31
      vertex 37.5074 7.99257 6
      vertex 37.1029 7.64709 6
    endloop
  endfacet
  facet normal 0.459865 0.538567 0.706024
    outer loop
      vertex 38.2979 4.04792 4.31
      vertex 37.5074 2.50743 6
      vertex 38.5008 3.87467 4.31
    endloop
  endfacet
  facet normal 0.459942 0.538516 0.706013
    outer loop
      vertex 37.5074 2.50743 6
      vertex 38.2979 4.04792 4.31
      vertex 37.1029 2.85291 6
    endloop
  endfacet
  facet normal 0.370082 0.603793 0.706026
    outer loop
      vertex 38.5008 3.87467 4.31
      vertex 37.5087 2.50661 6
      vertex 38.7282 3.73529 4.31
    endloop
  endfacet
  facet normal 0.377647 0.598708 0.706351
    outer loop
      vertex 37.5087 2.50661 6
      vertex 38.5008 3.87467 4.31
      vertex 37.5074 2.50743 6
    endloop
  endfacet
  facet normal -0.377647 -0.598708 0.706351
    outer loop
      vertex 41.4913 7.99339 6
      vertex 40.4992 6.62533 4.31
      vertex 41.4926 7.99257 6
    endloop
  endfacet
  facet normal -0.370082 -0.603793 0.706026
    outer loop
      vertex 40.4992 6.62533 4.31
      vertex 41.4913 7.99339 6
      vertex 40.2718 6.76471 4.31
    endloop
  endfacet
  facet normal 0.654271 0.271053 0.706016
    outer loop
      vertex 37.8832 4.72467 4.31
      vertex 36.4795 3.71097 6
      vertex 37.9853 4.47822 4.31
    endloop
  endfacet
  facet normal 0.654273 0.27105 0.706016
    outer loop
      vertex 36.4795 3.71097 6
      vertex 37.8832 4.72467 4.31
      vertex 36.2759 4.20243 6
    endloop
  endfacet
  facet normal 0.688633 0.165305 0.706017
    outer loop
      vertex 36.2759 4.20243 6
      vertex 37.8832 4.72467 4.31
      vertex 36.1521 4.71816 6
    endloop
  endfacet
  facet normal 0.165309 -0.688633 0.706016
    outer loop
      vertex 38.9747 6.8668 4.31
      vertex 38.9682 8.5979 6
      vertex 38.4524 8.47408 6
    endloop
  endfacet
  facet normal -0.685777 0.179288 0.705383
    outer loop
      vertex 41.1791 4.98406 4.31
      vertex 42.8479 4.71816 6
      vertex 42.8483 4.71969 6
    endloop
  endfacet
  facet normal -0.688622 0.165393 0.706006
    outer loop
      vertex 42.8479 4.71816 6
      vertex 41.1791 4.98406 4.31
      vertex 41.1168 4.72467 4.31
    endloop
  endfacet
  facet normal -0.707186 -0.0453324 0.705573
    outer loop
      vertex 41.1791 5.51594 4.31
      vertex 42.8484 5.77875 6
      vertex 42.8483 5.78031 6
    endloop
  endfacet
  facet normal -0.706027 -0.0554861 0.706008
    outer loop
      vertex 42.8484 5.77875 6
      vertex 41.1791 5.51594 4.31
      vertex 41.2 5.25 4.31
    endloop
  endfacet
  facet normal -0.459942 0.538516 0.706013
    outer loop
      vertex 40.7021 4.04792 4.31
      vertex 41.4926 2.50743 6
      vertex 41.8971 2.85291 6
    endloop
  endfacet
  facet normal -0.459865 0.538567 0.706024
    outer loop
      vertex 41.4926 2.50743 6
      vertex 40.7021 4.04792 4.31
      vertex 40.4992 3.87467 4.31
    endloop
  endfacet
  facet normal 0.688622 0.165393 0.706006
    outer loop
      vertex 37.8209 4.98406 4.31
      vertex 36.1521 4.71816 6
      vertex 37.8832 4.72467 4.31
    endloop
  endfacet
  facet normal 0.685777 0.179288 0.705383
    outer loop
      vertex 36.1521 4.71816 6
      vertex 37.8209 4.98406 4.31
      vertex 36.1517 4.71969 6
    endloop
  endfacet
  facet normal 0.688622 -0.165393 0.706006
    outer loop
      vertex 36.1521 5.78184 6
      vertex 37.8209 5.51594 4.31
      vertex 37.8832 5.77533 4.31
    endloop
  endfacet
  facet normal 0.685777 -0.179288 0.705383
    outer loop
      vertex 37.8209 5.51594 4.31
      vertex 36.1521 5.78184 6
      vertex 36.1517 5.78031 6
    endloop
  endfacet
  facet normal 0.055573 -0.706013 0.706015
    outer loop
      vertex 38.9713 8.59839 6
      vertex 39.2341 6.92907 4.31
      vertex 39.5 6.95 4.31
    endloop
  endfacet
  facet normal 0.0573465 -0.705803 0.706084
    outer loop
      vertex 39.2341 6.92907 4.31
      vertex 38.9713 8.59839 6
      vertex 38.9697 8.59826 6
    endloop
  endfacet
  facet normal 0.370082 -0.603793 0.706026
    outer loop
      vertex 37.5087 7.99339 6
      vertex 38.5008 6.62533 4.31
      vertex 38.7282 6.76471 4.31
    endloop
  endfacet
  facet normal 0.377647 -0.598708 0.706351
    outer loop
      vertex 38.5008 6.62533 4.31
      vertex 37.5087 7.99339 6
      vertex 37.5074 7.99257 6
    endloop
  endfacet
  facet normal 0.270983 -0.654297 0.70602
    outer loop
      vertex 38.4524 8.47408 6
      vertex 38.7282 6.76471 4.31
      vertex 38.9747 6.8668 4.31
    endloop
  endfacet
  facet normal 0.271045 -0.65428 0.706012
    outer loop
      vertex 38.7282 6.76471 4.31
      vertex 38.4524 8.47408 6
      vertex 37.961 8.27051 6
    endloop
  endfacet
  facet normal 0.60836 -0.3632 0.70568
    outer loop
      vertex 36.7566 7.24125 6
      vertex 38.1247 6.24923 4.31
      vertex 36.7574 7.24259 6
    endloop
  endfacet
  facet normal 0.603808 -0.370063 0.706024
    outer loop
      vertex 38.1247 6.24923 4.31
      vertex 36.7566 7.24125 6
      vertex 37.9853 6.02178 4.31
    endloop
  endfacet
  facet normal -0.165309 -0.688633 0.706016
    outer loop
      vertex 40.5476 8.47408 6
      vertex 40.0318 8.5979 6
      vertex 40.0253 6.8668 4.31
    endloop
  endfacet
  facet normal -0.688633 -0.165305 0.706017
    outer loop
      vertex 42.8479 5.78184 6
      vertex 42.7241 6.29757 6
      vertex 41.1168 5.77533 4.31
    endloop
  endfacet
  facet normal -0.603808 0.370063 0.706024
    outer loop
      vertex 40.8753 4.25077 4.31
      vertex 42.2434 3.25875 6
      vertex 41.0147 4.47822 4.31
    endloop
  endfacet
  facet normal -0.60836 0.3632 0.70568
    outer loop
      vertex 42.2434 3.25875 6
      vertex 40.8753 4.25077 4.31
      vertex 42.2426 3.25741 6
    endloop
  endfacet
  facet normal -0.706027 0.0554861 0.706008
    outer loop
      vertex 41.1791 4.98406 4.31
      vertex 42.8484 4.72125 6
      vertex 41.2 5.25 4.31
    endloop
  endfacet
  facet normal -0.707186 0.0453324 0.705573
    outer loop
      vertex 42.8484 4.72125 6
      vertex 41.1791 4.98406 4.31
      vertex 42.8483 4.71969 6
    endloop
  endfacet
  facet normal 0.165309 0.688633 0.706016
    outer loop
      vertex 38.9682 1.9021 6
      vertex 39.2341 3.57093 4.31
      vertex 38.9747 3.6332 4.31
    endloop
  endfacet
  facet normal 0.165274 0.68864 0.706017
    outer loop
      vertex 39.2341 3.57093 4.31
      vertex 38.9682 1.9021 6
      vertex 38.9697 1.90174 6
    endloop
  endfacet
  facet normal -0.685777 -0.179288 0.705383
    outer loop
      vertex 42.8479 5.78184 6
      vertex 41.1791 5.51594 4.31
      vertex 42.8483 5.78031 6
    endloop
  endfacet
  facet normal -0.688622 -0.165393 0.706006
    outer loop
      vertex 41.1791 5.51594 4.31
      vertex 42.8479 5.78184 6
      vertex 41.1168 5.77533 4.31
    endloop
  endfacet
  facet normal -0.97235 0.233529 0
    outer loop
      vertex 41.1168 35.7247 0
      vertex 41.1791 35.9841 4.31
      vertex 41.1791 35.9841 0
    endloop
  endfacet
  facet normal -0.97235 0.233529 0
    outer loop
      vertex 41.1791 35.9841 4.31
      vertex 41.1168 35.7247 0
      vertex 41.1168 35.7247 4.31
    endloop
  endfacet
  facet normal -0.996925 0.0783593 0
    outer loop
      vertex 41.1791 35.9841 0
      vertex 41.2 36.25 4.31
      vertex 41.2 36.25 0
    endloop
  endfacet
  facet normal -0.996925 0.0783593 0
    outer loop
      vertex 41.2 36.25 4.31
      vertex 41.1791 35.9841 0
      vertex 41.1791 35.9841 4.31
    endloop
  endfacet
  facet normal -0.923884 0.382672 0
    outer loop
      vertex 41.0147 35.4782 0
      vertex 41.1168 35.7247 4.31
      vertex 41.1168 35.7247 0
    endloop
  endfacet
  facet normal -0.923884 0.382672 0
    outer loop
      vertex 41.1168 35.7247 4.31
      vertex 41.0147 35.4782 0
      vertex 41.0147 35.4782 4.31
    endloop
  endfacet
  facet normal -0.522632 -0.852558 0
    outer loop
      vertex 40.2718 37.7647 0
      vertex 40.4992 37.6253 4.31
      vertex 40.2718 37.7647 4.31
    endloop
  endfacet
  facet normal -0.522632 -0.852558 -0
    outer loop
      vertex 40.4992 37.6253 4.31
      vertex 40.2718 37.7647 0
      vertex 40.4992 37.6253 0
    endloop
  endfacet
  facet normal 0.923884 0.382672 0
    outer loop
      vertex 37.9853 35.4782 4.31
      vertex 37.8832 35.7247 0
      vertex 37.8832 35.7247 4.31
    endloop
  endfacet
  facet normal 0.923884 0.382672 0
    outer loop
      vertex 37.8832 35.7247 0
      vertex 37.9853 35.4782 4.31
      vertex 37.9853 35.4782 0
    endloop
  endfacet
  facet normal 0.522632 -0.852558 0
    outer loop
      vertex 38.5008 37.6253 0
      vertex 38.7282 37.7647 4.31
      vertex 38.5008 37.6253 4.31
    endloop
  endfacet
  facet normal 0.522632 -0.852558 0
    outer loop
      vertex 38.7282 37.7647 4.31
      vertex 38.5008 37.6253 0
      vertex 38.7282 37.7647 0
    endloop
  endfacet
  facet normal -0.382672 -0.923884 0
    outer loop
      vertex 40.0253 37.8668 0
      vertex 40.2718 37.7647 4.31
      vertex 40.0253 37.8668 4.31
    endloop
  endfacet
  facet normal -0.382672 -0.923884 -0
    outer loop
      vertex 40.2718 37.7647 4.31
      vertex 40.0253 37.8668 0
      vertex 40.2718 37.7647 0
    endloop
  endfacet
  facet normal 0.382672 0.923884 -0
    outer loop
      vertex 38.9747 34.6332 0
      vertex 38.7282 34.7353 4.31
      vertex 38.9747 34.6332 4.31
    endloop
  endfacet
  facet normal 0.382672 0.923884 0
    outer loop
      vertex 38.7282 34.7353 4.31
      vertex 38.9747 34.6332 0
      vertex 38.7282 34.7353 0
    endloop
  endfacet
  facet normal 0.522632 0.852558 -0
    outer loop
      vertex 38.7282 34.7353 0
      vertex 38.5008 34.8747 4.31
      vertex 38.7282 34.7353 4.31
    endloop
  endfacet
  facet normal 0.522632 0.852558 0
    outer loop
      vertex 38.5008 34.8747 4.31
      vertex 38.7282 34.7353 0
      vertex 38.5008 34.8747 0
    endloop
  endfacet
  facet normal 0.233529 0.97235 -0
    outer loop
      vertex 39.2341 34.5709 0
      vertex 38.9747 34.6332 4.31
      vertex 39.2341 34.5709 4.31
    endloop
  endfacet
  facet normal 0.233529 0.97235 0
    outer loop
      vertex 38.9747 34.6332 4.31
      vertex 39.2341 34.5709 0
      vertex 38.9747 34.6332 0
    endloop
  endfacet
  facet normal -0.649247 -0.760578 0
    outer loop
      vertex 40.4992 37.6253 0
      vertex 40.7021 37.4521 4.31
      vertex 40.4992 37.6253 4.31
    endloop
  endfacet
  facet normal -0.649247 -0.760578 -0
    outer loop
      vertex 40.7021 37.4521 4.31
      vertex 40.4992 37.6253 0
      vertex 40.7021 37.4521 0
    endloop
  endfacet
  facet normal 0.0783593 0.996925 -0
    outer loop
      vertex 39.5 34.55 0
      vertex 39.2341 34.5709 4.31
      vertex 39.5 34.55 4.31
    endloop
  endfacet
  facet normal 0.0783593 0.996925 0
    outer loop
      vertex 39.2341 34.5709 4.31
      vertex 39.5 34.55 0
      vertex 39.2341 34.5709 0
    endloop
  endfacet
  facet normal 0.923884 -0.382672 0
    outer loop
      vertex 37.8832 36.7753 4.31
      vertex 37.9853 37.0218 0
      vertex 37.9853 37.0218 4.31
    endloop
  endfacet
  facet normal 0.923884 -0.382672 0
    outer loop
      vertex 37.9853 37.0218 0
      vertex 37.8832 36.7753 4.31
      vertex 37.8832 36.7753 0
    endloop
  endfacet
  facet normal 0.760578 0.649247 0
    outer loop
      vertex 38.2979 35.0479 4.31
      vertex 38.1247 35.2508 0
      vertex 38.1247 35.2508 4.31
    endloop
  endfacet
  facet normal 0.760578 0.649247 0
    outer loop
      vertex 38.1247 35.2508 0
      vertex 38.2979 35.0479 4.31
      vertex 38.2979 35.0479 0
    endloop
  endfacet
  facet normal 0.233529 -0.97235 0
    outer loop
      vertex 38.9747 37.8668 0
      vertex 39.2341 37.9291 4.31
      vertex 38.9747 37.8668 4.31
    endloop
  endfacet
  facet normal 0.233529 -0.97235 0
    outer loop
      vertex 39.2341 37.9291 4.31
      vertex 38.9747 37.8668 0
      vertex 39.2341 37.9291 0
    endloop
  endfacet
  facet normal -0.923884 -0.382672 0
    outer loop
      vertex 41.1168 36.7753 0
      vertex 41.0147 37.0218 4.31
      vertex 41.0147 37.0218 0
    endloop
  endfacet
  facet normal -0.923884 -0.382672 0
    outer loop
      vertex 41.0147 37.0218 4.31
      vertex 41.1168 36.7753 0
      vertex 41.1168 36.7753 4.31
    endloop
  endfacet
  facet normal 0.760578 -0.649247 0
    outer loop
      vertex 38.1247 37.2492 4.31
      vertex 38.2979 37.4521 0
      vertex 38.2979 37.4521 4.31
    endloop
  endfacet
  facet normal 0.760578 -0.649247 0
    outer loop
      vertex 38.2979 37.4521 0
      vertex 38.1247 37.2492 4.31
      vertex 38.1247 37.2492 0
    endloop
  endfacet
  facet normal 0.649247 0.760578 -0
    outer loop
      vertex 38.5008 34.8747 0
      vertex 38.2979 35.0479 4.31
      vertex 38.5008 34.8747 4.31
    endloop
  endfacet
  facet normal 0.649247 0.760578 0
    outer loop
      vertex 38.2979 35.0479 4.31
      vertex 38.5008 34.8747 0
      vertex 38.2979 35.0479 0
    endloop
  endfacet
  facet normal -0.0783593 -0.996925 0
    outer loop
      vertex 39.5 37.95 0
      vertex 39.7659 37.9291 4.31
      vertex 39.5 37.95 4.31
    endloop
  endfacet
  facet normal -0.0783593 -0.996925 -0
    outer loop
      vertex 39.7659 37.9291 4.31
      vertex 39.5 37.95 0
      vertex 39.7659 37.9291 0
    endloop
  endfacet
  facet normal -0.852558 -0.522632 0
    outer loop
      vertex 41.0147 37.0218 0
      vertex 40.8753 37.2492 4.31
      vertex 40.8753 37.2492 0
    endloop
  endfacet
  facet normal -0.852558 -0.522632 0
    outer loop
      vertex 40.8753 37.2492 4.31
      vertex 41.0147 37.0218 0
      vertex 41.0147 37.0218 4.31
    endloop
  endfacet
  facet normal -0.852558 0.522632 0
    outer loop
      vertex 40.8753 35.2508 0
      vertex 41.0147 35.4782 4.31
      vertex 41.0147 35.4782 0
    endloop
  endfacet
  facet normal -0.852558 0.522632 0
    outer loop
      vertex 41.0147 35.4782 4.31
      vertex 40.8753 35.2508 0
      vertex 40.8753 35.2508 4.31
    endloop
  endfacet
  facet normal -0.996925 -0.0783593 0
    outer loop
      vertex 41.2 36.25 0
      vertex 41.1791 36.5159 4.31
      vertex 41.1791 36.5159 0
    endloop
  endfacet
  facet normal -0.996925 -0.0783593 0
    outer loop
      vertex 41.1791 36.5159 4.31
      vertex 41.2 36.25 0
      vertex 41.2 36.25 4.31
    endloop
  endfacet
  facet normal -0.97235 -0.233529 0
    outer loop
      vertex 41.1791 36.5159 0
      vertex 41.1168 36.7753 4.31
      vertex 41.1168 36.7753 0
    endloop
  endfacet
  facet normal -0.97235 -0.233529 0
    outer loop
      vertex 41.1168 36.7753 4.31
      vertex 41.1791 36.5159 0
      vertex 41.1791 36.5159 4.31
    endloop
  endfacet
  facet normal 0.97235 -0.233529 0
    outer loop
      vertex 37.8209 36.5159 4.31
      vertex 37.8832 36.7753 0
      vertex 37.8832 36.7753 4.31
    endloop
  endfacet
  facet normal 0.97235 -0.233529 0
    outer loop
      vertex 37.8832 36.7753 0
      vertex 37.8209 36.5159 4.31
      vertex 37.8209 36.5159 0
    endloop
  endfacet
  facet normal -0.522632 0.852558 0
    outer loop
      vertex 40.4992 34.8747 0
      vertex 40.2718 34.7353 4.31
      vertex 40.4992 34.8747 4.31
    endloop
  endfacet
  facet normal -0.522632 0.852558 0
    outer loop
      vertex 40.2718 34.7353 4.31
      vertex 40.4992 34.8747 0
      vertex 40.2718 34.7353 0
    endloop
  endfacet
  facet normal -0.760578 0.649247 0
    outer loop
      vertex 40.7021 35.0479 0
      vertex 40.8753 35.2508 4.31
      vertex 40.8753 35.2508 0
    endloop
  endfacet
  facet normal -0.760578 0.649247 0
    outer loop
      vertex 40.8753 35.2508 4.31
      vertex 40.7021 35.0479 0
      vertex 40.7021 35.0479 4.31
    endloop
  endfacet
  facet normal 0.996925 0.0783593 0
    outer loop
      vertex 37.8209 35.9841 4.31
      vertex 37.8 36.25 0
      vertex 37.8 36.25 4.31
    endloop
  endfacet
  facet normal 0.996925 0.0783593 0
    outer loop
      vertex 37.8 36.25 0
      vertex 37.8209 35.9841 4.31
      vertex 37.8209 35.9841 0
    endloop
  endfacet
  facet normal -0.649247 0.760578 0
    outer loop
      vertex 40.7021 35.0479 0
      vertex 40.4992 34.8747 4.31
      vertex 40.7021 35.0479 4.31
    endloop
  endfacet
  facet normal -0.649247 0.760578 0
    outer loop
      vertex 40.4992 34.8747 4.31
      vertex 40.7021 35.0479 0
      vertex 40.4992 34.8747 0
    endloop
  endfacet
  facet normal -0.233529 -0.97235 0
    outer loop
      vertex 39.7659 37.9291 0
      vertex 40.0253 37.8668 4.31
      vertex 39.7659 37.9291 4.31
    endloop
  endfacet
  facet normal -0.233529 -0.97235 -0
    outer loop
      vertex 40.0253 37.8668 4.31
      vertex 39.7659 37.9291 0
      vertex 40.0253 37.8668 0
    endloop
  endfacet
  facet normal 0.852558 -0.522632 0
    outer loop
      vertex 37.9853 37.0218 4.31
      vertex 38.1247 37.2492 0
      vertex 38.1247 37.2492 4.31
    endloop
  endfacet
  facet normal 0.852558 -0.522632 0
    outer loop
      vertex 38.1247 37.2492 0
      vertex 37.9853 37.0218 4.31
      vertex 37.9853 37.0218 0
    endloop
  endfacet
  facet normal 0.649247 -0.760578 0
    outer loop
      vertex 38.2979 37.4521 0
      vertex 38.5008 37.6253 4.31
      vertex 38.2979 37.4521 4.31
    endloop
  endfacet
  facet normal 0.649247 -0.760578 0
    outer loop
      vertex 38.5008 37.6253 4.31
      vertex 38.2979 37.4521 0
      vertex 38.5008 37.6253 0
    endloop
  endfacet
  facet normal -0.760578 -0.649247 0
    outer loop
      vertex 40.8753 37.2492 0
      vertex 40.7021 37.4521 4.31
      vertex 40.7021 37.4521 0
    endloop
  endfacet
  facet normal -0.760578 -0.649247 0
    outer loop
      vertex 40.7021 37.4521 4.31
      vertex 40.8753 37.2492 0
      vertex 40.8753 37.2492 4.31
    endloop
  endfacet
  facet normal 0.852558 0.522632 0
    outer loop
      vertex 38.1247 35.2508 4.31
      vertex 37.9853 35.4782 0
      vertex 37.9853 35.4782 4.31
    endloop
  endfacet
  facet normal 0.852558 0.522632 0
    outer loop
      vertex 37.9853 35.4782 0
      vertex 38.1247 35.2508 4.31
      vertex 38.1247 35.2508 0
    endloop
  endfacet
  facet normal 0.996925 -0.0783593 0
    outer loop
      vertex 37.8 36.25 4.31
      vertex 37.8209 36.5159 0
      vertex 37.8209 36.5159 4.31
    endloop
  endfacet
  facet normal 0.996925 -0.0783593 0
    outer loop
      vertex 37.8209 36.5159 0
      vertex 37.8 36.25 4.31
      vertex 37.8 36.25 0
    endloop
  endfacet
  facet normal 0.382672 -0.923884 0
    outer loop
      vertex 38.7282 37.7647 0
      vertex 38.9747 37.8668 4.31
      vertex 38.7282 37.7647 4.31
    endloop
  endfacet
  facet normal 0.382672 -0.923884 0
    outer loop
      vertex 38.9747 37.8668 4.31
      vertex 38.7282 37.7647 0
      vertex 38.9747 37.8668 0
    endloop
  endfacet
  facet normal -0.382672 0.923884 0
    outer loop
      vertex 40.2718 34.7353 0
      vertex 40.0253 34.6332 4.31
      vertex 40.2718 34.7353 4.31
    endloop
  endfacet
  facet normal -0.382672 0.923884 0
    outer loop
      vertex 40.0253 34.6332 4.31
      vertex 40.2718 34.7353 0
      vertex 40.0253 34.6332 0
    endloop
  endfacet
  facet normal -0.233529 0.97235 0
    outer loop
      vertex 40.0253 34.6332 0
      vertex 39.7659 34.5709 4.31
      vertex 40.0253 34.6332 4.31
    endloop
  endfacet
  facet normal -0.233529 0.97235 0
    outer loop
      vertex 39.7659 34.5709 4.31
      vertex 40.0253 34.6332 0
      vertex 39.7659 34.5709 0
    endloop
  endfacet
  facet normal -0.0783593 0.996925 0
    outer loop
      vertex 39.7659 34.5709 0
      vertex 39.5 34.55 4.31
      vertex 39.7659 34.5709 4.31
    endloop
  endfacet
  facet normal -0.0783593 0.996925 0
    outer loop
      vertex 39.5 34.55 4.31
      vertex 39.7659 34.5709 0
      vertex 39.5 34.55 0
    endloop
  endfacet
  facet normal 0.97235 0.233529 0
    outer loop
      vertex 37.8832 35.7247 4.31
      vertex 37.8209 35.9841 0
      vertex 37.8209 35.9841 4.31
    endloop
  endfacet
  facet normal 0.97235 0.233529 0
    outer loop
      vertex 37.8209 35.9841 0
      vertex 37.8832 35.7247 4.31
      vertex 37.8832 35.7247 0
    endloop
  endfacet
  facet normal 0.0783593 -0.996925 0
    outer loop
      vertex 39.2341 37.9291 0
      vertex 39.5 37.95 4.31
      vertex 39.2341 37.9291 4.31
    endloop
  endfacet
  facet normal 0.0783593 -0.996925 0
    outer loop
      vertex 39.5 37.95 4.31
      vertex 39.2341 37.9291 0
      vertex 39.5 37.95 0
    endloop
  endfacet
  facet normal -0.706015 0.0555518 0.706015
    outer loop
      vertex 42.8484 35.7213 6
      vertex 42.89 36.25 6
      vertex 41.2 36.25 4.31
    endloop
  endfacet
  facet normal -0.603881 -0.369965 0.706012
    outer loop
      vertex 42.5205 37.789 6
      vertex 42.2434 38.2413 6
      vertex 41.0147 37.0218 4.31
    endloop
  endfacet
  facet normal -0.369965 0.603881 0.706012
    outer loop
      vertex 41.039 33.2295 6
      vertex 41.4913 33.5066 6
      vertex 40.2718 34.7353 4.31
    endloop
  endfacet
  facet normal -0.654258 -0.271077 0.706019
    outer loop
      vertex 42.5205 37.789 6
      vertex 41.1168 36.7753 4.31
      vertex 42.7241 37.2976 6
    endloop
  endfacet
  facet normal -0.654296 -0.271009 0.70601
    outer loop
      vertex 41.1168 36.7753 4.31
      vertex 42.5205 37.789 6
      vertex 41.0147 37.0218 4.31
    endloop
  endfacet
  facet normal -0.165283 0.688636 0.706019
    outer loop
      vertex 40.0318 32.9021 6
      vertex 40.5476 33.0259 6
      vertex 40.0253 34.6332 4.31
    endloop
  endfacet
  facet normal -0.688636 0.165283 0.706019
    outer loop
      vertex 42.7241 35.2024 6
      vertex 42.8479 35.7182 6
      vertex 41.1168 35.7247 4.31
    endloop
  endfacet
  facet normal -0.271079 0.654264 0.706013
    outer loop
      vertex 40.2718 34.7353 4.31
      vertex 40.5476 33.0259 6
      vertex 41.039 33.2295 6
    endloop
  endfacet
  facet normal -0.271004 0.654285 0.706022
    outer loop
      vertex 40.5476 33.0259 6
      vertex 40.2718 34.7353 4.31
      vertex 40.0253 34.6332 4.31
    endloop
  endfacet
  facet normal 0.603881 0.369965 0.706012
    outer loop
      vertex 36.7566 34.2587 6
      vertex 37.9853 35.4782 4.31
      vertex 36.4795 34.711 6
    endloop
  endfacet
  facet normal -0.603881 0.369965 0.706012
    outer loop
      vertex 42.2434 34.2587 6
      vertex 42.5205 34.711 6
      vertex 41.0147 35.4782 4.31
    endloop
  endfacet
  facet normal 0.706026 0.0554944 0.706008
    outer loop
      vertex 36.1516 35.7213 6
      vertex 37.8209 35.9841 4.31
      vertex 37.8 36.25 4.31
    endloop
  endfacet
  facet normal 0.70731 0.0442068 0.70552
    outer loop
      vertex 37.8209 35.9841 4.31
      vertex 36.1516 35.7213 6
      vertex 36.1517 35.7197 6
    endloop
  endfacet
  facet normal -0.0442068 0.70731 0.70552
    outer loop
      vertex 39.7659 34.5709 4.31
      vertex 40.0287 32.9016 6
      vertex 40.0303 32.9017 6
    endloop
  endfacet
  facet normal -0.0554944 0.706026 0.706008
    outer loop
      vertex 40.0287 32.9016 6
      vertex 39.7659 34.5709 4.31
      vertex 39.5 34.55 4.31
    endloop
  endfacet
  facet normal -0.369965 -0.603881 0.706012
    outer loop
      vertex 41.4913 38.9934 6
      vertex 41.039 39.2705 6
      vertex 40.2718 37.7647 4.31
    endloop
  endfacet
  facet normal -0.182683 -0.68506 0.705209
    outer loop
      vertex 39.7659 37.9291 4.31
      vertex 40.0318 39.5979 6
      vertex 40.0303 39.5983 6
    endloop
  endfacet
  facet normal -0.165386 -0.688623 0.706006
    outer loop
      vertex 40.0318 39.5979 6
      vertex 39.7659 37.9291 4.31
      vertex 40.0253 37.8668 4.31
    endloop
  endfacet
  facet normal 0.706015 -0.0555518 0.706015
    outer loop
      vertex 37.8 36.25 4.31
      vertex 36.1516 36.7787 6
      vertex 36.11 36.25 6
    endloop
  endfacet
  facet normal -0.0442068 -0.70731 0.70552
    outer loop
      vertex 40.0287 39.5984 6
      vertex 39.7659 37.9291 4.31
      vertex 40.0303 39.5983 6
    endloop
  endfacet
  facet normal -0.0554944 -0.706026 0.706008
    outer loop
      vertex 39.7659 37.9291 4.31
      vertex 40.0287 39.5984 6
      vertex 39.5 37.95 4.31
    endloop
  endfacet
  facet normal -0.0555518 0.706015 0.706015
    outer loop
      vertex 40.0287 32.9016 6
      vertex 39.5 34.55 4.31
      vertex 39.5 32.86 6
    endloop
  endfacet
  facet normal 0.271004 0.654285 0.706022
    outer loop
      vertex 38.7282 34.7353 4.31
      vertex 38.4524 33.0259 6
      vertex 38.9747 34.6332 4.31
    endloop
  endfacet
  facet normal 0.271079 0.654264 0.706013
    outer loop
      vertex 38.4524 33.0259 6
      vertex 38.7282 34.7353 4.31
      vertex 37.961 33.2295 6
    endloop
  endfacet
  facet normal 0.70731 -0.0442068 0.70552
    outer loop
      vertex 36.1516 36.7787 6
      vertex 37.8209 36.5159 4.31
      vertex 36.1517 36.7803 6
    endloop
  endfacet
  facet normal 0.706026 -0.0554944 0.706008
    outer loop
      vertex 37.8209 36.5159 4.31
      vertex 36.1516 36.7787 6
      vertex 37.8 36.25 4.31
    endloop
  endfacet
  facet normal -0.0555518 -0.706015 0.706015
    outer loop
      vertex 39.5 37.95 4.31
      vertex 40.0287 39.5984 6
      vertex 39.5 39.64 6
    endloop
  endfacet
  facet normal 0.603881 -0.369965 0.706012
    outer loop
      vertex 37.9853 37.0218 4.31
      vertex 36.7566 38.2413 6
      vertex 36.4795 37.789 6
    endloop
  endfacet
  facet normal 0.538647 -0.459802 0.706004
    outer loop
      vertex 37.1029 38.6471 6
      vertex 38.1247 37.2492 4.31
      vertex 38.2979 37.4521 4.31
    endloop
  endfacet
  facet normal 0.53849 -0.459947 0.706029
    outer loop
      vertex 38.1247 37.2492 4.31
      vertex 37.1029 38.6471 6
      vertex 36.7574 38.2426 6
    endloop
  endfacet
  facet normal -0.706015 -0.0555518 0.706015
    outer loop
      vertex 42.89 36.25 6
      vertex 42.8484 36.7787 6
      vertex 41.2 36.25 4.31
    endloop
  endfacet
  facet normal -0.53849 0.459947 0.706029
    outer loop
      vertex 40.8753 35.2508 4.31
      vertex 41.8971 33.8529 6
      vertex 42.2426 34.2574 6
    endloop
  endfacet
  facet normal -0.538647 0.459802 0.706004
    outer loop
      vertex 41.8971 33.8529 6
      vertex 40.8753 35.2508 4.31
      vertex 40.7021 35.0479 4.31
    endloop
  endfacet
  facet normal 0.0555518 -0.706015 0.706015
    outer loop
      vertex 39.5 37.95 4.31
      vertex 39.5 39.64 6
      vertex 38.9713 39.5984 6
    endloop
  endfacet
  facet normal 0.603762 0.370116 0.706035
    outer loop
      vertex 36.7566 34.2587 6
      vertex 38.1247 35.2508 4.31
      vertex 37.9853 35.4782 4.31
    endloop
  endfacet
  facet normal 0.603085 0.371129 0.706082
    outer loop
      vertex 38.1247 35.2508 4.31
      vertex 36.7566 34.2587 6
      vertex 36.7574 34.2574 6
    endloop
  endfacet
  facet normal 0.538647 0.459802 0.706004
    outer loop
      vertex 38.1247 35.2508 4.31
      vertex 37.1029 33.8529 6
      vertex 38.2979 35.0479 4.31
    endloop
  endfacet
  facet normal 0.53849 0.459947 0.706029
    outer loop
      vertex 37.1029 33.8529 6
      vertex 38.1247 35.2508 4.31
      vertex 36.7574 34.2574 6
    endloop
  endfacet
  facet normal 0.182683 -0.68506 0.705209
    outer loop
      vertex 38.9682 39.5979 6
      vertex 39.2341 37.9291 4.31
      vertex 38.9697 39.5983 6
    endloop
  endfacet
  facet normal 0.165386 -0.688623 0.706006
    outer loop
      vertex 39.2341 37.9291 4.31
      vertex 38.9682 39.5979 6
      vertex 38.9747 37.8668 4.31
    endloop
  endfacet
  facet normal -0.53849 -0.459947 0.706029
    outer loop
      vertex 41.8971 38.6471 6
      vertex 40.8753 37.2492 4.31
      vertex 42.2426 38.2426 6
    endloop
  endfacet
  facet normal -0.538647 -0.459802 0.706004
    outer loop
      vertex 40.8753 37.2492 4.31
      vertex 41.8971 38.6471 6
      vertex 40.7021 37.4521 4.31
    endloop
  endfacet
  facet normal -0.165386 0.688623 0.706006
    outer loop
      vertex 39.7659 34.5709 4.31
      vertex 40.0318 32.9021 6
      vertex 40.0253 34.6332 4.31
    endloop
  endfacet
  facet normal -0.182683 0.68506 0.705209
    outer loop
      vertex 40.0318 32.9021 6
      vertex 39.7659 34.5709 4.31
      vertex 40.0303 32.9017 6
    endloop
  endfacet
  facet normal -0.654258 0.271077 0.706019
    outer loop
      vertex 41.1168 35.7247 4.31
      vertex 42.5205 34.711 6
      vertex 42.7241 35.2024 6
    endloop
  endfacet
  facet normal -0.654296 0.271009 0.70601
    outer loop
      vertex 42.5205 34.711 6
      vertex 41.1168 35.7247 4.31
      vertex 41.0147 35.4782 4.31
    endloop
  endfacet
  facet normal -0.371129 0.603085 0.706082
    outer loop
      vertex 40.4992 34.8747 4.31
      vertex 41.4913 33.5066 6
      vertex 41.4926 33.5074 6
    endloop
  endfacet
  facet normal -0.370116 0.603762 0.706035
    outer loop
      vertex 41.4913 33.5066 6
      vertex 40.4992 34.8747 4.31
      vertex 40.2718 34.7353 4.31
    endloop
  endfacet
  facet normal 0.369965 -0.603881 0.706012
    outer loop
      vertex 38.7282 37.7647 4.31
      vertex 37.961 39.2705 6
      vertex 37.5087 38.9934 6
    endloop
  endfacet
  facet normal 0.165283 0.688636 0.706019
    outer loop
      vertex 38.9682 32.9021 6
      vertex 38.9747 34.6332 4.31
      vertex 38.4524 33.0259 6
    endloop
  endfacet
  facet normal -0.271079 -0.654264 0.706013
    outer loop
      vertex 40.5476 39.4741 6
      vertex 40.2718 37.7647 4.31
      vertex 41.039 39.2705 6
    endloop
  endfacet
  facet normal -0.271004 -0.654285 0.706022
    outer loop
      vertex 40.2718 37.7647 4.31
      vertex 40.5476 39.4741 6
      vertex 40.0253 37.8668 4.31
    endloop
  endfacet
  facet normal -0.603085 -0.371129 0.706082
    outer loop
      vertex 40.8753 37.2492 4.31
      vertex 42.2434 38.2413 6
      vertex 42.2426 38.2426 6
    endloop
  endfacet
  facet normal -0.603762 -0.370116 0.706035
    outer loop
      vertex 42.2434 38.2413 6
      vertex 40.8753 37.2492 4.31
      vertex 41.0147 37.0218 4.31
    endloop
  endfacet
  facet normal 0.369965 0.603881 0.706012
    outer loop
      vertex 37.961 33.2295 6
      vertex 38.7282 34.7353 4.31
      vertex 37.5087 33.5066 6
    endloop
  endfacet
  facet normal 0.654296 -0.271009 0.70601
    outer loop
      vertex 36.4795 37.789 6
      vertex 37.8832 36.7753 4.31
      vertex 37.9853 37.0218 4.31
    endloop
  endfacet
  facet normal 0.654258 -0.271077 0.706019
    outer loop
      vertex 37.8832 36.7753 4.31
      vertex 36.4795 37.789 6
      vertex 36.2759 37.2976 6
    endloop
  endfacet
  facet normal 0.706015 0.0555518 0.706015
    outer loop
      vertex 36.1516 35.7213 6
      vertex 37.8 36.25 4.31
      vertex 36.11 36.25 6
    endloop
  endfacet
  facet normal 0.688636 -0.165283 0.706019
    outer loop
      vertex 37.8832 36.7753 4.31
      vertex 36.2759 37.2976 6
      vertex 36.1521 36.7818 6
    endloop
  endfacet
  facet normal 0.0555518 0.706015 0.706015
    outer loop
      vertex 39.5 32.86 6
      vertex 39.5 34.55 4.31
      vertex 38.9713 32.9016 6
    endloop
  endfacet
  facet normal -0.459958 -0.538503 0.706012
    outer loop
      vertex 41.4926 38.9926 6
      vertex 40.7021 37.4521 4.31
      vertex 41.8971 38.6471 6
    endloop
  endfacet
  facet normal -0.45978 -0.538622 0.706037
    outer loop
      vertex 40.7021 37.4521 4.31
      vertex 41.4926 38.9926 6
      vertex 40.4992 37.6253 4.31
    endloop
  endfacet
  facet normal 0.0554944 0.706026 0.706008
    outer loop
      vertex 39.2341 34.5709 4.31
      vertex 38.9713 32.9016 6
      vertex 39.5 34.55 4.31
    endloop
  endfacet
  facet normal 0.0442068 0.70731 0.70552
    outer loop
      vertex 38.9713 32.9016 6
      vertex 39.2341 34.5709 4.31
      vertex 38.9697 32.9017 6
    endloop
  endfacet
  facet normal 0.45978 -0.538622 0.706037
    outer loop
      vertex 37.5074 38.9926 6
      vertex 38.2979 37.4521 4.31
      vertex 38.5008 37.6253 4.31
    endloop
  endfacet
  facet normal 0.459958 -0.538503 0.706012
    outer loop
      vertex 38.2979 37.4521 4.31
      vertex 37.5074 38.9926 6
      vertex 37.1029 38.6471 6
    endloop
  endfacet
  facet normal 0.45978 0.538622 0.706037
    outer loop
      vertex 38.2979 35.0479 4.31
      vertex 37.5074 33.5074 6
      vertex 38.5008 34.8747 4.31
    endloop
  endfacet
  facet normal 0.459958 0.538503 0.706012
    outer loop
      vertex 37.5074 33.5074 6
      vertex 38.2979 35.0479 4.31
      vertex 37.1029 33.8529 6
    endloop
  endfacet
  facet normal 0.370116 0.603762 0.706035
    outer loop
      vertex 38.5008 34.8747 4.31
      vertex 37.5087 33.5066 6
      vertex 38.7282 34.7353 4.31
    endloop
  endfacet
  facet normal 0.371129 0.603085 0.706082
    outer loop
      vertex 37.5087 33.5066 6
      vertex 38.5008 34.8747 4.31
      vertex 37.5074 33.5074 6
    endloop
  endfacet
  facet normal -0.371129 -0.603085 0.706082
    outer loop
      vertex 41.4913 38.9934 6
      vertex 40.4992 37.6253 4.31
      vertex 41.4926 38.9926 6
    endloop
  endfacet
  facet normal -0.370116 -0.603762 0.706035
    outer loop
      vertex 40.4992 37.6253 4.31
      vertex 41.4913 38.9934 6
      vertex 40.2718 37.7647 4.31
    endloop
  endfacet
  facet normal 0.654296 0.271009 0.70601
    outer loop
      vertex 37.8832 35.7247 4.31
      vertex 36.4795 34.711 6
      vertex 37.9853 35.4782 4.31
    endloop
  endfacet
  facet normal 0.654258 0.271077 0.706019
    outer loop
      vertex 36.4795 34.711 6
      vertex 37.8832 35.7247 4.31
      vertex 36.2759 35.2024 6
    endloop
  endfacet
  facet normal 0.688636 0.165283 0.706019
    outer loop
      vertex 36.2759 35.2024 6
      vertex 37.8832 35.7247 4.31
      vertex 36.1521 35.7182 6
    endloop
  endfacet
  facet normal 0.165283 -0.688636 0.706019
    outer loop
      vertex 38.9747 37.8668 4.31
      vertex 38.9682 39.5979 6
      vertex 38.4524 39.4741 6
    endloop
  endfacet
  facet normal -0.68506 0.182683 0.705209
    outer loop
      vertex 41.1791 35.9841 4.31
      vertex 42.8479 35.7182 6
      vertex 42.8483 35.7197 6
    endloop
  endfacet
  facet normal -0.688623 0.165386 0.706006
    outer loop
      vertex 42.8479 35.7182 6
      vertex 41.1791 35.9841 4.31
      vertex 41.1168 35.7247 4.31
    endloop
  endfacet
  facet normal -0.70731 -0.0442068 0.70552
    outer loop
      vertex 41.1791 36.5159 4.31
      vertex 42.8484 36.7787 6
      vertex 42.8483 36.7803 6
    endloop
  endfacet
  facet normal -0.706026 -0.0554944 0.706008
    outer loop
      vertex 42.8484 36.7787 6
      vertex 41.1791 36.5159 4.31
      vertex 41.2 36.25 4.31
    endloop
  endfacet
  facet normal -0.459958 0.538503 0.706012
    outer loop
      vertex 40.7021 35.0479 4.31
      vertex 41.4926 33.5074 6
      vertex 41.8971 33.8529 6
    endloop
  endfacet
  facet normal -0.45978 0.538622 0.706037
    outer loop
      vertex 41.4926 33.5074 6
      vertex 40.7021 35.0479 4.31
      vertex 40.4992 34.8747 4.31
    endloop
  endfacet
  facet normal 0.688623 0.165386 0.706006
    outer loop
      vertex 37.8209 35.9841 4.31
      vertex 36.1521 35.7182 6
      vertex 37.8832 35.7247 4.31
    endloop
  endfacet
  facet normal 0.68506 0.182683 0.705209
    outer loop
      vertex 36.1521 35.7182 6
      vertex 37.8209 35.9841 4.31
      vertex 36.1517 35.7197 6
    endloop
  endfacet
  facet normal 0.688623 -0.165386 0.706006
    outer loop
      vertex 36.1521 36.7818 6
      vertex 37.8209 36.5159 4.31
      vertex 37.8832 36.7753 4.31
    endloop
  endfacet
  facet normal 0.68506 -0.182683 0.705209
    outer loop
      vertex 37.8209 36.5159 4.31
      vertex 36.1521 36.7818 6
      vertex 36.1517 36.7803 6
    endloop
  endfacet
  facet normal 0.0554944 -0.706026 0.706008
    outer loop
      vertex 38.9713 39.5984 6
      vertex 39.2341 37.9291 4.31
      vertex 39.5 37.95 4.31
    endloop
  endfacet
  facet normal 0.0442068 -0.70731 0.70552
    outer loop
      vertex 39.2341 37.9291 4.31
      vertex 38.9713 39.5984 6
      vertex 38.9697 39.5983 6
    endloop
  endfacet
  facet normal 0.370116 -0.603762 0.706035
    outer loop
      vertex 37.5087 38.9934 6
      vertex 38.5008 37.6253 4.31
      vertex 38.7282 37.7647 4.31
    endloop
  endfacet
  facet normal 0.371129 -0.603085 0.706082
    outer loop
      vertex 38.5008 37.6253 4.31
      vertex 37.5087 38.9934 6
      vertex 37.5074 38.9926 6
    endloop
  endfacet
  facet normal 0.271004 -0.654285 0.706022
    outer loop
      vertex 38.4524 39.4741 6
      vertex 38.7282 37.7647 4.31
      vertex 38.9747 37.8668 4.31
    endloop
  endfacet
  facet normal 0.271079 -0.654264 0.706013
    outer loop
      vertex 38.7282 37.7647 4.31
      vertex 38.4524 39.4741 6
      vertex 37.961 39.2705 6
    endloop
  endfacet
  facet normal 0.603085 -0.371129 0.706082
    outer loop
      vertex 36.7566 38.2413 6
      vertex 38.1247 37.2492 4.31
      vertex 36.7574 38.2426 6
    endloop
  endfacet
  facet normal 0.603762 -0.370116 0.706035
    outer loop
      vertex 38.1247 37.2492 4.31
      vertex 36.7566 38.2413 6
      vertex 37.9853 37.0218 4.31
    endloop
  endfacet
  facet normal -0.165283 -0.688636 0.706019
    outer loop
      vertex 40.5476 39.4741 6
      vertex 40.0318 39.5979 6
      vertex 40.0253 37.8668 4.31
    endloop
  endfacet
  facet normal -0.688636 -0.165283 0.706019
    outer loop
      vertex 42.8479 36.7818 6
      vertex 42.7241 37.2976 6
      vertex 41.1168 36.7753 4.31
    endloop
  endfacet
  facet normal -0.603762 0.370116 0.706035
    outer loop
      vertex 40.8753 35.2508 4.31
      vertex 42.2434 34.2587 6
      vertex 41.0147 35.4782 4.31
    endloop
  endfacet
  facet normal -0.603085 0.371129 0.706082
    outer loop
      vertex 42.2434 34.2587 6
      vertex 40.8753 35.2508 4.31
      vertex 42.2426 34.2574 6
    endloop
  endfacet
  facet normal -0.706026 0.0554944 0.706008
    outer loop
      vertex 41.1791 35.9841 4.31
      vertex 42.8484 35.7213 6
      vertex 41.2 36.25 4.31
    endloop
  endfacet
  facet normal -0.70731 0.0442068 0.70552
    outer loop
      vertex 42.8484 35.7213 6
      vertex 41.1791 35.9841 4.31
      vertex 42.8483 35.7197 6
    endloop
  endfacet
  facet normal 0.165386 0.688623 0.706006
    outer loop
      vertex 38.9682 32.9021 6
      vertex 39.2341 34.5709 4.31
      vertex 38.9747 34.6332 4.31
    endloop
  endfacet
  facet normal 0.182683 0.68506 0.705209
    outer loop
      vertex 39.2341 34.5709 4.31
      vertex 38.9682 32.9021 6
      vertex 38.9697 32.9017 6
    endloop
  endfacet
  facet normal -0.68506 -0.182683 0.705209
    outer loop
      vertex 42.8479 36.7818 6
      vertex 41.1791 36.5159 4.31
      vertex 42.8483 36.7803 6
    endloop
  endfacet
  facet normal -0.688623 -0.165386 0.706006
    outer loop
      vertex 41.1791 36.5159 4.31
      vertex 42.8479 36.7818 6
      vertex 41.1168 36.7753 4.31
    endloop
  endfacet
  facet normal -0.649339 -0.760499 0
    outer loop
      vertex 6.99923 47.8753 0
      vertex 7.20208 47.7021 6
      vertex 6.99923 47.8753 6
    endloop
  endfacet
  facet normal -0.649339 -0.760499 -0
    outer loop
      vertex 7.20208 47.7021 6
      vertex 6.99923 47.8753 0
      vertex 7.20208 47.7021 0
    endloop
  endfacet
  facet normal 0.760485 -0.649355 0
    outer loop
      vertex 4.62467 47.4992 6
      vertex 4.79792 47.7021 0
      vertex 4.79792 47.7021 6
    endloop
  endfacet
  facet normal 0.760485 -0.649355 0
    outer loop
      vertex 4.79792 47.7021 0
      vertex 4.62467 47.4992 6
      vertex 4.62467 47.4992 0
    endloop
  endfacet
  facet normal 0.852592 -0.522578 0
    outer loop
      vertex 4.48529 47.2718 6
      vertex 4.62467 47.4992 0
      vertex 4.62467 47.4992 6
    endloop
  endfacet
  facet normal 0.852592 -0.522578 0
    outer loop
      vertex 4.62467 47.4992 0
      vertex 4.48529 47.2718 6
      vertex 4.48529 47.2718 0
    endloop
  endfacet
  facet normal -0.522549 0.852609 0
    outer loop
      vertex 6.99923 45.1247 0
      vertex 6.77178 44.9853 6
      vertex 6.99923 45.1247 6
    endloop
  endfacet
  facet normal -0.522549 0.852609 0
    outer loop
      vertex 6.77178 44.9853 6
      vertex 6.99923 45.1247 0
      vertex 6.77178 44.9853 0
    endloop
  endfacet
  facet normal 0.972375 -0.233423 0
    outer loop
      vertex 4.32093 46.7659 6
      vertex 4.3832 47.0253 0
      vertex 4.3832 47.0253 6
    endloop
  endfacet
  facet normal 0.972375 -0.233423 0
    outer loop
      vertex 4.3832 47.0253 0
      vertex 4.32093 46.7659 6
      vertex 4.32093 46.7659 0
    endloop
  endfacet
  facet normal -0.923898 -0.38264 0
    outer loop
      vertex 7.6168 47.0253 0
      vertex 7.51471 47.2718 6
      vertex 7.51471 47.2718 0
    endloop
  endfacet
  facet normal -0.923898 -0.38264 0
    outer loop
      vertex 7.51471 47.2718 6
      vertex 7.6168 47.0253 0
      vertex 7.6168 47.0253 6
    endloop
  endfacet
  facet normal -0.996916 -0.0784711 0
    outer loop
      vertex 7.7 46.5 0
      vertex 7.67907 46.7659 6
      vertex 7.67907 46.7659 0
    endloop
  endfacet
  facet normal -0.996916 -0.0784711 0
    outer loop
      vertex 7.67907 46.7659 6
      vertex 7.7 46.5 0
      vertex 7.7 46.5 6
    endloop
  endfacet
  facet normal -0.233537 0.972348 0
    outer loop
      vertex 6.52533 44.8832 0
      vertex 6.26594 44.8209 6
      vertex 6.52533 44.8832 6
    endloop
  endfacet
  facet normal -0.233537 0.972348 0
    outer loop
      vertex 6.26594 44.8209 6
      vertex 6.52533 44.8832 0
      vertex 6.26594 44.8209 0
    endloop
  endfacet
  facet normal -0.382738 0.923857 0
    outer loop
      vertex 6.77178 44.9853 0
      vertex 6.52533 44.8832 6
      vertex 6.77178 44.9853 6
    endloop
  endfacet
  facet normal -0.382738 0.923857 0
    outer loop
      vertex 6.52533 44.8832 6
      vertex 6.77178 44.9853 0
      vertex 6.52533 44.8832 0
    endloop
  endfacet
  facet normal 0.649358 0.760483 -0
    outer loop
      vertex 5.00076 45.1247 0
      vertex 4.79792 45.2979 6
      vertex 5.00076 45.1247 6
    endloop
  endfacet
  facet normal 0.649358 0.760483 0
    outer loop
      vertex 4.79792 45.2979 6
      vertex 5.00076 45.1247 0
      vertex 4.79792 45.2979 0
    endloop
  endfacet
  facet normal -0.972375 -0.233423 0
    outer loop
      vertex 7.67907 46.7659 0
      vertex 7.6168 47.0253 6
      vertex 7.6168 47.0253 0
    endloop
  endfacet
  facet normal -0.972375 -0.233423 0
    outer loop
      vertex 7.6168 47.0253 6
      vertex 7.67907 46.7659 0
      vertex 7.67907 46.7659 6
    endloop
  endfacet
  facet normal -0.923898 0.38264 0
    outer loop
      vertex 7.51471 45.7282 0
      vertex 7.6168 45.9747 6
      vertex 7.6168 45.9747 0
    endloop
  endfacet
  facet normal -0.923898 0.38264 0
    outer loop
      vertex 7.6168 45.9747 6
      vertex 7.51471 45.7282 0
      vertex 7.51471 45.7282 6
    endloop
  endfacet
  facet normal -0.382738 -0.923857 0
    outer loop
      vertex 6.52533 48.1168 0
      vertex 6.77178 48.0147 6
      vertex 6.52533 48.1168 6
    endloop
  endfacet
  facet normal -0.382738 -0.923857 -0
    outer loop
      vertex 6.77178 48.0147 6
      vertex 6.52533 48.1168 0
      vertex 6.77178 48.0147 0
    endloop
  endfacet
  facet normal 0.233537 -0.972348 0
    outer loop
      vertex 5.47467 48.1168 0
      vertex 5.73406 48.1791 6
      vertex 5.47467 48.1168 6
    endloop
  endfacet
  facet normal 0.233537 -0.972348 0
    outer loop
      vertex 5.73406 48.1791 6
      vertex 5.47467 48.1168 0
      vertex 5.73406 48.1791 0
    endloop
  endfacet
  facet normal 0.649358 -0.760483 0
    outer loop
      vertex 4.79792 47.7021 0
      vertex 5.00076 47.8753 6
      vertex 4.79792 47.7021 6
    endloop
  endfacet
  facet normal 0.649358 -0.760483 0
    outer loop
      vertex 5.00076 47.8753 6
      vertex 4.79792 47.7021 0
      vertex 5.00076 47.8753 0
    endloop
  endfacet
  facet normal 0.852592 0.522578 0
    outer loop
      vertex 4.62467 45.5008 6
      vertex 4.48529 45.7282 0
      vertex 4.48529 45.7282 6
    endloop
  endfacet
  facet normal 0.852592 0.522578 0
    outer loop
      vertex 4.48529 45.7282 0
      vertex 4.62467 45.5008 6
      vertex 4.62467 45.5008 0
    endloop
  endfacet
  facet normal -0.760485 -0.649355 0
    outer loop
      vertex 7.37533 47.4992 0
      vertex 7.20208 47.7021 6
      vertex 7.20208 47.7021 0
    endloop
  endfacet
  facet normal -0.760485 -0.649355 0
    outer loop
      vertex 7.20208 47.7021 6
      vertex 7.37533 47.4992 0
      vertex 7.37533 47.4992 6
    endloop
  endfacet
  facet normal 0.972375 0.233423 0
    outer loop
      vertex 4.3832 45.9747 6
      vertex 4.32093 46.2341 0
      vertex 4.32093 46.2341 6
    endloop
  endfacet
  facet normal 0.972375 0.233423 0
    outer loop
      vertex 4.32093 46.2341 0
      vertex 4.3832 45.9747 6
      vertex 4.3832 45.9747 0
    endloop
  endfacet
  facet normal 0.0783476 0.996926 -0
    outer loop
      vertex 6 44.8 0
      vertex 5.73406 44.8209 6
      vertex 6 44.8 6
    endloop
  endfacet
  facet normal 0.0783476 0.996926 0
    outer loop
      vertex 5.73406 44.8209 6
      vertex 6 44.8 0
      vertex 5.73406 44.8209 0
    endloop
  endfacet
  facet normal 0.233537 0.972348 -0
    outer loop
      vertex 5.73406 44.8209 0
      vertex 5.47467 44.8832 6
      vertex 5.73406 44.8209 6
    endloop
  endfacet
  facet normal 0.233537 0.972348 0
    outer loop
      vertex 5.47467 44.8832 6
      vertex 5.73406 44.8209 0
      vertex 5.47467 44.8832 0
    endloop
  endfacet
  facet normal -0.522549 -0.852609 0
    outer loop
      vertex 6.77178 48.0147 0
      vertex 6.99923 47.8753 6
      vertex 6.77178 48.0147 6
    endloop
  endfacet
  facet normal -0.522549 -0.852609 -0
    outer loop
      vertex 6.99923 47.8753 6
      vertex 6.77178 48.0147 0
      vertex 6.99923 47.8753 0
    endloop
  endfacet
  facet normal -0.649339 0.760499 0
    outer loop
      vertex 7.20208 45.2979 0
      vertex 6.99923 45.1247 6
      vertex 7.20208 45.2979 6
    endloop
  endfacet
  facet normal -0.649339 0.760499 0
    outer loop
      vertex 6.99923 45.1247 6
      vertex 7.20208 45.2979 0
      vertex 6.99923 45.1247 0
    endloop
  endfacet
  facet normal 0.996916 0.0784711 0
    outer loop
      vertex 4.32093 46.2341 6
      vertex 4.3 46.5 0
      vertex 4.3 46.5 6
    endloop
  endfacet
  facet normal 0.996916 0.0784711 0
    outer loop
      vertex 4.3 46.5 0
      vertex 4.32093 46.2341 6
      vertex 4.32093 46.2341 0
    endloop
  endfacet
  facet normal -0.852592 -0.522578 0
    outer loop
      vertex 7.51471 47.2718 0
      vertex 7.37533 47.4992 6
      vertex 7.37533 47.4992 0
    endloop
  endfacet
  facet normal -0.852592 -0.522578 0
    outer loop
      vertex 7.37533 47.4992 6
      vertex 7.51471 47.2718 0
      vertex 7.51471 47.2718 6
    endloop
  endfacet
  facet normal -0.0783476 0.996926 0
    outer loop
      vertex 6.26594 44.8209 0
      vertex 6 44.8 6
      vertex 6.26594 44.8209 6
    endloop
  endfacet
  facet normal -0.0783476 0.996926 0
    outer loop
      vertex 6 44.8 6
      vertex 6.26594 44.8209 0
      vertex 6 44.8 0
    endloop
  endfacet
  facet normal -0.760485 0.649355 0
    outer loop
      vertex 7.20208 45.2979 0
      vertex 7.37533 45.5008 6
      vertex 7.37533 45.5008 0
    endloop
  endfacet
  facet normal -0.760485 0.649355 0
    outer loop
      vertex 7.37533 45.5008 6
      vertex 7.20208 45.2979 0
      vertex 7.20208 45.2979 6
    endloop
  endfacet
  facet normal 0.0783476 -0.996926 0
    outer loop
      vertex 5.73406 48.1791 0
      vertex 6 48.2 6
      vertex 5.73406 48.1791 6
    endloop
  endfacet
  facet normal 0.0783476 -0.996926 0
    outer loop
      vertex 6 48.2 6
      vertex 5.73406 48.1791 0
      vertex 6 48.2 0
    endloop
  endfacet
  facet normal -0.996916 0.0784711 0
    outer loop
      vertex 7.67907 46.2341 0
      vertex 7.7 46.5 6
      vertex 7.7 46.5 0
    endloop
  endfacet
  facet normal -0.996916 0.0784711 0
    outer loop
      vertex 7.7 46.5 6
      vertex 7.67907 46.2341 0
      vertex 7.67907 46.2341 6
    endloop
  endfacet
  facet normal 0.382738 -0.923857 0
    outer loop
      vertex 5.22822 48.0147 0
      vertex 5.47467 48.1168 6
      vertex 5.22822 48.0147 6
    endloop
  endfacet
  facet normal 0.382738 -0.923857 0
    outer loop
      vertex 5.47467 48.1168 6
      vertex 5.22822 48.0147 0
      vertex 5.47467 48.1168 0
    endloop
  endfacet
  facet normal -0.972375 0.233423 0
    outer loop
      vertex 7.6168 45.9747 0
      vertex 7.67907 46.2341 6
      vertex 7.67907 46.2341 0
    endloop
  endfacet
  facet normal -0.972375 0.233423 0
    outer loop
      vertex 7.67907 46.2341 6
      vertex 7.6168 45.9747 0
      vertex 7.6168 45.9747 6
    endloop
  endfacet
  facet normal -0.852592 0.522578 0
    outer loop
      vertex 7.37533 45.5008 0
      vertex 7.51471 45.7282 6
      vertex 7.51471 45.7282 0
    endloop
  endfacet
  facet normal -0.852592 0.522578 0
    outer loop
      vertex 7.51471 45.7282 6
      vertex 7.37533 45.5008 0
      vertex 7.37533 45.5008 6
    endloop
  endfacet
  facet normal 0.522532 -0.85262 0
    outer loop
      vertex 5.00076 47.8753 0
      vertex 5.22822 48.0147 6
      vertex 5.00076 47.8753 6
    endloop
  endfacet
  facet normal 0.522532 -0.85262 0
    outer loop
      vertex 5.22822 48.0147 6
      vertex 5.00076 47.8753 0
      vertex 5.22822 48.0147 0
    endloop
  endfacet
  facet normal 0.923898 0.38264 0
    outer loop
      vertex 4.48529 45.7282 6
      vertex 4.3832 45.9747 0
      vertex 4.3832 45.9747 6
    endloop
  endfacet
  facet normal 0.923898 0.38264 0
    outer loop
      vertex 4.3832 45.9747 0
      vertex 4.48529 45.7282 6
      vertex 4.48529 45.7282 0
    endloop
  endfacet
  facet normal 0.760485 0.649355 0
    outer loop
      vertex 4.79792 45.2979 6
      vertex 4.62467 45.5008 0
      vertex 4.62467 45.5008 6
    endloop
  endfacet
  facet normal 0.760485 0.649355 0
    outer loop
      vertex 4.62467 45.5008 0
      vertex 4.79792 45.2979 6
      vertex 4.79792 45.2979 0
    endloop
  endfacet
  facet normal 0.996916 -0.0784711 0
    outer loop
      vertex 4.3 46.5 6
      vertex 4.32093 46.7659 0
      vertex 4.32093 46.7659 6
    endloop
  endfacet
  facet normal 0.996916 -0.0784711 0
    outer loop
      vertex 4.32093 46.7659 0
      vertex 4.3 46.5 6
      vertex 4.3 46.5 0
    endloop
  endfacet
  facet normal -0.233537 -0.972348 0
    outer loop
      vertex 6.26594 48.1791 0
      vertex 6.52533 48.1168 6
      vertex 6.26594 48.1791 6
    endloop
  endfacet
  facet normal -0.233537 -0.972348 -0
    outer loop
      vertex 6.52533 48.1168 6
      vertex 6.26594 48.1791 0
      vertex 6.52533 48.1168 0
    endloop
  endfacet
  facet normal -0.0783476 -0.996926 0
    outer loop
      vertex 6 48.2 0
      vertex 6.26594 48.1791 6
      vertex 6 48.2 6
    endloop
  endfacet
  facet normal -0.0783476 -0.996926 -0
    outer loop
      vertex 6.26594 48.1791 6
      vertex 6 48.2 0
      vertex 6.26594 48.1791 0
    endloop
  endfacet
  facet normal 0.923898 -0.38264 0
    outer loop
      vertex 4.3832 47.0253 6
      vertex 4.48529 47.2718 0
      vertex 4.48529 47.2718 6
    endloop
  endfacet
  facet normal 0.923898 -0.38264 0
    outer loop
      vertex 4.48529 47.2718 0
      vertex 4.3832 47.0253 6
      vertex 4.3832 47.0253 0
    endloop
  endfacet
  facet normal 0.522532 0.85262 -0
    outer loop
      vertex 5.22822 44.9853 0
      vertex 5.00076 45.1247 6
      vertex 5.22822 44.9853 6
    endloop
  endfacet
  facet normal 0.522532 0.85262 0
    outer loop
      vertex 5.00076 45.1247 6
      vertex 5.22822 44.9853 0
      vertex 5.00076 45.1247 0
    endloop
  endfacet
  facet normal 0.382738 0.923857 -0
    outer loop
      vertex 5.47467 44.8832 0
      vertex 5.22822 44.9853 6
      vertex 5.47467 44.8832 6
    endloop
  endfacet
  facet normal 0.382738 0.923857 0
    outer loop
      vertex 5.22822 44.9853 6
      vertex 5.47467 44.8832 0
      vertex 5.22822 44.9853 0
    endloop
  endfacet
  facet normal -0.97235 -0.233529 0
    outer loop
      vertex 23.6791 46.7659 0
      vertex 23.6168 47.0253 6
      vertex 23.6168 47.0253 0
    endloop
  endfacet
  facet normal -0.97235 -0.233529 0
    outer loop
      vertex 23.6168 47.0253 6
      vertex 23.6791 46.7659 0
      vertex 23.6791 46.7659 6
    endloop
  endfacet
  facet normal -0.996925 -0.0783593 0
    outer loop
      vertex 23.7 46.5 0
      vertex 23.6791 46.7659 6
      vertex 23.6791 46.7659 0
    endloop
  endfacet
  facet normal -0.996925 -0.0783593 0
    outer loop
      vertex 23.6791 46.7659 6
      vertex 23.7 46.5 0
      vertex 23.7 46.5 6
    endloop
  endfacet
  facet normal -0.760578 -0.649247 0
    outer loop
      vertex 23.3753 47.4992 0
      vertex 23.2021 47.7021 6
      vertex 23.2021 47.7021 0
    endloop
  endfacet
  facet normal -0.760578 -0.649247 0
    outer loop
      vertex 23.2021 47.7021 6
      vertex 23.3753 47.4992 0
      vertex 23.3753 47.4992 6
    endloop
  endfacet
  facet normal -0.0783593 0.996925 0
    outer loop
      vertex 22.2659 44.8209 0
      vertex 22 44.8 6
      vertex 22.2659 44.8209 6
    endloop
  endfacet
  facet normal -0.0783593 0.996925 0
    outer loop
      vertex 22 44.8 6
      vertex 22.2659 44.8209 0
      vertex 22 44.8 0
    endloop
  endfacet
  facet normal 0.382672 0.923884 -0
    outer loop
      vertex 21.4747 44.8832 0
      vertex 21.2282 44.9853 6
      vertex 21.4747 44.8832 6
    endloop
  endfacet
  facet normal 0.382672 0.923884 0
    outer loop
      vertex 21.2282 44.9853 6
      vertex 21.4747 44.8832 0
      vertex 21.2282 44.9853 0
    endloop
  endfacet
  facet normal -0.923884 -0.382672 0
    outer loop
      vertex 23.6168 47.0253 0
      vertex 23.5147 47.2718 6
      vertex 23.5147 47.2718 0
    endloop
  endfacet
  facet normal -0.923884 -0.382672 0
    outer loop
      vertex 23.5147 47.2718 6
      vertex 23.6168 47.0253 0
      vertex 23.6168 47.0253 6
    endloop
  endfacet
  facet normal -0.97235 0.233529 0
    outer loop
      vertex 23.6168 45.9747 0
      vertex 23.6791 46.2341 6
      vertex 23.6791 46.2341 0
    endloop
  endfacet
  facet normal -0.97235 0.233529 0
    outer loop
      vertex 23.6791 46.2341 6
      vertex 23.6168 45.9747 0
      vertex 23.6168 45.9747 6
    endloop
  endfacet
  facet normal 0.996925 -0.0783593 0
    outer loop
      vertex 20.3 46.5 6
      vertex 20.3209 46.7659 0
      vertex 20.3209 46.7659 6
    endloop
  endfacet
  facet normal 0.996925 -0.0783593 0
    outer loop
      vertex 20.3209 46.7659 0
      vertex 20.3 46.5 6
      vertex 20.3 46.5 0
    endloop
  endfacet
  facet normal -0.382672 0.923884 0
    outer loop
      vertex 22.7718 44.9853 0
      vertex 22.5253 44.8832 6
      vertex 22.7718 44.9853 6
    endloop
  endfacet
  facet normal -0.382672 0.923884 0
    outer loop
      vertex 22.5253 44.8832 6
      vertex 22.7718 44.9853 0
      vertex 22.5253 44.8832 0
    endloop
  endfacet
  facet normal -0.996925 0.0783593 0
    outer loop
      vertex 23.6791 46.2341 0
      vertex 23.7 46.5 6
      vertex 23.7 46.5 0
    endloop
  endfacet
  facet normal -0.996925 0.0783593 0
    outer loop
      vertex 23.7 46.5 6
      vertex 23.6791 46.2341 0
      vertex 23.6791 46.2341 6
    endloop
  endfacet
  facet normal 0.0783593 -0.996925 0
    outer loop
      vertex 21.7341 48.1791 0
      vertex 22 48.2 6
      vertex 21.7341 48.1791 6
    endloop
  endfacet
  facet normal 0.0783593 -0.996925 0
    outer loop
      vertex 22 48.2 6
      vertex 21.7341 48.1791 0
      vertex 22 48.2 0
    endloop
  endfacet
  facet normal -0.522632 -0.852558 0
    outer loop
      vertex 22.7718 48.0147 0
      vertex 22.9992 47.8753 6
      vertex 22.7718 48.0147 6
    endloop
  endfacet
  facet normal -0.522632 -0.852558 -0
    outer loop
      vertex 22.9992 47.8753 6
      vertex 22.7718 48.0147 0
      vertex 22.9992 47.8753 0
    endloop
  endfacet
  facet normal -0.382672 -0.923884 0
    outer loop
      vertex 22.5253 48.1168 0
      vertex 22.7718 48.0147 6
      vertex 22.5253 48.1168 6
    endloop
  endfacet
  facet normal -0.382672 -0.923884 -0
    outer loop
      vertex 22.7718 48.0147 6
      vertex 22.5253 48.1168 0
      vertex 22.7718 48.0147 0
    endloop
  endfacet
  facet normal 0.97235 -0.233529 0
    outer loop
      vertex 20.3209 46.7659 6
      vertex 20.3832 47.0253 0
      vertex 20.3832 47.0253 6
    endloop
  endfacet
  facet normal 0.97235 -0.233529 0
    outer loop
      vertex 20.3832 47.0253 0
      vertex 20.3209 46.7659 6
      vertex 20.3209 46.7659 0
    endloop
  endfacet
  facet normal 0.923884 -0.382672 0
    outer loop
      vertex 20.3832 47.0253 6
      vertex 20.4853 47.2718 0
      vertex 20.4853 47.2718 6
    endloop
  endfacet
  facet normal 0.923884 -0.382672 0
    outer loop
      vertex 20.4853 47.2718 0
      vertex 20.3832 47.0253 6
      vertex 20.3832 47.0253 0
    endloop
  endfacet
  facet normal 0.649247 -0.760578 0
    outer loop
      vertex 20.7979 47.7021 0
      vertex 21.0008 47.8753 6
      vertex 20.7979 47.7021 6
    endloop
  endfacet
  facet normal 0.649247 -0.760578 0
    outer loop
      vertex 21.0008 47.8753 6
      vertex 20.7979 47.7021 0
      vertex 21.0008 47.8753 0
    endloop
  endfacet
  facet normal 0.760578 0.649247 0
    outer loop
      vertex 20.7979 45.2979 6
      vertex 20.6247 45.5008 0
      vertex 20.6247 45.5008 6
    endloop
  endfacet
  facet normal 0.760578 0.649247 0
    outer loop
      vertex 20.6247 45.5008 0
      vertex 20.7979 45.2979 6
      vertex 20.7979 45.2979 0
    endloop
  endfacet
  facet normal 0.0783593 0.996925 -0
    outer loop
      vertex 22 44.8 0
      vertex 21.7341 44.8209 6
      vertex 22 44.8 6
    endloop
  endfacet
  facet normal 0.0783593 0.996925 0
    outer loop
      vertex 21.7341 44.8209 6
      vertex 22 44.8 0
      vertex 21.7341 44.8209 0
    endloop
  endfacet
  facet normal 0.522632 0.852558 -0
    outer loop
      vertex 21.2282 44.9853 0
      vertex 21.0008 45.1247 6
      vertex 21.2282 44.9853 6
    endloop
  endfacet
  facet normal 0.522632 0.852558 0
    outer loop
      vertex 21.0008 45.1247 6
      vertex 21.2282 44.9853 0
      vertex 21.0008 45.1247 0
    endloop
  endfacet
  facet normal 0.382672 -0.923884 0
    outer loop
      vertex 21.2282 48.0147 0
      vertex 21.4747 48.1168 6
      vertex 21.2282 48.0147 6
    endloop
  endfacet
  facet normal 0.382672 -0.923884 0
    outer loop
      vertex 21.4747 48.1168 6
      vertex 21.2282 48.0147 0
      vertex 21.4747 48.1168 0
    endloop
  endfacet
  facet normal -0.0783593 -0.996925 0
    outer loop
      vertex 22 48.2 0
      vertex 22.2659 48.1791 6
      vertex 22 48.2 6
    endloop
  endfacet
  facet normal -0.0783593 -0.996925 -0
    outer loop
      vertex 22.2659 48.1791 6
      vertex 22 48.2 0
      vertex 22.2659 48.1791 0
    endloop
  endfacet
  facet normal 0.233529 0.97235 -0
    outer loop
      vertex 21.7341 44.8209 0
      vertex 21.4747 44.8832 6
      vertex 21.7341 44.8209 6
    endloop
  endfacet
  facet normal 0.233529 0.97235 0
    outer loop
      vertex 21.4747 44.8832 6
      vertex 21.7341 44.8209 0
      vertex 21.4747 44.8832 0
    endloop
  endfacet
  facet normal -0.233529 0.97235 0
    outer loop
      vertex 22.5253 44.8832 0
      vertex 22.2659 44.8209 6
      vertex 22.5253 44.8832 6
    endloop
  endfacet
  facet normal -0.233529 0.97235 0
    outer loop
      vertex 22.2659 44.8209 6
      vertex 22.5253 44.8832 0
      vertex 22.2659 44.8209 0
    endloop
  endfacet
  facet normal -0.649247 -0.760578 0
    outer loop
      vertex 22.9992 47.8753 0
      vertex 23.2021 47.7021 6
      vertex 22.9992 47.8753 6
    endloop
  endfacet
  facet normal -0.649247 -0.760578 -0
    outer loop
      vertex 23.2021 47.7021 6
      vertex 22.9992 47.8753 0
      vertex 23.2021 47.7021 0
    endloop
  endfacet
  facet normal -0.852558 0.522632 0
    outer loop
      vertex 23.3753 45.5008 0
      vertex 23.5147 45.7282 6
      vertex 23.5147 45.7282 0
    endloop
  endfacet
  facet normal -0.852558 0.522632 0
    outer loop
      vertex 23.5147 45.7282 6
      vertex 23.3753 45.5008 0
      vertex 23.3753 45.5008 6
    endloop
  endfacet
  facet normal 0.233529 -0.97235 0
    outer loop
      vertex 21.4747 48.1168 0
      vertex 21.7341 48.1791 6
      vertex 21.4747 48.1168 6
    endloop
  endfacet
  facet normal 0.233529 -0.97235 0
    outer loop
      vertex 21.7341 48.1791 6
      vertex 21.4747 48.1168 0
      vertex 21.7341 48.1791 0
    endloop
  endfacet
  facet normal 0.97235 0.233529 0
    outer loop
      vertex 20.3832 45.9747 6
      vertex 20.3209 46.2341 0
      vertex 20.3209 46.2341 6
    endloop
  endfacet
  facet normal 0.97235 0.233529 0
    outer loop
      vertex 20.3209 46.2341 0
      vertex 20.3832 45.9747 6
      vertex 20.3832 45.9747 0
    endloop
  endfacet
  facet normal -0.760578 0.649247 0
    outer loop
      vertex 23.2021 45.2979 0
      vertex 23.3753 45.5008 6
      vertex 23.3753 45.5008 0
    endloop
  endfacet
  facet normal -0.760578 0.649247 0
    outer loop
      vertex 23.3753 45.5008 6
      vertex 23.2021 45.2979 0
      vertex 23.2021 45.2979 6
    endloop
  endfacet
  facet normal -0.233529 -0.97235 0
    outer loop
      vertex 22.2659 48.1791 0
      vertex 22.5253 48.1168 6
      vertex 22.2659 48.1791 6
    endloop
  endfacet
  facet normal -0.233529 -0.97235 -0
    outer loop
      vertex 22.5253 48.1168 6
      vertex 22.2659 48.1791 0
      vertex 22.5253 48.1168 0
    endloop
  endfacet
  facet normal 0.760578 -0.649247 0
    outer loop
      vertex 20.6247 47.4992 6
      vertex 20.7979 47.7021 0
      vertex 20.7979 47.7021 6
    endloop
  endfacet
  facet normal 0.760578 -0.649247 0
    outer loop
      vertex 20.7979 47.7021 0
      vertex 20.6247 47.4992 6
      vertex 20.6247 47.4992 0
    endloop
  endfacet
  facet normal -0.852558 -0.522632 0
    outer loop
      vertex 23.5147 47.2718 0
      vertex 23.3753 47.4992 6
      vertex 23.3753 47.4992 0
    endloop
  endfacet
  facet normal -0.852558 -0.522632 0
    outer loop
      vertex 23.3753 47.4992 6
      vertex 23.5147 47.2718 0
      vertex 23.5147 47.2718 6
    endloop
  endfacet
  facet normal 0.522632 -0.852558 0
    outer loop
      vertex 21.0008 47.8753 0
      vertex 21.2282 48.0147 6
      vertex 21.0008 47.8753 6
    endloop
  endfacet
  facet normal 0.522632 -0.852558 0
    outer loop
      vertex 21.2282 48.0147 6
      vertex 21.0008 47.8753 0
      vertex 21.2282 48.0147 0
    endloop
  endfacet
  facet normal 0.852558 0.522632 0
    outer loop
      vertex 20.6247 45.5008 6
      vertex 20.4853 45.7282 0
      vertex 20.4853 45.7282 6
    endloop
  endfacet
  facet normal 0.852558 0.522632 0
    outer loop
      vertex 20.4853 45.7282 0
      vertex 20.6247 45.5008 6
      vertex 20.6247 45.5008 0
    endloop
  endfacet
  facet normal 0.649247 0.760578 -0
    outer loop
      vertex 21.0008 45.1247 0
      vertex 20.7979 45.2979 6
      vertex 21.0008 45.1247 6
    endloop
  endfacet
  facet normal 0.649247 0.760578 0
    outer loop
      vertex 20.7979 45.2979 6
      vertex 21.0008 45.1247 0
      vertex 20.7979 45.2979 0
    endloop
  endfacet
  facet normal 0.923884 0.382672 0
    outer loop
      vertex 20.4853 45.7282 6
      vertex 20.3832 45.9747 0
      vertex 20.3832 45.9747 6
    endloop
  endfacet
  facet normal 0.923884 0.382672 0
    outer loop
      vertex 20.3832 45.9747 0
      vertex 20.4853 45.7282 6
      vertex 20.4853 45.7282 0
    endloop
  endfacet
  facet normal -0.923884 0.382672 0
    outer loop
      vertex 23.5147 45.7282 0
      vertex 23.6168 45.9747 6
      vertex 23.6168 45.9747 0
    endloop
  endfacet
  facet normal -0.923884 0.382672 0
    outer loop
      vertex 23.6168 45.9747 6
      vertex 23.5147 45.7282 0
      vertex 23.5147 45.7282 6
    endloop
  endfacet
  facet normal 0.996925 0.0783593 0
    outer loop
      vertex 20.3209 46.2341 6
      vertex 20.3 46.5 0
      vertex 20.3 46.5 6
    endloop
  endfacet
  facet normal 0.996925 0.0783593 0
    outer loop
      vertex 20.3 46.5 0
      vertex 20.3209 46.2341 6
      vertex 20.3209 46.2341 0
    endloop
  endfacet
  facet normal -0.522632 0.852558 0
    outer loop
      vertex 22.9992 45.1247 0
      vertex 22.7718 44.9853 6
      vertex 22.9992 45.1247 6
    endloop
  endfacet
  facet normal -0.522632 0.852558 0
    outer loop
      vertex 22.7718 44.9853 6
      vertex 22.9992 45.1247 0
      vertex 22.7718 44.9853 0
    endloop
  endfacet
  facet normal -0.649247 0.760578 0
    outer loop
      vertex 23.2021 45.2979 0
      vertex 22.9992 45.1247 6
      vertex 23.2021 45.2979 6
    endloop
  endfacet
  facet normal -0.649247 0.760578 0
    outer loop
      vertex 22.9992 45.1247 6
      vertex 23.2021 45.2979 0
      vertex 22.9992 45.1247 0
    endloop
  endfacet
  facet normal 0.852558 -0.522632 0
    outer loop
      vertex 20.4853 47.2718 6
      vertex 20.6247 47.4992 0
      vertex 20.6247 47.4992 6
    endloop
  endfacet
  facet normal 0.852558 -0.522632 0
    outer loop
      vertex 20.6247 47.4992 0
      vertex 20.4853 47.2718 6
      vertex 20.4853 47.2718 0
    endloop
  endfacet
  facet normal 0.972363 -0.233475 0
    outer loop
      vertex 12.8391 22.5177 6
      vertex 13.2531 24.2419 0
      vertex 13.2531 24.2419 6
    endloop
  endfacet
  facet normal 0.972363 -0.233475 0
    outer loop
      vertex 13.2531 24.2419 0
      vertex 12.8391 22.5177 6
      vertex 12.8391 22.5177 0
    endloop
  endfacet
  facet normal -0.972363 -0.233475 0
    outer loop
      vertex 35.1609 22.5177 0
      vertex 34.7469 24.2419 6
      vertex 34.7469 24.2419 0
    endloop
  endfacet
  facet normal -0.972363 -0.233475 0
    outer loop
      vertex 34.7469 24.2419 6
      vertex 35.1609 22.5177 0
      vertex 35.1609 22.5177 6
    endloop
  endfacet
  facet normal -0.996918 -0.0784473 0
    outer loop
      vertex 35.3 20.75 0
      vertex 35.1609 22.5177 6
      vertex 35.1609 22.5177 0
    endloop
  endfacet
  facet normal -0.996918 -0.0784473 0
    outer loop
      vertex 35.1609 22.5177 6
      vertex 35.3 20.75 0
      vertex 35.3 20.75 6
    endloop
  endfacet
  facet normal -0.522501 -0.852639 0
    outer loop
      vertex 29.1301 30.8184 0
      vertex 30.642 29.8919 6
      vertex 29.1301 30.8184 6
    endloop
  endfacet
  facet normal -0.522501 -0.852639 -0
    outer loop
      vertex 30.642 29.8919 6
      vertex 29.1301 30.8184 0
      vertex 30.642 29.8919 0
    endloop
  endfacet
  facet normal 0.649462 -0.760394 0
    outer loop
      vertex 16.0097 28.7403 0
      vertex 17.358 29.8919 6
      vertex 16.0097 28.7403 6
    endloop
  endfacet
  facet normal 0.649462 -0.760394 0
    outer loop
      vertex 17.358 29.8919 6
      vertex 16.0097 28.7403 0
      vertex 17.358 29.8919 0
    endloop
  endfacet
  facet normal -0.923892 -0.382652 0
    outer loop
      vertex 34.7469 24.2419 0
      vertex 34.0684 25.8801 6
      vertex 34.0684 25.8801 0
    endloop
  endfacet
  facet normal -0.923892 -0.382652 0
    outer loop
      vertex 34.0684 25.8801 6
      vertex 34.7469 24.2419 0
      vertex 34.7469 24.2419 6
    endloop
  endfacet
  facet normal -0.649462 -0.760394 0
    outer loop
      vertex 30.642 29.8919 0
      vertex 31.9903 28.7403 6
      vertex 30.642 29.8919 6
    endloop
  endfacet
  facet normal -0.649462 -0.760394 -0
    outer loop
      vertex 31.9903 28.7403 6
      vertex 30.642 29.8919 0
      vertex 31.9903 28.7403 0
    endloop
  endfacet
  facet normal -0.923892 0.382652 0
    outer loop
      vertex 34.0684 15.6199 0
      vertex 34.7469 17.2581 6
      vertex 34.7469 17.2581 0
    endloop
  endfacet
  facet normal -0.923892 0.382652 0
    outer loop
      vertex 34.7469 17.2581 6
      vertex 34.0684 15.6199 0
      vertex 34.0684 15.6199 6
    endloop
  endfacet
  facet normal -0.0784585 0.996917 0
    outer loop
      vertex 25.7677 9.58912 0
      vertex 24 9.45 6
      vertex 25.7677 9.58912 6
    endloop
  endfacet
  facet normal -0.0784585 0.996917 0
    outer loop
      vertex 24 9.45 6
      vertex 25.7677 9.58912 0
      vertex 24 9.45 0
    endloop
  endfacet
  facet normal 0.923892 0.382652 0
    outer loop
      vertex 13.9316 15.6199 6
      vertex 13.2531 17.2581 0
      vertex 13.2531 17.2581 6
    endloop
  endfacet
  facet normal 0.923892 0.382652 0
    outer loop
      vertex 13.2531 17.2581 0
      vertex 13.9316 15.6199 6
      vertex 13.9316 15.6199 0
    endloop
  endfacet
  facet normal 0.233475 -0.972363 0
    outer loop
      vertex 20.5081 31.4969 0
      vertex 22.2323 31.9109 6
      vertex 20.5081 31.4969 6
    endloop
  endfacet
  facet normal 0.233475 -0.972363 0
    outer loop
      vertex 22.2323 31.9109 6
      vertex 20.5081 31.4969 0
      vertex 22.2323 31.9109 0
    endloop
  endfacet
  facet normal 0.996918 -0.0784473 0
    outer loop
      vertex 12.7 20.75 6
      vertex 12.8391 22.5177 0
      vertex 12.8391 22.5177 6
    endloop
  endfacet
  facet normal 0.996918 -0.0784473 0
    outer loop
      vertex 12.8391 22.5177 0
      vertex 12.7 20.75 6
      vertex 12.7 20.75 0
    endloop
  endfacet
  facet normal 0.0784585 0.996917 -0
    outer loop
      vertex 24 9.45 0
      vertex 22.2323 9.58912 6
      vertex 24 9.45 6
    endloop
  endfacet
  facet normal 0.0784585 0.996917 0
    outer loop
      vertex 22.2323 9.58912 6
      vertex 24 9.45 0
      vertex 22.2323 9.58912 0
    endloop
  endfacet
  facet normal -0.852639 0.522501 0
    outer loop
      vertex 33.1419 14.108 0
      vertex 34.0684 15.6199 6
      vertex 34.0684 15.6199 0
    endloop
  endfacet
  facet normal -0.852639 0.522501 0
    outer loop
      vertex 34.0684 15.6199 6
      vertex 33.1419 14.108 0
      vertex 33.1419 14.108 6
    endloop
  endfacet
  facet normal 0.923892 -0.382652 0
    outer loop
      vertex 13.2531 24.2419 6
      vertex 13.9316 25.8801 0
      vertex 13.9316 25.8801 6
    endloop
  endfacet
  facet normal 0.923892 -0.382652 0
    outer loop
      vertex 13.9316 25.8801 0
      vertex 13.2531 24.2419 6
      vertex 13.2531 24.2419 0
    endloop
  endfacet
  facet normal -0.649462 0.760394 0
    outer loop
      vertex 31.9903 12.7597 0
      vertex 30.642 11.6081 6
      vertex 31.9903 12.7597 6
    endloop
  endfacet
  facet normal -0.649462 0.760394 0
    outer loop
      vertex 30.642 11.6081 6
      vertex 31.9903 12.7597 0
      vertex 30.642 11.6081 0
    endloop
  endfacet
  facet normal -0.233465 0.972365 0
    outer loop
      vertex 27.4919 10.0031 0
      vertex 25.7677 9.58912 6
      vertex 27.4919 10.0031 6
    endloop
  endfacet
  facet normal -0.233465 0.972365 0
    outer loop
      vertex 25.7677 9.58912 6
      vertex 27.4919 10.0031 0
      vertex 25.7677 9.58912 0
    endloop
  endfacet
  facet normal 0.760394 -0.649462 0
    outer loop
      vertex 14.8581 27.392 6
      vertex 16.0097 28.7403 0
      vertex 16.0097 28.7403 6
    endloop
  endfacet
  facet normal 0.760394 -0.649462 0
    outer loop
      vertex 16.0097 28.7403 0
      vertex 14.8581 27.392 6
      vertex 14.8581 27.392 0
    endloop
  endfacet
  facet normal 0.522501 -0.852639 0
    outer loop
      vertex 17.358 29.8919 0
      vertex 18.8699 30.8184 6
      vertex 17.358 29.8919 6
    endloop
  endfacet
  facet normal 0.522501 -0.852639 0
    outer loop
      vertex 18.8699 30.8184 6
      vertex 17.358 29.8919 0
      vertex 18.8699 30.8184 0
    endloop
  endfacet
  facet normal -0.522501 0.852639 0
    outer loop
      vertex 30.642 11.6081 0
      vertex 29.1301 10.6816 6
      vertex 30.642 11.6081 6
    endloop
  endfacet
  facet normal -0.522501 0.852639 0
    outer loop
      vertex 29.1301 10.6816 6
      vertex 30.642 11.6081 0
      vertex 29.1301 10.6816 0
    endloop
  endfacet
  facet normal -0.382652 0.923892 0
    outer loop
      vertex 29.1301 10.6816 0
      vertex 27.4919 10.0031 6
      vertex 29.1301 10.6816 6
    endloop
  endfacet
  facet normal -0.382652 0.923892 0
    outer loop
      vertex 27.4919 10.0031 6
      vertex 29.1301 10.6816 0
      vertex 27.4919 10.0031 0
    endloop
  endfacet
  facet normal -0.760394 0.649462 0
    outer loop
      vertex 31.9903 12.7597 0
      vertex 33.1419 14.108 6
      vertex 33.1419 14.108 0
    endloop
  endfacet
  facet normal -0.760394 0.649462 0
    outer loop
      vertex 33.1419 14.108 6
      vertex 31.9903 12.7597 0
      vertex 31.9903 12.7597 6
    endloop
  endfacet
  facet normal -0.0784473 -0.996918 0
    outer loop
      vertex 24 32.05 0
      vertex 25.7677 31.9109 6
      vertex 24 32.05 6
    endloop
  endfacet
  facet normal -0.0784473 -0.996918 -0
    outer loop
      vertex 25.7677 31.9109 6
      vertex 24 32.05 0
      vertex 25.7677 31.9109 0
    endloop
  endfacet
  facet normal 0.972363 0.233475 0
    outer loop
      vertex 13.2531 17.2581 6
      vertex 12.8391 18.9823 0
      vertex 12.8391 18.9823 6
    endloop
  endfacet
  facet normal 0.972363 0.233475 0
    outer loop
      vertex 12.8391 18.9823 0
      vertex 13.2531 17.2581 6
      vertex 13.2531 17.2581 0
    endloop
  endfacet
  facet normal 0.382652 -0.923892 0
    outer loop
      vertex 18.8699 30.8184 0
      vertex 20.5081 31.4969 6
      vertex 18.8699 30.8184 6
    endloop
  endfacet
  facet normal 0.382652 -0.923892 0
    outer loop
      vertex 20.5081 31.4969 6
      vertex 18.8699 30.8184 0
      vertex 20.5081 31.4969 0
    endloop
  endfacet
  facet normal -0.972363 0.233475 0
    outer loop
      vertex 34.7469 17.2581 0
      vertex 35.1609 18.9823 6
      vertex 35.1609 18.9823 0
    endloop
  endfacet
  facet normal -0.972363 0.233475 0
    outer loop
      vertex 35.1609 18.9823 6
      vertex 34.7469 17.2581 0
      vertex 34.7469 17.2581 6
    endloop
  endfacet
  facet normal -0.382652 -0.923892 0
    outer loop
      vertex 27.4919 31.4969 0
      vertex 29.1301 30.8184 6
      vertex 27.4919 31.4969 6
    endloop
  endfacet
  facet normal -0.382652 -0.923892 -0
    outer loop
      vertex 29.1301 30.8184 6
      vertex 27.4919 31.4969 0
      vertex 29.1301 30.8184 0
    endloop
  endfacet
  facet normal -0.233475 -0.972363 0
    outer loop
      vertex 25.7677 31.9109 0
      vertex 27.4919 31.4969 6
      vertex 25.7677 31.9109 6
    endloop
  endfacet
  facet normal -0.233475 -0.972363 -0
    outer loop
      vertex 27.4919 31.4969 6
      vertex 25.7677 31.9109 0
      vertex 27.4919 31.4969 0
    endloop
  endfacet
  facet normal 0.852639 -0.522501 0
    outer loop
      vertex 13.9316 25.8801 6
      vertex 14.8581 27.392 0
      vertex 14.8581 27.392 6
    endloop
  endfacet
  facet normal 0.852639 -0.522501 0
    outer loop
      vertex 14.8581 27.392 0
      vertex 13.9316 25.8801 6
      vertex 13.9316 25.8801 0
    endloop
  endfacet
  facet normal -0.760394 -0.649462 0
    outer loop
      vertex 33.1419 27.392 0
      vertex 31.9903 28.7403 6
      vertex 31.9903 28.7403 0
    endloop
  endfacet
  facet normal -0.760394 -0.649462 0
    outer loop
      vertex 31.9903 28.7403 6
      vertex 33.1419 27.392 0
      vertex 33.1419 27.392 6
    endloop
  endfacet
  facet normal 0.649462 0.760394 -0
    outer loop
      vertex 17.358 11.6081 0
      vertex 16.0097 12.7597 6
      vertex 17.358 11.6081 6
    endloop
  endfacet
  facet normal 0.649462 0.760394 0
    outer loop
      vertex 16.0097 12.7597 6
      vertex 17.358 11.6081 0
      vertex 16.0097 12.7597 0
    endloop
  endfacet
  facet normal 0.382652 0.923892 -0
    outer loop
      vertex 20.5081 10.0031 0
      vertex 18.8699 10.6816 6
      vertex 20.5081 10.0031 6
    endloop
  endfacet
  facet normal 0.382652 0.923892 0
    outer loop
      vertex 18.8699 10.6816 6
      vertex 20.5081 10.0031 0
      vertex 18.8699 10.6816 0
    endloop
  endfacet
  facet normal 0.760394 0.649462 0
    outer loop
      vertex 16.0097 12.7597 6
      vertex 14.8581 14.108 0
      vertex 14.8581 14.108 6
    endloop
  endfacet
  facet normal 0.760394 0.649462 0
    outer loop
      vertex 14.8581 14.108 0
      vertex 16.0097 12.7597 6
      vertex 16.0097 12.7597 0
    endloop
  endfacet
  facet normal -0.852639 -0.522501 0
    outer loop
      vertex 34.0684 25.8801 0
      vertex 33.1419 27.392 6
      vertex 33.1419 27.392 0
    endloop
  endfacet
  facet normal -0.852639 -0.522501 0
    outer loop
      vertex 33.1419 27.392 6
      vertex 34.0684 25.8801 0
      vertex 34.0684 25.8801 6
    endloop
  endfacet
  facet normal 0.0784473 -0.996918 0
    outer loop
      vertex 22.2323 31.9109 0
      vertex 24 32.05 6
      vertex 22.2323 31.9109 6
    endloop
  endfacet
  facet normal 0.0784473 -0.996918 0
    outer loop
      vertex 24 32.05 6
      vertex 22.2323 31.9109 0
      vertex 24 32.05 0
    endloop
  endfacet
  facet normal -0.996918 0.0784473 0
    outer loop
      vertex 35.1609 18.9823 0
      vertex 35.3 20.75 6
      vertex 35.3 20.75 0
    endloop
  endfacet
  facet normal -0.996918 0.0784473 0
    outer loop
      vertex 35.3 20.75 6
      vertex 35.1609 18.9823 0
      vertex 35.1609 18.9823 6
    endloop
  endfacet
  facet normal 0.522501 0.852639 -0
    outer loop
      vertex 18.8699 10.6816 0
      vertex 17.358 11.6081 6
      vertex 18.8699 10.6816 6
    endloop
  endfacet
  facet normal 0.522501 0.852639 0
    outer loop
      vertex 17.358 11.6081 6
      vertex 18.8699 10.6816 0
      vertex 17.358 11.6081 0
    endloop
  endfacet
  facet normal 0.233465 0.972365 -0
    outer loop
      vertex 22.2323 9.58912 0
      vertex 20.5081 10.0031 6
      vertex 22.2323 9.58912 6
    endloop
  endfacet
  facet normal 0.233465 0.972365 0
    outer loop
      vertex 20.5081 10.0031 6
      vertex 22.2323 9.58912 0
      vertex 20.5081 10.0031 0
    endloop
  endfacet
  facet normal 0.996918 0.0784473 0
    outer loop
      vertex 12.8391 18.9823 6
      vertex 12.7 20.75 0
      vertex 12.7 20.75 6
    endloop
  endfacet
  facet normal 0.996918 0.0784473 0
    outer loop
      vertex 12.7 20.75 0
      vertex 12.8391 18.9823 6
      vertex 12.8391 18.9823 0
    endloop
  endfacet
  facet normal 0.852639 0.522501 0
    outer loop
      vertex 14.8581 14.108 6
      vertex 13.9316 15.6199 0
      vertex 13.9316 15.6199 6
    endloop
  endfacet
  facet normal 0.852639 0.522501 0
    outer loop
      vertex 13.9316 15.6199 0
      vertex 14.8581 14.108 6
      vertex 14.8581 14.108 0
    endloop
  endfacet
endsolid OpenSCAD_Model
