solid OpenSCAD_Model
  facet normal 1 -0 0
    outer loop
      vertex 34 29 5
      vertex 34 31 0
      vertex 34 31 5
    endloop
  endfacet
  facet normal 1 0 0
    outer loop
      vertex 34 31 0
      vertex 34 29 5
      vertex 34 29 0
    endloop
  endfacet
  facet normal 1 -0 0
    outer loop
      vertex 34 0 5
      vertex 34 11 0
      vertex 34 11 5
    endloop
  endfacet
  facet normal 1 0 0
    outer loop
      vertex 34 11 0
      vertex 34 0 5
      vertex 34 0 0
    endloop
  endfacet
  facet normal -0 0 1
    outer loop
      vertex 6.99722 20.3511 5
      vertex 14.65 11 5
      vertex 7.07415 20.6715 5
    endloop
  endfacet
  facet normal 0 0 1
    outer loop
      vertex 14.65 11 5
      vertex 7.07415 11.3285 5
      vertex 7.1 11 5
    endloop
  endfacet
  facet normal -0 0 1
    outer loop
      vertex 6.87111 20.0466 5
      vertex 14.65 11 5
      vertex 6.99722 20.3511 5
    endloop
  endfacet
  facet normal 0 0 1
    outer loop
      vertex 14.65 11 5
      vertex 6.99722 11.6489 5
      vertex 7.07415 11.3285 5
    endloop
  endfacet
  facet normal -0 0 1
    outer loop
      vertex 6.69894 19.7657 5
      vertex 14.65 11 5
      vertex 6.87111 20.0466 5
    endloop
  endfacet
  facet normal 0 0 1
    outer loop
      vertex 14.65 11 5
      vertex 6.87111 11.9534 5
      vertex 6.99722 11.6489 5
    endloop
  endfacet
  facet normal -0 0 1
    outer loop
      vertex 6.69894 12.2343 5
      vertex 14.65 11 5
      vertex 6.69894 19.7657 5
    endloop
  endfacet
  facet normal 0 0 1
    outer loop
      vertex 14.65 11 5
      vertex 6.69894 12.2343 5
      vertex 6.87111 11.9534 5
    endloop
  endfacet
  facet normal -0 0 1
    outer loop
      vertex 6.48492 19.5151 5
      vertex 6.69894 12.2343 5
      vertex 6.69894 19.7657 5
    endloop
  endfacet
  facet normal 0 0 1
    outer loop
      vertex 6.48492 19.5151 5
      vertex 6.48492 12.4849 5
      vertex 6.69894 12.2343 5
    endloop
  endfacet
  facet normal -0 0 1
    outer loop
      vertex 6.23435 19.3011 5
      vertex 6.48492 12.4849 5
      vertex 6.48492 19.5151 5
    endloop
  endfacet
  facet normal 0 0 1
    outer loop
      vertex 6.23435 19.3011 5
      vertex 6.23435 12.6989 5
      vertex 6.48492 12.4849 5
    endloop
  endfacet
  facet normal -0 0 1
    outer loop
      vertex 5.95338 19.1289 5
      vertex 6.23435 12.6989 5
      vertex 6.23435 19.3011 5
    endloop
  endfacet
  facet normal 0 0 1
    outer loop
      vertex 5.95338 19.1289 5
      vertex 5.95338 12.8711 5
      vertex 6.23435 12.6989 5
    endloop
  endfacet
  facet normal -0 0 1
    outer loop
      vertex 5.64894 19.0028 5
      vertex 5.95338 12.8711 5
      vertex 5.95338 19.1289 5
    endloop
  endfacet
  facet normal 0 0 1
    outer loop
      vertex 5.64894 19.0028 5
      vertex 5.64894 12.9972 5
      vertex 5.95338 12.8711 5
    endloop
  endfacet
  facet normal -0 0 1
    outer loop
      vertex 5.32851 18.9259 5
      vertex 5.64894 12.9972 5
      vertex 5.64894 19.0028 5
    endloop
  endfacet
  facet normal 0 0 1
    outer loop
      vertex 5.32851 18.9259 5
      vertex 5.32851 13.0741 5
      vertex 5.64894 12.9972 5
    endloop
  endfacet
  facet normal -0 0 1
    outer loop
      vertex 5 18.9 5
      vertex 5.32851 13.0741 5
      vertex 5.32851 18.9259 5
    endloop
  endfacet
  facet normal 0 0 1
    outer loop
      vertex 5 18.9 5
      vertex 5 13.1 5
      vertex 5.32851 13.0741 5
    endloop
  endfacet
  facet normal 0 0 1
    outer loop
      vertex 4.67149 18.9259 5
      vertex 5 13.1 5
      vertex 5 18.9 5
    endloop
  endfacet
  facet normal 0 0 1
    outer loop
      vertex 4.67149 18.9259 5
      vertex 4.67149 13.0741 5
      vertex 5 13.1 5
    endloop
  endfacet
  facet normal 0 0 1
    outer loop
      vertex 4.35106 19.0028 5
      vertex 4.67149 13.0741 5
      vertex 4.67149 18.9259 5
    endloop
  endfacet
  facet normal 0 0 1
    outer loop
      vertex 4.35106 19.0028 5
      vertex 4.35106 12.9972 5
      vertex 4.67149 13.0741 5
    endloop
  endfacet
  facet normal 0 0 1
    outer loop
      vertex 4.04662 19.1289 5
      vertex 4.35106 12.9972 5
      vertex 4.35106 19.0028 5
    endloop
  endfacet
  facet normal 0 0 1
    outer loop
      vertex 4.04662 19.1289 5
      vertex 4.04662 12.8711 5
      vertex 4.35106 12.9972 5
    endloop
  endfacet
  facet normal 0 0 1
    outer loop
      vertex 3.76565 19.3011 5
      vertex 4.04662 12.8711 5
      vertex 4.04662 19.1289 5
    endloop
  endfacet
  facet normal 0 0 1
    outer loop
      vertex 3.76565 19.3011 5
      vertex 3.76565 12.6989 5
      vertex 4.04662 12.8711 5
    endloop
  endfacet
  facet normal 0 0 1
    outer loop
      vertex 3.51508 19.5151 5
      vertex 3.76565 12.6989 5
      vertex 3.76565 19.3011 5
    endloop
  endfacet
  facet normal 0 0 1
    outer loop
      vertex 3.51508 19.5151 5
      vertex 3.51508 12.4849 5
      vertex 3.76565 12.6989 5
    endloop
  endfacet
  facet normal 0 0 1
    outer loop
      vertex 3.30106 19.7657 5
      vertex 3.51508 12.4849 5
      vertex 3.51508 19.5151 5
    endloop
  endfacet
  facet normal 0 0 1
    outer loop
      vertex 3.30106 19.7657 5
      vertex 3.30106 12.2343 5
      vertex 3.51508 12.4849 5
    endloop
  endfacet
  facet normal 0 0 1
    outer loop
      vertex 3.12889 20.0466 5
      vertex 3.30106 12.2343 5
      vertex 3.30106 19.7657 5
    endloop
  endfacet
  facet normal 0 0 1
    outer loop
      vertex 3.12889 20.0466 5
      vertex 3.12889 11.9534 5
      vertex 3.30106 12.2343 5
    endloop
  endfacet
  facet normal 0 0 1
    outer loop
      vertex 3.00278 20.3511 5
      vertex 3.12889 11.9534 5
      vertex 3.12889 20.0466 5
    endloop
  endfacet
  facet normal 0 0 1
    outer loop
      vertex 3.00278 20.3511 5
      vertex 3.00278 11.6489 5
      vertex 3.12889 11.9534 5
    endloop
  endfacet
  facet normal 0 0 1
    outer loop
      vertex 2.92585 20.6715 5
      vertex 3.00278 11.6489 5
      vertex 3.00278 20.3511 5
    endloop
  endfacet
  facet normal 0 0 1
    outer loop
      vertex 2.92585 20.6715 5
      vertex 2.92585 11.3285 5
      vertex 3.00278 11.6489 5
    endloop
  endfacet
  facet normal 0 0 1
    outer loop
      vertex 0 31 5
      vertex 2.92585 20.6715 5
      vertex 2.9 21 5
    endloop
  endfacet
  facet normal 0 0 1
    outer loop
      vertex 2.92585 20.6715 5
      vertex 0 31 5
      vertex 2.92585 11.3285 5
    endloop
  endfacet
  facet normal 0 0 1
    outer loop
      vertex 34 31 5
      vertex 33.25 29 5
      vertex 34 29 5
    endloop
  endfacet
  facet normal 0 0 1
    outer loop
      vertex 33.25 29 5
      vertex 21.75 29 5
      vertex 33.25 11 5
    endloop
  endfacet
  facet normal 0 0 1
    outer loop
      vertex 34 31 5
      vertex 21.75 29 5
      vertex 33.25 29 5
    endloop
  endfacet
  facet normal 0 0 1
    outer loop
      vertex 34 31 5
      vertex 14.65 29 5
      vertex 21.75 29 5
    endloop
  endfacet
  facet normal 0 0 1
    outer loop
      vertex 7.1 21 5
      vertex 14.65 29 5
      vertex 7.1 27 5
    endloop
  endfacet
  facet normal 0 0 1
    outer loop
      vertex 14.65 29 5
      vertex 7.07415 27.3285 5
      vertex 7.1 27 5
    endloop
  endfacet
  facet normal 0 0 1
    outer loop
      vertex 14.65 29 5
      vertex 6.99722 27.6489 5
      vertex 7.07415 27.3285 5
    endloop
  endfacet
  facet normal 0 0 1
    outer loop
      vertex 14.65 29 5
      vertex 6.87111 27.9534 5
      vertex 6.99722 27.6489 5
    endloop
  endfacet
  facet normal 0 0 1
    outer loop
      vertex 14.65 29 5
      vertex 6.69894 28.2343 5
      vertex 6.87111 27.9534 5
    endloop
  endfacet
  facet normal -0 0 1
    outer loop
      vertex 0 31 5
      vertex 14.65 29 5
      vertex 34 31 5
    endloop
  endfacet
  facet normal 0 0 1
    outer loop
      vertex 14.65 29 5
      vertex 6.48492 28.4849 5
      vertex 6.69894 28.2343 5
    endloop
  endfacet
  facet normal 0 0 1
    outer loop
      vertex 14.65 29 5
      vertex 6.23435 28.6989 5
      vertex 6.48492 28.4849 5
    endloop
  endfacet
  facet normal 0 0 1
    outer loop
      vertex 14.65 29 5
      vertex 5.95338 28.8711 5
      vertex 6.23435 28.6989 5
    endloop
  endfacet
  facet normal 0 0 1
    outer loop
      vertex 14.65 29 5
      vertex 5.64894 28.9972 5
      vertex 5.95338 28.8711 5
    endloop
  endfacet
  facet normal -0 -0 1
    outer loop
      vertex 5.32851 29.0741 5
      vertex 14.65 29 5
      vertex 0 31 5
    endloop
  endfacet
  facet normal 0 0 1
    outer loop
      vertex 14.65 29 5
      vertex 5.32851 29.0741 5
      vertex 5.64894 28.9972 5
    endloop
  endfacet
  facet normal 0 0 1
    outer loop
      vertex 0 31 5
      vertex 2.9 21 5
      vertex 2.9 27 5
    endloop
  endfacet
  facet normal 0 0 1
    outer loop
      vertex 0 0 5
      vertex 2.92585 11.3285 5
      vertex 0 31 5
    endloop
  endfacet
  facet normal 0 0 1
    outer loop
      vertex 2.92585 11.3285 5
      vertex 0 0 5
      vertex 2.9 11 5
    endloop
  endfacet
  facet normal 0 0 1
    outer loop
      vertex 2.92585 27.3285 5
      vertex 0 31 5
      vertex 2.9 27 5
    endloop
  endfacet
  facet normal 0 0 1
    outer loop
      vertex 3.00278 27.6489 5
      vertex 0 31 5
      vertex 2.92585 27.3285 5
    endloop
  endfacet
  facet normal 0 0 1
    outer loop
      vertex 3.12889 27.9534 5
      vertex 0 31 5
      vertex 3.00278 27.6489 5
    endloop
  endfacet
  facet normal 0 0 1
    outer loop
      vertex 3.30106 28.2343 5
      vertex 0 31 5
      vertex 3.12889 27.9534 5
    endloop
  endfacet
  facet normal 0 0 1
    outer loop
      vertex 3.51508 28.4849 5
      vertex 0 31 5
      vertex 3.30106 28.2343 5
    endloop
  endfacet
  facet normal 0 0 1
    outer loop
      vertex 3.76565 28.6989 5
      vertex 0 31 5
      vertex 3.51508 28.4849 5
    endloop
  endfacet
  facet normal 0 0 1
    outer loop
      vertex 4.04662 28.8711 5
      vertex 0 31 5
      vertex 3.76565 28.6989 5
    endloop
  endfacet
  facet normal 0 0 1
    outer loop
      vertex 4.35106 28.9972 5
      vertex 0 31 5
      vertex 4.04662 28.8711 5
    endloop
  endfacet
  facet normal 0 0 1
    outer loop
      vertex 4.67149 29.0741 5
      vertex 0 31 5
      vertex 4.35106 28.9972 5
    endloop
  endfacet
  facet normal 0 0 1
    outer loop
      vertex 5 29.1 5
      vertex 0 31 5
      vertex 4.67149 29.0741 5
    endloop
  endfacet
  facet normal 0 0 1
    outer loop
      vertex 5.32851 29.0741 5
      vertex 0 31 5
      vertex 5 29.1 5
    endloop
  endfacet
  facet normal -0 0 1
    outer loop
      vertex 33.25 11 5
      vertex 34 0 5
      vertex 34 11 5
    endloop
  endfacet
  facet normal 0 0 1
    outer loop
      vertex 21.75 11 5
      vertex 33.25 11 5
      vertex 21.75 29 5
    endloop
  endfacet
  facet normal 0 0 1
    outer loop
      vertex 33.25 11 5
      vertex 21.75 11 5
      vertex 34 0 5
    endloop
  endfacet
  facet normal 0 0 1
    outer loop
      vertex 6.87111 4.04662 5
      vertex 21.75 11 5
      vertex 14.65 11 5
    endloop
  endfacet
  facet normal 0 0 1
    outer loop
      vertex 7.07415 20.6715 5
      vertex 14.65 29 5
      vertex 7.1 21 5
    endloop
  endfacet
  facet normal 0 0 1
    outer loop
      vertex 14.65 29 5
      vertex 7.07415 20.6715 5
      vertex 14.65 11 5
    endloop
  endfacet
  facet normal 0 0 1
    outer loop
      vertex 7.1 5 5
      vertex 14.65 11 5
      vertex 7.1 11 5
    endloop
  endfacet
  facet normal 0 0 1
    outer loop
      vertex 7.07415 4.67149 5
      vertex 14.65 11 5
      vertex 7.1 5 5
    endloop
  endfacet
  facet normal 0 0 1
    outer loop
      vertex 6.99722 4.35106 5
      vertex 14.65 11 5
      vertex 7.07415 4.67149 5
    endloop
  endfacet
  facet normal 0 0 1
    outer loop
      vertex 6.87111 4.04662 5
      vertex 14.65 11 5
      vertex 6.99722 4.35106 5
    endloop
  endfacet
  facet normal 0 0 1
    outer loop
      vertex 21.75 11 5
      vertex 6.87111 4.04662 5
      vertex 34 0 5
    endloop
  endfacet
  facet normal -0 0 1
    outer loop
      vertex 6.69894 3.76565 5
      vertex 34 0 5
      vertex 6.87111 4.04662 5
    endloop
  endfacet
  facet normal -0 0 1
    outer loop
      vertex 6.48492 3.51508 5
      vertex 34 0 5
      vertex 6.69894 3.76565 5
    endloop
  endfacet
  facet normal -0 0 1
    outer loop
      vertex 6.23435 3.30106 5
      vertex 34 0 5
      vertex 6.48492 3.51508 5
    endloop
  endfacet
  facet normal -0 0 1
    outer loop
      vertex 5.95338 3.12889 5
      vertex 34 0 5
      vertex 6.23435 3.30106 5
    endloop
  endfacet
  facet normal -0 0 1
    outer loop
      vertex 5.64894 3.00278 5
      vertex 34 0 5
      vertex 5.95338 3.12889 5
    endloop
  endfacet
  facet normal 0 0 1
    outer loop
      vertex 0 0 5
      vertex 5.64894 3.00278 5
      vertex 5.32851 2.92585 5
    endloop
  endfacet
  facet normal 0 0 1
    outer loop
      vertex 0 0 5
      vertex 5.32851 2.92585 5
      vertex 5 2.9 5
    endloop
  endfacet
  facet normal 0 0 1
    outer loop
      vertex 0 0 5
      vertex 5 2.9 5
      vertex 4.67149 2.92585 5
    endloop
  endfacet
  facet normal 0 0 1
    outer loop
      vertex 2.9 11 5
      vertex 0 0 5
      vertex 2.9 5 5
    endloop
  endfacet
  facet normal 0 0 1
    outer loop
      vertex 5.64894 3.00278 5
      vertex 0 0 5
      vertex 34 0 5
    endloop
  endfacet
  facet normal 0 0 1
    outer loop
      vertex 4.35106 3.00278 5
      vertex 0 0 5
      vertex 4.67149 2.92585 5
    endloop
  endfacet
  facet normal 0 0 1
    outer loop
      vertex 4.04662 3.12889 5
      vertex 0 0 5
      vertex 4.35106 3.00278 5
    endloop
  endfacet
  facet normal 0 0 1
    outer loop
      vertex 3.76565 3.30106 5
      vertex 0 0 5
      vertex 4.04662 3.12889 5
    endloop
  endfacet
  facet normal 0 0 1
    outer loop
      vertex 3.51508 3.51508 5
      vertex 0 0 5
      vertex 3.76565 3.30106 5
    endloop
  endfacet
  facet normal 0 0 1
    outer loop
      vertex 3.30106 3.76565 5
      vertex 0 0 5
      vertex 3.51508 3.51508 5
    endloop
  endfacet
  facet normal 0 0 1
    outer loop
      vertex 3.12889 4.04662 5
      vertex 0 0 5
      vertex 3.30106 3.76565 5
    endloop
  endfacet
  facet normal 0 0 1
    outer loop
      vertex 3.00278 4.35106 5
      vertex 0 0 5
      vertex 3.12889 4.04662 5
    endloop
  endfacet
  facet normal 0 0 1
    outer loop
      vertex 2.92585 4.67149 5
      vertex 0 0 5
      vertex 3.00278 4.35106 5
    endloop
  endfacet
  facet normal 0 0 1
    outer loop
      vertex 2.9 5 5
      vertex 0 0 5
      vertex 2.92585 4.67149 5
    endloop
  endfacet
  facet normal 0 0 -1
    outer loop
      vertex 6.99722 11.6489 0
      vertex 34 11 0
      vertex 7.07415 11.3285 0
    endloop
  endfacet
  facet normal 0 0 -1
    outer loop
      vertex 34 11 0
      vertex 7.07415 20.6715 0
      vertex 7.1 21 0
    endloop
  endfacet
  facet normal 0 0 -1
    outer loop
      vertex 6.99722 20.3511 0
      vertex 34 11 0
      vertex 6.99722 11.6489 0
    endloop
  endfacet
  facet normal 0 0 -1
    outer loop
      vertex 34 11 0
      vertex 6.99722 20.3511 0
      vertex 7.07415 20.6715 0
    endloop
  endfacet
  facet normal 0 0 -1
    outer loop
      vertex 6.87111 11.9534 0
      vertex 6.99722 20.3511 0
      vertex 6.99722 11.6489 0
    endloop
  endfacet
  facet normal 0 0 -1
    outer loop
      vertex 6.87111 11.9534 0
      vertex 6.87111 20.0466 0
      vertex 6.99722 20.3511 0
    endloop
  endfacet
  facet normal 0 0 -1
    outer loop
      vertex 6.69894 12.2343 0
      vertex 6.87111 20.0466 0
      vertex 6.87111 11.9534 0
    endloop
  endfacet
  facet normal 0 0 -1
    outer loop
      vertex 6.69894 12.2343 0
      vertex 6.69894 19.7657 0
      vertex 6.87111 20.0466 0
    endloop
  endfacet
  facet normal 0 0 -1
    outer loop
      vertex 6.48492 12.4849 0
      vertex 6.69894 19.7657 0
      vertex 6.69894 12.2343 0
    endloop
  endfacet
  facet normal 0 0 -1
    outer loop
      vertex 6.48492 12.4849 0
      vertex 6.48492 19.5151 0
      vertex 6.69894 19.7657 0
    endloop
  endfacet
  facet normal 0 0 -1
    outer loop
      vertex 6.23435 12.6989 0
      vertex 6.48492 19.5151 0
      vertex 6.48492 12.4849 0
    endloop
  endfacet
  facet normal 0 0 -1
    outer loop
      vertex 6.23435 12.6989 0
      vertex 6.23435 19.3011 0
      vertex 6.48492 19.5151 0
    endloop
  endfacet
  facet normal 0 0 -1
    outer loop
      vertex 5.95338 12.8711 0
      vertex 6.23435 19.3011 0
      vertex 6.23435 12.6989 0
    endloop
  endfacet
  facet normal 0 0 -1
    outer loop
      vertex 5.95338 12.8711 0
      vertex 5.95338 19.1289 0
      vertex 6.23435 19.3011 0
    endloop
  endfacet
  facet normal 0 0 -1
    outer loop
      vertex 5.64894 12.9972 0
      vertex 5.95338 19.1289 0
      vertex 5.95338 12.8711 0
    endloop
  endfacet
  facet normal 0 0 -1
    outer loop
      vertex 5.64894 12.9972 0
      vertex 5.64894 19.0028 0
      vertex 5.95338 19.1289 0
    endloop
  endfacet
  facet normal 0 0 -1
    outer loop
      vertex 5.32851 13.0741 0
      vertex 5.64894 19.0028 0
      vertex 5.64894 12.9972 0
    endloop
  endfacet
  facet normal 0 0 -1
    outer loop
      vertex 5.32851 13.0741 0
      vertex 5.32851 18.9259 0
      vertex 5.64894 19.0028 0
    endloop
  endfacet
  facet normal 0 0 -1
    outer loop
      vertex 5 13.1 0
      vertex 5.32851 18.9259 0
      vertex 5.32851 13.0741 0
    endloop
  endfacet
  facet normal 0 0 -1
    outer loop
      vertex 5 13.1 0
      vertex 5 18.9 0
      vertex 5.32851 18.9259 0
    endloop
  endfacet
  facet normal 0 0 -1
    outer loop
      vertex 4.67149 13.0741 0
      vertex 5 18.9 0
      vertex 5 13.1 0
    endloop
  endfacet
  facet normal 0 0 -1
    outer loop
      vertex 4.67149 13.0741 0
      vertex 4.67149 18.9259 0
      vertex 5 18.9 0
    endloop
  endfacet
  facet normal 0 0 -1
    outer loop
      vertex 4.35106 12.9972 0
      vertex 4.67149 18.9259 0
      vertex 4.67149 13.0741 0
    endloop
  endfacet
  facet normal 0 0 -1
    outer loop
      vertex 4.35106 12.9972 0
      vertex 4.35106 19.0028 0
      vertex 4.67149 18.9259 0
    endloop
  endfacet
  facet normal 0 0 -1
    outer loop
      vertex 4.04662 12.8711 0
      vertex 4.35106 19.0028 0
      vertex 4.35106 12.9972 0
    endloop
  endfacet
  facet normal 0 0 -1
    outer loop
      vertex 4.04662 12.8711 0
      vertex 4.04662 19.1289 0
      vertex 4.35106 19.0028 0
    endloop
  endfacet
  facet normal 0 0 -1
    outer loop
      vertex 3.76565 12.6989 0
      vertex 4.04662 19.1289 0
      vertex 4.04662 12.8711 0
    endloop
  endfacet
  facet normal 0 0 -1
    outer loop
      vertex 3.76565 12.6989 0
      vertex 3.76565 19.3011 0
      vertex 4.04662 19.1289 0
    endloop
  endfacet
  facet normal 0 0 -1
    outer loop
      vertex 3.51508 12.4849 0
      vertex 3.76565 19.3011 0
      vertex 3.76565 12.6989 0
    endloop
  endfacet
  facet normal 0 0 -1
    outer loop
      vertex 3.51508 12.4849 0
      vertex 3.51508 19.5151 0
      vertex 3.76565 19.3011 0
    endloop
  endfacet
  facet normal 0 0 -1
    outer loop
      vertex 3.30106 12.2343 0
      vertex 3.51508 19.5151 0
      vertex 3.51508 12.4849 0
    endloop
  endfacet
  facet normal 0 0 -1
    outer loop
      vertex 3.30106 12.2343 0
      vertex 3.30106 19.7657 0
      vertex 3.51508 19.5151 0
    endloop
  endfacet
  facet normal 0 0 -1
    outer loop
      vertex 3.12889 11.9534 0
      vertex 3.30106 19.7657 0
      vertex 3.30106 12.2343 0
    endloop
  endfacet
  facet normal 0 0 -1
    outer loop
      vertex 3.12889 11.9534 0
      vertex 3.12889 20.0466 0
      vertex 3.30106 19.7657 0
    endloop
  endfacet
  facet normal 0 0 -1
    outer loop
      vertex 3.00278 11.6489 0
      vertex 3.12889 20.0466 0
      vertex 3.12889 11.9534 0
    endloop
  endfacet
  facet normal 0 0 -1
    outer loop
      vertex 3.00278 11.6489 0
      vertex 3.00278 20.3511 0
      vertex 3.12889 20.0466 0
    endloop
  endfacet
  facet normal 0 0 -1
    outer loop
      vertex 2.92585 11.3285 0
      vertex 3.00278 20.3511 0
      vertex 3.00278 11.6489 0
    endloop
  endfacet
  facet normal 0 0 -1
    outer loop
      vertex 2.92585 11.3285 0
      vertex 2.92585 20.6715 0
      vertex 3.00278 20.3511 0
    endloop
  endfacet
  facet normal 0 0 -1
    outer loop
      vertex 0 0 0
      vertex 2.92585 11.3285 0
      vertex 2.9 11 0
    endloop
  endfacet
  facet normal 0 0 -1
    outer loop
      vertex 2.92585 11.3285 0
      vertex 0 31 0
      vertex 2.92585 20.6715 0
    endloop
  endfacet
  facet normal 0 0 -1
    outer loop
      vertex 7.1 5 0
      vertex 34 11 0
      vertex 34 0 0
    endloop
  endfacet
  facet normal 0 0 -1
    outer loop
      vertex 7.07415 11.3285 0
      vertex 34 11 0
      vertex 7.1 11 0
    endloop
  endfacet
  facet normal -0 0 -1
    outer loop
      vertex 34 11 0
      vertex 7.1 5 0
      vertex 7.1 11 0
    endloop
  endfacet
  facet normal 0 0 -1
    outer loop
      vertex 34 0 0
      vertex 7.07415 4.67149 0
      vertex 7.1 5 0
    endloop
  endfacet
  facet normal 0 0 -1
    outer loop
      vertex 34 0 0
      vertex 6.99722 4.35106 0
      vertex 7.07415 4.67149 0
    endloop
  endfacet
  facet normal 0 0 -1
    outer loop
      vertex 34 0 0
      vertex 6.87111 4.04662 0
      vertex 6.99722 4.35106 0
    endloop
  endfacet
  facet normal 0 0 -1
    outer loop
      vertex 34 0 0
      vertex 6.69894 3.76565 0
      vertex 6.87111 4.04662 0
    endloop
  endfacet
  facet normal 0 0 -1
    outer loop
      vertex 34 0 0
      vertex 6.48492 3.51508 0
      vertex 6.69894 3.76565 0
    endloop
  endfacet
  facet normal 0 0 -1
    outer loop
      vertex 34 0 0
      vertex 6.23435 3.30106 0
      vertex 6.48492 3.51508 0
    endloop
  endfacet
  facet normal 0 0 -1
    outer loop
      vertex 34 0 0
      vertex 5.95338 3.12889 0
      vertex 6.23435 3.30106 0
    endloop
  endfacet
  facet normal 0 0 -1
    outer loop
      vertex 34 0 0
      vertex 5.64894 3.00278 0
      vertex 5.95338 3.12889 0
    endloop
  endfacet
  facet normal 0 0 -1
    outer loop
      vertex 0 0 0
      vertex 5.64894 3.00278 0
      vertex 34 0 0
    endloop
  endfacet
  facet normal 0 0 -1
    outer loop
      vertex 5.64894 3.00278 0
      vertex 0 0 0
      vertex 5.32851 2.92585 0
    endloop
  endfacet
  facet normal 0 0 -1
    outer loop
      vertex 5.32851 2.92585 0
      vertex 0 0 0
      vertex 5 2.9 0
    endloop
  endfacet
  facet normal 0 0 -1
    outer loop
      vertex 0 0 0
      vertex 2.9 11 0
      vertex 2.9 5 0
    endloop
  endfacet
  facet normal -0 0 -1
    outer loop
      vertex 2.92585 11.3285 0
      vertex 0 0 0
      vertex 0 31 0
    endloop
  endfacet
  facet normal 0 0 -1
    outer loop
      vertex 2.92585 20.6715 0
      vertex 0 31 0
      vertex 2.9 21 0
    endloop
  endfacet
  facet normal -0 0 -1
    outer loop
      vertex 2.92585 4.67149 0
      vertex 0 0 0
      vertex 2.9 5 0
    endloop
  endfacet
  facet normal -0 0 -1
    outer loop
      vertex 3.00278 4.35106 0
      vertex 0 0 0
      vertex 2.92585 4.67149 0
    endloop
  endfacet
  facet normal -0 0 -1
    outer loop
      vertex 3.12889 4.04662 0
      vertex 0 0 0
      vertex 3.00278 4.35106 0
    endloop
  endfacet
  facet normal -0 0 -1
    outer loop
      vertex 3.30106 3.76565 0
      vertex 0 0 0
      vertex 3.12889 4.04662 0
    endloop
  endfacet
  facet normal -0 0 -1
    outer loop
      vertex 3.51508 3.51508 0
      vertex 0 0 0
      vertex 3.30106 3.76565 0
    endloop
  endfacet
  facet normal -0 0 -1
    outer loop
      vertex 3.76565 3.30106 0
      vertex 0 0 0
      vertex 3.51508 3.51508 0
    endloop
  endfacet
  facet normal -0 0 -1
    outer loop
      vertex 4.04662 3.12889 0
      vertex 0 0 0
      vertex 3.76565 3.30106 0
    endloop
  endfacet
  facet normal -0 0 -1
    outer loop
      vertex 4.35106 3.00278 0
      vertex 0 0 0
      vertex 4.04662 3.12889 0
    endloop
  endfacet
  facet normal -0 0 -1
    outer loop
      vertex 4.67149 2.92585 0
      vertex 0 0 0
      vertex 4.35106 3.00278 0
    endloop
  endfacet
  facet normal -0 0 -1
    outer loop
      vertex 5 2.9 0
      vertex 0 0 0
      vertex 4.67149 2.92585 0
    endloop
  endfacet
  facet normal 0 0 -1
    outer loop
      vertex 34 11 0
      vertex 36.5 29 0
      vertex 36.5 11 0
    endloop
  endfacet
  facet normal -0 0 -1
    outer loop
      vertex 36.5 29 0
      vertex 34 11 0
      vertex 34 29 0
    endloop
  endfacet
  facet normal 0 0 -1
    outer loop
      vertex 34 11 0
      vertex 7.1 21 0
      vertex 34 29 0
    endloop
  endfacet
  facet normal 0 0 -1
    outer loop
      vertex 7.1 27 0
      vertex 34 29 0
      vertex 7.1 21 0
    endloop
  endfacet
  facet normal 0 0 -1
    outer loop
      vertex 7.07415 27.3285 0
      vertex 34 29 0
      vertex 7.1 27 0
    endloop
  endfacet
  facet normal -0 0 -1
    outer loop
      vertex 34 29 0
      vertex 7.07415 27.3285 0
      vertex 34 31 0
    endloop
  endfacet
  facet normal 0 0 -1
    outer loop
      vertex 6.99722 27.6489 0
      vertex 34 31 0
      vertex 7.07415 27.3285 0
    endloop
  endfacet
  facet normal 0 0 -1
    outer loop
      vertex 6.87111 27.9534 0
      vertex 34 31 0
      vertex 6.99722 27.6489 0
    endloop
  endfacet
  facet normal 0 0 -1
    outer loop
      vertex 6.69894 28.2343 0
      vertex 34 31 0
      vertex 6.87111 27.9534 0
    endloop
  endfacet
  facet normal 0 0 -1
    outer loop
      vertex 6.48492 28.4849 0
      vertex 34 31 0
      vertex 6.69894 28.2343 0
    endloop
  endfacet
  facet normal 0 0 -1
    outer loop
      vertex 6.23435 28.6989 0
      vertex 34 31 0
      vertex 6.48492 28.4849 0
    endloop
  endfacet
  facet normal 0 0 -1
    outer loop
      vertex 5.95338 28.8711 0
      vertex 34 31 0
      vertex 6.23435 28.6989 0
    endloop
  endfacet
  facet normal 0 0 -1
    outer loop
      vertex 5.64894 28.9972 0
      vertex 34 31 0
      vertex 5.95338 28.8711 0
    endloop
  endfacet
  facet normal 0 0 -1
    outer loop
      vertex 0 31 0
      vertex 5.64894 28.9972 0
      vertex 5.32851 29.0741 0
    endloop
  endfacet
  facet normal 0 0 -1
    outer loop
      vertex 0 31 0
      vertex 5.32851 29.0741 0
      vertex 5 29.1 0
    endloop
  endfacet
  facet normal 0 0 -1
    outer loop
      vertex 2.9 21 0
      vertex 0 31 0
      vertex 2.9 27 0
    endloop
  endfacet
  facet normal 0 0 -1
    outer loop
      vertex 5.64894 28.9972 0
      vertex 0 31 0
      vertex 34 31 0
    endloop
  endfacet
  facet normal 0 0 -1
    outer loop
      vertex 4.67149 29.0741 0
      vertex 0 31 0
      vertex 5 29.1 0
    endloop
  endfacet
  facet normal 0 0 -1
    outer loop
      vertex 4.35106 28.9972 0
      vertex 0 31 0
      vertex 4.67149 29.0741 0
    endloop
  endfacet
  facet normal 0 0 -1
    outer loop
      vertex 4.04662 28.8711 0
      vertex 0 31 0
      vertex 4.35106 28.9972 0
    endloop
  endfacet
  facet normal 0 0 -1
    outer loop
      vertex 3.76565 28.6989 0
      vertex 0 31 0
      vertex 4.04662 28.8711 0
    endloop
  endfacet
  facet normal 0 0 -1
    outer loop
      vertex 3.51508 28.4849 0
      vertex 0 31 0
      vertex 3.76565 28.6989 0
    endloop
  endfacet
  facet normal 0 0 -1
    outer loop
      vertex 3.30106 28.2343 0
      vertex 0 31 0
      vertex 3.51508 28.4849 0
    endloop
  endfacet
  facet normal 0 0 -1
    outer loop
      vertex 3.12889 27.9534 0
      vertex 0 31 0
      vertex 3.30106 28.2343 0
    endloop
  endfacet
  facet normal 0 0 -1
    outer loop
      vertex 3.00278 27.6489 0
      vertex 0 31 0
      vertex 3.12889 27.9534 0
    endloop
  endfacet
  facet normal 0 0 -1
    outer loop
      vertex 2.92585 27.3285 0
      vertex 0 31 0
      vertex 3.00278 27.6489 0
    endloop
  endfacet
  facet normal 0 0 -1
    outer loop
      vertex 2.9 27 0
      vertex 0 31 0
      vertex 2.92585 27.3285 0
    endloop
  endfacet
  facet normal -1 0 0
    outer loop
      vertex 0 0 0
      vertex 0 31 5
      vertex 0 31 0
    endloop
  endfacet
  facet normal -1 -0 0
    outer loop
      vertex 0 31 5
      vertex 0 0 0
      vertex 0 0 5
    endloop
  endfacet
  facet normal 0 1 -0
    outer loop
      vertex 34 31 0
      vertex 0 31 5
      vertex 34 31 5
    endloop
  endfacet
  facet normal 0 1 0
    outer loop
      vertex 0 31 5
      vertex 34 31 0
      vertex 0 31 0
    endloop
  endfacet
  facet normal 0 -1 0
    outer loop
      vertex 0 0 0
      vertex 34 0 5
      vertex 0 0 5
    endloop
  endfacet
  facet normal 0 -1 -0
    outer loop
      vertex 34 0 5
      vertex 0 0 0
      vertex 34 0 0
    endloop
  endfacet
  facet normal 1 0 0
    outer loop
      vertex 21.75 29 30.25
      vertex 21.75 24.7688 24.25
      vertex 21.75 29 5
    endloop
  endfacet
  facet normal 1 0 0
    outer loop
      vertex 21.75 29 30.25
      vertex 21.75 22.3844 28.3799
      vertex 21.75 24.7688 24.25
    endloop
  endfacet
  facet normal 1 0 0
    outer loop
      vertex 21.75 29 30.25
      vertex 21.75 17.6156 28.3799
      vertex 21.75 22.3844 28.3799
    endloop
  endfacet
  facet normal 1 0 0
    outer loop
      vertex 21.75 17.6156 28.3799
      vertex 21.75 11 30.25
      vertex 21.75 15.2312 24.25
    endloop
  endfacet
  facet normal 1 -0 0
    outer loop
      vertex 21.75 11 30.25
      vertex 21.75 17.6156 28.3799
      vertex 21.75 29 30.25
    endloop
  endfacet
  facet normal 1 -0 0
    outer loop
      vertex 21.75 22.3844 20.1201
      vertex 21.75 29 5
      vertex 21.75 24.7688 24.25
    endloop
  endfacet
  facet normal 1 -0 0
    outer loop
      vertex 21.75 17.6156 20.1201
      vertex 21.75 29 5
      vertex 21.75 22.3844 20.1201
    endloop
  endfacet
  facet normal 1 0 0
    outer loop
      vertex 21.75 11 5
      vertex 21.75 15.2312 24.25
      vertex 21.75 11 30.25
    endloop
  endfacet
  facet normal 1 0 0
    outer loop
      vertex 21.75 17.6156 20.1201
      vertex 21.75 11 5
      vertex 21.75 29 5
    endloop
  endfacet
  facet normal 1 0 0
    outer loop
      vertex 21.75 15.2312 24.25
      vertex 21.75 11 5
      vertex 21.75 17.6156 20.1201
    endloop
  endfacet
  facet normal -0 0 1
    outer loop
      vertex 14.65 29 30.25
      vertex 21.75 11 30.25
      vertex 21.75 29 30.25
    endloop
  endfacet
  facet normal 0 0 1
    outer loop
      vertex 21.75 11 30.25
      vertex 14.65 29 30.25
      vertex 14.65 11 30.25
    endloop
  endfacet
  facet normal -1 0 0
    outer loop
      vertex 14.65 22.6154 23.4002
      vertex 14.65 29 30.25
      vertex 14.65 29 5
    endloop
  endfacet
  facet normal -1 0 0
    outer loop
      vertex 14.65 29 30.25
      vertex 14.65 22.7161 23.8198
      vertex 14.65 22.75 24.25
    endloop
  endfacet
  facet normal -1 0 0
    outer loop
      vertex 14.65 29 30.25
      vertex 14.65 22.6154 23.4002
      vertex 14.65 22.7161 23.8198
    endloop
  endfacet
  facet normal -1 0 0
    outer loop
      vertex 14.65 29 5
      vertex 14.65 22.4503 23.0015
      vertex 14.65 22.6154 23.4002
    endloop
  endfacet
  facet normal -1 0 0
    outer loop
      vertex 14.65 29 5
      vertex 14.65 22.2248 22.6336
      vertex 14.65 22.4503 23.0015
    endloop
  endfacet
  facet normal -1 0 0
    outer loop
      vertex 14.65 29 5
      vertex 14.65 21.9445 22.3055
      vertex 14.65 22.2248 22.6336
    endloop
  endfacet
  facet normal -1 0 0
    outer loop
      vertex 14.65 29 5
      vertex 14.65 21.6164 22.0252
      vertex 14.65 21.9445 22.3055
    endloop
  endfacet
  facet normal -1 0 0
    outer loop
      vertex 14.65 29 5
      vertex 14.65 21.2485 21.7997
      vertex 14.65 21.6164 22.0252
    endloop
  endfacet
  facet normal -1 0 0
    outer loop
      vertex 14.65 29 5
      vertex 14.65 20.8498 21.6346
      vertex 14.65 21.2485 21.7997
    endloop
  endfacet
  facet normal -1 0 0
    outer loop
      vertex 14.65 29 5
      vertex 14.65 20.4302 21.5339
      vertex 14.65 20.8498 21.6346
    endloop
  endfacet
  facet normal -1 0 0
    outer loop
      vertex 14.65 29 5
      vertex 14.65 20 21.5
      vertex 14.65 20.4302 21.5339
    endloop
  endfacet
  facet normal -1 0 0
    outer loop
      vertex 14.65 11 5
      vertex 14.65 20 21.5
      vertex 14.65 29 5
    endloop
  endfacet
  facet normal -1 -0 0
    outer loop
      vertex 14.65 20 21.5
      vertex 14.65 11 5
      vertex 14.65 19.5698 21.5339
    endloop
  endfacet
  facet normal -1 -0 0
    outer loop
      vertex 14.65 19.5698 21.5339
      vertex 14.65 11 5
      vertex 14.65 19.1502 21.6346
    endloop
  endfacet
  facet normal -1 -0 0
    outer loop
      vertex 14.65 19.1502 21.6346
      vertex 14.65 11 5
      vertex 14.65 18.7515 21.7997
    endloop
  endfacet
  facet normal -1 -0 0
    outer loop
      vertex 14.65 18.7515 21.7997
      vertex 14.65 11 5
      vertex 14.65 18.3836 22.0252
    endloop
  endfacet
  facet normal -1 -0 0
    outer loop
      vertex 14.65 18.3836 22.0252
      vertex 14.65 11 5
      vertex 14.65 18.0555 22.3055
    endloop
  endfacet
  facet normal -1 0 0
    outer loop
      vertex 14.65 17.3846 23.4002
      vertex 14.65 11 30.25
      vertex 14.65 17.2839 23.8198
    endloop
  endfacet
  facet normal -1 0 0
    outer loop
      vertex 14.65 11 30.25
      vertex 14.65 17.3846 23.4002
      vertex 14.65 11 5
    endloop
  endfacet
  facet normal -1 -0 0
    outer loop
      vertex 14.65 17.5497 23.0015
      vertex 14.65 11 5
      vertex 14.65 17.3846 23.4002
    endloop
  endfacet
  facet normal -1 -0 0
    outer loop
      vertex 14.65 17.7752 22.6336
      vertex 14.65 11 5
      vertex 14.65 17.5497 23.0015
    endloop
  endfacet
  facet normal -1 -0 0
    outer loop
      vertex 14.65 18.0555 22.3055
      vertex 14.65 11 5
      vertex 14.65 17.7752 22.6336
    endloop
  endfacet
  facet normal -1 0 0
    outer loop
      vertex 14.65 22.7161 24.6802
      vertex 14.65 29 30.25
      vertex 14.65 22.75 24.25
    endloop
  endfacet
  facet normal -1 0 0
    outer loop
      vertex 14.65 22.6154 25.0998
      vertex 14.65 29 30.25
      vertex 14.65 22.7161 24.6802
    endloop
  endfacet
  facet normal -1 0 0
    outer loop
      vertex 14.65 22.4503 25.4985
      vertex 14.65 29 30.25
      vertex 14.65 22.6154 25.0998
    endloop
  endfacet
  facet normal -1 0 0
    outer loop
      vertex 14.65 22.2248 25.8664
      vertex 14.65 29 30.25
      vertex 14.65 22.4503 25.4985
    endloop
  endfacet
  facet normal -1 0 0
    outer loop
      vertex 14.65 21.9445 26.1945
      vertex 14.65 29 30.25
      vertex 14.65 22.2248 25.8664
    endloop
  endfacet
  facet normal -1 0 0
    outer loop
      vertex 14.65 20.7266 27.4125
      vertex 14.65 29 30.25
      vertex 14.65 21.9445 26.1945
    endloop
  endfacet
  facet normal -1 0 0
    outer loop
      vertex 14.65 19.2734 27.4125
      vertex 14.65 29 30.25
      vertex 14.65 20.7266 27.4125
    endloop
  endfacet
  facet normal -1 0 0
    outer loop
      vertex 14.65 17.2839 23.8198
      vertex 14.65 11 30.25
      vertex 14.65 17.25 24.25
    endloop
  endfacet
  facet normal -1 0 0
    outer loop
      vertex 14.65 17.25 24.25
      vertex 14.65 11 30.25
      vertex 14.65 17.2839 24.6802
    endloop
  endfacet
  facet normal -1 0 0
    outer loop
      vertex 14.65 19.2734 27.4125
      vertex 14.65 11 30.25
      vertex 14.65 29 30.25
    endloop
  endfacet
  facet normal -1 0 0
    outer loop
      vertex 14.65 18.0555 26.1945
      vertex 14.65 11 30.25
      vertex 14.65 19.2734 27.4125
    endloop
  endfacet
  facet normal -1 0 0
    outer loop
      vertex 14.65 17.7752 25.8664
      vertex 14.65 11 30.25
      vertex 14.65 18.0555 26.1945
    endloop
  endfacet
  facet normal -1 0 0
    outer loop
      vertex 14.65 17.5497 25.4985
      vertex 14.65 11 30.25
      vertex 14.65 17.7752 25.8664
    endloop
  endfacet
  facet normal -1 0 0
    outer loop
      vertex 14.65 17.3846 25.0998
      vertex 14.65 11 30.25
      vertex 14.65 17.5497 25.4985
    endloop
  endfacet
  facet normal -1 0 0
    outer loop
      vertex 14.65 17.2839 24.6802
      vertex 14.65 11 30.25
      vertex 14.65 17.3846 25.0998
    endloop
  endfacet
  facet normal 0 1 -0
    outer loop
      vertex 21.75 29 5
      vertex 14.65 29 30.25
      vertex 21.75 29 30.25
    endloop
  endfacet
  facet normal 0 1 0
    outer loop
      vertex 14.65 29 30.25
      vertex 21.75 29 5
      vertex 14.65 29 5
    endloop
  endfacet
  facet normal 0 -1 0
    outer loop
      vertex 14.65 11 5
      vertex 21.75 11 30.25
      vertex 14.65 11 30.25
    endloop
  endfacet
  facet normal 0 -1 -0
    outer loop
      vertex 21.75 11 30.25
      vertex 14.65 11 5
      vertex 21.75 11 5
    endloop
  endfacet
  facet normal 1 0 0
    outer loop
      vertex 36.5 22.7161 23.8198
      vertex 36.5 29 30.25
      vertex 36.5 22.75 24.25
    endloop
  endfacet
  facet normal 1 0 0
    outer loop
      vertex 36.5 29 30.25
      vertex 36.5 22.7161 24.6802
      vertex 36.5 22.75 24.25
    endloop
  endfacet
  facet normal 1 0 0
    outer loop
      vertex 36.5 29 30.25
      vertex 36.5 22.6154 25.0998
      vertex 36.5 22.7161 24.6802
    endloop
  endfacet
  facet normal 1 0 0
    outer loop
      vertex 36.5 29 30.25
      vertex 36.5 22.4503 25.4985
      vertex 36.5 22.6154 25.0998
    endloop
  endfacet
  facet normal 1 0 0
    outer loop
      vertex 36.5 29 30.25
      vertex 36.5 22.2248 25.8664
      vertex 36.5 22.4503 25.4985
    endloop
  endfacet
  facet normal 1 0 0
    outer loop
      vertex 36.5 29 30.25
      vertex 36.5 21.9445 26.1945
      vertex 36.5 22.2248 25.8664
    endloop
  endfacet
  facet normal 1 0 0
    outer loop
      vertex 36.5 29 30.25
      vertex 36.5 20.7266 27.4125
      vertex 36.5 21.9445 26.1945
    endloop
  endfacet
  facet normal 1 0 0
    outer loop
      vertex 36.5 29 30.25
      vertex 36.5 19.2734 27.4125
      vertex 36.5 20.7266 27.4125
    endloop
  endfacet
  facet normal 1 0 0
    outer loop
      vertex 36.5 17.2839 24.6802
      vertex 36.5 11 30.25
      vertex 36.5 17.25 24.25
    endloop
  endfacet
  facet normal 1 0 0
    outer loop
      vertex 36.5 17.3846 25.0998
      vertex 36.5 11 30.25
      vertex 36.5 17.2839 24.6802
    endloop
  endfacet
  facet normal 1 0 0
    outer loop
      vertex 36.5 17.5497 25.4985
      vertex 36.5 11 30.25
      vertex 36.5 17.3846 25.0998
    endloop
  endfacet
  facet normal 1 0 0
    outer loop
      vertex 36.5 17.7752 25.8664
      vertex 36.5 11 30.25
      vertex 36.5 17.5497 25.4985
    endloop
  endfacet
  facet normal 1 0 0
    outer loop
      vertex 36.5 18.0555 26.1945
      vertex 36.5 11 30.25
      vertex 36.5 17.7752 25.8664
    endloop
  endfacet
  facet normal 1 0 0
    outer loop
      vertex 36.5 19.2734 27.4125
      vertex 36.5 11 30.25
      vertex 36.5 18.0555 26.1945
    endloop
  endfacet
  facet normal 1 -0 0
    outer loop
      vertex 36.5 11 30.25
      vertex 36.5 19.2734 27.4125
      vertex 36.5 29 30.25
    endloop
  endfacet
  facet normal 1 0 0
    outer loop
      vertex 36.5 22.6154 23.4002
      vertex 36.5 29 30.25
      vertex 36.5 22.7161 23.8198
    endloop
  endfacet
  facet normal 1 0 0
    outer loop
      vertex 36.5 22.4503 23.0015
      vertex 36.5 29 30.25
      vertex 36.5 22.6154 23.4002
    endloop
  endfacet
  facet normal 1 0 0
    outer loop
      vertex 36.5 29 30.25
      vertex 36.5 22.4503 23.0015
      vertex 36.5 29 0
    endloop
  endfacet
  facet normal 1 -0 0
    outer loop
      vertex 36.5 22.2248 22.6336
      vertex 36.5 29 0
      vertex 36.5 22.4503 23.0015
    endloop
  endfacet
  facet normal 1 -0 0
    outer loop
      vertex 36.5 21.9445 22.3055
      vertex 36.5 29 0
      vertex 36.5 22.2248 22.6336
    endloop
  endfacet
  facet normal 1 -0 0
    outer loop
      vertex 36.5 21.6164 22.0252
      vertex 36.5 29 0
      vertex 36.5 21.9445 22.3055
    endloop
  endfacet
  facet normal 1 -0 0
    outer loop
      vertex 36.5 21.2485 21.7997
      vertex 36.5 29 0
      vertex 36.5 21.6164 22.0252
    endloop
  endfacet
  facet normal 1 -0 0
    outer loop
      vertex 36.5 20.8498 21.6346
      vertex 36.5 29 0
      vertex 36.5 21.2485 21.7997
    endloop
  endfacet
  facet normal 1 -0 0
    outer loop
      vertex 36.5 20.4302 21.5339
      vertex 36.5 29 0
      vertex 36.5 20.8498 21.6346
    endloop
  endfacet
  facet normal 1 -0 0
    outer loop
      vertex 36.5 20 21.5
      vertex 36.5 29 0
      vertex 36.5 20.4302 21.5339
    endloop
  endfacet
  facet normal 1 0 0
    outer loop
      vertex 36.5 11 0
      vertex 36.5 20 21.5
      vertex 36.5 19.5698 21.5339
    endloop
  endfacet
  facet normal 1 0 0
    outer loop
      vertex 36.5 11 0
      vertex 36.5 19.5698 21.5339
      vertex 36.5 19.1502 21.6346
    endloop
  endfacet
  facet normal 1 0 0
    outer loop
      vertex 36.5 11 0
      vertex 36.5 19.1502 21.6346
      vertex 36.5 18.7515 21.7997
    endloop
  endfacet
  facet normal 1 0 0
    outer loop
      vertex 36.5 11 0
      vertex 36.5 18.7515 21.7997
      vertex 36.5 18.3836 22.0252
    endloop
  endfacet
  facet normal 1 0 0
    outer loop
      vertex 36.5 11 0
      vertex 36.5 18.3836 22.0252
      vertex 36.5 18.0555 22.3055
    endloop
  endfacet
  facet normal 1 0 0
    outer loop
      vertex 36.5 11 0
      vertex 36.5 18.0555 22.3055
      vertex 36.5 17.7752 22.6336
    endloop
  endfacet
  facet normal 1 0 0
    outer loop
      vertex 36.5 11 0
      vertex 36.5 17.7752 22.6336
      vertex 36.5 17.5497 23.0015
    endloop
  endfacet
  facet normal 1 0 0
    outer loop
      vertex 36.5 11 30.25
      vertex 36.5 17.2839 23.8198
      vertex 36.5 17.25 24.25
    endloop
  endfacet
  facet normal 1 0 0
    outer loop
      vertex 36.5 11 30.25
      vertex 36.5 17.3846 23.4002
      vertex 36.5 17.2839 23.8198
    endloop
  endfacet
  facet normal 1 0 0
    outer loop
      vertex 36.5 11 30.25
      vertex 36.5 17.5497 23.0015
      vertex 36.5 17.3846 23.4002
    endloop
  endfacet
  facet normal 1 0 0
    outer loop
      vertex 36.5 11 0
      vertex 36.5 17.5497 23.0015
      vertex 36.5 11 30.25
    endloop
  endfacet
  facet normal 1 0 0
    outer loop
      vertex 36.5 20 21.5
      vertex 36.5 11 0
      vertex 36.5 29 0
    endloop
  endfacet
  facet normal -0 0 1
    outer loop
      vertex 33.25 29 30.25
      vertex 36.5 11 30.25
      vertex 36.5 29 30.25
    endloop
  endfacet
  facet normal 0 0 1
    outer loop
      vertex 36.5 11 30.25
      vertex 33.25 29 30.25
      vertex 33.25 11 30.25
    endloop
  endfacet
  facet normal -1 0 0
    outer loop
      vertex 33.25 22.6154 23.4002
      vertex 33.25 29 30.25
      vertex 33.25 29 5
    endloop
  endfacet
  facet normal -1 0 0
    outer loop
      vertex 33.25 29 30.25
      vertex 33.25 22.7161 23.8198
      vertex 33.25 22.75 24.25
    endloop
  endfacet
  facet normal -1 0 0
    outer loop
      vertex 33.25 29 30.25
      vertex 33.25 22.6154 23.4002
      vertex 33.25 22.7161 23.8198
    endloop
  endfacet
  facet normal -1 0 0
    outer loop
      vertex 33.25 29 5
      vertex 33.25 22.4503 23.0015
      vertex 33.25 22.6154 23.4002
    endloop
  endfacet
  facet normal -1 0 0
    outer loop
      vertex 33.25 29 5
      vertex 33.25 22.2248 22.6336
      vertex 33.25 22.4503 23.0015
    endloop
  endfacet
  facet normal -1 0 0
    outer loop
      vertex 33.25 29 5
      vertex 33.25 21.9445 22.3055
      vertex 33.25 22.2248 22.6336
    endloop
  endfacet
  facet normal -1 0 0
    outer loop
      vertex 33.25 29 5
      vertex 33.25 21.6164 22.0252
      vertex 33.25 21.9445 22.3055
    endloop
  endfacet
  facet normal -1 0 0
    outer loop
      vertex 33.25 29 5
      vertex 33.25 21.2485 21.7997
      vertex 33.25 21.6164 22.0252
    endloop
  endfacet
  facet normal -1 0 0
    outer loop
      vertex 33.25 29 5
      vertex 33.25 20.8498 21.6346
      vertex 33.25 21.2485 21.7997
    endloop
  endfacet
  facet normal -1 0 0
    outer loop
      vertex 33.25 29 5
      vertex 33.25 20.4302 21.5339
      vertex 33.25 20.8498 21.6346
    endloop
  endfacet
  facet normal -1 0 0
    outer loop
      vertex 33.25 29 5
      vertex 33.25 20 21.5
      vertex 33.25 20.4302 21.5339
    endloop
  endfacet
  facet normal -1 0 0
    outer loop
      vertex 33.25 11 5
      vertex 33.25 20 21.5
      vertex 33.25 29 5
    endloop
  endfacet
  facet normal -1 -0 0
    outer loop
      vertex 33.25 20 21.5
      vertex 33.25 11 5
      vertex 33.25 19.5698 21.5339
    endloop
  endfacet
  facet normal -1 -0 0
    outer loop
      vertex 33.25 19.5698 21.5339
      vertex 33.25 11 5
      vertex 33.25 19.1502 21.6346
    endloop
  endfacet
  facet normal -1 -0 0
    outer loop
      vertex 33.25 19.1502 21.6346
      vertex 33.25 11 5
      vertex 33.25 18.7515 21.7997
    endloop
  endfacet
  facet normal -1 -0 0
    outer loop
      vertex 33.25 18.7515 21.7997
      vertex 33.25 11 5
      vertex 33.25 18.3836 22.0252
    endloop
  endfacet
  facet normal -1 -0 0
    outer loop
      vertex 33.25 18.3836 22.0252
      vertex 33.25 11 5
      vertex 33.25 18.0555 22.3055
    endloop
  endfacet
  facet normal -1 0 0
    outer loop
      vertex 33.25 17.3846 23.4002
      vertex 33.25 11 30.25
      vertex 33.25 17.2839 23.8198
    endloop
  endfacet
  facet normal -1 0 0
    outer loop
      vertex 33.25 11 30.25
      vertex 33.25 17.3846 23.4002
      vertex 33.25 11 5
    endloop
  endfacet
  facet normal -1 -0 0
    outer loop
      vertex 33.25 17.5497 23.0015
      vertex 33.25 11 5
      vertex 33.25 17.3846 23.4002
    endloop
  endfacet
  facet normal -1 -0 0
    outer loop
      vertex 33.25 17.7752 22.6336
      vertex 33.25 11 5
      vertex 33.25 17.5497 23.0015
    endloop
  endfacet
  facet normal -1 -0 0
    outer loop
      vertex 33.25 18.0555 22.3055
      vertex 33.25 11 5
      vertex 33.25 17.7752 22.6336
    endloop
  endfacet
  facet normal -1 0 0
    outer loop
      vertex 33.25 22.7161 24.6802
      vertex 33.25 29 30.25
      vertex 33.25 22.75 24.25
    endloop
  endfacet
  facet normal -1 0 0
    outer loop
      vertex 33.25 22.6154 25.0998
      vertex 33.25 29 30.25
      vertex 33.25 22.7161 24.6802
    endloop
  endfacet
  facet normal -1 0 0
    outer loop
      vertex 33.25 22.4503 25.4985
      vertex 33.25 29 30.25
      vertex 33.25 22.6154 25.0998
    endloop
  endfacet
  facet normal -1 0 0
    outer loop
      vertex 33.25 22.2248 25.8664
      vertex 33.25 29 30.25
      vertex 33.25 22.4503 25.4985
    endloop
  endfacet
  facet normal -1 0 0
    outer loop
      vertex 33.25 21.9445 26.1945
      vertex 33.25 29 30.25
      vertex 33.25 22.2248 25.8664
    endloop
  endfacet
  facet normal -1 0 0
    outer loop
      vertex 33.25 20.7266 27.4125
      vertex 33.25 29 30.25
      vertex 33.25 21.9445 26.1945
    endloop
  endfacet
  facet normal -1 0 0
    outer loop
      vertex 33.25 19.2734 27.4125
      vertex 33.25 29 30.25
      vertex 33.25 20.7266 27.4125
    endloop
  endfacet
  facet normal -1 0 0
    outer loop
      vertex 33.25 17.2839 23.8198
      vertex 33.25 11 30.25
      vertex 33.25 17.25 24.25
    endloop
  endfacet
  facet normal -1 0 0
    outer loop
      vertex 33.25 17.25 24.25
      vertex 33.25 11 30.25
      vertex 33.25 17.2839 24.6802
    endloop
  endfacet
  facet normal -1 0 0
    outer loop
      vertex 33.25 19.2734 27.4125
      vertex 33.25 11 30.25
      vertex 33.25 29 30.25
    endloop
  endfacet
  facet normal -1 0 0
    outer loop
      vertex 33.25 18.0555 26.1945
      vertex 33.25 11 30.25
      vertex 33.25 19.2734 27.4125
    endloop
  endfacet
  facet normal -1 0 0
    outer loop
      vertex 33.25 17.7752 25.8664
      vertex 33.25 11 30.25
      vertex 33.25 18.0555 26.1945
    endloop
  endfacet
  facet normal -1 0 0
    outer loop
      vertex 33.25 17.5497 25.4985
      vertex 33.25 11 30.25
      vertex 33.25 17.7752 25.8664
    endloop
  endfacet
  facet normal -1 0 0
    outer loop
      vertex 33.25 17.3846 25.0998
      vertex 33.25 11 30.25
      vertex 33.25 17.5497 25.4985
    endloop
  endfacet
  facet normal -1 0 0
    outer loop
      vertex 33.25 17.2839 24.6802
      vertex 33.25 11 30.25
      vertex 33.25 17.3846 25.0998
    endloop
  endfacet
  facet normal 0 1 0
    outer loop
      vertex 36.5 29 30.25
      vertex 34 29 5
      vertex 33.25 29 30.25
    endloop
  endfacet
  facet normal 0 1 -0
    outer loop
      vertex 36.5 29 0
      vertex 34 29 5
      vertex 36.5 29 30.25
    endloop
  endfacet
  facet normal 0 1 0
    outer loop
      vertex 34 29 5
      vertex 36.5 29 0
      vertex 34 29 0
    endloop
  endfacet
  facet normal 0 1 0
    outer loop
      vertex 33.25 29 30.25
      vertex 34 29 5
      vertex 33.25 29 5
    endloop
  endfacet
  facet normal 0 -1 0
    outer loop
      vertex 34 11 5
      vertex 33.25 11 30.25
      vertex 33.25 11 5
    endloop
  endfacet
  facet normal 0 -1 0
    outer loop
      vertex 33.25 11 30.25
      vertex 34 11 5
      vertex 36.5 11 30.25
    endloop
  endfacet
  facet normal 0 -1 0
    outer loop
      vertex 36.5 11 0
      vertex 34 11 5
      vertex 34 11 0
    endloop
  endfacet
  facet normal 0 -1 0
    outer loop
      vertex 34 11 5
      vertex 36.5 11 0
      vertex 36.5 11 30.25
    endloop
  endfacet
  facet normal -0.972369 0.23345 0
    outer loop
      vertex 6.99722 4.35106 0
      vertex 7.07415 4.67149 5
      vertex 7.07415 4.67149 0
    endloop
  endfacet
  facet normal -0.972369 0.23345 0
    outer loop
      vertex 7.07415 4.67149 5
      vertex 6.99722 4.35106 0
      vertex 6.99722 4.35106 5
    endloop
  endfacet
  facet normal 1 -0 0
    outer loop
      vertex 2.9 5 5
      vertex 2.9 11 0
      vertex 2.9 11 5
    endloop
  endfacet
  facet normal 1 0 0
    outer loop
      vertex 2.9 11 0
      vertex 2.9 5 5
      vertex 2.9 5 0
    endloop
  endfacet
  facet normal -0.996918 -0.0784485 0
    outer loop
      vertex 7.1 11 0
      vertex 7.07415 11.3285 5
      vertex 7.07415 11.3285 0
    endloop
  endfacet
  facet normal -0.996918 -0.0784485 0
    outer loop
      vertex 7.07415 11.3285 5
      vertex 7.1 11 0
      vertex 7.1 11 5
    endloop
  endfacet
  facet normal 0.23345 0.972369 -0
    outer loop
      vertex 4.67149 2.92585 0
      vertex 4.35106 3.00278 5
      vertex 4.67149 2.92585 5
    endloop
  endfacet
  facet normal 0.23345 0.972369 0
    outer loop
      vertex 4.35106 3.00278 5
      vertex 4.67149 2.92585 0
      vertex 4.35106 3.00278 0
    endloop
  endfacet
  facet normal -0.972364 -0.233471 0
    outer loop
      vertex 7.07415 11.3285 0
      vertex 6.99722 11.6489 5
      vertex 6.99722 11.6489 0
    endloop
  endfacet
  facet normal -0.972364 -0.233471 0
    outer loop
      vertex 6.99722 11.6489 5
      vertex 7.07415 11.3285 0
      vertex 7.07415 11.3285 5
    endloop
  endfacet
  facet normal -0.852652 0.52248 0
    outer loop
      vertex 6.69894 3.76565 0
      vertex 6.87111 4.04662 5
      vertex 6.87111 4.04662 0
    endloop
  endfacet
  facet normal -0.852652 0.52248 0
    outer loop
      vertex 6.87111 4.04662 5
      vertex 6.69894 3.76565 0
      vertex 6.69894 3.76565 5
    endloop
  endfacet
  facet normal -0.996918 0.0784461 0
    outer loop
      vertex 7.07415 4.67149 0
      vertex 7.1 5 5
      vertex 7.1 5 0
    endloop
  endfacet
  facet normal -0.996918 0.0784461 0
    outer loop
      vertex 7.1 5 5
      vertex 7.07415 4.67149 0
      vertex 7.07415 4.67149 5
    endloop
  endfacet
  facet normal -0.649436 -0.760416 0
    outer loop
      vertex 6.23435 12.6989 0
      vertex 6.48492 12.4849 5
      vertex 6.23435 12.6989 5
    endloop
  endfacet
  facet normal -0.649436 -0.760416 -0
    outer loop
      vertex 6.48492 12.4849 5
      vertex 6.23435 12.6989 0
      vertex 6.48492 12.4849 0
    endloop
  endfacet
  facet normal 0.52248 0.852652 -0
    outer loop
      vertex 4.04662 3.12889 0
      vertex 3.76565 3.30106 5
      vertex 4.04662 3.12889 5
    endloop
  endfacet
  facet normal 0.52248 0.852652 0
    outer loop
      vertex 3.76565 3.30106 5
      vertex 4.04662 3.12889 0
      vertex 3.76565 3.30106 0
    endloop
  endfacet
  facet normal -0.760425 -0.649426 0
    outer loop
      vertex 6.69894 12.2343 0
      vertex 6.48492 12.4849 5
      vertex 6.48492 12.4849 0
    endloop
  endfacet
  facet normal -0.760425 -0.649426 0
    outer loop
      vertex 6.48492 12.4849 5
      vertex 6.69894 12.2343 0
      vertex 6.69894 12.2343 5
    endloop
  endfacet
  facet normal 0.649471 0.760386 -0
    outer loop
      vertex 3.76565 3.30106 0
      vertex 3.51508 3.51508 5
      vertex 3.76565 3.30106 5
    endloop
  endfacet
  facet normal 0.649471 0.760386 0
    outer loop
      vertex 3.51508 3.51508 5
      vertex 3.76565 3.30106 0
      vertex 3.51508 3.51508 0
    endloop
  endfacet
  facet normal 0.852652 0.52248 0
    outer loop
      vertex 3.30106 3.76565 5
      vertex 3.12889 4.04662 0
      vertex 3.12889 4.04662 5
    endloop
  endfacet
  facet normal 0.852652 0.52248 0
    outer loop
      vertex 3.12889 4.04662 0
      vertex 3.30106 3.76565 5
      vertex 3.30106 3.76565 0
    endloop
  endfacet
  facet normal -0.852594 -0.522574 0
    outer loop
      vertex 6.87111 11.9534 0
      vertex 6.69894 12.2343 5
      vertex 6.69894 12.2343 0
    endloop
  endfacet
  facet normal -0.852594 -0.522574 0
    outer loop
      vertex 6.69894 12.2343 5
      vertex 6.87111 11.9534 0
      vertex 6.87111 11.9534 5
    endloop
  endfacet
  facet normal 0.923899 -0.382637 0
    outer loop
      vertex 3.00278 11.6489 5
      vertex 3.12889 11.9534 0
      vertex 3.12889 11.9534 5
    endloop
  endfacet
  facet normal 0.923899 -0.382637 0
    outer loop
      vertex 3.12889 11.9534 0
      vertex 3.00278 11.6489 5
      vertex 3.00278 11.6489 0
    endloop
  endfacet
  facet normal 0.923872 0.382701 0
    outer loop
      vertex 3.12889 4.04662 5
      vertex 3.00278 4.35106 0
      vertex 3.00278 4.35106 5
    endloop
  endfacet
  facet normal 0.923872 0.382701 0
    outer loop
      vertex 3.00278 4.35106 0
      vertex 3.12889 4.04662 5
      vertex 3.12889 4.04662 0
    endloop
  endfacet
  facet normal -1 0 0
    outer loop
      vertex 7.1 5 0
      vertex 7.1 11 5
      vertex 7.1 11 0
    endloop
  endfacet
  facet normal -1 -0 0
    outer loop
      vertex 7.1 11 5
      vertex 7.1 5 0
      vertex 7.1 5 5
    endloop
  endfacet
  facet normal -0.923899 -0.382637 0
    outer loop
      vertex 6.99722 11.6489 0
      vertex 6.87111 11.9534 5
      vertex 6.87111 11.9534 0
    endloop
  endfacet
  facet normal -0.923899 -0.382637 0
    outer loop
      vertex 6.87111 11.9534 5
      vertex 6.99722 11.6489 0
      vertex 6.99722 11.6489 5
    endloop
  endfacet
  facet normal 0.382701 0.923872 -0
    outer loop
      vertex 4.35106 3.00278 0
      vertex 4.04662 3.12889 5
      vertex 4.35106 3.00278 5
    endloop
  endfacet
  facet normal 0.382701 0.923872 0
    outer loop
      vertex 4.04662 3.12889 5
      vertex 4.35106 3.00278 0
      vertex 4.04662 3.12889 0
    endloop
  endfacet
  facet normal 0.996918 -0.0784485 0
    outer loop
      vertex 2.9 11 5
      vertex 2.92585 11.3285 0
      vertex 2.92585 11.3285 5
    endloop
  endfacet
  facet normal 0.996918 -0.0784485 0
    outer loop
      vertex 2.92585 11.3285 0
      vertex 2.9 11 5
      vertex 2.9 11 0
    endloop
  endfacet
  facet normal 0.233364 -0.97239 0
    outer loop
      vertex 4.35106 12.9972 0
      vertex 4.67149 13.0741 5
      vertex 4.35106 12.9972 5
    endloop
  endfacet
  facet normal 0.233364 -0.97239 0
    outer loop
      vertex 4.67149 13.0741 5
      vertex 4.35106 12.9972 0
      vertex 4.67149 13.0741 0
    endloop
  endfacet
  facet normal 0.760425 -0.649426 0
    outer loop
      vertex 3.30106 12.2343 5
      vertex 3.51508 12.4849 0
      vertex 3.51508 12.4849 5
    endloop
  endfacet
  facet normal 0.760425 -0.649426 0
    outer loop
      vertex 3.51508 12.4849 0
      vertex 3.30106 12.2343 5
      vertex 3.30106 12.2343 0
    endloop
  endfacet
  facet normal -0.923872 0.382701 0
    outer loop
      vertex 6.87111 4.04662 0
      vertex 6.99722 4.35106 5
      vertex 6.99722 4.35106 0
    endloop
  endfacet
  facet normal -0.923872 0.382701 0
    outer loop
      vertex 6.99722 4.35106 5
      vertex 6.87111 4.04662 0
      vertex 6.87111 4.04662 5
    endloop
  endfacet
  facet normal 0.996918 0.0784461 0
    outer loop
      vertex 2.92585 4.67149 5
      vertex 2.9 5 0
      vertex 2.9 5 5
    endloop
  endfacet
  facet normal 0.996918 0.0784461 0
    outer loop
      vertex 2.9 5 0
      vertex 2.92585 4.67149 5
      vertex 2.92585 4.67149 0
    endloop
  endfacet
  facet normal 0.0784461 0.996918 -0
    outer loop
      vertex 5 2.9 0
      vertex 4.67149 2.92585 5
      vertex 5 2.9 5
    endloop
  endfacet
  facet normal 0.0784461 0.996918 0
    outer loop
      vertex 4.67149 2.92585 5
      vertex 5 2.9 0
      vertex 4.67149 2.92585 0
    endloop
  endfacet
  facet normal 0.972369 0.23345 0
    outer loop
      vertex 3.00278 4.35106 5
      vertex 2.92585 4.67149 0
      vertex 2.92585 4.67149 5
    endloop
  endfacet
  facet normal 0.972369 0.23345 0
    outer loop
      vertex 2.92585 4.67149 0
      vertex 3.00278 4.35106 5
      vertex 3.00278 4.35106 0
    endloop
  endfacet
  facet normal 0.972364 -0.233471 0
    outer loop
      vertex 2.92585 11.3285 5
      vertex 3.00278 11.6489 0
      vertex 3.00278 11.6489 5
    endloop
  endfacet
  facet normal 0.972364 -0.233471 0
    outer loop
      vertex 3.00278 11.6489 0
      vertex 2.92585 11.3285 5
      vertex 2.92585 11.3285 0
    endloop
  endfacet
  facet normal -0.0785969 -0.996906 0
    outer loop
      vertex 5 13.1 0
      vertex 5.32851 13.0741 5
      vertex 5 13.1 5
    endloop
  endfacet
  facet normal -0.0785969 -0.996906 -0
    outer loop
      vertex 5.32851 13.0741 5
      vertex 5 13.1 0
      vertex 5.32851 13.0741 0
    endloop
  endfacet
  facet normal -0.0784461 0.996918 0
    outer loop
      vertex 5.32851 2.92585 0
      vertex 5 2.9 5
      vertex 5.32851 2.92585 5
    endloop
  endfacet
  facet normal -0.0784461 0.996918 0
    outer loop
      vertex 5 2.9 5
      vertex 5.32851 2.92585 0
      vertex 5 2.9 0
    endloop
  endfacet
  facet normal -0.649471 0.760386 0
    outer loop
      vertex 6.48492 3.51508 0
      vertex 6.23435 3.30106 5
      vertex 6.48492 3.51508 5
    endloop
  endfacet
  facet normal -0.649471 0.760386 0
    outer loop
      vertex 6.23435 3.30106 5
      vertex 6.48492 3.51508 0
      vertex 6.23435 3.30106 0
    endloop
  endfacet
  facet normal -0.52248 0.852652 0
    outer loop
      vertex 6.23435 3.30106 0
      vertex 5.95338 3.12889 5
      vertex 6.23435 3.30106 5
    endloop
  endfacet
  facet normal -0.52248 0.852652 0
    outer loop
      vertex 5.95338 3.12889 5
      vertex 6.23435 3.30106 0
      vertex 5.95338 3.12889 0
    endloop
  endfacet
  facet normal -0.760386 0.649471 0
    outer loop
      vertex 6.48492 3.51508 0
      vertex 6.69894 3.76565 5
      vertex 6.69894 3.76565 0
    endloop
  endfacet
  facet normal -0.760386 0.649471 0
    outer loop
      vertex 6.69894 3.76565 5
      vertex 6.48492 3.51508 0
      vertex 6.48492 3.51508 5
    endloop
  endfacet
  facet normal 0.0785969 -0.996906 0
    outer loop
      vertex 4.67149 13.0741 0
      vertex 5 13.1 5
      vertex 4.67149 13.0741 5
    endloop
  endfacet
  facet normal 0.0785969 -0.996906 0
    outer loop
      vertex 5 13.1 5
      vertex 4.67149 13.0741 0
      vertex 5 13.1 0
    endloop
  endfacet
  facet normal -0.23345 0.972369 0
    outer loop
      vertex 5.64894 3.00278 0
      vertex 5.32851 2.92585 5
      vertex 5.64894 3.00278 5
    endloop
  endfacet
  facet normal -0.23345 0.972369 0
    outer loop
      vertex 5.32851 2.92585 5
      vertex 5.64894 3.00278 0
      vertex 5.32851 2.92585 0
    endloop
  endfacet
  facet normal 0.522546 -0.852611 0
    outer loop
      vertex 3.76565 12.6989 0
      vertex 4.04662 12.8711 5
      vertex 3.76565 12.6989 5
    endloop
  endfacet
  facet normal 0.522546 -0.852611 0
    outer loop
      vertex 4.04662 12.8711 5
      vertex 3.76565 12.6989 0
      vertex 4.04662 12.8711 0
    endloop
  endfacet
  facet normal 0.852594 -0.522574 0
    outer loop
      vertex 3.12889 11.9534 5
      vertex 3.30106 12.2343 0
      vertex 3.30106 12.2343 5
    endloop
  endfacet
  facet normal 0.852594 -0.522574 0
    outer loop
      vertex 3.30106 12.2343 0
      vertex 3.12889 11.9534 5
      vertex 3.12889 11.9534 0
    endloop
  endfacet
  facet normal 0.382675 -0.923883 0
    outer loop
      vertex 4.04662 12.8711 0
      vertex 4.35106 12.9972 5
      vertex 4.04662 12.8711 5
    endloop
  endfacet
  facet normal 0.382675 -0.923883 0
    outer loop
      vertex 4.35106 12.9972 5
      vertex 4.04662 12.8711 0
      vertex 4.35106 12.9972 0
    endloop
  endfacet
  facet normal -0.382675 -0.923883 0
    outer loop
      vertex 5.64894 12.9972 0
      vertex 5.95338 12.8711 5
      vertex 5.64894 12.9972 5
    endloop
  endfacet
  facet normal -0.382675 -0.923883 -0
    outer loop
      vertex 5.95338 12.8711 5
      vertex 5.64894 12.9972 0
      vertex 5.95338 12.8711 0
    endloop
  endfacet
  facet normal -0.233364 -0.97239 0
    outer loop
      vertex 5.32851 13.0741 0
      vertex 5.64894 12.9972 5
      vertex 5.32851 13.0741 5
    endloop
  endfacet
  facet normal -0.233364 -0.97239 -0
    outer loop
      vertex 5.64894 12.9972 5
      vertex 5.32851 13.0741 0
      vertex 5.64894 12.9972 0
    endloop
  endfacet
  facet normal -0.382701 0.923872 0
    outer loop
      vertex 5.95338 3.12889 0
      vertex 5.64894 3.00278 5
      vertex 5.95338 3.12889 5
    endloop
  endfacet
  facet normal -0.382701 0.923872 0
    outer loop
      vertex 5.64894 3.00278 5
      vertex 5.95338 3.12889 0
      vertex 5.64894 3.00278 0
    endloop
  endfacet
  facet normal 0.649436 -0.760416 0
    outer loop
      vertex 3.51508 12.4849 0
      vertex 3.76565 12.6989 5
      vertex 3.51508 12.4849 5
    endloop
  endfacet
  facet normal 0.649436 -0.760416 0
    outer loop
      vertex 3.76565 12.6989 5
      vertex 3.51508 12.4849 0
      vertex 3.76565 12.6989 0
    endloop
  endfacet
  facet normal -0.522546 -0.852611 0
    outer loop
      vertex 5.95338 12.8711 0
      vertex 6.23435 12.6989 5
      vertex 5.95338 12.8711 5
    endloop
  endfacet
  facet normal -0.522546 -0.852611 -0
    outer loop
      vertex 6.23435 12.6989 5
      vertex 5.95338 12.8711 0
      vertex 6.23435 12.6989 0
    endloop
  endfacet
  facet normal 0.760386 0.649471 0
    outer loop
      vertex 3.51508 3.51508 5
      vertex 3.30106 3.76565 0
      vertex 3.30106 3.76565 5
    endloop
  endfacet
  facet normal 0.760386 0.649471 0
    outer loop
      vertex 3.30106 3.76565 0
      vertex 3.51508 3.51508 5
      vertex 3.51508 3.51508 0
    endloop
  endfacet
  facet normal -0.972364 0.233471 0
    outer loop
      vertex 6.99722 20.3511 0
      vertex 7.07415 20.6715 5
      vertex 7.07415 20.6715 0
    endloop
  endfacet
  facet normal -0.972364 0.233471 0
    outer loop
      vertex 7.07415 20.6715 5
      vertex 6.99722 20.3511 0
      vertex 6.99722 20.3511 5
    endloop
  endfacet
  facet normal 1 -0 0
    outer loop
      vertex 2.9 21 5
      vertex 2.9 27 0
      vertex 2.9 27 5
    endloop
  endfacet
  facet normal 1 0 0
    outer loop
      vertex 2.9 27 0
      vertex 2.9 21 5
      vertex 2.9 21 0
    endloop
  endfacet
  facet normal -0.996918 -0.0784485 0
    outer loop
      vertex 7.1 27 0
      vertex 7.07415 27.3285 5
      vertex 7.07415 27.3285 0
    endloop
  endfacet
  facet normal -0.996918 -0.0784485 0
    outer loop
      vertex 7.07415 27.3285 5
      vertex 7.1 27 0
      vertex 7.1 27 5
    endloop
  endfacet
  facet normal 0.233364 0.97239 -0
    outer loop
      vertex 4.67149 18.9259 0
      vertex 4.35106 19.0028 5
      vertex 4.67149 18.9259 5
    endloop
  endfacet
  facet normal 0.233364 0.97239 0
    outer loop
      vertex 4.35106 19.0028 5
      vertex 4.67149 18.9259 0
      vertex 4.35106 19.0028 0
    endloop
  endfacet
  facet normal -0.972364 -0.233471 0
    outer loop
      vertex 7.07415 27.3285 0
      vertex 6.99722 27.6489 5
      vertex 6.99722 27.6489 0
    endloop
  endfacet
  facet normal -0.972364 -0.233471 0
    outer loop
      vertex 6.99722 27.6489 5
      vertex 7.07415 27.3285 0
      vertex 7.07415 27.3285 5
    endloop
  endfacet
  facet normal -0.852594 0.522574 0
    outer loop
      vertex 6.69894 19.7657 0
      vertex 6.87111 20.0466 5
      vertex 6.87111 20.0466 0
    endloop
  endfacet
  facet normal -0.852594 0.522574 0
    outer loop
      vertex 6.87111 20.0466 5
      vertex 6.69894 19.7657 0
      vertex 6.69894 19.7657 5
    endloop
  endfacet
  facet normal -0.996918 0.0784485 0
    outer loop
      vertex 7.07415 20.6715 0
      vertex 7.1 21 5
      vertex 7.1 21 0
    endloop
  endfacet
  facet normal -0.996918 0.0784485 0
    outer loop
      vertex 7.1 21 5
      vertex 7.07415 20.6715 0
      vertex 7.07415 20.6715 5
    endloop
  endfacet
  facet normal -0.649436 -0.760416 0
    outer loop
      vertex 6.23435 28.6989 0
      vertex 6.48492 28.4849 5
      vertex 6.23435 28.6989 5
    endloop
  endfacet
  facet normal -0.649436 -0.760416 -0
    outer loop
      vertex 6.48492 28.4849 5
      vertex 6.23435 28.6989 0
      vertex 6.48492 28.4849 0
    endloop
  endfacet
  facet normal -0.760425 -0.649426 0
    outer loop
      vertex 6.69894 28.2343 0
      vertex 6.48492 28.4849 5
      vertex 6.48492 28.4849 0
    endloop
  endfacet
  facet normal -0.760425 -0.649426 0
    outer loop
      vertex 6.48492 28.4849 5
      vertex 6.69894 28.2343 0
      vertex 6.69894 28.2343 5
    endloop
  endfacet
  facet normal 0.649436 0.760416 -0
    outer loop
      vertex 3.76565 19.3011 0
      vertex 3.51508 19.5151 5
      vertex 3.76565 19.3011 5
    endloop
  endfacet
  facet normal 0.649436 0.760416 0
    outer loop
      vertex 3.51508 19.5151 5
      vertex 3.76565 19.3011 0
      vertex 3.51508 19.5151 0
    endloop
  endfacet
  facet normal 0.852594 0.522574 0
    outer loop
      vertex 3.30106 19.7657 5
      vertex 3.12889 20.0466 0
      vertex 3.12889 20.0466 5
    endloop
  endfacet
  facet normal 0.852594 0.522574 0
    outer loop
      vertex 3.12889 20.0466 0
      vertex 3.30106 19.7657 5
      vertex 3.30106 19.7657 0
    endloop
  endfacet
  facet normal -0.852594 -0.522574 0
    outer loop
      vertex 6.87111 27.9534 0
      vertex 6.69894 28.2343 5
      vertex 6.69894 28.2343 0
    endloop
  endfacet
  facet normal -0.852594 -0.522574 0
    outer loop
      vertex 6.69894 28.2343 5
      vertex 6.87111 27.9534 0
      vertex 6.87111 27.9534 5
    endloop
  endfacet
  facet normal 0.923899 -0.382637 0
    outer loop
      vertex 3.00278 27.6489 5
      vertex 3.12889 27.9534 0
      vertex 3.12889 27.9534 5
    endloop
  endfacet
  facet normal 0.923899 -0.382637 0
    outer loop
      vertex 3.12889 27.9534 0
      vertex 3.00278 27.6489 5
      vertex 3.00278 27.6489 0
    endloop
  endfacet
  facet normal 0.923899 0.382637 0
    outer loop
      vertex 3.12889 20.0466 5
      vertex 3.00278 20.3511 0
      vertex 3.00278 20.3511 5
    endloop
  endfacet
  facet normal 0.923899 0.382637 0
    outer loop
      vertex 3.00278 20.3511 0
      vertex 3.12889 20.0466 5
      vertex 3.12889 20.0466 0
    endloop
  endfacet
  facet normal -1 0 0
    outer loop
      vertex 7.1 21 0
      vertex 7.1 27 5
      vertex 7.1 27 0
    endloop
  endfacet
  facet normal -1 -0 0
    outer loop
      vertex 7.1 27 5
      vertex 7.1 21 0
      vertex 7.1 21 5
    endloop
  endfacet
  facet normal -0.923899 -0.382637 0
    outer loop
      vertex 6.99722 27.6489 0
      vertex 6.87111 27.9534 5
      vertex 6.87111 27.9534 0
    endloop
  endfacet
  facet normal -0.923899 -0.382637 0
    outer loop
      vertex 6.87111 27.9534 5
      vertex 6.99722 27.6489 0
      vertex 6.99722 27.6489 5
    endloop
  endfacet
  facet normal 0.382675 0.923883 -0
    outer loop
      vertex 4.35106 19.0028 0
      vertex 4.04662 19.1289 5
      vertex 4.35106 19.0028 5
    endloop
  endfacet
  facet normal 0.382675 0.923883 0
    outer loop
      vertex 4.04662 19.1289 5
      vertex 4.35106 19.0028 0
      vertex 4.04662 19.1289 0
    endloop
  endfacet
  facet normal 0.996918 -0.0784485 0
    outer loop
      vertex 2.9 27 5
      vertex 2.92585 27.3285 0
      vertex 2.92585 27.3285 5
    endloop
  endfacet
  facet normal 0.996918 -0.0784485 0
    outer loop
      vertex 2.92585 27.3285 0
      vertex 2.9 27 5
      vertex 2.9 27 0
    endloop
  endfacet
  facet normal 0.233364 -0.97239 0
    outer loop
      vertex 4.35106 28.9972 0
      vertex 4.67149 29.0741 5
      vertex 4.35106 28.9972 5
    endloop
  endfacet
  facet normal 0.233364 -0.97239 0
    outer loop
      vertex 4.67149 29.0741 5
      vertex 4.35106 28.9972 0
      vertex 4.67149 29.0741 0
    endloop
  endfacet
  facet normal 0.760425 -0.649426 0
    outer loop
      vertex 3.30106 28.2343 5
      vertex 3.51508 28.4849 0
      vertex 3.51508 28.4849 5
    endloop
  endfacet
  facet normal 0.760425 -0.649426 0
    outer loop
      vertex 3.51508 28.4849 0
      vertex 3.30106 28.2343 5
      vertex 3.30106 28.2343 0
    endloop
  endfacet
  facet normal -0.382675 0.923883 0
    outer loop
      vertex 5.95338 19.1289 0
      vertex 5.64894 19.0028 5
      vertex 5.95338 19.1289 5
    endloop
  endfacet
  facet normal -0.382675 0.923883 0
    outer loop
      vertex 5.64894 19.0028 5
      vertex 5.95338 19.1289 0
      vertex 5.64894 19.0028 0
    endloop
  endfacet
  facet normal -0.923899 0.382637 0
    outer loop
      vertex 6.87111 20.0466 0
      vertex 6.99722 20.3511 5
      vertex 6.99722 20.3511 0
    endloop
  endfacet
  facet normal -0.923899 0.382637 0
    outer loop
      vertex 6.99722 20.3511 5
      vertex 6.87111 20.0466 0
      vertex 6.87111 20.0466 5
    endloop
  endfacet
  facet normal 0.996918 0.0784485 0
    outer loop
      vertex 2.92585 20.6715 5
      vertex 2.9 21 0
      vertex 2.9 21 5
    endloop
  endfacet
  facet normal 0.996918 0.0784485 0
    outer loop
      vertex 2.9 21 0
      vertex 2.92585 20.6715 5
      vertex 2.92585 20.6715 0
    endloop
  endfacet
  facet normal 0.0785969 0.996906 -0
    outer loop
      vertex 5 18.9 0
      vertex 4.67149 18.9259 5
      vertex 5 18.9 5
    endloop
  endfacet
  facet normal 0.0785969 0.996906 0
    outer loop
      vertex 4.67149 18.9259 5
      vertex 5 18.9 0
      vertex 4.67149 18.9259 0
    endloop
  endfacet
  facet normal 0.972364 0.233471 0
    outer loop
      vertex 3.00278 20.3511 5
      vertex 2.92585 20.6715 0
      vertex 2.92585 20.6715 5
    endloop
  endfacet
  facet normal 0.972364 0.233471 0
    outer loop
      vertex 2.92585 20.6715 0
      vertex 3.00278 20.3511 5
      vertex 3.00278 20.3511 0
    endloop
  endfacet
  facet normal 0.972364 -0.233471 0
    outer loop
      vertex 2.92585 27.3285 5
      vertex 3.00278 27.6489 0
      vertex 3.00278 27.6489 5
    endloop
  endfacet
  facet normal 0.972364 -0.233471 0
    outer loop
      vertex 3.00278 27.6489 0
      vertex 2.92585 27.3285 5
      vertex 2.92585 27.3285 0
    endloop
  endfacet
  facet normal -0.0785969 -0.996906 0
    outer loop
      vertex 5 29.1 0
      vertex 5.32851 29.0741 5
      vertex 5 29.1 5
    endloop
  endfacet
  facet normal -0.0785969 -0.996906 -0
    outer loop
      vertex 5.32851 29.0741 5
      vertex 5 29.1 0
      vertex 5.32851 29.0741 0
    endloop
  endfacet
  facet normal -0.0785969 0.996906 0
    outer loop
      vertex 5.32851 18.9259 0
      vertex 5 18.9 5
      vertex 5.32851 18.9259 5
    endloop
  endfacet
  facet normal -0.0785969 0.996906 0
    outer loop
      vertex 5 18.9 5
      vertex 5.32851 18.9259 0
      vertex 5 18.9 0
    endloop
  endfacet
  facet normal -0.649436 0.760416 0
    outer loop
      vertex 6.48492 19.5151 0
      vertex 6.23435 19.3011 5
      vertex 6.48492 19.5151 5
    endloop
  endfacet
  facet normal -0.649436 0.760416 0
    outer loop
      vertex 6.23435 19.3011 5
      vertex 6.48492 19.5151 0
      vertex 6.23435 19.3011 0
    endloop
  endfacet
  facet normal -0.522546 0.852611 0
    outer loop
      vertex 6.23435 19.3011 0
      vertex 5.95338 19.1289 5
      vertex 6.23435 19.3011 5
    endloop
  endfacet
  facet normal -0.522546 0.852611 0
    outer loop
      vertex 5.95338 19.1289 5
      vertex 6.23435 19.3011 0
      vertex 5.95338 19.1289 0
    endloop
  endfacet
  facet normal -0.760425 0.649426 0
    outer loop
      vertex 6.48492 19.5151 0
      vertex 6.69894 19.7657 5
      vertex 6.69894 19.7657 0
    endloop
  endfacet
  facet normal -0.760425 0.649426 0
    outer loop
      vertex 6.69894 19.7657 5
      vertex 6.48492 19.5151 0
      vertex 6.48492 19.5151 5
    endloop
  endfacet
  facet normal 0.0785969 -0.996906 0
    outer loop
      vertex 4.67149 29.0741 0
      vertex 5 29.1 5
      vertex 4.67149 29.0741 5
    endloop
  endfacet
  facet normal 0.0785969 -0.996906 0
    outer loop
      vertex 5 29.1 5
      vertex 4.67149 29.0741 0
      vertex 5 29.1 0
    endloop
  endfacet
  facet normal -0.233364 0.97239 0
    outer loop
      vertex 5.64894 19.0028 0
      vertex 5.32851 18.9259 5
      vertex 5.64894 19.0028 5
    endloop
  endfacet
  facet normal -0.233364 0.97239 0
    outer loop
      vertex 5.32851 18.9259 5
      vertex 5.64894 19.0028 0
      vertex 5.32851 18.9259 0
    endloop
  endfacet
  facet normal 0.522546 0.852611 -0
    outer loop
      vertex 4.04662 19.1289 0
      vertex 3.76565 19.3011 5
      vertex 4.04662 19.1289 5
    endloop
  endfacet
  facet normal 0.522546 0.852611 0
    outer loop
      vertex 3.76565 19.3011 5
      vertex 4.04662 19.1289 0
      vertex 3.76565 19.3011 0
    endloop
  endfacet
  facet normal 0.522546 -0.852611 0
    outer loop
      vertex 3.76565 28.6989 0
      vertex 4.04662 28.8711 5
      vertex 3.76565 28.6989 5
    endloop
  endfacet
  facet normal 0.522546 -0.852611 0
    outer loop
      vertex 4.04662 28.8711 5
      vertex 3.76565 28.6989 0
      vertex 4.04662 28.8711 0
    endloop
  endfacet
  facet normal 0.852594 -0.522574 0
    outer loop
      vertex 3.12889 27.9534 5
      vertex 3.30106 28.2343 0
      vertex 3.30106 28.2343 5
    endloop
  endfacet
  facet normal 0.852594 -0.522574 0
    outer loop
      vertex 3.30106 28.2343 0
      vertex 3.12889 27.9534 5
      vertex 3.12889 27.9534 0
    endloop
  endfacet
  facet normal 0.382675 -0.923883 0
    outer loop
      vertex 4.04662 28.8711 0
      vertex 4.35106 28.9972 5
      vertex 4.04662 28.8711 5
    endloop
  endfacet
  facet normal 0.382675 -0.923883 0
    outer loop
      vertex 4.35106 28.9972 5
      vertex 4.04662 28.8711 0
      vertex 4.35106 28.9972 0
    endloop
  endfacet
  facet normal -0.382675 -0.923883 0
    outer loop
      vertex 5.64894 28.9972 0
      vertex 5.95338 28.8711 5
      vertex 5.64894 28.9972 5
    endloop
  endfacet
  facet normal -0.382675 -0.923883 -0
    outer loop
      vertex 5.95338 28.8711 5
      vertex 5.64894 28.9972 0
      vertex 5.95338 28.8711 0
    endloop
  endfacet
  facet normal -0.233364 -0.97239 0
    outer loop
      vertex 5.32851 29.0741 0
      vertex 5.64894 28.9972 5
      vertex 5.32851 29.0741 5
    endloop
  endfacet
  facet normal -0.233364 -0.97239 -0
    outer loop
      vertex 5.64894 28.9972 5
      vertex 5.32851 29.0741 0
      vertex 5.64894 28.9972 0
    endloop
  endfacet
  facet normal 0.649436 -0.760416 0
    outer loop
      vertex 3.51508 28.4849 0
      vertex 3.76565 28.6989 5
      vertex 3.51508 28.4849 5
    endloop
  endfacet
  facet normal 0.649436 -0.760416 0
    outer loop
      vertex 3.76565 28.6989 5
      vertex 3.51508 28.4849 0
      vertex 3.76565 28.6989 0
    endloop
  endfacet
  facet normal -0.522546 -0.852611 0
    outer loop
      vertex 5.95338 28.8711 0
      vertex 6.23435 28.6989 5
      vertex 5.95338 28.8711 5
    endloop
  endfacet
  facet normal -0.522546 -0.852611 -0
    outer loop
      vertex 6.23435 28.6989 5
      vertex 5.95338 28.8711 0
      vertex 6.23435 28.6989 0
    endloop
  endfacet
  facet normal 0.760425 0.649426 0
    outer loop
      vertex 3.51508 19.5151 5
      vertex 3.30106 19.7657 0
      vertex 3.30106 19.7657 5
    endloop
  endfacet
  facet normal 0.760425 0.649426 0
    outer loop
      vertex 3.30106 19.7657 0
      vertex 3.51508 19.5151 5
      vertex 3.51508 19.5151 0
    endloop
  endfacet
  facet normal 0 -0.382591 0.923918
    outer loop
      vertex 14.65 21.2485 21.7997
      vertex 16.65 20.8498 21.6346
      vertex 16.65 21.2485 21.7997
    endloop
  endfacet
  facet normal 0 -0.382591 0.923918
    outer loop
      vertex 16.65 20.8498 21.6346
      vertex 14.65 21.2485 21.7997
      vertex 14.65 20.8498 21.6346
    endloop
  endfacet
  facet normal 0 -0.382591 0.923918
    outer loop
      vertex 33.25 21.2485 21.7997
      vertex 36.5 20.8498 21.6346
      vertex 36.5 21.2485 21.7997
    endloop
  endfacet
  facet normal 0 -0.382591 0.923918
    outer loop
      vertex 36.5 20.8498 21.6346
      vertex 33.25 21.2485 21.7997
      vertex 33.25 20.8498 21.6346
    endloop
  endfacet
  facet normal 0 -0.233364 0.972389
    outer loop
      vertex 14.65 20.8498 21.6346
      vertex 16.65 20.4302 21.5339
      vertex 16.65 20.8498 21.6346
    endloop
  endfacet
  facet normal 0 -0.233364 0.972389
    outer loop
      vertex 16.65 20.4302 21.5339
      vertex 14.65 20.8498 21.6346
      vertex 14.65 20.4302 21.5339
    endloop
  endfacet
  facet normal 0 -0.233364 0.972389
    outer loop
      vertex 33.25 20.8498 21.6346
      vertex 36.5 20.4302 21.5339
      vertex 36.5 20.8498 21.6346
    endloop
  endfacet
  facet normal 0 -0.233364 0.972389
    outer loop
      vertex 36.5 20.4302 21.5339
      vertex 33.25 20.8498 21.6346
      vertex 33.25 20.4302 21.5339
    endloop
  endfacet
  facet normal -0 0.522584 0.852588
    outer loop
      vertex 14.65 18.7515 21.7997
      vertex 16.65 18.3836 22.0252
      vertex 16.65 18.7515 21.7997
    endloop
  endfacet
  facet normal 0 0.522584 0.852588
    outer loop
      vertex 16.65 18.3836 22.0252
      vertex 14.65 18.7515 21.7997
      vertex 14.65 18.3836 22.0252
    endloop
  endfacet
  facet normal -0 0.522584 0.852588
    outer loop
      vertex 33.25 18.7515 21.7997
      vertex 36.5 18.3836 22.0252
      vertex 36.5 18.7515 21.7997
    endloop
  endfacet
  facet normal 0 0.522584 0.852588
    outer loop
      vertex 36.5 18.3836 22.0252
      vertex 33.25 18.7515 21.7997
      vertex 33.25 18.3836 22.0252
    endloop
  endfacet
  facet normal 0 -0.078557 0.99691
    outer loop
      vertex 14.65 20.4302 21.5339
      vertex 16.65 20 21.5
      vertex 16.65 20.4302 21.5339
    endloop
  endfacet
  facet normal 0 -0.078557 0.99691
    outer loop
      vertex 16.65 20 21.5
      vertex 14.65 20.4302 21.5339
      vertex 14.65 20 21.5
    endloop
  endfacet
  facet normal 0 -0.078557 0.99691
    outer loop
      vertex 33.25 20.4302 21.5339
      vertex 36.5 20 21.5
      vertex 36.5 20.4302 21.5339
    endloop
  endfacet
  facet normal 0 -0.078557 0.99691
    outer loop
      vertex 36.5 20 21.5
      vertex 33.25 20.4302 21.5339
      vertex 33.25 20 21.5
    endloop
  endfacet
  facet normal -0 0.078557 0.99691
    outer loop
      vertex 14.65 20 21.5
      vertex 16.65 19.5698 21.5339
      vertex 16.65 20 21.5
    endloop
  endfacet
  facet normal 0 0.078557 0.99691
    outer loop
      vertex 16.65 19.5698 21.5339
      vertex 14.65 20 21.5
      vertex 14.65 19.5698 21.5339
    endloop
  endfacet
  facet normal -0 0.078557 0.99691
    outer loop
      vertex 33.25 20 21.5
      vertex 36.5 19.5698 21.5339
      vertex 36.5 20 21.5
    endloop
  endfacet
  facet normal 0 0.078557 0.99691
    outer loop
      vertex 36.5 19.5698 21.5339
      vertex 33.25 20 21.5
      vertex 33.25 19.5698 21.5339
    endloop
  endfacet
  facet normal 0 -0.972389 -0.233364
    outer loop
      vertex 14.65 22.7161 24.6802
      vertex 16.65 22.6154 25.0998
      vertex 14.65 22.6154 25.0998
    endloop
  endfacet
  facet normal 0 -0.972389 -0.233364
    outer loop
      vertex 16.65 22.6154 25.0998
      vertex 14.65 22.7161 24.6802
      vertex 16.65 22.7161 24.6802
    endloop
  endfacet
  facet normal 0 -0.972389 -0.233364
    outer loop
      vertex 33.25 22.7161 24.6802
      vertex 36.5 22.6154 25.0998
      vertex 33.25 22.6154 25.0998
    endloop
  endfacet
  facet normal 0 -0.972389 -0.233364
    outer loop
      vertex 36.5 22.6154 25.0998
      vertex 33.25 22.7161 24.6802
      vertex 36.5 22.7161 24.6802
    endloop
  endfacet
  facet normal 0 0.760319 0.64955
    outer loop
      vertex 16.65 18.0555 22.3055
      vertex 14.65 17.7752 22.6336
      vertex 16.65 17.7752 22.6336
    endloop
  endfacet
  facet normal 0 0.760319 0.64955
    outer loop
      vertex 14.65 17.7752 22.6336
      vertex 16.65 18.0555 22.3055
      vertex 14.65 18.0555 22.3055
    endloop
  endfacet
  facet normal 0 0.760319 0.64955
    outer loop
      vertex 36.5 18.0555 22.3055
      vertex 33.25 17.7752 22.6336
      vertex 36.5 17.7752 22.6336
    endloop
  endfacet
  facet normal 0 0.760319 0.64955
    outer loop
      vertex 33.25 17.7752 22.6336
      vertex 36.5 18.0555 22.3055
      vertex 33.25 18.0555 22.3055
    endloop
  endfacet
  facet normal 0 -0.760319 0.64955
    outer loop
      vertex 14.65 21.9445 22.3055
      vertex 16.65 22.2248 22.6336
      vertex 14.65 22.2248 22.6336
    endloop
  endfacet
  facet normal 0 -0.760319 0.64955
    outer loop
      vertex 16.65 22.2248 22.6336
      vertex 14.65 21.9445 22.3055
      vertex 16.65 21.9445 22.3055
    endloop
  endfacet
  facet normal 0 -0.760319 0.64955
    outer loop
      vertex 33.25 21.9445 22.3055
      vertex 36.5 22.2248 22.6336
      vertex 33.25 22.2248 22.6336
    endloop
  endfacet
  facet normal 0 -0.760319 0.64955
    outer loop
      vertex 36.5 22.2248 22.6336
      vertex 33.25 21.9445 22.3055
      vertex 36.5 21.9445 22.3055
    endloop
  endfacet
  facet normal 0 -0.99691 0.078557
    outer loop
      vertex 14.65 22.7161 23.8198
      vertex 16.65 22.75 24.25
      vertex 14.65 22.75 24.25
    endloop
  endfacet
  facet normal 0 -0.99691 0.078557
    outer loop
      vertex 16.65 22.75 24.25
      vertex 14.65 22.7161 23.8198
      vertex 16.65 22.7161 23.8198
    endloop
  endfacet
  facet normal 0 -0.99691 0.078557
    outer loop
      vertex 33.25 22.7161 23.8198
      vertex 36.5 22.75 24.25
      vertex 33.25 22.75 24.25
    endloop
  endfacet
  facet normal 0 -0.99691 0.078557
    outer loop
      vertex 36.5 22.75 24.25
      vertex 33.25 22.7161 23.8198
      vertex 36.5 22.7161 23.8198
    endloop
  endfacet
  facet normal 0 0 -1
    outer loop
      vertex 14.65 19.2734 27.4125
      vertex 16.65 20.7266 27.4125
      vertex 16.65 19.2734 27.4125
    endloop
  endfacet
  facet normal -0 0 -1
    outer loop
      vertex 16.65 20.7266 27.4125
      vertex 14.65 19.2734 27.4125
      vertex 14.65 20.7266 27.4125
    endloop
  endfacet
  facet normal 0 0 -1
    outer loop
      vertex 33.25 19.2734 27.4125
      vertex 36.5 20.7266 27.4125
      vertex 36.5 19.2734 27.4125
    endloop
  endfacet
  facet normal -0 0 -1
    outer loop
      vertex 36.5 20.7266 27.4125
      vertex 33.25 19.2734 27.4125
      vertex 33.25 20.7266 27.4125
    endloop
  endfacet
  facet normal 0 0.972389 0.233364
    outer loop
      vertex 16.65 17.3846 23.4002
      vertex 14.65 17.2839 23.8198
      vertex 16.65 17.2839 23.8198
    endloop
  endfacet
  facet normal 0 0.972389 0.233364
    outer loop
      vertex 14.65 17.2839 23.8198
      vertex 16.65 17.3846 23.4002
      vertex 14.65 17.3846 23.4002
    endloop
  endfacet
  facet normal 0 0.972389 0.233364
    outer loop
      vertex 36.5 17.3846 23.4002
      vertex 33.25 17.2839 23.8198
      vertex 36.5 17.2839 23.8198
    endloop
  endfacet
  facet normal 0 0.972389 0.233364
    outer loop
      vertex 33.25 17.2839 23.8198
      vertex 36.5 17.3846 23.4002
      vertex 33.25 17.3846 23.4002
    endloop
  endfacet
  facet normal 0 0.760319 -0.64955
    outer loop
      vertex 16.65 17.7752 25.8664
      vertex 14.65 18.0555 26.1945
      vertex 16.65 18.0555 26.1945
    endloop
  endfacet
  facet normal 0 0.760319 -0.64955
    outer loop
      vertex 14.65 18.0555 26.1945
      vertex 16.65 17.7752 25.8664
      vertex 14.65 17.7752 25.8664
    endloop
  endfacet
  facet normal 0 0.760319 -0.64955
    outer loop
      vertex 36.5 17.7752 25.8664
      vertex 33.25 18.0555 26.1945
      vertex 36.5 18.0555 26.1945
    endloop
  endfacet
  facet normal 0 0.760319 -0.64955
    outer loop
      vertex 33.25 18.0555 26.1945
      vertex 36.5 17.7752 25.8664
      vertex 33.25 17.7752 25.8664
    endloop
  endfacet
  facet normal 0 -0.972389 0.233364
    outer loop
      vertex 14.65 22.6154 23.4002
      vertex 16.65 22.7161 23.8198
      vertex 14.65 22.7161 23.8198
    endloop
  endfacet
  facet normal 0 -0.972389 0.233364
    outer loop
      vertex 16.65 22.7161 23.8198
      vertex 14.65 22.6154 23.4002
      vertex 16.65 22.6154 23.4002
    endloop
  endfacet
  facet normal 0 -0.972389 0.233364
    outer loop
      vertex 33.25 22.6154 23.4002
      vertex 36.5 22.7161 23.8198
      vertex 33.25 22.7161 23.8198
    endloop
  endfacet
  facet normal 0 -0.972389 0.233364
    outer loop
      vertex 36.5 22.7161 23.8198
      vertex 33.25 22.6154 23.4002
      vertex 36.5 22.6154 23.4002
    endloop
  endfacet
  facet normal -0 0.382591 0.923918
    outer loop
      vertex 14.65 19.1502 21.6346
      vertex 16.65 18.7515 21.7997
      vertex 16.65 19.1502 21.6346
    endloop
  endfacet
  facet normal 0 0.382591 0.923918
    outer loop
      vertex 16.65 18.7515 21.7997
      vertex 14.65 19.1502 21.6346
      vertex 14.65 18.7515 21.7997
    endloop
  endfacet
  facet normal -0 0.382591 0.923918
    outer loop
      vertex 33.25 19.1502 21.6346
      vertex 36.5 18.7515 21.7997
      vertex 36.5 19.1502 21.6346
    endloop
  endfacet
  facet normal 0 0.382591 0.923918
    outer loop
      vertex 36.5 18.7515 21.7997
      vertex 33.25 19.1502 21.6346
      vertex 33.25 18.7515 21.7997
    endloop
  endfacet
  facet normal 0 0.852588 -0.522584
    outer loop
      vertex 16.65 17.5497 25.4985
      vertex 14.65 17.7752 25.8664
      vertex 16.65 17.7752 25.8664
    endloop
  endfacet
  facet normal 0 0.852588 -0.522584
    outer loop
      vertex 14.65 17.7752 25.8664
      vertex 16.65 17.5497 25.4985
      vertex 14.65 17.5497 25.4985
    endloop
  endfacet
  facet normal 0 0.852588 -0.522584
    outer loop
      vertex 36.5 17.5497 25.4985
      vertex 33.25 17.7752 25.8664
      vertex 36.5 17.7752 25.8664
    endloop
  endfacet
  facet normal 0 0.852588 -0.522584
    outer loop
      vertex 33.25 17.7752 25.8664
      vertex 36.5 17.5497 25.4985
      vertex 33.25 17.5497 25.4985
    endloop
  endfacet
  facet normal 0 0.852588 0.522584
    outer loop
      vertex 16.65 17.7752 22.6336
      vertex 14.65 17.5497 23.0015
      vertex 16.65 17.5497 23.0015
    endloop
  endfacet
  facet normal 0 0.852588 0.522584
    outer loop
      vertex 14.65 17.5497 23.0015
      vertex 16.65 17.7752 22.6336
      vertex 14.65 17.7752 22.6336
    endloop
  endfacet
  facet normal 0 0.852588 0.522584
    outer loop
      vertex 36.5 17.7752 22.6336
      vertex 33.25 17.5497 23.0015
      vertex 36.5 17.5497 23.0015
    endloop
  endfacet
  facet normal 0 0.852588 0.522584
    outer loop
      vertex 33.25 17.5497 23.0015
      vertex 36.5 17.7752 22.6336
      vertex 33.25 17.7752 22.6336
    endloop
  endfacet
  facet normal 0 0.923918 0.382591
    outer loop
      vertex 16.65 17.5497 23.0015
      vertex 14.65 17.3846 23.4002
      vertex 16.65 17.3846 23.4002
    endloop
  endfacet
  facet normal 0 0.923918 0.382591
    outer loop
      vertex 14.65 17.3846 23.4002
      vertex 16.65 17.5497 23.0015
      vertex 14.65 17.5497 23.0015
    endloop
  endfacet
  facet normal 0 0.923918 0.382591
    outer loop
      vertex 36.5 17.5497 23.0015
      vertex 33.25 17.3846 23.4002
      vertex 36.5 17.3846 23.4002
    endloop
  endfacet
  facet normal 0 0.923918 0.382591
    outer loop
      vertex 33.25 17.3846 23.4002
      vertex 36.5 17.5497 23.0015
      vertex 33.25 17.5497 23.0015
    endloop
  endfacet
  facet normal -0 0.233364 0.972389
    outer loop
      vertex 14.65 19.5698 21.5339
      vertex 16.65 19.1502 21.6346
      vertex 16.65 19.5698 21.5339
    endloop
  endfacet
  facet normal 0 0.233364 0.972389
    outer loop
      vertex 16.65 19.1502 21.6346
      vertex 14.65 19.5698 21.5339
      vertex 14.65 19.1502 21.6346
    endloop
  endfacet
  facet normal -0 0.233364 0.972389
    outer loop
      vertex 33.25 19.5698 21.5339
      vertex 36.5 19.1502 21.6346
      vertex 36.5 19.5698 21.5339
    endloop
  endfacet
  facet normal 0 0.233364 0.972389
    outer loop
      vertex 36.5 19.1502 21.6346
      vertex 33.25 19.5698 21.5339
      vertex 33.25 19.1502 21.6346
    endloop
  endfacet
  facet normal 0 0.707136 -0.707078
    outer loop
      vertex 16.65 18.0555 26.1945
      vertex 14.65 19.2734 27.4125
      vertex 16.65 19.2734 27.4125
    endloop
  endfacet
  facet normal 0 0.707136 -0.707078
    outer loop
      vertex 14.65 19.2734 27.4125
      vertex 16.65 18.0555 26.1945
      vertex 14.65 18.0555 26.1945
    endloop
  endfacet
  facet normal 0 0.707136 -0.707078
    outer loop
      vertex 36.5 18.0555 26.1945
      vertex 33.25 19.2734 27.4125
      vertex 36.5 19.2734 27.4125
    endloop
  endfacet
  facet normal 0 0.707136 -0.707078
    outer loop
      vertex 33.25 19.2734 27.4125
      vertex 36.5 18.0555 26.1945
      vertex 33.25 18.0555 26.1945
    endloop
  endfacet
  facet normal 0 0.99691 0.078557
    outer loop
      vertex 16.65 17.2839 23.8198
      vertex 14.65 17.25 24.25
      vertex 16.65 17.25 24.25
    endloop
  endfacet
  facet normal 0 0.99691 0.078557
    outer loop
      vertex 14.65 17.25 24.25
      vertex 16.65 17.2839 23.8198
      vertex 14.65 17.2839 23.8198
    endloop
  endfacet
  facet normal 0 0.99691 0.078557
    outer loop
      vertex 36.5 17.2839 23.8198
      vertex 33.25 17.25 24.25
      vertex 36.5 17.25 24.25
    endloop
  endfacet
  facet normal 0 0.99691 0.078557
    outer loop
      vertex 33.25 17.25 24.25
      vertex 36.5 17.2839 23.8198
      vertex 33.25 17.2839 23.8198
    endloop
  endfacet
  facet normal -0 0.64955 0.760319
    outer loop
      vertex 14.65 18.3836 22.0252
      vertex 16.65 18.0555 22.3055
      vertex 16.65 18.3836 22.0252
    endloop
  endfacet
  facet normal 0 0.64955 0.760319
    outer loop
      vertex 16.65 18.0555 22.3055
      vertex 14.65 18.3836 22.0252
      vertex 14.65 18.0555 22.3055
    endloop
  endfacet
  facet normal -0 0.64955 0.760319
    outer loop
      vertex 33.25 18.3836 22.0252
      vertex 36.5 18.0555 22.3055
      vertex 36.5 18.3836 22.0252
    endloop
  endfacet
  facet normal 0 0.64955 0.760319
    outer loop
      vertex 36.5 18.0555 22.3055
      vertex 33.25 18.3836 22.0252
      vertex 33.25 18.0555 22.3055
    endloop
  endfacet
  facet normal 0 -0.760319 -0.64955
    outer loop
      vertex 14.65 22.2248 25.8664
      vertex 16.65 21.9445 26.1945
      vertex 14.65 21.9445 26.1945
    endloop
  endfacet
  facet normal 0 -0.760319 -0.64955
    outer loop
      vertex 16.65 21.9445 26.1945
      vertex 14.65 22.2248 25.8664
      vertex 16.65 22.2248 25.8664
    endloop
  endfacet
  facet normal 0 -0.760319 -0.64955
    outer loop
      vertex 33.25 22.2248 25.8664
      vertex 36.5 21.9445 26.1945
      vertex 33.25 21.9445 26.1945
    endloop
  endfacet
  facet normal 0 -0.760319 -0.64955
    outer loop
      vertex 36.5 21.9445 26.1945
      vertex 33.25 22.2248 25.8664
      vertex 36.5 22.2248 25.8664
    endloop
  endfacet
  facet normal 0 0.972389 -0.233364
    outer loop
      vertex 16.65 17.2839 24.6802
      vertex 14.65 17.3846 25.0998
      vertex 16.65 17.3846 25.0998
    endloop
  endfacet
  facet normal 0 0.972389 -0.233364
    outer loop
      vertex 14.65 17.3846 25.0998
      vertex 16.65 17.2839 24.6802
      vertex 14.65 17.2839 24.6802
    endloop
  endfacet
  facet normal 0 0.972389 -0.233364
    outer loop
      vertex 36.5 17.2839 24.6802
      vertex 33.25 17.3846 25.0998
      vertex 36.5 17.3846 25.0998
    endloop
  endfacet
  facet normal 0 0.972389 -0.233364
    outer loop
      vertex 33.25 17.3846 25.0998
      vertex 36.5 17.2839 24.6802
      vertex 33.25 17.2839 24.6802
    endloop
  endfacet
  facet normal 0 0.923918 -0.382591
    outer loop
      vertex 16.65 17.3846 25.0998
      vertex 14.65 17.5497 25.4985
      vertex 16.65 17.5497 25.4985
    endloop
  endfacet
  facet normal 0 0.923918 -0.382591
    outer loop
      vertex 14.65 17.5497 25.4985
      vertex 16.65 17.3846 25.0998
      vertex 14.65 17.3846 25.0998
    endloop
  endfacet
  facet normal 0 0.923918 -0.382591
    outer loop
      vertex 36.5 17.3846 25.0998
      vertex 33.25 17.5497 25.4985
      vertex 36.5 17.5497 25.4985
    endloop
  endfacet
  facet normal 0 0.923918 -0.382591
    outer loop
      vertex 33.25 17.5497 25.4985
      vertex 36.5 17.3846 25.0998
      vertex 33.25 17.3846 25.0998
    endloop
  endfacet
  facet normal 0 -0.707136 -0.707078
    outer loop
      vertex 14.65 21.9445 26.1945
      vertex 16.65 20.7266 27.4125
      vertex 14.65 20.7266 27.4125
    endloop
  endfacet
  facet normal 0 -0.707136 -0.707078
    outer loop
      vertex 16.65 20.7266 27.4125
      vertex 14.65 21.9445 26.1945
      vertex 16.65 21.9445 26.1945
    endloop
  endfacet
  facet normal 0 -0.707136 -0.707078
    outer loop
      vertex 33.25 21.9445 26.1945
      vertex 36.5 20.7266 27.4125
      vertex 33.25 20.7266 27.4125
    endloop
  endfacet
  facet normal 0 -0.707136 -0.707078
    outer loop
      vertex 36.5 20.7266 27.4125
      vertex 33.25 21.9445 26.1945
      vertex 36.5 21.9445 26.1945
    endloop
  endfacet
  facet normal 0 -0.522584 0.852588
    outer loop
      vertex 14.65 21.6164 22.0252
      vertex 16.65 21.2485 21.7997
      vertex 16.65 21.6164 22.0252
    endloop
  endfacet
  facet normal 0 -0.522584 0.852588
    outer loop
      vertex 16.65 21.2485 21.7997
      vertex 14.65 21.6164 22.0252
      vertex 14.65 21.2485 21.7997
    endloop
  endfacet
  facet normal 0 -0.522584 0.852588
    outer loop
      vertex 33.25 21.6164 22.0252
      vertex 36.5 21.2485 21.7997
      vertex 36.5 21.6164 22.0252
    endloop
  endfacet
  facet normal 0 -0.522584 0.852588
    outer loop
      vertex 36.5 21.2485 21.7997
      vertex 33.25 21.6164 22.0252
      vertex 33.25 21.2485 21.7997
    endloop
  endfacet
  facet normal 0 -0.852588 0.522584
    outer loop
      vertex 14.65 22.2248 22.6336
      vertex 16.65 22.4503 23.0015
      vertex 14.65 22.4503 23.0015
    endloop
  endfacet
  facet normal 0 -0.852588 0.522584
    outer loop
      vertex 16.65 22.4503 23.0015
      vertex 14.65 22.2248 22.6336
      vertex 16.65 22.2248 22.6336
    endloop
  endfacet
  facet normal 0 -0.852588 0.522584
    outer loop
      vertex 33.25 22.2248 22.6336
      vertex 36.5 22.4503 23.0015
      vertex 33.25 22.4503 23.0015
    endloop
  endfacet
  facet normal 0 -0.852588 0.522584
    outer loop
      vertex 36.5 22.4503 23.0015
      vertex 33.25 22.2248 22.6336
      vertex 36.5 22.2248 22.6336
    endloop
  endfacet
  facet normal 0 0.99691 -0.078557
    outer loop
      vertex 16.65 17.25 24.25
      vertex 14.65 17.2839 24.6802
      vertex 16.65 17.2839 24.6802
    endloop
  endfacet
  facet normal 0 0.99691 -0.078557
    outer loop
      vertex 14.65 17.2839 24.6802
      vertex 16.65 17.25 24.25
      vertex 14.65 17.25 24.25
    endloop
  endfacet
  facet normal 0 0.99691 -0.078557
    outer loop
      vertex 36.5 17.25 24.25
      vertex 33.25 17.2839 24.6802
      vertex 36.5 17.2839 24.6802
    endloop
  endfacet
  facet normal 0 0.99691 -0.078557
    outer loop
      vertex 33.25 17.2839 24.6802
      vertex 36.5 17.25 24.25
      vertex 33.25 17.25 24.25
    endloop
  endfacet
  facet normal 0 -0.99691 -0.078557
    outer loop
      vertex 14.65 22.75 24.25
      vertex 16.65 22.7161 24.6802
      vertex 14.65 22.7161 24.6802
    endloop
  endfacet
  facet normal 0 -0.99691 -0.078557
    outer loop
      vertex 16.65 22.7161 24.6802
      vertex 14.65 22.75 24.25
      vertex 16.65 22.75 24.25
    endloop
  endfacet
  facet normal 0 -0.99691 -0.078557
    outer loop
      vertex 33.25 22.75 24.25
      vertex 36.5 22.7161 24.6802
      vertex 33.25 22.7161 24.6802
    endloop
  endfacet
  facet normal 0 -0.99691 -0.078557
    outer loop
      vertex 36.5 22.7161 24.6802
      vertex 33.25 22.75 24.25
      vertex 36.5 22.75 24.25
    endloop
  endfacet
  facet normal 0 -0.923918 0.382591
    outer loop
      vertex 14.65 22.4503 23.0015
      vertex 16.65 22.6154 23.4002
      vertex 14.65 22.6154 23.4002
    endloop
  endfacet
  facet normal 0 -0.923918 0.382591
    outer loop
      vertex 16.65 22.6154 23.4002
      vertex 14.65 22.4503 23.0015
      vertex 16.65 22.4503 23.0015
    endloop
  endfacet
  facet normal 0 -0.923918 0.382591
    outer loop
      vertex 33.25 22.4503 23.0015
      vertex 36.5 22.6154 23.4002
      vertex 33.25 22.6154 23.4002
    endloop
  endfacet
  facet normal 0 -0.923918 0.382591
    outer loop
      vertex 36.5 22.6154 23.4002
      vertex 33.25 22.4503 23.0015
      vertex 36.5 22.4503 23.0015
    endloop
  endfacet
  facet normal 0 -0.923918 -0.382591
    outer loop
      vertex 14.65 22.6154 25.0998
      vertex 16.65 22.4503 25.4985
      vertex 14.65 22.4503 25.4985
    endloop
  endfacet
  facet normal 0 -0.923918 -0.382591
    outer loop
      vertex 16.65 22.4503 25.4985
      vertex 14.65 22.6154 25.0998
      vertex 16.65 22.6154 25.0998
    endloop
  endfacet
  facet normal 0 -0.923918 -0.382591
    outer loop
      vertex 33.25 22.6154 25.0998
      vertex 36.5 22.4503 25.4985
      vertex 33.25 22.4503 25.4985
    endloop
  endfacet
  facet normal 0 -0.923918 -0.382591
    outer loop
      vertex 36.5 22.4503 25.4985
      vertex 33.25 22.6154 25.0998
      vertex 36.5 22.6154 25.0998
    endloop
  endfacet
  facet normal 0 -0.852588 -0.522584
    outer loop
      vertex 14.65 22.4503 25.4985
      vertex 16.65 22.2248 25.8664
      vertex 14.65 22.2248 25.8664
    endloop
  endfacet
  facet normal 0 -0.852588 -0.522584
    outer loop
      vertex 16.65 22.2248 25.8664
      vertex 14.65 22.4503 25.4985
      vertex 16.65 22.4503 25.4985
    endloop
  endfacet
  facet normal 0 -0.852588 -0.522584
    outer loop
      vertex 33.25 22.4503 25.4985
      vertex 36.5 22.2248 25.8664
      vertex 33.25 22.2248 25.8664
    endloop
  endfacet
  facet normal 0 -0.852588 -0.522584
    outer loop
      vertex 36.5 22.2248 25.8664
      vertex 33.25 22.4503 25.4985
      vertex 36.5 22.4503 25.4985
    endloop
  endfacet
  facet normal 0 -0.64955 0.760319
    outer loop
      vertex 14.65 21.9445 22.3055
      vertex 16.65 21.6164 22.0252
      vertex 16.65 21.9445 22.3055
    endloop
  endfacet
  facet normal 0 -0.64955 0.760319
    outer loop
      vertex 16.65 21.6164 22.0252
      vertex 14.65 21.9445 22.3055
      vertex 14.65 21.6164 22.0252
    endloop
  endfacet
  facet normal 0 -0.64955 0.760319
    outer loop
      vertex 33.25 21.9445 22.3055
      vertex 36.5 21.6164 22.0252
      vertex 36.5 21.9445 22.3055
    endloop
  endfacet
  facet normal 0 -0.64955 0.760319
    outer loop
      vertex 36.5 21.6164 22.0252
      vertex 33.25 21.9445 22.3055
      vertex 33.25 21.6164 22.0252
    endloop
  endfacet
  facet normal 0 0.866025 -0.5
    outer loop
      vertex 21.75 15.2312 24.25
      vertex 16.65 17.6156 28.3799
      vertex 21.75 17.6156 28.3799
    endloop
  endfacet
  facet normal 0 0.866025 -0.5
    outer loop
      vertex 16.65 17.6156 28.3799
      vertex 21.75 15.2312 24.25
      vertex 16.65 15.2312 24.25
    endloop
  endfacet
  facet normal 0 0 -1
    outer loop
      vertex 16.65 17.6156 28.3799
      vertex 21.75 22.3844 28.3799
      vertex 21.75 17.6156 28.3799
    endloop
  endfacet
  facet normal -0 0 -1
    outer loop
      vertex 21.75 22.3844 28.3799
      vertex 16.65 17.6156 28.3799
      vertex 16.65 22.3844 28.3799
    endloop
  endfacet
  facet normal 0 -0.866025 0.5
    outer loop
      vertex 16.65 22.3844 20.1201
      vertex 21.75 24.7688 24.25
      vertex 16.65 24.7688 24.25
    endloop
  endfacet
  facet normal 0 -0.866025 0.5
    outer loop
      vertex 21.75 24.7688 24.25
      vertex 16.65 22.3844 20.1201
      vertex 21.75 22.3844 20.1201
    endloop
  endfacet
  facet normal -0 0 1
    outer loop
      vertex 16.65 22.3844 20.1201
      vertex 21.75 17.6156 20.1201
      vertex 21.75 22.3844 20.1201
    endloop
  endfacet
  facet normal 0 0 1
    outer loop
      vertex 21.75 17.6156 20.1201
      vertex 16.65 22.3844 20.1201
      vertex 16.65 17.6156 20.1201
    endloop
  endfacet
  facet normal 1 0 0
    outer loop
      vertex 16.65 24.7688 24.25
      vertex 16.65 22.7161 24.6802
      vertex 16.65 22.75 24.25
    endloop
  endfacet
  facet normal 1 0 0
    outer loop
      vertex 16.65 24.7688 24.25
      vertex 16.65 22.6154 25.0998
      vertex 16.65 22.7161 24.6802
    endloop
  endfacet
  facet normal 1 0 0
    outer loop
      vertex 16.65 24.7688 24.25
      vertex 16.65 22.4503 25.4985
      vertex 16.65 22.6154 25.0998
    endloop
  endfacet
  facet normal 1 0 0
    outer loop
      vertex 16.65 22.3844 28.3799
      vertex 16.65 22.4503 25.4985
      vertex 16.65 24.7688 24.25
    endloop
  endfacet
  facet normal 1 0 0
    outer loop
      vertex 16.65 22.3844 28.3799
      vertex 16.65 22.2248 25.8664
      vertex 16.65 22.4503 25.4985
    endloop
  endfacet
  facet normal 1 0 0
    outer loop
      vertex 16.65 22.3844 28.3799
      vertex 16.65 21.9445 26.1945
      vertex 16.65 22.2248 25.8664
    endloop
  endfacet
  facet normal 1 0 0
    outer loop
      vertex 16.65 22.3844 28.3799
      vertex 16.65 20.7266 27.4125
      vertex 16.65 21.9445 26.1945
    endloop
  endfacet
  facet normal 1 0 0
    outer loop
      vertex 16.65 22.3844 28.3799
      vertex 16.65 19.2734 27.4125
      vertex 16.65 20.7266 27.4125
    endloop
  endfacet
  facet normal 1 -0 0
    outer loop
      vertex 16.65 17.6156 28.3799
      vertex 16.65 19.2734 27.4125
      vertex 16.65 22.3844 28.3799
    endloop
  endfacet
  facet normal 1 0 0
    outer loop
      vertex 16.65 17.6156 28.3799
      vertex 16.65 18.0555 26.1945
      vertex 16.65 19.2734 27.4125
    endloop
  endfacet
  facet normal 1 0 0
    outer loop
      vertex 16.65 17.6156 28.3799
      vertex 16.65 17.7752 25.8664
      vertex 16.65 18.0555 26.1945
    endloop
  endfacet
  facet normal 1 0 0
    outer loop
      vertex 16.65 17.6156 28.3799
      vertex 16.65 17.5497 25.4985
      vertex 16.65 17.7752 25.8664
    endloop
  endfacet
  facet normal 1 0 0
    outer loop
      vertex 16.65 15.2312 24.25
      vertex 16.65 17.5497 25.4985
      vertex 16.65 17.6156 28.3799
    endloop
  endfacet
  facet normal 1 0 0
    outer loop
      vertex 16.65 17.5497 25.4985
      vertex 16.65 15.2312 24.25
      vertex 16.65 17.3846 25.0998
    endloop
  endfacet
  facet normal 1 0 0
    outer loop
      vertex 16.65 17.2839 24.6802
      vertex 16.65 15.2312 24.25
      vertex 16.65 17.25 24.25
    endloop
  endfacet
  facet normal 1 0 0
    outer loop
      vertex 16.65 17.3846 25.0998
      vertex 16.65 15.2312 24.25
      vertex 16.65 17.2839 24.6802
    endloop
  endfacet
  facet normal 1 0 0
    outer loop
      vertex 16.65 22.7161 23.8198
      vertex 16.65 24.7688 24.25
      vertex 16.65 22.75 24.25
    endloop
  endfacet
  facet normal 1 0 0
    outer loop
      vertex 16.65 22.6154 23.4002
      vertex 16.65 24.7688 24.25
      vertex 16.65 22.7161 23.8198
    endloop
  endfacet
  facet normal 1 0 0
    outer loop
      vertex 16.65 22.4503 23.0015
      vertex 16.65 24.7688 24.25
      vertex 16.65 22.6154 23.4002
    endloop
  endfacet
  facet normal 1 -0 0
    outer loop
      vertex 16.65 22.4503 23.0015
      vertex 16.65 22.3844 20.1201
      vertex 16.65 24.7688 24.25
    endloop
  endfacet
  facet normal 1 -0 0
    outer loop
      vertex 16.65 22.2248 22.6336
      vertex 16.65 22.3844 20.1201
      vertex 16.65 22.4503 23.0015
    endloop
  endfacet
  facet normal 1 -0 0
    outer loop
      vertex 16.65 21.9445 22.3055
      vertex 16.65 22.3844 20.1201
      vertex 16.65 22.2248 22.6336
    endloop
  endfacet
  facet normal 1 -0 0
    outer loop
      vertex 16.65 21.6164 22.0252
      vertex 16.65 22.3844 20.1201
      vertex 16.65 21.9445 22.3055
    endloop
  endfacet
  facet normal 1 -0 0
    outer loop
      vertex 16.65 21.2485 21.7997
      vertex 16.65 22.3844 20.1201
      vertex 16.65 21.6164 22.0252
    endloop
  endfacet
  facet normal 1 -0 0
    outer loop
      vertex 16.65 20.8498 21.6346
      vertex 16.65 22.3844 20.1201
      vertex 16.65 21.2485 21.7997
    endloop
  endfacet
  facet normal 1 -0 0
    outer loop
      vertex 16.65 20.4302 21.5339
      vertex 16.65 22.3844 20.1201
      vertex 16.65 20.8498 21.6346
    endloop
  endfacet
  facet normal 1 -0 0
    outer loop
      vertex 16.65 20 21.5
      vertex 16.65 22.3844 20.1201
      vertex 16.65 20.4302 21.5339
    endloop
  endfacet
  facet normal 1 0 0
    outer loop
      vertex 16.65 17.6156 20.1201
      vertex 16.65 20 21.5
      vertex 16.65 19.5698 21.5339
    endloop
  endfacet
  facet normal 1 0 0
    outer loop
      vertex 16.65 17.6156 20.1201
      vertex 16.65 19.5698 21.5339
      vertex 16.65 19.1502 21.6346
    endloop
  endfacet
  facet normal 1 0 0
    outer loop
      vertex 16.65 17.6156 20.1201
      vertex 16.65 19.1502 21.6346
      vertex 16.65 18.7515 21.7997
    endloop
  endfacet
  facet normal 1 0 0
    outer loop
      vertex 16.65 20 21.5
      vertex 16.65 17.6156 20.1201
      vertex 16.65 22.3844 20.1201
    endloop
  endfacet
  facet normal 1 0 0
    outer loop
      vertex 16.65 18.3836 22.0252
      vertex 16.65 17.6156 20.1201
      vertex 16.65 18.7515 21.7997
    endloop
  endfacet
  facet normal 1 0 0
    outer loop
      vertex 16.65 18.0555 22.3055
      vertex 16.65 17.6156 20.1201
      vertex 16.65 18.3836 22.0252
    endloop
  endfacet
  facet normal 1 0 0
    outer loop
      vertex 16.65 17.7752 22.6336
      vertex 16.65 17.6156 20.1201
      vertex 16.65 18.0555 22.3055
    endloop
  endfacet
  facet normal 1 0 0
    outer loop
      vertex 16.65 17.5497 23.0015
      vertex 16.65 17.6156 20.1201
      vertex 16.65 17.7752 22.6336
    endloop
  endfacet
  facet normal 1 0 0
    outer loop
      vertex 16.65 15.2312 24.25
      vertex 16.65 17.5497 23.0015
      vertex 16.65 17.3846 23.4002
    endloop
  endfacet
  facet normal 1 0 0
    outer loop
      vertex 16.65 15.2312 24.25
      vertex 16.65 17.3846 23.4002
      vertex 16.65 17.2839 23.8198
    endloop
  endfacet
  facet normal 1 0 0
    outer loop
      vertex 16.65 17.5497 23.0015
      vertex 16.65 15.2312 24.25
      vertex 16.65 17.6156 20.1201
    endloop
  endfacet
  facet normal 1 -0 0
    outer loop
      vertex 16.65 15.2312 24.25
      vertex 16.65 17.2839 23.8198
      vertex 16.65 17.25 24.25
    endloop
  endfacet
  facet normal 0 -0.866025 -0.5
    outer loop
      vertex 16.65 24.7688 24.25
      vertex 21.75 22.3844 28.3799
      vertex 16.65 22.3844 28.3799
    endloop
  endfacet
  facet normal 0 -0.866025 -0.5
    outer loop
      vertex 21.75 22.3844 28.3799
      vertex 16.65 24.7688 24.25
      vertex 21.75 24.7688 24.25
    endloop
  endfacet
  facet normal 0 0.866025 0.5
    outer loop
      vertex 21.75 17.6156 20.1201
      vertex 16.65 15.2312 24.25
      vertex 21.75 15.2312 24.25
    endloop
  endfacet
  facet normal 0 0.866025 0.5
    outer loop
      vertex 16.65 15.2312 24.25
      vertex 21.75 17.6156 20.1201
      vertex 16.65 17.6156 20.1201
    endloop
  endfacet
endsolid OpenSCAD_Model
