solid OpenSCAD_Model
  facet normal 0 -1 0
    outer loop
      vertex 0 18 5
      vertex 0 18 0
      vertex 20.6254 18 5
    endloop
  endfacet
  facet normal 0 -1 0
    outer loop
      vertex 20.6254 18 5
      vertex 28 18 0
      vertex 28 18 12.9892
    endloop
  endfacet
  facet normal 0 -1 0
    outer loop
      vertex 28 18 0
      vertex 20.6254 18 5
      vertex 0 18 0
    endloop
  endfacet
  facet normal 0 0 -1
    outer loop
      vertex 28 18 0
      vertex 33 0 0
      vertex 28 0 0
    endloop
  endfacet
  facet normal 0 0 -1
    outer loop
      vertex 7.99722 38.3511 0
      vertex 28 48 0
      vertex 28 18 0
    endloop
  endfacet
  facet normal 0 0 -1
    outer loop
      vertex 28 48 0
      vertex 8.07415 38.6715 0
      vertex 8.1 39 0
    endloop
  endfacet
  facet normal 0 0 -1
    outer loop
      vertex 28 48 0
      vertex 7.99722 38.3511 0
      vertex 8.07415 38.6715 0
    endloop
  endfacet
  facet normal 0 0 -1
    outer loop
      vertex 28 18 0
      vertex 7.87111 38.0466 0
      vertex 7.99722 38.3511 0
    endloop
  endfacet
  facet normal 0 0 -1
    outer loop
      vertex 28 18 0
      vertex 7.69894 37.7657 0
      vertex 7.87111 38.0466 0
    endloop
  endfacet
  facet normal 0 0 -1
    outer loop
      vertex 28 18 0
      vertex 7.48492 37.5151 0
      vertex 7.69894 37.7657 0
    endloop
  endfacet
  facet normal 0 0 -1
    outer loop
      vertex 28 18 0
      vertex 7.23435 37.3011 0
      vertex 7.48492 37.5151 0
    endloop
  endfacet
  facet normal 0 0 -1
    outer loop
      vertex 28 18 0
      vertex 6.95338 37.1289 0
      vertex 7.23435 37.3011 0
    endloop
  endfacet
  facet normal 0 0 -1
    outer loop
      vertex 0 18 0
      vertex 6.95338 37.1289 0
      vertex 28 18 0
    endloop
  endfacet
  facet normal 0 0 -1
    outer loop
      vertex 6.95338 37.1289 0
      vertex 0 18 0
      vertex 6.64894 37.0028 0
    endloop
  endfacet
  facet normal 0 0 -1
    outer loop
      vertex 6.64894 37.0028 0
      vertex 0 18 0
      vertex 6.32851 36.9259 0
    endloop
  endfacet
  facet normal 0 0 -1
    outer loop
      vertex 6.32851 36.9259 0
      vertex 0 18 0
      vertex 6 36.9 0
    endloop
  endfacet
  facet normal -0 0 -1
    outer loop
      vertex 6 36.9 0
      vertex 0 18 0
      vertex 5.67149 36.9259 0
    endloop
  endfacet
  facet normal -0 0 -1
    outer loop
      vertex 5.67149 36.9259 0
      vertex 0 18 0
      vertex 5.35106 37.0028 0
    endloop
  endfacet
  facet normal -0 0 -1
    outer loop
      vertex 5.35106 37.0028 0
      vertex 0 18 0
      vertex 5.04662 37.1289 0
    endloop
  endfacet
  facet normal 0 0 -1
    outer loop
      vertex 0 48 0
      vertex 3.92585 38.6715 0
      vertex 0 18 0
    endloop
  endfacet
  facet normal -0 0 -1
    outer loop
      vertex 4.00278 38.3511 0
      vertex 0 18 0
      vertex 3.92585 38.6715 0
    endloop
  endfacet
  facet normal -0 0 -1
    outer loop
      vertex 4.12889 38.0466 0
      vertex 0 18 0
      vertex 4.00278 38.3511 0
    endloop
  endfacet
  facet normal -0 0 -1
    outer loop
      vertex 4.30106 37.7657 0
      vertex 0 18 0
      vertex 4.12889 38.0466 0
    endloop
  endfacet
  facet normal -0 0 -1
    outer loop
      vertex 4.51508 37.5151 0
      vertex 0 18 0
      vertex 4.30106 37.7657 0
    endloop
  endfacet
  facet normal -0 0 -1
    outer loop
      vertex 4.76565 37.3011 0
      vertex 0 18 0
      vertex 4.51508 37.5151 0
    endloop
  endfacet
  facet normal -0 0 -1
    outer loop
      vertex 5.04662 37.1289 0
      vertex 0 18 0
      vertex 4.76565 37.3011 0
    endloop
  endfacet
  facet normal 0 0 -1
    outer loop
      vertex 8.07415 39.3285 0
      vertex 28 48 0
      vertex 8.1 39 0
    endloop
  endfacet
  facet normal 0 0 -1
    outer loop
      vertex 7.99722 39.6489 0
      vertex 28 48 0
      vertex 8.07415 39.3285 0
    endloop
  endfacet
  facet normal 0 0 -1
    outer loop
      vertex 7.87111 39.9534 0
      vertex 28 48 0
      vertex 7.99722 39.6489 0
    endloop
  endfacet
  facet normal 0 0 -1
    outer loop
      vertex 7.69894 40.2343 0
      vertex 28 48 0
      vertex 7.87111 39.9534 0
    endloop
  endfacet
  facet normal 0 0 -1
    outer loop
      vertex 7.48492 40.4849 0
      vertex 28 48 0
      vertex 7.69894 40.2343 0
    endloop
  endfacet
  facet normal 0 0 -1
    outer loop
      vertex 7.23435 40.6989 0
      vertex 28 48 0
      vertex 7.48492 40.4849 0
    endloop
  endfacet
  facet normal 0 0 -1
    outer loop
      vertex 6.95338 40.8711 0
      vertex 28 48 0
      vertex 7.23435 40.6989 0
    endloop
  endfacet
  facet normal 0 0 -1
    outer loop
      vertex 0 48 0
      vertex 6.95338 40.8711 0
      vertex 6.64894 40.9972 0
    endloop
  endfacet
  facet normal 0 0 -1
    outer loop
      vertex 0 48 0
      vertex 6.64894 40.9972 0
      vertex 6.32851 41.0741 0
    endloop
  endfacet
  facet normal 0 0 -1
    outer loop
      vertex 0 48 0
      vertex 6.32851 41.0741 0
      vertex 6 41.1 0
    endloop
  endfacet
  facet normal 0 0 -1
    outer loop
      vertex 0 48 0
      vertex 6 41.1 0
      vertex 5.67149 41.0741 0
    endloop
  endfacet
  facet normal 0 0 -1
    outer loop
      vertex 0 48 0
      vertex 5.67149 41.0741 0
      vertex 5.35106 40.9972 0
    endloop
  endfacet
  facet normal 0 0 -1
    outer loop
      vertex 3.92585 38.6715 0
      vertex 0 48 0
      vertex 3.9 39 0
    endloop
  endfacet
  facet normal 0 0 -1
    outer loop
      vertex 6.95338 40.8711 0
      vertex 0 48 0
      vertex 28 48 0
    endloop
  endfacet
  facet normal 0 0 -1
    outer loop
      vertex 5.04662 40.8711 0
      vertex 0 48 0
      vertex 5.35106 40.9972 0
    endloop
  endfacet
  facet normal 0 0 -1
    outer loop
      vertex 4.76565 40.6989 0
      vertex 0 48 0
      vertex 5.04662 40.8711 0
    endloop
  endfacet
  facet normal 0 0 -1
    outer loop
      vertex 4.51508 40.4849 0
      vertex 0 48 0
      vertex 4.76565 40.6989 0
    endloop
  endfacet
  facet normal 0 0 -1
    outer loop
      vertex 4.30106 40.2343 0
      vertex 0 48 0
      vertex 4.51508 40.4849 0
    endloop
  endfacet
  facet normal 0 0 -1
    outer loop
      vertex 4.12889 39.9534 0
      vertex 0 48 0
      vertex 4.30106 40.2343 0
    endloop
  endfacet
  facet normal 0 0 -1
    outer loop
      vertex 4.00278 39.6489 0
      vertex 0 48 0
      vertex 4.12889 39.9534 0
    endloop
  endfacet
  facet normal 0 0 -1
    outer loop
      vertex 3.92585 39.3285 0
      vertex 0 48 0
      vertex 4.00278 39.6489 0
    endloop
  endfacet
  facet normal 0 0 -1
    outer loop
      vertex 3.9 39 0
      vertex 0 48 0
      vertex 3.92585 39.3285 0
    endloop
  endfacet
  facet normal 0 0 -1
    outer loop
      vertex 73 48 0
      vertex 69.1 53 0
      vertex 73 58 0
    endloop
  endfacet
  facet normal 0 0 -1
    outer loop
      vertex 73 48 0
      vertex 69.0741 52.6715 0
      vertex 69.1 53 0
    endloop
  endfacet
  facet normal 0 0 -1
    outer loop
      vertex 73 48 0
      vertex 68.9972 52.3511 0
      vertex 69.0741 52.6715 0
    endloop
  endfacet
  facet normal 0 0 -1
    outer loop
      vertex 73 48 0
      vertex 68.8711 52.0466 0
      vertex 68.9972 52.3511 0
    endloop
  endfacet
  facet normal 0 0 -1
    outer loop
      vertex 73 48 0
      vertex 68.6989 51.7657 0
      vertex 68.8711 52.0466 0
    endloop
  endfacet
  facet normal 0 0 -1
    outer loop
      vertex 73 48 0
      vertex 68.4849 51.5151 0
      vertex 68.6989 51.7657 0
    endloop
  endfacet
  facet normal 0 0 -1
    outer loop
      vertex 73 48 0
      vertex 68.2343 51.3011 0
      vertex 68.4849 51.5151 0
    endloop
  endfacet
  facet normal 0 0 -1
    outer loop
      vertex 73 48 0
      vertex 67.9534 51.1289 0
      vertex 68.2343 51.3011 0
    endloop
  endfacet
  facet normal 0 0 -1
    outer loop
      vertex 73 48 0
      vertex 67.6489 51.0028 0
      vertex 67.9534 51.1289 0
    endloop
  endfacet
  facet normal 0 0 -1
    outer loop
      vertex 73 48 0
      vertex 67.3285 50.9259 0
      vertex 67.6489 51.0028 0
    endloop
  endfacet
  facet normal 0 0 -1
    outer loop
      vertex 73 48 0
      vertex 67 50.9 0
      vertex 67.3285 50.9259 0
    endloop
  endfacet
  facet normal 0 0 -1
    outer loop
      vertex 73 48 0
      vertex 66.6715 50.9259 0
      vertex 67 50.9 0
    endloop
  endfacet
  facet normal 0 0 -1
    outer loop
      vertex 73 48 0
      vertex 66.3511 51.0028 0
      vertex 66.6715 50.9259 0
    endloop
  endfacet
  facet normal 0 0 -1
    outer loop
      vertex 56.6489 51.0028 0
      vertex 66.3511 51.0028 0
      vertex 73 48 0
    endloop
  endfacet
  facet normal 0 0 -1
    outer loop
      vertex 64.9259 52.6715 0
      vertex 58.1 53 0
      vertex 64.9 53 0
    endloop
  endfacet
  facet normal 0 0 -1
    outer loop
      vertex 58.0741 52.6715 0
      vertex 64.9259 52.6715 0
      vertex 65.0028 52.3511 0
    endloop
  endfacet
  facet normal 0 0 -1
    outer loop
      vertex 57.9972 52.3511 0
      vertex 65.0028 52.3511 0
      vertex 65.1289 52.0466 0
    endloop
  endfacet
  facet normal 0 0 -1
    outer loop
      vertex 57.8711 52.0466 0
      vertex 65.1289 52.0466 0
      vertex 65.3011 51.7657 0
    endloop
  endfacet
  facet normal 0 0 -1
    outer loop
      vertex 57.6989 51.7657 0
      vertex 65.3011 51.7657 0
      vertex 65.5151 51.5151 0
    endloop
  endfacet
  facet normal 0 0 -1
    outer loop
      vertex 57.4849 51.5151 0
      vertex 65.5151 51.5151 0
      vertex 65.7657 51.3011 0
    endloop
  endfacet
  facet normal 0 0 -1
    outer loop
      vertex 57.2343 51.3011 0
      vertex 65.7657 51.3011 0
      vertex 66.0466 51.1289 0
    endloop
  endfacet
  facet normal 0 0 -1
    outer loop
      vertex 66.3511 51.0028 0
      vertex 56.6489 51.0028 0
      vertex 66.0466 51.1289 0
    endloop
  endfacet
  facet normal 0 0 -1
    outer loop
      vertex 64.9259 52.6715 0
      vertex 58.0741 52.6715 0
      vertex 58.1 53 0
    endloop
  endfacet
  facet normal 0 0 -1
    outer loop
      vertex 65.0028 52.3511 0
      vertex 57.9972 52.3511 0
      vertex 58.0741 52.6715 0
    endloop
  endfacet
  facet normal 0 0 -1
    outer loop
      vertex 65.1289 52.0466 0
      vertex 57.8711 52.0466 0
      vertex 57.9972 52.3511 0
    endloop
  endfacet
  facet normal 0 0 -1
    outer loop
      vertex 65.3011 51.7657 0
      vertex 57.6989 51.7657 0
      vertex 57.8711 52.0466 0
    endloop
  endfacet
  facet normal 0 0 -1
    outer loop
      vertex 65.5151 51.5151 0
      vertex 57.4849 51.5151 0
      vertex 57.6989 51.7657 0
    endloop
  endfacet
  facet normal 0 0 -1
    outer loop
      vertex 65.7657 51.3011 0
      vertex 57.2343 51.3011 0
      vertex 57.4849 51.5151 0
    endloop
  endfacet
  facet normal 0 0 -1
    outer loop
      vertex 66.0466 51.1289 0
      vertex 56.9534 51.1289 0
      vertex 57.2343 51.3011 0
    endloop
  endfacet
  facet normal -0 0 -1
    outer loop
      vertex 66.0466 51.1289 0
      vertex 56.6489 51.0028 0
      vertex 56.9534 51.1289 0
    endloop
  endfacet
  facet normal 0 0 -1
    outer loop
      vertex 73 48 0
      vertex 56.3285 50.9259 0
      vertex 56.6489 51.0028 0
    endloop
  endfacet
  facet normal 0 0 -1
    outer loop
      vertex 73 48 0
      vertex 56 50.9 0
      vertex 56.3285 50.9259 0
    endloop
  endfacet
  facet normal 0 0 -1
    outer loop
      vertex 33 48 0
      vertex 56 50.9 0
      vertex 73 48 0
    endloop
  endfacet
  facet normal -0 0 -1
    outer loop
      vertex 53.9259 52.6715 0
      vertex 33 48 0
      vertex 53.9 53 0
    endloop
  endfacet
  facet normal -0 0 -1
    outer loop
      vertex 54.0028 52.3511 0
      vertex 33 48 0
      vertex 53.9259 52.6715 0
    endloop
  endfacet
  facet normal -0 0 -1
    outer loop
      vertex 54.1289 52.0466 0
      vertex 33 48 0
      vertex 54.0028 52.3511 0
    endloop
  endfacet
  facet normal -0 0 -1
    outer loop
      vertex 54.3011 51.7657 0
      vertex 33 48 0
      vertex 54.1289 52.0466 0
    endloop
  endfacet
  facet normal -0 0 -1
    outer loop
      vertex 54.5151 51.5151 0
      vertex 33 48 0
      vertex 54.3011 51.7657 0
    endloop
  endfacet
  facet normal -0 0 -1
    outer loop
      vertex 54.7657 51.3011 0
      vertex 33 48 0
      vertex 54.5151 51.5151 0
    endloop
  endfacet
  facet normal -0 0 -1
    outer loop
      vertex 55.0466 51.1289 0
      vertex 33 48 0
      vertex 54.7657 51.3011 0
    endloop
  endfacet
  facet normal -0 0 -1
    outer loop
      vertex 55.3511 51.0028 0
      vertex 33 48 0
      vertex 55.0466 51.1289 0
    endloop
  endfacet
  facet normal -0 0 -1
    outer loop
      vertex 55.6715 50.9259 0
      vertex 33 48 0
      vertex 55.3511 51.0028 0
    endloop
  endfacet
  facet normal -0 0 -1
    outer loop
      vertex 56 50.9 0
      vertex 33 48 0
      vertex 55.6715 50.9259 0
    endloop
  endfacet
  facet normal 0 0 -1
    outer loop
      vertex 69.0741 53.3285 0
      vertex 73 58 0
      vertex 69.1 53 0
    endloop
  endfacet
  facet normal 0 0 -1
    outer loop
      vertex 68.9972 53.6489 0
      vertex 73 58 0
      vertex 69.0741 53.3285 0
    endloop
  endfacet
  facet normal 0 0 -1
    outer loop
      vertex 68.8711 53.9534 0
      vertex 73 58 0
      vertex 68.9972 53.6489 0
    endloop
  endfacet
  facet normal 0 0 -1
    outer loop
      vertex 68.6989 54.2343 0
      vertex 73 58 0
      vertex 68.8711 53.9534 0
    endloop
  endfacet
  facet normal 0 0 -1
    outer loop
      vertex 68.4849 54.4849 0
      vertex 73 58 0
      vertex 68.6989 54.2343 0
    endloop
  endfacet
  facet normal 0 0 -1
    outer loop
      vertex 68.2343 54.6989 0
      vertex 73 58 0
      vertex 68.4849 54.4849 0
    endloop
  endfacet
  facet normal 0 0 -1
    outer loop
      vertex 67.9534 54.8711 0
      vertex 73 58 0
      vertex 68.2343 54.6989 0
    endloop
  endfacet
  facet normal 0 0 -1
    outer loop
      vertex 67.6489 54.9972 0
      vertex 73 58 0
      vertex 67.9534 54.8711 0
    endloop
  endfacet
  facet normal 0 0 -1
    outer loop
      vertex 67.3285 55.0741 0
      vertex 73 58 0
      vertex 67.6489 54.9972 0
    endloop
  endfacet
  facet normal 0 0 -1
    outer loop
      vertex 67 55.1 0
      vertex 73 58 0
      vertex 67.3285 55.0741 0
    endloop
  endfacet
  facet normal 0 0 -1
    outer loop
      vertex 66.6715 55.0741 0
      vertex 73 58 0
      vertex 67 55.1 0
    endloop
  endfacet
  facet normal 0 0 -1
    outer loop
      vertex 66.3511 54.9972 0
      vertex 73 58 0
      vertex 66.6715 55.0741 0
    endloop
  endfacet
  facet normal 0 0 -1
    outer loop
      vertex 56.6489 54.9972 0
      vertex 66.3511 54.9972 0
      vertex 66.0466 54.8711 0
    endloop
  endfacet
  facet normal 0 0 -1
    outer loop
      vertex 58.1 53 0
      vertex 64.9259 53.3285 0
      vertex 64.9 53 0
    endloop
  endfacet
  facet normal 0 0 -1
    outer loop
      vertex 58.0741 53.3285 0
      vertex 64.9259 53.3285 0
      vertex 58.1 53 0
    endloop
  endfacet
  facet normal 0 0 -1
    outer loop
      vertex 64.9259 53.3285 0
      vertex 58.0741 53.3285 0
      vertex 65.0028 53.6489 0
    endloop
  endfacet
  facet normal 0 0 -1
    outer loop
      vertex 57.9972 53.6489 0
      vertex 65.0028 53.6489 0
      vertex 58.0741 53.3285 0
    endloop
  endfacet
  facet normal 0 0 -1
    outer loop
      vertex 65.0028 53.6489 0
      vertex 57.9972 53.6489 0
      vertex 65.1289 53.9534 0
    endloop
  endfacet
  facet normal 0 0 -1
    outer loop
      vertex 57.8711 53.9534 0
      vertex 65.1289 53.9534 0
      vertex 57.9972 53.6489 0
    endloop
  endfacet
  facet normal 0 0 -1
    outer loop
      vertex 65.1289 53.9534 0
      vertex 57.8711 53.9534 0
      vertex 65.3011 54.2343 0
    endloop
  endfacet
  facet normal 0 0 -1
    outer loop
      vertex 57.6989 54.2343 0
      vertex 65.3011 54.2343 0
      vertex 57.8711 53.9534 0
    endloop
  endfacet
  facet normal 0 0 -1
    outer loop
      vertex 65.3011 54.2343 0
      vertex 57.6989 54.2343 0
      vertex 65.5151 54.4849 0
    endloop
  endfacet
  facet normal 0 0 -1
    outer loop
      vertex 57.4849 54.4849 0
      vertex 65.5151 54.4849 0
      vertex 57.6989 54.2343 0
    endloop
  endfacet
  facet normal 0 0 -1
    outer loop
      vertex 65.5151 54.4849 0
      vertex 57.4849 54.4849 0
      vertex 65.7657 54.6989 0
    endloop
  endfacet
  facet normal 0 0 -1
    outer loop
      vertex 57.2343 54.6989 0
      vertex 65.7657 54.6989 0
      vertex 57.4849 54.4849 0
    endloop
  endfacet
  facet normal 0 0 -1
    outer loop
      vertex 65.7657 54.6989 0
      vertex 57.2343 54.6989 0
      vertex 66.0466 54.8711 0
    endloop
  endfacet
  facet normal 0 0 -1
    outer loop
      vertex 56.9534 54.8711 0
      vertex 66.0466 54.8711 0
      vertex 57.2343 54.6989 0
    endloop
  endfacet
  facet normal 0 0 -1
    outer loop
      vertex 56.6489 54.9972 0
      vertex 66.0466 54.8711 0
      vertex 56.9534 54.8711 0
    endloop
  endfacet
  facet normal 0 0 -1
    outer loop
      vertex 66.3511 54.9972 0
      vertex 56.6489 54.9972 0
      vertex 73 58 0
    endloop
  endfacet
  facet normal 0 0 -1
    outer loop
      vertex 56.3285 55.0741 0
      vertex 73 58 0
      vertex 56.6489 54.9972 0
    endloop
  endfacet
  facet normal 0 0 -1
    outer loop
      vertex 56 55.1 0
      vertex 73 58 0
      vertex 56.3285 55.0741 0
    endloop
  endfacet
  facet normal 0 0 -1
    outer loop
      vertex 28 58 0
      vertex 56 55.1 0
      vertex 55.6715 55.0741 0
    endloop
  endfacet
  facet normal 0 0 -1
    outer loop
      vertex 33 48 0
      vertex 53.9259 53.3285 0
      vertex 53.9 53 0
    endloop
  endfacet
  facet normal 0 0 -1
    outer loop
      vertex 33 48 0
      vertex 54.0028 53.6489 0
      vertex 53.9259 53.3285 0
    endloop
  endfacet
  facet normal 0 0 -1
    outer loop
      vertex 28 58 0
      vertex 54.0028 53.6489 0
      vertex 33 48 0
    endloop
  endfacet
  facet normal 0 0 -1
    outer loop
      vertex 54.0028 53.6489 0
      vertex 28 58 0
      vertex 54.1289 53.9534 0
    endloop
  endfacet
  facet normal 0 0 -1
    outer loop
      vertex 54.1289 53.9534 0
      vertex 28 58 0
      vertex 54.3011 54.2343 0
    endloop
  endfacet
  facet normal 0 0 -1
    outer loop
      vertex 54.3011 54.2343 0
      vertex 28 58 0
      vertex 54.5151 54.4849 0
    endloop
  endfacet
  facet normal 0 0 -1
    outer loop
      vertex 54.5151 54.4849 0
      vertex 28 58 0
      vertex 54.7657 54.6989 0
    endloop
  endfacet
  facet normal 0 0 -1
    outer loop
      vertex 54.7657 54.6989 0
      vertex 28 58 0
      vertex 55.0466 54.8711 0
    endloop
  endfacet
  facet normal 0 0 -1
    outer loop
      vertex 33 0 0
      vertex 28 18 0
      vertex 33 48 0
    endloop
  endfacet
  facet normal 0 0 -1
    outer loop
      vertex 28 48 0
      vertex 33 48 0
      vertex 28 18 0
    endloop
  endfacet
  facet normal 0 0 -1
    outer loop
      vertex 28 58 0
      vertex 33 48 0
      vertex 28 48 0
    endloop
  endfacet
  facet normal 0 0 -1
    outer loop
      vertex 56 55.1 0
      vertex 28 58 0
      vertex 73 58 0
    endloop
  endfacet
  facet normal 0 0 -1
    outer loop
      vertex 55.3511 54.9972 0
      vertex 28 58 0
      vertex 55.6715 55.0741 0
    endloop
  endfacet
  facet normal 0 0 -1
    outer loop
      vertex 55.0466 54.8711 0
      vertex 28 58 0
      vertex 55.3511 54.9972 0
    endloop
  endfacet
  facet normal -0.734806 0 0.678278
    outer loop
      vertex 20.6254 18 5
      vertex 28 22 12.9892
      vertex 20.6254 22 5
    endloop
  endfacet
  facet normal -0.734806 0 0.678278
    outer loop
      vertex 28 22 12.9892
      vertex 20.6254 18 5
      vertex 28 18 12.9892
    endloop
  endfacet
  facet normal 0 1 -0
    outer loop
      vertex 28 22 5
      vertex 20.6254 22 5
      vertex 28 22 12.9892
    endloop
  endfacet
  facet normal 0 -1 -0
    outer loop
      vertex 28 44 12.9892
      vertex 20.6254 44 5
      vertex 28 44 5
    endloop
  endfacet
  facet normal -0.734806 0 0.678278
    outer loop
      vertex 20.6254 44 5
      vertex 28 48 12.9892
      vertex 20.6254 48 5
    endloop
  endfacet
  facet normal -0.734806 0 0.678278
    outer loop
      vertex 28 48 12.9892
      vertex 20.6254 44 5
      vertex 28 44 12.9892
    endloop
  endfacet
  facet normal 0 1 -0
    outer loop
      vertex 28 48 0
      vertex 20.6254 48 5
      vertex 28 48 12.9892
    endloop
  endfacet
  facet normal 0 1 0
    outer loop
      vertex 0 48 0
      vertex 20.6254 48 5
      vertex 28 48 0
    endloop
  endfacet
  facet normal 0 1 0
    outer loop
      vertex 20.6254 48 5
      vertex 0 48 0
      vertex 0 48 5
    endloop
  endfacet
  facet normal 1 0 0
    outer loop
      vertex 33 16.0097 32.2403
      vertex 33 9.49923 38.3747
      vertex 33 14.8581 30.892
    endloop
  endfacet
  facet normal 1 0 0
    outer loop
      vertex 33 12.7 24.25
      vertex 33 10.1791 9.01594
      vertex 33 10.2 8.75
    endloop
  endfacet
  facet normal 1 -0 0
    outer loop
      vertex 33 9.27178 38.2353
      vertex 33 14.8581 30.892
      vertex 33 9.49923 38.3747
    endloop
  endfacet
  facet normal 1 0 0
    outer loop
      vertex 33 12.7 24.25
      vertex 33 10.1168 9.27533
      vertex 33 10.1791 9.01594
    endloop
  endfacet
  facet normal 1 -0 0
    outer loop
      vertex 33 9.02533 38.1332
      vertex 33 14.8581 30.892
      vertex 33 9.27178 38.2353
    endloop
  endfacet
  facet normal 1 0 0
    outer loop
      vertex 33 12.7 24.25
      vertex 33 10.0147 9.52178
      vertex 33 10.1168 9.27533
    endloop
  endfacet
  facet normal 1 -0 0
    outer loop
      vertex 33 8.76594 38.0709
      vertex 33 14.8581 30.892
      vertex 33 9.02533 38.1332
    endloop
  endfacet
  facet normal 1 0 0
    outer loop
      vertex 33 12.7 24.25
      vertex 33 9.87533 9.74923
      vertex 33 10.0147 9.52178
    endloop
  endfacet
  facet normal 1 0 0
    outer loop
      vertex 33 14.8581 30.892
      vertex 33 8.76594 38.0709
      vertex 33 13.9316 29.3801
    endloop
  endfacet
  facet normal 1 0 0
    outer loop
      vertex 33 12.7 24.25
      vertex 33 9.70208 9.95208
      vertex 33 9.87533 9.74923
    endloop
  endfacet
  facet normal 1 -0 0
    outer loop
      vertex 33 8.5 38.05
      vertex 33 13.9316 29.3801
      vertex 33 8.76594 38.0709
    endloop
  endfacet
  facet normal 1 0 0
    outer loop
      vertex 33 12.7 24.25
      vertex 33 9.49923 10.1253
      vertex 33 9.70208 9.95208
    endloop
  endfacet
  facet normal 1 0 0
    outer loop
      vertex 33 8.23406 38.0709
      vertex 33 13.9316 29.3801
      vertex 33 8.5 38.05
    endloop
  endfacet
  facet normal 1 0 0
    outer loop
      vertex 33 12.7 24.25
      vertex 33 9.27178 10.2647
      vertex 33 9.49923 10.1253
    endloop
  endfacet
  facet normal 1 0 0
    outer loop
      vertex 33 13.9316 29.3801
      vertex 33 8.23406 38.0709
      vertex 33 13.2531 27.7419
    endloop
  endfacet
  facet normal 1 0 0
    outer loop
      vertex 33 12.7 24.25
      vertex 33 9.02533 10.3668
      vertex 33 9.27178 10.2647
    endloop
  endfacet
  facet normal 1 0 0
    outer loop
      vertex 33 7.97467 38.1332
      vertex 33 13.2531 27.7419
      vertex 33 8.23406 38.0709
    endloop
  endfacet
  facet normal 1 0 0
    outer loop
      vertex 33 12.7 24.25
      vertex 33 8.76594 10.4291
      vertex 33 9.02533 10.3668
    endloop
  endfacet
  facet normal 1 0 0
    outer loop
      vertex 33 7.72822 38.2353
      vertex 33 13.2531 27.7419
      vertex 33 7.97467 38.1332
    endloop
  endfacet
  facet normal 1 0 0
    outer loop
      vertex 33 12.7 24.25
      vertex 33 8.5 10.45
      vertex 33 8.76594 10.4291
    endloop
  endfacet
  facet normal 1 0 0
    outer loop
      vertex 33 13.2531 27.7419
      vertex 33 7.72822 38.2353
      vertex 33 12.8391 26.0177
    endloop
  endfacet
  facet normal 1 0 0
    outer loop
      vertex 33 12.7 24.25
      vertex 33 8.23406 10.4291
      vertex 33 8.5 10.45
    endloop
  endfacet
  facet normal 1 0 0
    outer loop
      vertex 33 7.50077 38.3747
      vertex 33 12.8391 26.0177
      vertex 33 7.72822 38.2353
    endloop
  endfacet
  facet normal 1 0 0
    outer loop
      vertex 33 12.7 24.25
      vertex 33 7.97467 10.3668
      vertex 33 8.23406 10.4291
    endloop
  endfacet
  facet normal 1 0 0
    outer loop
      vertex 33 7.29792 38.5479
      vertex 33 12.8391 26.0177
      vertex 33 7.50077 38.3747
    endloop
  endfacet
  facet normal 1 0 0
    outer loop
      vertex 33 12.7 24.25
      vertex 33 7.72822 10.2647
      vertex 33 7.97467 10.3668
    endloop
  endfacet
  facet normal 1 0 0
    outer loop
      vertex 33 12.8391 26.0177
      vertex 33 7.29792 38.5479
      vertex 33 12.7 24.25
    endloop
  endfacet
  facet normal 1 0 0
    outer loop
      vertex 33 12.7 24.25
      vertex 33 7.50077 10.1253
      vertex 33 7.72822 10.2647
    endloop
  endfacet
  facet normal 1 0 0
    outer loop
      vertex 33 7.29792 9.95208
      vertex 33 12.7 24.25
      vertex 33 7.29792 38.5479
    endloop
  endfacet
  facet normal 1 0 0
    outer loop
      vertex 33 12.7 24.25
      vertex 33 7.29792 9.95208
      vertex 33 7.50077 10.1253
    endloop
  endfacet
  facet normal 1 0 0
    outer loop
      vertex 33 7.12467 38.7508
      vertex 33 7.29792 9.95208
      vertex 33 7.29792 38.5479
    endloop
  endfacet
  facet normal 1 0 0
    outer loop
      vertex 33 7.12467 38.7508
      vertex 33 7.12467 9.74923
      vertex 33 7.29792 9.95208
    endloop
  endfacet
  facet normal 1 0 0
    outer loop
      vertex 33 6.98529 38.9782
      vertex 33 7.12467 9.74923
      vertex 33 7.12467 38.7508
    endloop
  endfacet
  facet normal 1 0 0
    outer loop
      vertex 33 6.98529 38.9782
      vertex 33 6.98529 9.52178
      vertex 33 7.12467 9.74923
    endloop
  endfacet
  facet normal 1 0 0
    outer loop
      vertex 33 0 47.4
      vertex 33 6.98529 38.9782
      vertex 33 6.8832 39.2247
    endloop
  endfacet
  facet normal 1 0 0
    outer loop
      vertex 33 6.98529 38.9782
      vertex 33 0 47.4
      vertex 33 6.98529 9.52178
    endloop
  endfacet
  facet normal 1 0 0
    outer loop
      vertex 33 0 47.4
      vertex 33 6.8832 39.2247
      vertex 33 6.82093 39.4841
    endloop
  endfacet
  facet normal 1 0 0
    outer loop
      vertex 33 0 0
      vertex 33 6.98529 9.52178
      vertex 33 0 47.4
    endloop
  endfacet
  facet normal 1 0 0
    outer loop
      vertex 33 0 47.4
      vertex 33 6.82093 39.4841
      vertex 33 6.8 39.75
    endloop
  endfacet
  facet normal 1 0 0
    outer loop
      vertex 33 6.98529 9.52178
      vertex 33 0 0
      vertex 33 6.8832 9.27533
    endloop
  endfacet
  facet normal 1 0 0
    outer loop
      vertex 33 48 47.4
      vertex 33 41.1168 39.2247
      vertex 33 48 20
    endloop
  endfacet
  facet normal 1 0 0
    outer loop
      vertex 33 48 20
      vertex 33 41.1791 9.01594
      vertex 33 41.2 8.75
    endloop
  endfacet
  facet normal 1 -0 0
    outer loop
      vertex 33 41.0147 38.9782
      vertex 33 48 20
      vertex 33 41.1168 39.2247
    endloop
  endfacet
  facet normal 1 0 0
    outer loop
      vertex 33 48 20
      vertex 33 41.1168 9.27533
      vertex 33 41.1791 9.01594
    endloop
  endfacet
  facet normal 1 -0 0
    outer loop
      vertex 33 40.8753 38.7508
      vertex 33 48 20
      vertex 33 41.0147 38.9782
    endloop
  endfacet
  facet normal 1 0 0
    outer loop
      vertex 33 48 20
      vertex 33 41.0147 9.52178
      vertex 33 41.1168 9.27533
    endloop
  endfacet
  facet normal 1 -0 0
    outer loop
      vertex 33 40.7021 38.5479
      vertex 33 48 20
      vertex 33 40.8753 38.7508
    endloop
  endfacet
  facet normal 1 0 0
    outer loop
      vertex 33 48 20
      vertex 33 40.8753 9.74923
      vertex 33 41.0147 9.52178
    endloop
  endfacet
  facet normal 1 -0 0
    outer loop
      vertex 33 40.4992 38.3747
      vertex 33 48 20
      vertex 33 40.7021 38.5479
    endloop
  endfacet
  facet normal 1 0 0
    outer loop
      vertex 33 48 20
      vertex 33 40.7021 9.95208
      vertex 33 40.8753 9.74923
    endloop
  endfacet
  facet normal 1 -0 0
    outer loop
      vertex 33 40.2718 38.2353
      vertex 33 48 20
      vertex 33 40.4992 38.3747
    endloop
  endfacet
  facet normal 1 -0 0
    outer loop
      vertex 33 35.1609 22.4823
      vertex 33 48 20
      vertex 33 35.3 24.25
    endloop
  endfacet
  facet normal 1 -0 0
    outer loop
      vertex 33 34.7469 27.7419
      vertex 33 48 20
      vertex 33 40.2718 38.2353
    endloop
  endfacet
  facet normal 1 -0 0
    outer loop
      vertex 33 34.7469 20.7581
      vertex 33 48 20
      vertex 33 35.1609 22.4823
    endloop
  endfacet
  facet normal 1 0 0
    outer loop
      vertex 33 34.7469 27.7419
      vertex 33 40.2718 38.2353
      vertex 33 40.0253 38.1332
    endloop
  endfacet
  facet normal 1 0 0
    outer loop
      vertex 33 48 20
      vertex 33 40.4992 10.1253
      vertex 33 40.7021 9.95208
    endloop
  endfacet
  facet normal 1 0 0
    outer loop
      vertex 33 34.7469 27.7419
      vertex 33 40.0253 38.1332
      vertex 33 39.7659 38.0709
    endloop
  endfacet
  facet normal 1 0 0
    outer loop
      vertex 33 48 20
      vertex 33 40.2718 10.2647
      vertex 33 40.4992 10.1253
    endloop
  endfacet
  facet normal 1 0 0
    outer loop
      vertex 33 34.0684 29.3801
      vertex 33 39.7659 38.0709
      vertex 33 39.5 38.05
    endloop
  endfacet
  facet normal 1 0 -0
    outer loop
      vertex 33 39.7659 10.4291
      vertex 33 48 20
      vertex 33 34.7469 20.7581
    endloop
  endfacet
  facet normal 1 0 0
    outer loop
      vertex 33 34.0684 29.3801
      vertex 33 39.5 38.05
      vertex 33 39.2341 38.0709
    endloop
  endfacet
  facet normal 1 0 0
    outer loop
      vertex 33 48 20
      vertex 33 40.0253 10.3668
      vertex 33 40.2718 10.2647
    endloop
  endfacet
  facet normal 1 0 0
    outer loop
      vertex 33 33.1419 30.892
      vertex 33 39.2341 38.0709
      vertex 33 38.9747 38.1332
    endloop
  endfacet
  facet normal 1 0 0
    outer loop
      vertex 33 48 20
      vertex 33 39.7659 10.4291
      vertex 33 40.0253 10.3668
    endloop
  endfacet
  facet normal 1 0 0
    outer loop
      vertex 33 33.1419 30.892
      vertex 33 38.9747 38.1332
      vertex 33 38.7282 38.2353
    endloop
  endfacet
  facet normal 1 -0 0
    outer loop
      vertex 33 34.0684 19.1199
      vertex 33 39.7659 10.4291
      vertex 33 34.7469 20.7581
    endloop
  endfacet
  facet normal 1 0 0
    outer loop
      vertex 33 33.1419 30.892
      vertex 33 38.7282 38.2353
      vertex 33 38.5008 38.3747
    endloop
  endfacet
  facet normal 1 0 0
    outer loop
      vertex 33 39.7659 10.4291
      vertex 33 34.0684 19.1199
      vertex 33 39.5 10.45
    endloop
  endfacet
  facet normal 1 0 0
    outer loop
      vertex 33 31.9903 32.2403
      vertex 33 38.5008 38.3747
      vertex 33 38.2979 38.5479
    endloop
  endfacet
  facet normal 1 0 0
    outer loop
      vertex 33 39.5 10.45
      vertex 33 34.0684 19.1199
      vertex 33 39.2341 10.4291
    endloop
  endfacet
  facet normal 1 0 0
    outer loop
      vertex 33 31.9903 32.2403
      vertex 33 38.2979 38.5479
      vertex 33 38.1247 38.7508
    endloop
  endfacet
  facet normal 1 -0 0
    outer loop
      vertex 33 33.1419 17.608
      vertex 33 39.2341 10.4291
      vertex 33 34.0684 19.1199
    endloop
  endfacet
  facet normal 1 0 0
    outer loop
      vertex 33 31.9903 32.2403
      vertex 33 38.1247 38.7508
      vertex 33 37.9853 38.9782
    endloop
  endfacet
  facet normal 1 0 0
    outer loop
      vertex 33 39.2341 10.4291
      vertex 33 33.1419 17.608
      vertex 33 38.9747 10.3668
    endloop
  endfacet
  facet normal 1 0 0
    outer loop
      vertex 33 31.9903 32.2403
      vertex 33 37.9853 38.9782
      vertex 33 37.8832 39.2247
    endloop
  endfacet
  facet normal 1 0 0
    outer loop
      vertex 33 38.9747 10.3668
      vertex 33 33.1419 17.608
      vertex 33 38.7282 10.2647
    endloop
  endfacet
  facet normal 1 0 0
    outer loop
      vertex 33 26.9856 37.245
      vertex 33 37.8832 39.2247
      vertex 33 37.8209 39.4841
    endloop
  endfacet
  facet normal 1 0 0
    outer loop
      vertex 33 38.7282 10.2647
      vertex 33 33.1419 17.608
      vertex 33 38.5008 10.1253
    endloop
  endfacet
  facet normal 1 0 0
    outer loop
      vertex 33 26.9856 37.245
      vertex 33 37.8209 39.4841
      vertex 33 37.8 39.75
    endloop
  endfacet
  facet normal 1 -0 0
    outer loop
      vertex 33 31.9903 16.2597
      vertex 33 38.5008 10.1253
      vertex 33 33.1419 17.608
    endloop
  endfacet
  facet normal 1 0 0
    outer loop
      vertex 33 41.1791 39.4841
      vertex 33 48 47.4
      vertex 33 41.2 39.75
    endloop
  endfacet
  facet normal 1 0 0
    outer loop
      vertex 33 41.1168 39.2247
      vertex 33 48 47.4
      vertex 33 41.1791 39.4841
    endloop
  endfacet
  facet normal 1 0 0
    outer loop
      vertex 33 48 20
      vertex 33 41.2 8.75
      vertex 33 48 18.9888
    endloop
  endfacet
  facet normal 1 0 0
    outer loop
      vertex 33 48 47.4
      vertex 33 41.1791 40.0159
      vertex 33 41.2 39.75
    endloop
  endfacet
  facet normal 1 0 0
    outer loop
      vertex 33 48 47.4
      vertex 33 41.1168 40.2753
      vertex 33 41.1791 40.0159
    endloop
  endfacet
  facet normal 1 0 0
    outer loop
      vertex 33 48 47.4
      vertex 33 41.0147 40.5218
      vertex 33 41.1168 40.2753
    endloop
  endfacet
  facet normal 1 0 0
    outer loop
      vertex 33 48 47.4
      vertex 33 40.8753 40.7492
      vertex 33 41.0147 40.5218
    endloop
  endfacet
  facet normal 1 0 0
    outer loop
      vertex 33 48 47.4
      vertex 33 40.7021 40.9521
      vertex 33 40.8753 40.7492
    endloop
  endfacet
  facet normal 1 0 0
    outer loop
      vertex 33 48 47.4
      vertex 33 40.4992 41.1253
      vertex 33 40.7021 40.9521
    endloop
  endfacet
  facet normal 1 0 0
    outer loop
      vertex 33 48 47.4
      vertex 33 40.2718 41.2647
      vertex 33 40.4992 41.1253
    endloop
  endfacet
  facet normal 1 0 0
    outer loop
      vertex 33 48 47.4
      vertex 33 40.0253 41.3668
      vertex 33 40.2718 41.2647
    endloop
  endfacet
  facet normal 1 0 0
    outer loop
      vertex 33 48 47.4
      vertex 33 39.7659 41.4291
      vertex 33 40.0253 41.3668
    endloop
  endfacet
  facet normal 1 0 0
    outer loop
      vertex 33 48 47.4
      vertex 33 39.5 41.45
      vertex 33 39.7659 41.4291
    endloop
  endfacet
  facet normal 1 0 0
    outer loop
      vertex 33 48 47.4
      vertex 33 39.2341 41.4291
      vertex 33 39.5 41.45
    endloop
  endfacet
  facet normal 1 0 0
    outer loop
      vertex 33 48 47.4
      vertex 33 38.9747 41.3668
      vertex 33 39.2341 41.4291
    endloop
  endfacet
  facet normal 1 0 0
    outer loop
      vertex 33 48 47.4
      vertex 33 38.7282 41.2647
      vertex 33 38.9747 41.3668
    endloop
  endfacet
  facet normal 1 0 0
    outer loop
      vertex 33 9.27178 41.2647
      vertex 33 38.7282 41.2647
      vertex 33 48 47.4
    endloop
  endfacet
  facet normal 1 0 0
    outer loop
      vertex 33 38.5008 10.1253
      vertex 33 31.9903 16.2597
      vertex 33 38.2979 9.95208
    endloop
  endfacet
  facet normal 1 0 0
    outer loop
      vertex 33 26.9856 37.245
      vertex 33 37.8 39.75
      vertex 33 37.8209 40.0159
    endloop
  endfacet
  facet normal 1 0 0
    outer loop
      vertex 33 48 20
      vertex 33 35.1609 26.0177
      vertex 33 35.3 24.25
    endloop
  endfacet
  facet normal 1 0 0
    outer loop
      vertex 33 48 20
      vertex 33 34.7469 27.7419
      vertex 33 35.1609 26.0177
    endloop
  endfacet
  facet normal 1 0 0
    outer loop
      vertex 33 26.9856 37.245
      vertex 33 37.8209 40.0159
      vertex 33 37.8832 40.2753
    endloop
  endfacet
  facet normal 1 0 0
    outer loop
      vertex 33 39.7659 38.0709
      vertex 33 34.0684 29.3801
      vertex 33 34.7469 27.7419
    endloop
  endfacet
  facet normal 1 0 0
    outer loop
      vertex 33 39.2341 38.0709
      vertex 33 33.1419 30.892
      vertex 33 34.0684 29.3801
    endloop
  endfacet
  facet normal 1 0 0
    outer loop
      vertex 33 26.9856 37.245
      vertex 33 37.8832 40.2753
      vertex 33 37.9853 40.5218
    endloop
  endfacet
  facet normal 1 0 0
    outer loop
      vertex 33 38.5008 38.3747
      vertex 33 31.9903 32.2403
      vertex 33 33.1419 30.892
    endloop
  endfacet
  facet normal 1 0 0
    outer loop
      vertex 33 26.9856 37.245
      vertex 33 37.9853 40.5218
      vertex 33 38.1247 40.7492
    endloop
  endfacet
  facet normal 1 0 0
    outer loop
      vertex 33 37.8832 39.2247
      vertex 33 26.9856 37.245
      vertex 33 31.9903 32.2403
    endloop
  endfacet
  facet normal 1 0 0
    outer loop
      vertex 33 38.2979 40.9521
      vertex 33 26.9856 37.245
      vertex 33 38.1247 40.7492
    endloop
  endfacet
  facet normal 1 0 0
    outer loop
      vertex 33 38.5008 41.1253
      vertex 33 26.9856 37.245
      vertex 33 38.2979 40.9521
    endloop
  endfacet
  facet normal 1 0 0
    outer loop
      vertex 33 38.7282 41.2647
      vertex 33 9.27178 41.2647
      vertex 33 38.5008 41.1253
    endloop
  endfacet
  facet normal 1 0 0
    outer loop
      vertex 33 38.5008 41.1253
      vertex 33 9.27178 41.2647
      vertex 33 26.9856 37.245
    endloop
  endfacet
  facet normal 1 -0 0
    outer loop
      vertex 33 9.70208 38.5479
      vertex 33 16.0097 32.2403
      vertex 33 9.87533 38.7508
    endloop
  endfacet
  facet normal 1 -0 0
    outer loop
      vertex 33 9.87533 38.7508
      vertex 33 16.0097 32.2403
      vertex 33 10.0147 38.9782
    endloop
  endfacet
  facet normal 1 -0 0
    outer loop
      vertex 33 10.0147 38.9782
      vertex 33 16.0097 32.2403
      vertex 33 10.1168 39.2247
    endloop
  endfacet
  facet normal 1 0 0
    outer loop
      vertex 33 21.0144 37.245
      vertex 33 10.1168 39.2247
      vertex 33 16.0097 32.2403
    endloop
  endfacet
  facet normal 1 -0 0
    outer loop
      vertex 33 10.1168 39.2247
      vertex 33 21.0144 37.245
      vertex 33 10.1791 39.4841
    endloop
  endfacet
  facet normal 1 -0 0
    outer loop
      vertex 33 10.1791 39.4841
      vertex 33 21.0144 37.245
      vertex 33 10.2 39.75
    endloop
  endfacet
  facet normal 1 0 0
    outer loop
      vertex 33 26.9856 37.245
      vertex 33 9.27178 41.2647
      vertex 33 21.0144 37.245
    endloop
  endfacet
  facet normal 1 0 0
    outer loop
      vertex 33 21.0144 37.245
      vertex 33 10.1791 40.0159
      vertex 33 10.2 39.75
    endloop
  endfacet
  facet normal 1 0 0
    outer loop
      vertex 33 21.0144 37.245
      vertex 33 10.1168 40.2753
      vertex 33 10.1791 40.0159
    endloop
  endfacet
  facet normal 1 0 0
    outer loop
      vertex 33 21.0144 37.245
      vertex 33 10.0147 40.5218
      vertex 33 10.1168 40.2753
    endloop
  endfacet
  facet normal 1 0 0
    outer loop
      vertex 33 21.0144 37.245
      vertex 33 9.87533 40.7492
      vertex 33 10.0147 40.5218
    endloop
  endfacet
  facet normal 1 0 0
    outer loop
      vertex 33 21.0144 37.245
      vertex 33 9.70208 40.9521
      vertex 33 9.87533 40.7492
    endloop
  endfacet
  facet normal 1 0 0
    outer loop
      vertex 33 21.0144 37.245
      vertex 33 9.49923 41.1253
      vertex 33 9.70208 40.9521
    endloop
  endfacet
  facet normal 1 0 0
    outer loop
      vertex 33 21.0144 37.245
      vertex 33 9.27178 41.2647
      vertex 33 9.49923 41.1253
    endloop
  endfacet
  facet normal 1 -0 0
    outer loop
      vertex 33 0 47.4
      vertex 33 9.27178 41.2647
      vertex 33 48 47.4
    endloop
  endfacet
  facet normal 1 0 0
    outer loop
      vertex 33 9.27178 41.2647
      vertex 33 0 47.4
      vertex 33 9.02533 41.3668
    endloop
  endfacet
  facet normal 1 0 0
    outer loop
      vertex 33 9.02533 41.3668
      vertex 33 0 47.4
      vertex 33 8.76594 41.4291
    endloop
  endfacet
  facet normal 1 0 0
    outer loop
      vertex 33 8.76594 41.4291
      vertex 33 0 47.4
      vertex 33 8.5 41.45
    endloop
  endfacet
  facet normal 1 0 0
    outer loop
      vertex 33 6.8832 9.27533
      vertex 33 0 0
      vertex 33 6.82093 9.01594
    endloop
  endfacet
  facet normal 1 0 0
    outer loop
      vertex 33 6.82093 40.0159
      vertex 33 0 47.4
      vertex 33 6.8 39.75
    endloop
  endfacet
  facet normal 1 0 0
    outer loop
      vertex 33 6.8832 40.2753
      vertex 33 0 47.4
      vertex 33 6.82093 40.0159
    endloop
  endfacet
  facet normal 1 0 0
    outer loop
      vertex 33 6.98529 40.5218
      vertex 33 0 47.4
      vertex 33 6.8832 40.2753
    endloop
  endfacet
  facet normal 1 0 0
    outer loop
      vertex 33 7.12467 40.7492
      vertex 33 0 47.4
      vertex 33 6.98529 40.5218
    endloop
  endfacet
  facet normal 1 0 0
    outer loop
      vertex 33 7.29792 40.9521
      vertex 33 0 47.4
      vertex 33 7.12467 40.7492
    endloop
  endfacet
  facet normal 1 0 0
    outer loop
      vertex 33 7.50077 41.1253
      vertex 33 0 47.4
      vertex 33 7.29792 40.9521
    endloop
  endfacet
  facet normal 1 0 0
    outer loop
      vertex 33 7.72822 41.2647
      vertex 33 0 47.4
      vertex 33 7.50077 41.1253
    endloop
  endfacet
  facet normal 1 0 0
    outer loop
      vertex 33 7.97467 41.3668
      vertex 33 0 47.4
      vertex 33 7.72822 41.2647
    endloop
  endfacet
  facet normal 1 0 0
    outer loop
      vertex 33 8.23406 41.4291
      vertex 33 0 47.4
      vertex 33 7.97467 41.3668
    endloop
  endfacet
  facet normal 1 0 0
    outer loop
      vertex 33 8.5 41.45
      vertex 33 0 47.4
      vertex 33 8.23406 41.4291
    endloop
  endfacet
  facet normal 1 0 0
    outer loop
      vertex 33 57.99 20
      vertex 33 52 18.9888
      vertex 33 57.99 5
    endloop
  endfacet
  facet normal 1 -0 0
    outer loop
      vertex 33 48 20
      vertex 33 52 18.9888
      vertex 33 57.99 20
    endloop
  endfacet
  facet normal 1 0 0
    outer loop
      vertex 33 52 18.9888
      vertex 33 48 20
      vertex 33 48 18.9888
    endloop
  endfacet
  facet normal 1 0 0
    outer loop
      vertex 33 57.99 5
      vertex 33 52 18.9888
      vertex 33 52 5
    endloop
  endfacet
  facet normal 1 0 0
    outer loop
      vertex 33 48 18.9888
      vertex 33 41.2 8.75
      vertex 33 48 0
    endloop
  endfacet
  facet normal 1 -0 0
    outer loop
      vertex 33 41.1791 8.48406
      vertex 33 48 0
      vertex 33 41.2 8.75
    endloop
  endfacet
  facet normal 1 -0 0
    outer loop
      vertex 33 41.1168 8.22467
      vertex 33 48 0
      vertex 33 41.1791 8.48406
    endloop
  endfacet
  facet normal 1 -0 0
    outer loop
      vertex 33 41.0147 7.97822
      vertex 33 48 0
      vertex 33 41.1168 8.22467
    endloop
  endfacet
  facet normal 1 -0 0
    outer loop
      vertex 33 40.8753 7.75077
      vertex 33 48 0
      vertex 33 41.0147 7.97822
    endloop
  endfacet
  facet normal 1 -0 0
    outer loop
      vertex 33 40.7021 7.54792
      vertex 33 48 0
      vertex 33 40.8753 7.75077
    endloop
  endfacet
  facet normal 1 -0 0
    outer loop
      vertex 33 40.4992 7.37467
      vertex 33 48 0
      vertex 33 40.7021 7.54792
    endloop
  endfacet
  facet normal 1 -0 0
    outer loop
      vertex 33 40.2718 7.23529
      vertex 33 48 0
      vertex 33 40.4992 7.37467
    endloop
  endfacet
  facet normal 1 -0 0
    outer loop
      vertex 33 40.0253 7.1332
      vertex 33 48 0
      vertex 33 40.2718 7.23529
    endloop
  endfacet
  facet normal 1 -0 0
    outer loop
      vertex 33 39.7659 7.07093
      vertex 33 48 0
      vertex 33 40.0253 7.1332
    endloop
  endfacet
  facet normal 1 -0 0
    outer loop
      vertex 33 39.5 7.05
      vertex 33 48 0
      vertex 33 39.7659 7.07093
    endloop
  endfacet
  facet normal 1 0 0
    outer loop
      vertex 33 39.2341 7.07093
      vertex 33 48 0
      vertex 33 39.5 7.05
    endloop
  endfacet
  facet normal 1 0 0
    outer loop
      vertex 33 38.9747 7.1332
      vertex 33 48 0
      vertex 33 39.2341 7.07093
    endloop
  endfacet
  facet normal 1 0 0
    outer loop
      vertex 33 38.7282 7.23529
      vertex 33 48 0
      vertex 33 38.9747 7.1332
    endloop
  endfacet
  facet normal 1 0 0
    outer loop
      vertex 33 9.27178 7.23529
      vertex 33 38.7282 7.23529
      vertex 33 38.5008 7.37467
    endloop
  endfacet
  facet normal 1 0 0
    outer loop
      vertex 33 38.2979 9.95208
      vertex 33 31.9903 16.2597
      vertex 33 38.1247 9.74923
    endloop
  endfacet
  facet normal 1 -0 0
    outer loop
      vertex 33 30.642 15.1081
      vertex 33 38.1247 9.74923
      vertex 33 31.9903 16.2597
    endloop
  endfacet
  facet normal 1 0 0
    outer loop
      vertex 33 38.1247 9.74923
      vertex 33 30.642 15.1081
      vertex 33 37.9853 9.52178
    endloop
  endfacet
  facet normal 1 0 0
    outer loop
      vertex 33 37.9853 9.52178
      vertex 33 30.642 15.1081
      vertex 33 37.8832 9.27533
    endloop
  endfacet
  facet normal 1 0 0
    outer loop
      vertex 33 37.8832 9.27533
      vertex 33 30.642 15.1081
      vertex 33 37.8209 9.01594
    endloop
  endfacet
  facet normal 1 -0 0
    outer loop
      vertex 33 29.1301 14.1816
      vertex 33 37.8209 9.01594
      vertex 33 30.642 15.1081
    endloop
  endfacet
  facet normal 1 0 0
    outer loop
      vertex 33 37.8209 9.01594
      vertex 33 29.1301 14.1816
      vertex 33 37.8 8.75
    endloop
  endfacet
  facet normal 1 0 0
    outer loop
      vertex 33 37.8 8.75
      vertex 33 29.1301 14.1816
      vertex 33 37.8209 8.48406
    endloop
  endfacet
  facet normal 1 -0 0
    outer loop
      vertex 33 27.4919 13.5031
      vertex 33 37.8209 8.48406
      vertex 33 29.1301 14.1816
    endloop
  endfacet
  facet normal 1 0 0
    outer loop
      vertex 33 37.8209 8.48406
      vertex 33 27.4919 13.5031
      vertex 33 37.8832 8.22467
    endloop
  endfacet
  facet normal 1 0 0
    outer loop
      vertex 33 37.8832 8.22467
      vertex 33 27.4919 13.5031
      vertex 33 37.9853 7.97822
    endloop
  endfacet
  facet normal 1 -0 0
    outer loop
      vertex 33 25.7677 13.0891
      vertex 33 37.9853 7.97822
      vertex 33 27.4919 13.5031
    endloop
  endfacet
  facet normal 1 0 0
    outer loop
      vertex 33 37.9853 7.97822
      vertex 33 25.7677 13.0891
      vertex 33 38.1247 7.75077
    endloop
  endfacet
  facet normal 1 0 0
    outer loop
      vertex 33 38.1247 7.75077
      vertex 33 25.7677 13.0891
      vertex 33 38.2979 7.54792
    endloop
  endfacet
  facet normal 1 -0 0
    outer loop
      vertex 33 24 12.95
      vertex 33 38.2979 7.54792
      vertex 33 25.7677 13.0891
    endloop
  endfacet
  facet normal 1 0 0
    outer loop
      vertex 33 9.70208 7.54792
      vertex 33 38.2979 7.54792
      vertex 33 24 12.95
    endloop
  endfacet
  facet normal 1 0 0
    outer loop
      vertex 33 38.2979 7.54792
      vertex 33 9.70208 7.54792
      vertex 33 38.5008 7.37467
    endloop
  endfacet
  facet normal 1 0 0
    outer loop
      vertex 33 9.70208 7.54792
      vertex 33 24 12.95
      vertex 33 22.2323 13.0891
    endloop
  endfacet
  facet normal 1 0 0
    outer loop
      vertex 33 10.0147 7.97822
      vertex 33 22.2323 13.0891
      vertex 33 20.5081 13.5031
    endloop
  endfacet
  facet normal 1 0 0
    outer loop
      vertex 33 10.1791 8.48406
      vertex 33 20.5081 13.5031
      vertex 33 18.8699 14.1816
    endloop
  endfacet
  facet normal 1 -0 0
    outer loop
      vertex 33 9.49923 38.3747
      vertex 33 16.0097 32.2403
      vertex 33 9.70208 38.5479
    endloop
  endfacet
  facet normal 1 0 0
    outer loop
      vertex 33 12.7 24.25
      vertex 33 10.2 8.75
      vertex 33 12.8391 22.4823
    endloop
  endfacet
  facet normal 1 0 0
    outer loop
      vertex 33 10.2 8.75
      vertex 33 13.2531 20.7581
      vertex 33 12.8391 22.4823
    endloop
  endfacet
  facet normal 1 0 0
    outer loop
      vertex 33 10.2 8.75
      vertex 33 13.9316 19.1199
      vertex 33 13.2531 20.7581
    endloop
  endfacet
  facet normal 1 0 0
    outer loop
      vertex 33 10.2 8.75
      vertex 33 14.8581 17.608
      vertex 33 13.9316 19.1199
    endloop
  endfacet
  facet normal 1 0 0
    outer loop
      vertex 33 10.2 8.75
      vertex 33 16.0097 16.2597
      vertex 33 14.8581 17.608
    endloop
  endfacet
  facet normal 1 0 0
    outer loop
      vertex 33 10.2 8.75
      vertex 33 17.358 15.1081
      vertex 33 16.0097 16.2597
    endloop
  endfacet
  facet normal 1 0 0
    outer loop
      vertex 33 10.2 8.75
      vertex 33 18.8699 14.1816
      vertex 33 17.358 15.1081
    endloop
  endfacet
  facet normal 1 0 0
    outer loop
      vertex 33 10.1791 8.48406
      vertex 33 18.8699 14.1816
      vertex 33 10.2 8.75
    endloop
  endfacet
  facet normal 1 0 0
    outer loop
      vertex 33 20.5081 13.5031
      vertex 33 10.1791 8.48406
      vertex 33 10.1168 8.22467
    endloop
  endfacet
  facet normal 1 0 0
    outer loop
      vertex 33 20.5081 13.5031
      vertex 33 10.1168 8.22467
      vertex 33 10.0147 7.97822
    endloop
  endfacet
  facet normal 1 0 0
    outer loop
      vertex 33 22.2323 13.0891
      vertex 33 10.0147 7.97822
      vertex 33 9.87533 7.75077
    endloop
  endfacet
  facet normal 1 0 0
    outer loop
      vertex 33 22.2323 13.0891
      vertex 33 9.87533 7.75077
      vertex 33 9.70208 7.54792
    endloop
  endfacet
  facet normal 1 0 0
    outer loop
      vertex 33 38.5008 7.37467
      vertex 33 9.70208 7.54792
      vertex 33 9.49923 7.37467
    endloop
  endfacet
  facet normal 1 0 0
    outer loop
      vertex 33 9.27178 7.23529
      vertex 33 38.5008 7.37467
      vertex 33 9.49923 7.37467
    endloop
  endfacet
  facet normal 1 0 0
    outer loop
      vertex 33 38.7282 7.23529
      vertex 33 9.27178 7.23529
      vertex 33 48 0
    endloop
  endfacet
  facet normal 1 0 0
    outer loop
      vertex 33 0 0
      vertex 33 9.27178 7.23529
      vertex 33 9.02533 7.1332
    endloop
  endfacet
  facet normal 1 0 0
    outer loop
      vertex 33 0 0
      vertex 33 9.02533 7.1332
      vertex 33 8.76594 7.07093
    endloop
  endfacet
  facet normal 1 0 0
    outer loop
      vertex 33 0 0
      vertex 33 8.76594 7.07093
      vertex 33 8.5 7.05
    endloop
  endfacet
  facet normal 1 0 0
    outer loop
      vertex 33 0 0
      vertex 33 8.5 7.05
      vertex 33 8.23406 7.07093
    endloop
  endfacet
  facet normal 1 0 0
    outer loop
      vertex 33 6.82093 9.01594
      vertex 33 0 0
      vertex 33 6.8 8.75
    endloop
  endfacet
  facet normal 1 0 0
    outer loop
      vertex 33 9.27178 7.23529
      vertex 33 0 0
      vertex 33 48 0
    endloop
  endfacet
  facet normal 1 0 0
    outer loop
      vertex 33 7.97467 7.1332
      vertex 33 0 0
      vertex 33 8.23406 7.07093
    endloop
  endfacet
  facet normal 1 0 0
    outer loop
      vertex 33 7.72822 7.23529
      vertex 33 0 0
      vertex 33 7.97467 7.1332
    endloop
  endfacet
  facet normal 1 0 0
    outer loop
      vertex 33 7.50077 7.37467
      vertex 33 0 0
      vertex 33 7.72822 7.23529
    endloop
  endfacet
  facet normal 1 0 0
    outer loop
      vertex 33 7.29792 7.54792
      vertex 33 0 0
      vertex 33 7.50077 7.37467
    endloop
  endfacet
  facet normal 1 0 0
    outer loop
      vertex 33 7.12467 7.75077
      vertex 33 0 0
      vertex 33 7.29792 7.54792
    endloop
  endfacet
  facet normal 1 0 0
    outer loop
      vertex 33 6.98529 7.97822
      vertex 33 0 0
      vertex 33 7.12467 7.75077
    endloop
  endfacet
  facet normal 1 0 0
    outer loop
      vertex 33 6.8832 8.22467
      vertex 33 0 0
      vertex 33 6.98529 7.97822
    endloop
  endfacet
  facet normal 1 0 0
    outer loop
      vertex 33 6.82093 8.48406
      vertex 33 0 0
      vertex 33 6.8832 8.22467
    endloop
  endfacet
  facet normal 1 0 0
    outer loop
      vertex 33 6.8 8.75
      vertex 33 0 0
      vertex 33 6.82093 8.48406
    endloop
  endfacet
  facet normal -0 0 1
    outer loop
      vertex 28 48 47.4
      vertex 33 0 47.4
      vertex 33 48 47.4
    endloop
  endfacet
  facet normal 0 0 1
    outer loop
      vertex 33 0 47.4
      vertex 28 48 47.4
      vertex 28 0 47.4
    endloop
  endfacet
  facet normal -1 -0 0
    outer loop
      vertex 28 18 12.9892
      vertex 28 11.2426 10.7426
      vertex 28 16.0097 16.2597
    endloop
  endfacet
  facet normal -1 0 0
    outer loop
      vertex 28 12.7 24.25
      vertex 28 11.8484 39.2213
      vertex 28 11.89 39.75
    endloop
  endfacet
  facet normal -1 0 0
    outer loop
      vertex 28 10.8971 11.1471
      vertex 28 16.0097 16.2597
      vertex 28 11.2426 10.7426
    endloop
  endfacet
  facet normal -1 0 0
    outer loop
      vertex 28 12.7 24.25
      vertex 28 11.8483 39.2197
      vertex 28 11.8484 39.2213
    endloop
  endfacet
  facet normal -1 0 0
    outer loop
      vertex 28 10.4926 11.4926
      vertex 28 16.0097 16.2597
      vertex 28 10.8971 11.1471
    endloop
  endfacet
  facet normal -1 0 0
    outer loop
      vertex 28 12.7 24.25
      vertex 28 11.8479 39.2182
      vertex 28 11.8483 39.2197
    endloop
  endfacet
  facet normal -1 -0 0
    outer loop
      vertex 28 16.0097 16.2597
      vertex 28 10.4926 11.4926
      vertex 28 14.8581 17.608
    endloop
  endfacet
  facet normal -1 0 0
    outer loop
      vertex 28 12.7 24.25
      vertex 28 11.7241 38.7024
      vertex 28 11.8479 39.2182
    endloop
  endfacet
  facet normal -1 0 0
    outer loop
      vertex 28 10.4913 11.4934
      vertex 28 14.8581 17.608
      vertex 28 10.4926 11.4926
    endloop
  endfacet
  facet normal -1 0 0
    outer loop
      vertex 28 12.7 24.25
      vertex 28 11.5205 38.211
      vertex 28 11.7241 38.7024
    endloop
  endfacet
  facet normal -1 0 0
    outer loop
      vertex 28 10.039 11.7705
      vertex 28 14.8581 17.608
      vertex 28 10.4913 11.4934
    endloop
  endfacet
  facet normal -1 0 0
    outer loop
      vertex 28 12.7 24.25
      vertex 28 11.2434 37.7587
      vertex 28 11.5205 38.211
    endloop
  endfacet
  facet normal -1 0 0
    outer loop
      vertex 28 9.54757 11.9741
      vertex 28 14.8581 17.608
      vertex 28 10.039 11.7705
    endloop
  endfacet
  facet normal -1 0 0
    outer loop
      vertex 28 12.7 24.25
      vertex 28 11.2426 37.7574
      vertex 28 11.2434 37.7587
    endloop
  endfacet
  facet normal -1 -0 0
    outer loop
      vertex 28 14.8581 17.608
      vertex 28 9.54757 11.9741
      vertex 28 13.9316 19.1199
    endloop
  endfacet
  facet normal -1 0 0
    outer loop
      vertex 28 12.7 24.25
      vertex 28 10.8971 37.3529
      vertex 28 11.2426 37.7574
    endloop
  endfacet
  facet normal -1 0 0
    outer loop
      vertex 28 9.03184 12.0979
      vertex 28 13.9316 19.1199
      vertex 28 9.54757 11.9741
    endloop
  endfacet
  facet normal -1 0 0
    outer loop
      vertex 28 12.7 24.25
      vertex 28 10.4926 37.0074
      vertex 28 10.8971 37.3529
    endloop
  endfacet
  facet normal -1 0 0
    outer loop
      vertex 28 9.03031 12.0983
      vertex 28 13.9316 19.1199
      vertex 28 9.03184 12.0979
    endloop
  endfacet
  facet normal -1 0 0
    outer loop
      vertex 28 12.7 24.25
      vertex 28 10.4913 37.0066
      vertex 28 10.4926 37.0074
    endloop
  endfacet
  facet normal -1 0 0
    outer loop
      vertex 28 9.02875 12.0984
      vertex 28 13.9316 19.1199
      vertex 28 9.03031 12.0983
    endloop
  endfacet
  facet normal -1 0 0
    outer loop
      vertex 28 12.7 24.25
      vertex 28 10.039 36.7295
      vertex 28 10.4913 37.0066
    endloop
  endfacet
  facet normal -1 0 0
    outer loop
      vertex 28 8.5 12.14
      vertex 28 13.9316 19.1199
      vertex 28 9.02875 12.0984
    endloop
  endfacet
  facet normal -1 0 0
    outer loop
      vertex 28 12.7 24.25
      vertex 28 9.54757 36.5259
      vertex 28 10.039 36.7295
    endloop
  endfacet
  facet normal -1 -0 0
    outer loop
      vertex 28 13.9316 19.1199
      vertex 28 8.5 12.14
      vertex 28 13.2531 20.7581
    endloop
  endfacet
  facet normal -1 0 0
    outer loop
      vertex 28 12.7 24.25
      vertex 28 9.03184 36.4021
      vertex 28 9.54757 36.5259
    endloop
  endfacet
  facet normal -1 0 0
    outer loop
      vertex 28 7.97125 12.0984
      vertex 28 13.2531 20.7581
      vertex 28 8.5 12.14
    endloop
  endfacet
  facet normal -1 0 0
    outer loop
      vertex 28 12.7 24.25
      vertex 28 9.03031 36.4017
      vertex 28 9.03184 36.4021
    endloop
  endfacet
  facet normal -1 0 0
    outer loop
      vertex 28 7.96969 12.0983
      vertex 28 13.2531 20.7581
      vertex 28 7.97125 12.0984
    endloop
  endfacet
  facet normal -1 0 0
    outer loop
      vertex 28 12.7 24.25
      vertex 28 9.02875 36.4016
      vertex 28 9.03031 36.4017
    endloop
  endfacet
  facet normal -1 0 0
    outer loop
      vertex 28 7.96816 12.0979
      vertex 28 13.2531 20.7581
      vertex 28 7.96969 12.0983
    endloop
  endfacet
  facet normal -1 0 0
    outer loop
      vertex 28 12.7 24.25
      vertex 28 8.5 36.36
      vertex 28 9.02875 36.4016
    endloop
  endfacet
  facet normal -1 0 0
    outer loop
      vertex 28 7.45243 11.9741
      vertex 28 13.2531 20.7581
      vertex 28 7.96816 12.0979
    endloop
  endfacet
  facet normal -1 0 0
    outer loop
      vertex 28 12.7 24.25
      vertex 28 7.97125 36.4016
      vertex 28 8.5 36.36
    endloop
  endfacet
  facet normal -1 -0 0
    outer loop
      vertex 28 13.2531 20.7581
      vertex 28 7.45243 11.9741
      vertex 28 12.8391 22.4823
    endloop
  endfacet
  facet normal -1 0 0
    outer loop
      vertex 28 12.7 24.25
      vertex 28 7.96969 36.4017
      vertex 28 7.97125 36.4016
    endloop
  endfacet
  facet normal -1 0 0
    outer loop
      vertex 28 6.96097 11.7705
      vertex 28 12.8391 22.4823
      vertex 28 7.45243 11.9741
    endloop
  endfacet
  facet normal -1 0 0
    outer loop
      vertex 28 12.7 24.25
      vertex 28 7.96816 36.4021
      vertex 28 7.96969 36.4017
    endloop
  endfacet
  facet normal -1 -0 0
    outer loop
      vertex 28 12.8391 22.4823
      vertex 28 6.96097 11.7705
      vertex 28 12.7 24.25
    endloop
  endfacet
  facet normal -1 0 0
    outer loop
      vertex 28 12.7 24.25
      vertex 28 7.45243 36.5259
      vertex 28 7.96816 36.4021
    endloop
  endfacet
  facet normal -1 0 0
    outer loop
      vertex 28 6.50875 11.4934
      vertex 28 12.7 24.25
      vertex 28 6.96097 11.7705
    endloop
  endfacet
  facet normal -1 0 0
    outer loop
      vertex 28 12.7 24.25
      vertex 28 6.96097 36.7295
      vertex 28 7.45243 36.5259
    endloop
  endfacet
  facet normal -1 0 0
    outer loop
      vertex 28 6.50741 11.4926
      vertex 28 12.7 24.25
      vertex 28 6.50875 11.4934
    endloop
  endfacet
  facet normal -1 0 0
    outer loop
      vertex 28 12.7 24.25
      vertex 28 6.50875 37.0066
      vertex 28 6.96097 36.7295
    endloop
  endfacet
  facet normal -1 0 0
    outer loop
      vertex 28 6.50741 37.0074
      vertex 28 12.7 24.25
      vertex 28 6.50741 11.4926
    endloop
  endfacet
  facet normal -1 0 0
    outer loop
      vertex 28 12.7 24.25
      vertex 28 6.50741 37.0074
      vertex 28 6.50875 37.0066
    endloop
  endfacet
  facet normal -1 0 0
    outer loop
      vertex 28 6.10291 11.1471
      vertex 28 6.50741 37.0074
      vertex 28 6.50741 11.4926
    endloop
  endfacet
  facet normal -1 0 0
    outer loop
      vertex 28 6.10291 11.1471
      vertex 28 6.10291 37.3529
      vertex 28 6.50741 37.0074
    endloop
  endfacet
  facet normal -1 0 0
    outer loop
      vertex 28 5.75743 10.7426
      vertex 28 6.10291 37.3529
      vertex 28 6.10291 11.1471
    endloop
  endfacet
  facet normal -1 0 0
    outer loop
      vertex 28 5.75743 10.7426
      vertex 28 5.75743 37.7574
      vertex 28 6.10291 37.3529
    endloop
  endfacet
  facet normal -1 0 0
    outer loop
      vertex 28 5.75661 10.7413
      vertex 28 5.75743 37.7574
      vertex 28 5.75743 10.7426
    endloop
  endfacet
  facet normal -1 0 0
    outer loop
      vertex 28 5.75661 10.7413
      vertex 28 5.75661 37.7587
      vertex 28 5.75743 37.7574
    endloop
  endfacet
  facet normal -1 0 0
    outer loop
      vertex 28 5.47949 10.289
      vertex 28 5.75661 37.7587
      vertex 28 5.75661 10.7413
    endloop
  endfacet
  facet normal -1 0 0
    outer loop
      vertex 28 5.47949 10.289
      vertex 28 5.47949 38.211
      vertex 28 5.75661 37.7587
    endloop
  endfacet
  facet normal -1 0 0
    outer loop
      vertex 28 5.27592 9.79757
      vertex 28 5.47949 38.211
      vertex 28 5.47949 10.289
    endloop
  endfacet
  facet normal -1 0 0
    outer loop
      vertex 28 5.27592 9.79757
      vertex 28 5.27592 38.7024
      vertex 28 5.47949 38.211
    endloop
  endfacet
  facet normal -1 0 0
    outer loop
      vertex 28 0 0
      vertex 28 5.27592 9.79757
      vertex 28 5.1521 9.28184
    endloop
  endfacet
  facet normal -1 0 0
    outer loop
      vertex 28 5.27592 9.79757
      vertex 28 0 47.4
      vertex 28 5.27592 38.7024
    endloop
  endfacet
  facet normal -1 0 0
    outer loop
      vertex 28 0 0
      vertex 28 5.1521 9.28184
      vertex 28 5.15174 9.28031
    endloop
  endfacet
  facet normal -1 0 0
    outer loop
      vertex 28 5.27592 38.7024
      vertex 28 0 47.4
      vertex 28 5.1521 39.2182
    endloop
  endfacet
  facet normal -1 0 0
    outer loop
      vertex 28 0 0
      vertex 28 5.15174 9.28031
      vertex 28 5.15161 9.27875
    endloop
  endfacet
  facet normal -1 0 0
    outer loop
      vertex 28 5.1521 39.2182
      vertex 28 0 47.4
      vertex 28 5.15174 39.2197
    endloop
  endfacet
  facet normal -1 0 0
    outer loop
      vertex 28 0 0
      vertex 28 5.15161 9.27875
      vertex 28 5.11 8.75
    endloop
  endfacet
  facet normal -1 0 0
    outer loop
      vertex 28 5.15174 39.2197
      vertex 28 0 47.4
      vertex 28 5.15161 39.2213
    endloop
  endfacet
  facet normal -1 0 0
    outer loop
      vertex 28 11.8479 8.21816
      vertex 28 18 12.9892
      vertex 28 18 0
    endloop
  endfacet
  facet normal -1 0 -0
    outer loop
      vertex 28 11.89 8.75
      vertex 28 18 12.9892
      vertex 28 11.8484 8.22125
    endloop
  endfacet
  facet normal -1 0 0
    outer loop
      vertex 28 18 12.9892
      vertex 28 16.0097 16.2597
      vertex 28 17.358 15.1081
    endloop
  endfacet
  facet normal -1 0 0
    outer loop
      vertex 28 11.8483 9.28031
      vertex 28 18 12.9892
      vertex 28 11.8484 9.27875
    endloop
  endfacet
  facet normal -1 0 0
    outer loop
      vertex 28 11.8479 9.28184
      vertex 28 18 12.9892
      vertex 28 11.8483 9.28031
    endloop
  endfacet
  facet normal -1 0 0
    outer loop
      vertex 28 11.7241 9.79757
      vertex 28 18 12.9892
      vertex 28 11.8479 9.28184
    endloop
  endfacet
  facet normal -1 0 0
    outer loop
      vertex 28 11.2434 10.7413
      vertex 28 18 12.9892
      vertex 28 11.5205 10.289
    endloop
  endfacet
  facet normal -1 0 0
    outer loop
      vertex 28 11.5205 10.289
      vertex 28 18 12.9892
      vertex 28 11.7241 9.79757
    endloop
  endfacet
  facet normal -1 0 0
    outer loop
      vertex 28 11.8484 9.27875
      vertex 28 18 12.9892
      vertex 28 11.89 8.75
    endloop
  endfacet
  facet normal -1 0 0
    outer loop
      vertex 28 18 12.9892
      vertex 28 11.8483 8.21969
      vertex 28 11.8484 8.22125
    endloop
  endfacet
  facet normal -1 0 0
    outer loop
      vertex 28 18 12.9892
      vertex 28 11.8479 8.21816
      vertex 28 11.8483 8.21969
    endloop
  endfacet
  facet normal -1 0 0
    outer loop
      vertex 28 18 0
      vertex 28 11.7241 7.70243
      vertex 28 11.8479 8.21816
    endloop
  endfacet
  facet normal -1 0 0
    outer loop
      vertex 28 18 0
      vertex 28 11.5205 7.21097
      vertex 28 11.7241 7.70243
    endloop
  endfacet
  facet normal -1 0 0
    outer loop
      vertex 28 18 0
      vertex 28 11.2434 6.75875
      vertex 28 11.5205 7.21097
    endloop
  endfacet
  facet normal -1 0 0
    outer loop
      vertex 28 18 0
      vertex 28 11.2426 6.75741
      vertex 28 11.2434 6.75875
    endloop
  endfacet
  facet normal -1 0 0
    outer loop
      vertex 28 18 0
      vertex 28 10.8971 6.35291
      vertex 28 11.2426 6.75741
    endloop
  endfacet
  facet normal -1 0 0
    outer loop
      vertex 28 18 0
      vertex 28 10.4926 6.00743
      vertex 28 10.8971 6.35291
    endloop
  endfacet
  facet normal -1 0 0
    outer loop
      vertex 28 18 0
      vertex 28 10.4913 6.00661
      vertex 28 10.4926 6.00743
    endloop
  endfacet
  facet normal -1 0 0
    outer loop
      vertex 28 18 0
      vertex 28 10.039 5.72949
      vertex 28 10.4913 6.00661
    endloop
  endfacet
  facet normal -1 0 0
    outer loop
      vertex 28 18 0
      vertex 28 9.54757 5.52592
      vertex 28 10.039 5.72949
    endloop
  endfacet
  facet normal -1 0 0
    outer loop
      vertex 28 18 0
      vertex 28 9.03184 5.4021
      vertex 28 9.54757 5.52592
    endloop
  endfacet
  facet normal -1 0 0
    outer loop
      vertex 28 18 0
      vertex 28 9.03031 5.40174
      vertex 28 9.03184 5.4021
    endloop
  endfacet
  facet normal -1 0 0
    outer loop
      vertex 28 18 0
      vertex 28 9.02875 5.40161
      vertex 28 9.03031 5.40174
    endloop
  endfacet
  facet normal -1 0 0
    outer loop
      vertex 28 18 0
      vertex 28 8.5 5.36
      vertex 28 9.02875 5.40161
    endloop
  endfacet
  facet normal -1 0 0
    outer loop
      vertex 28 0 0
      vertex 28 8.5 5.36
      vertex 28 18 0
    endloop
  endfacet
  facet normal -1 -0 0
    outer loop
      vertex 28 8.5 5.36
      vertex 28 0 0
      vertex 28 7.97125 5.40161
    endloop
  endfacet
  facet normal -1 -0 0
    outer loop
      vertex 28 7.97125 5.40161
      vertex 28 0 0
      vertex 28 7.96969 5.40174
    endloop
  endfacet
  facet normal -1 -0 0
    outer loop
      vertex 28 7.96969 5.40174
      vertex 28 0 0
      vertex 28 7.96816 5.4021
    endloop
  endfacet
  facet normal -1 -0 0
    outer loop
      vertex 28 7.96816 5.4021
      vertex 28 0 0
      vertex 28 7.45243 5.52592
    endloop
  endfacet
  facet normal -1 0 0
    outer loop
      vertex 28 0 0
      vertex 28 6.50875 6.00661
      vertex 28 6.96097 5.72949
    endloop
  endfacet
  facet normal -1 0 0
    outer loop
      vertex 28 0 0
      vertex 28 5.75661 6.75875
      vertex 28 5.75743 6.75741
    endloop
  endfacet
  facet normal -1 0 0
    outer loop
      vertex 28 0 0
      vertex 28 5.15161 8.22125
      vertex 28 5.15174 8.21969
    endloop
  endfacet
  facet normal -1 -0 0
    outer loop
      vertex 28 5.27592 9.79757
      vertex 28 0 0
      vertex 28 0 47.4
    endloop
  endfacet
  facet normal -1 -0 0
    outer loop
      vertex 28 5.15161 8.22125
      vertex 28 0 0
      vertex 28 5.11 8.75
    endloop
  endfacet
  facet normal -1 -0 0
    outer loop
      vertex 28 5.1521 8.21816
      vertex 28 0 0
      vertex 28 5.15174 8.21969
    endloop
  endfacet
  facet normal -1 -0 0
    outer loop
      vertex 28 5.27592 7.70243
      vertex 28 0 0
      vertex 28 5.1521 8.21816
    endloop
  endfacet
  facet normal -1 -0 0
    outer loop
      vertex 28 5.47949 7.21097
      vertex 28 0 0
      vertex 28 5.27592 7.70243
    endloop
  endfacet
  facet normal -1 -0 0
    outer loop
      vertex 28 5.75661 6.75875
      vertex 28 0 0
      vertex 28 5.47949 7.21097
    endloop
  endfacet
  facet normal -1 -0 0
    outer loop
      vertex 28 6.10291 6.35291
      vertex 28 0 0
      vertex 28 5.75743 6.75741
    endloop
  endfacet
  facet normal -1 -0 0
    outer loop
      vertex 28 6.50741 6.00743
      vertex 28 0 0
      vertex 28 6.10291 6.35291
    endloop
  endfacet
  facet normal -1 -0 0
    outer loop
      vertex 28 6.50875 6.00661
      vertex 28 0 0
      vertex 28 6.50741 6.00743
    endloop
  endfacet
  facet normal -1 -0 0
    outer loop
      vertex 28 7.45243 5.52592
      vertex 28 0 0
      vertex 28 6.96097 5.72949
    endloop
  endfacet
  facet normal -1 0 0
    outer loop
      vertex 28 42.8483 9.28031
      vertex 28 44 12.9892
      vertex 28 42.8484 9.27875
    endloop
  endfacet
  facet normal -1 0 0
    outer loop
      vertex 28 44 12.9892
      vertex 28 42.8484 39.2213
      vertex 28 42.89 39.75
    endloop
  endfacet
  facet normal -1 0 0
    outer loop
      vertex 28 42.8479 9.28184
      vertex 28 44 12.9892
      vertex 28 42.8483 9.28031
    endloop
  endfacet
  facet normal -1 0 0
    outer loop
      vertex 28 44 12.9892
      vertex 28 42.8483 39.2197
      vertex 28 42.8484 39.2213
    endloop
  endfacet
  facet normal -1 0 0
    outer loop
      vertex 28 42.7241 9.79757
      vertex 28 44 12.9892
      vertex 28 42.8479 9.28184
    endloop
  endfacet
  facet normal -1 0 0
    outer loop
      vertex 28 44 12.9892
      vertex 28 42.8479 39.2182
      vertex 28 42.8483 39.2197
    endloop
  endfacet
  facet normal -1 0 0
    outer loop
      vertex 28 42.5205 10.289
      vertex 28 44 12.9892
      vertex 28 42.7241 9.79757
    endloop
  endfacet
  facet normal -1 0 0
    outer loop
      vertex 28 44 12.9892
      vertex 28 42.7241 38.7024
      vertex 28 42.8479 39.2182
    endloop
  endfacet
  facet normal -1 0 0
    outer loop
      vertex 28 42.2434 10.7413
      vertex 28 44 12.9892
      vertex 28 42.5205 10.289
    endloop
  endfacet
  facet normal -1 0 0
    outer loop
      vertex 28 44 12.9892
      vertex 28 42.5205 38.211
      vertex 28 42.7241 38.7024
    endloop
  endfacet
  facet normal -1 0 0
    outer loop
      vertex 28 42.2426 10.7426
      vertex 28 44 12.9892
      vertex 28 42.2434 10.7413
    endloop
  endfacet
  facet normal -1 0 0
    outer loop
      vertex 28 44 12.9892
      vertex 28 42.2434 37.7587
      vertex 28 42.5205 38.211
    endloop
  endfacet
  facet normal -1 0 0
    outer loop
      vertex 28 41.8971 11.1471
      vertex 28 44 12.9892
      vertex 28 42.2426 10.7426
    endloop
  endfacet
  facet normal -1 0 0
    outer loop
      vertex 28 44 12.9892
      vertex 28 42.2426 37.7574
      vertex 28 42.2434 37.7587
    endloop
  endfacet
  facet normal -1 0 0
    outer loop
      vertex 28 41.4926 11.4926
      vertex 28 44 12.9892
      vertex 28 41.8971 11.1471
    endloop
  endfacet
  facet normal -1 0 0
    outer loop
      vertex 28 44 12.9892
      vertex 28 41.8971 37.3529
      vertex 28 42.2426 37.7574
    endloop
  endfacet
  facet normal -1 0 0
    outer loop
      vertex 28 41.4913 11.4934
      vertex 28 44 12.9892
      vertex 28 41.4926 11.4926
    endloop
  endfacet
  facet normal -1 0 0
    outer loop
      vertex 28 44 12.9892
      vertex 28 41.4926 37.0074
      vertex 28 41.8971 37.3529
    endloop
  endfacet
  facet normal -1 0 0
    outer loop
      vertex 28 41.039 11.7705
      vertex 28 44 12.9892
      vertex 28 41.4913 11.4934
    endloop
  endfacet
  facet normal -1 0 0
    outer loop
      vertex 28 44 12.9892
      vertex 28 35.3 24.25
      vertex 28 41.4926 37.0074
    endloop
  endfacet
  facet normal -1 0 0
    outer loop
      vertex 28 40.5476 11.9741
      vertex 28 44 12.9892
      vertex 28 41.039 11.7705
    endloop
  endfacet
  facet normal -1 0 0
    outer loop
      vertex 28 41.4926 37.0074
      vertex 28 35.3 24.25
      vertex 28 41.4913 37.0066
    endloop
  endfacet
  facet normal -1 0 0
    outer loop
      vertex 28 40.0318 12.0979
      vertex 28 44 12.9892
      vertex 28 40.5476 11.9741
    endloop
  endfacet
  facet normal -1 0 0
    outer loop
      vertex 28 41.4913 37.0066
      vertex 28 35.3 24.25
      vertex 28 41.039 36.7295
    endloop
  endfacet
  facet normal -1 0 0
    outer loop
      vertex 28 40.0303 12.0983
      vertex 28 44 12.9892
      vertex 28 40.0318 12.0979
    endloop
  endfacet
  facet normal -1 0 0
    outer loop
      vertex 28 35.1609 26.0177
      vertex 28 41.039 36.7295
      vertex 28 35.3 24.25
    endloop
  endfacet
  facet normal -1 -0 0
    outer loop
      vertex 28 44 12.9892
      vertex 28 40.0303 12.0983
      vertex 28 34.7469 20.7581
    endloop
  endfacet
  facet normal -1 0 0
    outer loop
      vertex 28 41.039 36.7295
      vertex 28 35.1609 26.0177
      vertex 28 40.5476 36.5259
    endloop
  endfacet
  facet normal -1 0 0
    outer loop
      vertex 28 34.7469 20.7581
      vertex 28 40.0303 12.0983
      vertex 28 40.0287 12.0984
    endloop
  endfacet
  facet normal -1 0 0
    outer loop
      vertex 28 34.7469 27.7419
      vertex 28 40.5476 36.5259
      vertex 28 35.1609 26.0177
    endloop
  endfacet
  facet normal -1 0 0
    outer loop
      vertex 28 34.7469 20.7581
      vertex 28 40.0287 12.0984
      vertex 28 39.5 12.14
    endloop
  endfacet
  facet normal -1 0 0
    outer loop
      vertex 28 40.5476 36.5259
      vertex 28 34.7469 27.7419
      vertex 28 40.0318 36.4021
    endloop
  endfacet
  facet normal -1 0 0
    outer loop
      vertex 28 34.0684 19.1199
      vertex 28 39.5 12.14
      vertex 28 38.9713 12.0984
    endloop
  endfacet
  facet normal -1 0 0
    outer loop
      vertex 28 40.0318 36.4021
      vertex 28 34.7469 27.7419
      vertex 28 40.0303 36.4017
    endloop
  endfacet
  facet normal -1 0 0
    outer loop
      vertex 28 34.0684 19.1199
      vertex 28 38.9713 12.0984
      vertex 28 38.9697 12.0983
    endloop
  endfacet
  facet normal -1 0 0
    outer loop
      vertex 28 40.0303 36.4017
      vertex 28 34.7469 27.7419
      vertex 28 40.0287 36.4016
    endloop
  endfacet
  facet normal -1 0 0
    outer loop
      vertex 28 34.0684 19.1199
      vertex 28 38.9697 12.0983
      vertex 28 38.9682 12.0979
    endloop
  endfacet
  facet normal -1 0 0
    outer loop
      vertex 28 40.0287 36.4016
      vertex 28 34.7469 27.7419
      vertex 28 39.5 36.36
    endloop
  endfacet
  facet normal -1 0 0
    outer loop
      vertex 28 34.0684 19.1199
      vertex 28 38.9682 12.0979
      vertex 28 38.4524 11.9741
    endloop
  endfacet
  facet normal -1 0 0
    outer loop
      vertex 28 34.0684 29.3801
      vertex 28 39.5 36.36
      vertex 28 34.7469 27.7419
    endloop
  endfacet
  facet normal -1 0 0
    outer loop
      vertex 28 33.1419 17.608
      vertex 28 38.4524 11.9741
      vertex 28 37.961 11.7705
    endloop
  endfacet
  facet normal -1 -0 0
    outer loop
      vertex 28 39.5 36.36
      vertex 28 34.0684 29.3801
      vertex 28 38.9713 36.4016
    endloop
  endfacet
  facet normal -1 0 0
    outer loop
      vertex 28 33.1419 17.608
      vertex 28 37.961 11.7705
      vertex 28 37.5087 11.4934
    endloop
  endfacet
  facet normal -1 -0 0
    outer loop
      vertex 28 38.9713 36.4016
      vertex 28 34.0684 29.3801
      vertex 28 38.9697 36.4017
    endloop
  endfacet
  facet normal -1 0 0
    outer loop
      vertex 28 33.1419 17.608
      vertex 28 37.5087 11.4934
      vertex 28 37.5074 11.4926
    endloop
  endfacet
  facet normal -1 -0 0
    outer loop
      vertex 28 38.9697 36.4017
      vertex 28 34.0684 29.3801
      vertex 28 38.9682 36.4021
    endloop
  endfacet
  facet normal -1 0 0
    outer loop
      vertex 28 31.9903 16.2597
      vertex 28 37.5074 11.4926
      vertex 28 37.1029 11.1471
    endloop
  endfacet
  facet normal -1 -0 0
    outer loop
      vertex 28 38.9682 36.4021
      vertex 28 34.0684 29.3801
      vertex 28 38.4524 36.5259
    endloop
  endfacet
  facet normal -1 0 0
    outer loop
      vertex 28 31.9903 16.2597
      vertex 28 37.1029 11.1471
      vertex 28 36.7574 10.7426
    endloop
  endfacet
  facet normal -1 0 0
    outer loop
      vertex 28 33.1419 30.892
      vertex 28 38.4524 36.5259
      vertex 28 34.0684 29.3801
    endloop
  endfacet
  facet normal -1 0 0
    outer loop
      vertex 28 30.642 15.1081
      vertex 28 36.7574 10.7426
      vertex 28 36.7566 10.7413
    endloop
  endfacet
  facet normal -1 -0 0
    outer loop
      vertex 28 38.4524 36.5259
      vertex 28 33.1419 30.892
      vertex 28 37.961 36.7295
    endloop
  endfacet
  facet normal -1 0 0
    outer loop
      vertex 28 30.642 15.1081
      vertex 28 36.7566 10.7413
      vertex 28 36.4795 10.289
    endloop
  endfacet
  facet normal -1 -0 0
    outer loop
      vertex 28 37.961 36.7295
      vertex 28 33.1419 30.892
      vertex 28 37.5087 37.0066
    endloop
  endfacet
  facet normal -1 0 0
    outer loop
      vertex 28 30.642 15.1081
      vertex 28 36.4795 10.289
      vertex 28 36.2759 9.79757
    endloop
  endfacet
  facet normal -1 -0 0
    outer loop
      vertex 28 37.5087 37.0066
      vertex 28 33.1419 30.892
      vertex 28 37.5074 37.0074
    endloop
  endfacet
  facet normal -1 0 0
    outer loop
      vertex 28 29.1301 14.1816
      vertex 28 36.2759 9.79757
      vertex 28 36.1521 9.28184
    endloop
  endfacet
  facet normal -1 0 0
    outer loop
      vertex 28 31.9903 32.2403
      vertex 28 37.5074 37.0074
      vertex 28 33.1419 30.892
    endloop
  endfacet
  facet normal -1 0 0
    outer loop
      vertex 28 29.1301 14.1816
      vertex 28 36.1521 9.28184
      vertex 28 36.1517 9.28031
    endloop
  endfacet
  facet normal -1 -0 0
    outer loop
      vertex 28 37.5074 37.0074
      vertex 28 31.9903 32.2403
      vertex 28 37.1029 37.3529
    endloop
  endfacet
  facet normal -1 0 0
    outer loop
      vertex 28 29.1301 14.1816
      vertex 28 36.1517 9.28031
      vertex 28 36.1516 9.27875
    endloop
  endfacet
  facet normal -1 -0 0
    outer loop
      vertex 28 37.1029 37.3529
      vertex 28 31.9903 32.2403
      vertex 28 36.7574 37.7574
    endloop
  endfacet
  facet normal -1 0 0
    outer loop
      vertex 28 29.1301 14.1816
      vertex 28 36.1516 9.27875
      vertex 28 36.11 8.75
    endloop
  endfacet
  facet normal -1 -0 0
    outer loop
      vertex 28 36.7574 37.7574
      vertex 28 31.9903 32.2403
      vertex 28 36.7566 37.7587
    endloop
  endfacet
  facet normal -1 0 0
    outer loop
      vertex 28 44 5
      vertex 28 42.89 8.75
      vertex 28 44 12.9892
    endloop
  endfacet
  facet normal -1 0 0
    outer loop
      vertex 28 44 5
      vertex 28 42.8484 8.22125
      vertex 28 42.89 8.75
    endloop
  endfacet
  facet normal -1 0 0
    outer loop
      vertex 28 44 5
      vertex 28 42.8483 8.21969
      vertex 28 42.8484 8.22125
    endloop
  endfacet
  facet normal -1 0 0
    outer loop
      vertex 28 44 5
      vertex 28 42.8479 8.21816
      vertex 28 42.8483 8.21969
    endloop
  endfacet
  facet normal -1 0 0
    outer loop
      vertex 28 44 5
      vertex 28 42.7241 7.70243
      vertex 28 42.8479 8.21816
    endloop
  endfacet
  facet normal -1 0 0
    outer loop
      vertex 28 44 5
      vertex 28 42.5205 7.21097
      vertex 28 42.7241 7.70243
    endloop
  endfacet
  facet normal -1 0 0
    outer loop
      vertex 28 44 5
      vertex 28 42.2434 6.75875
      vertex 28 42.5205 7.21097
    endloop
  endfacet
  facet normal -1 0 0
    outer loop
      vertex 28 44 5
      vertex 28 42.2426 6.75741
      vertex 28 42.2434 6.75875
    endloop
  endfacet
  facet normal -1 0 0
    outer loop
      vertex 28 44 5
      vertex 28 41.8971 6.35291
      vertex 28 42.2426 6.75741
    endloop
  endfacet
  facet normal -1 0 0
    outer loop
      vertex 28 44 5
      vertex 28 41.4926 6.00743
      vertex 28 41.8971 6.35291
    endloop
  endfacet
  facet normal -1 0 0
    outer loop
      vertex 28 44 5
      vertex 28 41.4913 6.00661
      vertex 28 41.4926 6.00743
    endloop
  endfacet
  facet normal -1 0 0
    outer loop
      vertex 28 44 5
      vertex 28 41.039 5.72949
      vertex 28 41.4913 6.00661
    endloop
  endfacet
  facet normal -1 0 0
    outer loop
      vertex 28 44 5
      vertex 28 40.5476 5.52592
      vertex 28 41.039 5.72949
    endloop
  endfacet
  facet normal -1 0 0
    outer loop
      vertex 28 44 5
      vertex 28 40.0318 5.4021
      vertex 28 40.5476 5.52592
    endloop
  endfacet
  facet normal -1 0 0
    outer loop
      vertex 28 44 5
      vertex 28 40.0303 5.40174
      vertex 28 40.0318 5.4021
    endloop
  endfacet
  facet normal -1 0 0
    outer loop
      vertex 28 44 5
      vertex 28 40.0287 5.40161
      vertex 28 40.0303 5.40174
    endloop
  endfacet
  facet normal -1 0 0
    outer loop
      vertex 28 44 5
      vertex 28 39.5 5.36
      vertex 28 40.0287 5.40161
    endloop
  endfacet
  facet normal -1 0 0
    outer loop
      vertex 28 22 5
      vertex 28 39.5 5.36
      vertex 28 44 5
    endloop
  endfacet
  facet normal -1 -0 0
    outer loop
      vertex 28 39.5 5.36
      vertex 28 22 5
      vertex 28 38.9713 5.40161
    endloop
  endfacet
  facet normal -1 0 0
    outer loop
      vertex 28 22 5
      vertex 28 37.5087 6.00661
      vertex 28 37.961 5.72949
    endloop
  endfacet
  facet normal -1 -0 0
    outer loop
      vertex 28 36.7566 37.7587
      vertex 28 31.9903 32.2403
      vertex 28 36.4795 38.211
    endloop
  endfacet
  facet normal -1 0 0
    outer loop
      vertex 28 44 12.9892
      vertex 28 35.1609 22.4823
      vertex 28 35.3 24.25
    endloop
  endfacet
  facet normal -1 0 0
    outer loop
      vertex 28 44 12.9892
      vertex 28 34.7469 20.7581
      vertex 28 35.1609 22.4823
    endloop
  endfacet
  facet normal -1 0 0
    outer loop
      vertex 28 27.4919 13.5031
      vertex 28 36.11 8.75
      vertex 28 36.1516 8.22125
    endloop
  endfacet
  facet normal -1 0 0
    outer loop
      vertex 28 27.4919 13.5031
      vertex 28 36.1516 8.22125
      vertex 28 36.1517 8.21969
    endloop
  endfacet
  facet normal -1 0 0
    outer loop
      vertex 28 39.5 12.14
      vertex 28 34.0684 19.1199
      vertex 28 34.7469 20.7581
    endloop
  endfacet
  facet normal -1 0 0
    outer loop
      vertex 28 38.4524 11.9741
      vertex 28 33.1419 17.608
      vertex 28 34.0684 19.1199
    endloop
  endfacet
  facet normal -1 0 0
    outer loop
      vertex 28 27.4919 13.5031
      vertex 28 36.1517 8.21969
      vertex 28 36.1521 8.21816
    endloop
  endfacet
  facet normal -1 0 0
    outer loop
      vertex 28 22 5
      vertex 28 36.1521 8.21816
      vertex 28 36.2759 7.70243
    endloop
  endfacet
  facet normal -1 0 0
    outer loop
      vertex 28 37.5074 11.4926
      vertex 28 31.9903 16.2597
      vertex 28 33.1419 17.608
    endloop
  endfacet
  facet normal -1 0 0
    outer loop
      vertex 28 22 5
      vertex 28 36.2759 7.70243
      vertex 28 36.4795 7.21097
    endloop
  endfacet
  facet normal -1 0 0
    outer loop
      vertex 28 36.7574 10.7426
      vertex 28 30.642 15.1081
      vertex 28 31.9903 16.2597
    endloop
  endfacet
  facet normal -1 0 0
    outer loop
      vertex 28 22 5
      vertex 28 36.4795 7.21097
      vertex 28 36.7566 6.75875
    endloop
  endfacet
  facet normal -1 0 0
    outer loop
      vertex 28 22 5
      vertex 28 36.7566 6.75875
      vertex 28 36.7574 6.75741
    endloop
  endfacet
  facet normal -1 0 0
    outer loop
      vertex 28 36.2759 9.79757
      vertex 28 29.1301 14.1816
      vertex 28 30.642 15.1081
    endloop
  endfacet
  facet normal -1 0 0
    outer loop
      vertex 28 22 5
      vertex 28 36.7574 6.75741
      vertex 28 37.1029 6.35291
    endloop
  endfacet
  facet normal -1 0 0
    outer loop
      vertex 28 36.11 8.75
      vertex 28 27.4919 13.5031
      vertex 28 29.1301 14.1816
    endloop
  endfacet
  facet normal -1 0 0
    outer loop
      vertex 28 22 5
      vertex 28 37.1029 6.35291
      vertex 28 37.5074 6.00743
    endloop
  endfacet
  facet normal -1 -0 0
    outer loop
      vertex 28 36.1521 8.21816
      vertex 28 22 5
      vertex 28 27.4919 13.5031
    endloop
  endfacet
  facet normal -1 -0 0
    outer loop
      vertex 28 37.5087 6.00661
      vertex 28 22 5
      vertex 28 37.5074 6.00743
    endloop
  endfacet
  facet normal -1 0 0
    outer loop
      vertex 28 27.4919 13.5031
      vertex 28 22 5
      vertex 28 25.7677 13.0891
    endloop
  endfacet
  facet normal -1 0 0
    outer loop
      vertex 28 25.7677 13.0891
      vertex 28 22 5
      vertex 28 24 12.95
    endloop
  endfacet
  facet normal -1 -0 0
    outer loop
      vertex 28 38.9713 5.40161
      vertex 28 22 5
      vertex 28 38.9697 5.40174
    endloop
  endfacet
  facet normal -1 0 0
    outer loop
      vertex 28 22 5
      vertex 28 38.9682 5.4021
      vertex 28 38.9697 5.40174
    endloop
  endfacet
  facet normal -1 0 0
    outer loop
      vertex 28 22 5
      vertex 28 38.4524 5.52592
      vertex 28 38.9682 5.4021
    endloop
  endfacet
  facet normal -1 0 0
    outer loop
      vertex 28 22 5
      vertex 28 37.961 5.72949
      vertex 28 38.4524 5.52592
    endloop
  endfacet
  facet normal -1 0 0
    outer loop
      vertex 28 22 12.9892
      vertex 28 24 12.95
      vertex 28 22 5
    endloop
  endfacet
  facet normal -1 0 0
    outer loop
      vertex 28 24 12.95
      vertex 28 22 12.9892
      vertex 28 22.2323 13.0891
    endloop
  endfacet
  facet normal -1 0 0
    outer loop
      vertex 28 22 12.9892
      vertex 28 20.5081 13.5031
      vertex 28 22.2323 13.0891
    endloop
  endfacet
  facet normal -1 0 0
    outer loop
      vertex 28 18 12.9892
      vertex 28 20.5081 13.5031
      vertex 28 22 12.9892
    endloop
  endfacet
  facet normal -1 0 0
    outer loop
      vertex 28 18 12.9892
      vertex 28 18.8699 14.1816
      vertex 28 20.5081 13.5031
    endloop
  endfacet
  facet normal -1 -0 0
    outer loop
      vertex 28 18.8699 14.1816
      vertex 28 18 12.9892
      vertex 28 17.358 15.1081
    endloop
  endfacet
  facet normal -1 0 0
    outer loop
      vertex 28 58 0
      vertex 28 57.99 5
      vertex 28 58 5
    endloop
  endfacet
  facet normal -1 0 0
    outer loop
      vertex 28 48 0
      vertex 28 57.99 5
      vertex 28 58 0
    endloop
  endfacet
  facet normal -1 0 0
    outer loop
      vertex 28 48 12.9892
      vertex 28 57.99 5
      vertex 28 48 0
    endloop
  endfacet
  facet normal -1 0 0
    outer loop
      vertex 28 57.99 5
      vertex 28 48 12.9892
      vertex 28 57.99 20
    endloop
  endfacet
  facet normal -1 0 0
    outer loop
      vertex 28 48 12.9892
      vertex 28 48 20
      vertex 28 57.99 20
    endloop
  endfacet
  facet normal -1 0 0
    outer loop
      vertex 28 44 12.9892
      vertex 28 48 20
      vertex 28 48 12.9892
    endloop
  endfacet
  facet normal -1 -0 0
    outer loop
      vertex 28 48 20
      vertex 28 44 12.9892
      vertex 28 42.89 39.75
    endloop
  endfacet
  facet normal -1 0 0
    outer loop
      vertex 28 42.8484 9.27875
      vertex 28 44 12.9892
      vertex 28 42.89 8.75
    endloop
  endfacet
  facet normal -1 0 0
    outer loop
      vertex 28 48 20
      vertex 28 42.89 39.75
      vertex 28 48 47.4
    endloop
  endfacet
  facet normal -1 0 0
    outer loop
      vertex 28 42.8484 40.2787
      vertex 28 48 47.4
      vertex 28 42.89 39.75
    endloop
  endfacet
  facet normal -1 0 0
    outer loop
      vertex 28 42.8483 40.2803
      vertex 28 48 47.4
      vertex 28 42.8484 40.2787
    endloop
  endfacet
  facet normal -1 0 0
    outer loop
      vertex 28 42.8479 40.2818
      vertex 28 48 47.4
      vertex 28 42.8483 40.2803
    endloop
  endfacet
  facet normal -1 0 0
    outer loop
      vertex 28 42.7241 40.7976
      vertex 28 48 47.4
      vertex 28 42.8479 40.2818
    endloop
  endfacet
  facet normal -1 0 0
    outer loop
      vertex 28 42.5205 41.289
      vertex 28 48 47.4
      vertex 28 42.7241 40.7976
    endloop
  endfacet
  facet normal -1 0 0
    outer loop
      vertex 28 42.2434 41.7413
      vertex 28 48 47.4
      vertex 28 42.5205 41.289
    endloop
  endfacet
  facet normal -1 0 0
    outer loop
      vertex 28 42.2426 41.7426
      vertex 28 48 47.4
      vertex 28 42.2434 41.7413
    endloop
  endfacet
  facet normal -1 0 0
    outer loop
      vertex 28 41.8971 42.1471
      vertex 28 48 47.4
      vertex 28 42.2426 41.7426
    endloop
  endfacet
  facet normal -1 0 0
    outer loop
      vertex 28 41.4926 42.4926
      vertex 28 48 47.4
      vertex 28 41.8971 42.1471
    endloop
  endfacet
  facet normal -1 0 0
    outer loop
      vertex 28 41.4913 42.4934
      vertex 28 48 47.4
      vertex 28 41.4926 42.4926
    endloop
  endfacet
  facet normal -1 0 0
    outer loop
      vertex 28 41.039 42.7705
      vertex 28 48 47.4
      vertex 28 41.4913 42.4934
    endloop
  endfacet
  facet normal -1 0 0
    outer loop
      vertex 28 40.5476 42.9741
      vertex 28 48 47.4
      vertex 28 41.039 42.7705
    endloop
  endfacet
  facet normal -1 0 0
    outer loop
      vertex 28 40.0318 43.0979
      vertex 28 48 47.4
      vertex 28 40.5476 42.9741
    endloop
  endfacet
  facet normal -1 0 0
    outer loop
      vertex 28 40.0303 43.0983
      vertex 28 48 47.4
      vertex 28 40.0318 43.0979
    endloop
  endfacet
  facet normal -1 0 0
    outer loop
      vertex 28 40.0287 43.0984
      vertex 28 48 47.4
      vertex 28 40.0303 43.0983
    endloop
  endfacet
  facet normal -1 0 0
    outer loop
      vertex 28 39.5 43.14
      vertex 28 48 47.4
      vertex 28 40.0287 43.0984
    endloop
  endfacet
  facet normal -1 0 0
    outer loop
      vertex 28 38.9713 43.0984
      vertex 28 48 47.4
      vertex 28 39.5 43.14
    endloop
  endfacet
  facet normal -1 0 0
    outer loop
      vertex 28 38.9697 43.0983
      vertex 28 48 47.4
      vertex 28 38.9713 43.0984
    endloop
  endfacet
  facet normal -1 0 0
    outer loop
      vertex 28 38.9682 43.0979
      vertex 28 48 47.4
      vertex 28 38.9697 43.0983
    endloop
  endfacet
  facet normal -1 0 0
    outer loop
      vertex 28 38.4524 42.9741
      vertex 28 48 47.4
      vertex 28 38.9682 43.0979
    endloop
  endfacet
  facet normal -1 0 0
    outer loop
      vertex 28 9.54757 42.9741
      vertex 28 38.4524 42.9741
      vertex 28 37.961 42.7705
    endloop
  endfacet
  facet normal -1 0 0
    outer loop
      vertex 28 10.4913 42.4934
      vertex 28 37.5087 42.4934
      vertex 28 37.5074 42.4926
    endloop
  endfacet
  facet normal -1 0 0
    outer loop
      vertex 28 26.9856 37.245
      vertex 28 36.7566 41.7413
      vertex 28 36.4795 41.289
    endloop
  endfacet
  facet normal -1 -0 0
    outer loop
      vertex 28 36.4795 38.211
      vertex 28 31.9903 32.2403
      vertex 28 36.2759 38.7024
    endloop
  endfacet
  facet normal -1 0 0
    outer loop
      vertex 28 26.9856 37.245
      vertex 28 36.2759 38.7024
      vertex 28 31.9903 32.2403
    endloop
  endfacet
  facet normal -1 -0 0
    outer loop
      vertex 28 36.2759 38.7024
      vertex 28 26.9856 37.245
      vertex 28 36.1521 39.2182
    endloop
  endfacet
  facet normal -1 -0 0
    outer loop
      vertex 28 36.1521 39.2182
      vertex 28 26.9856 37.245
      vertex 28 36.1517 39.2197
    endloop
  endfacet
  facet normal -1 -0 0
    outer loop
      vertex 28 36.1517 39.2197
      vertex 28 26.9856 37.245
      vertex 28 36.1516 39.2213
    endloop
  endfacet
  facet normal -1 -0 0
    outer loop
      vertex 28 36.1516 39.2213
      vertex 28 26.9856 37.245
      vertex 28 36.11 39.75
    endloop
  endfacet
  facet normal -1 -0 0
    outer loop
      vertex 28 36.11 39.75
      vertex 28 26.9856 37.245
      vertex 28 36.1516 40.2787
    endloop
  endfacet
  facet normal -1 -0 0
    outer loop
      vertex 28 36.1516 40.2787
      vertex 28 26.9856 37.245
      vertex 28 36.1517 40.2803
    endloop
  endfacet
  facet normal -1 -0 0
    outer loop
      vertex 28 36.1517 40.2803
      vertex 28 26.9856 37.245
      vertex 28 36.1521 40.2818
    endloop
  endfacet
  facet normal -1 -0 0
    outer loop
      vertex 28 36.1521 40.2818
      vertex 28 26.9856 37.245
      vertex 28 36.2759 40.7976
    endloop
  endfacet
  facet normal -1 -0 0
    outer loop
      vertex 28 36.2759 40.7976
      vertex 28 26.9856 37.245
      vertex 28 36.4795 41.289
    endloop
  endfacet
  facet normal -1 -0 0
    outer loop
      vertex 28 36.7566 41.7413
      vertex 28 26.9856 37.245
      vertex 28 36.7574 41.7426
    endloop
  endfacet
  facet normal -1 0 0
    outer loop
      vertex 28 26.9856 37.245
      vertex 28 37.1029 42.1471
      vertex 28 36.7574 41.7426
    endloop
  endfacet
  facet normal -1 0 0
    outer loop
      vertex 28 21.0144 37.245
      vertex 28 37.1029 42.1471
      vertex 28 26.9856 37.245
    endloop
  endfacet
  facet normal -1 0 0
    outer loop
      vertex 28 10.8971 42.1471
      vertex 28 37.1029 42.1471
      vertex 28 21.0144 37.245
    endloop
  endfacet
  facet normal -1 0 0
    outer loop
      vertex 28 37.1029 42.1471
      vertex 28 10.8971 42.1471
      vertex 28 37.5074 42.4926
    endloop
  endfacet
  facet normal -1 0 0
    outer loop
      vertex 28 10.4926 42.4926
      vertex 28 37.5074 42.4926
      vertex 28 10.8971 42.1471
    endloop
  endfacet
  facet normal -1 0 0
    outer loop
      vertex 28 11.2426 10.7426
      vertex 28 18 12.9892
      vertex 28 11.2434 10.7413
    endloop
  endfacet
  facet normal -1 0 0
    outer loop
      vertex 28 11.89 39.75
      vertex 28 12.8391 26.0177
      vertex 28 12.7 24.25
    endloop
  endfacet
  facet normal -1 0 0
    outer loop
      vertex 28 11.89 39.75
      vertex 28 13.2531 27.7419
      vertex 28 12.8391 26.0177
    endloop
  endfacet
  facet normal -1 0 0
    outer loop
      vertex 28 11.89 39.75
      vertex 28 13.9316 29.3801
      vertex 28 13.2531 27.7419
    endloop
  endfacet
  facet normal -1 0 0
    outer loop
      vertex 28 11.89 39.75
      vertex 28 14.8581 30.892
      vertex 28 13.9316 29.3801
    endloop
  endfacet
  facet normal -1 0 0
    outer loop
      vertex 28 11.89 39.75
      vertex 28 16.0097 32.2403
      vertex 28 14.8581 30.892
    endloop
  endfacet
  facet normal -1 0 0
    outer loop
      vertex 28 11.89 39.75
      vertex 28 21.0144 37.245
      vertex 28 16.0097 32.2403
    endloop
  endfacet
  facet normal -1 0 0
    outer loop
      vertex 28 11.8484 40.2787
      vertex 28 21.0144 37.245
      vertex 28 11.89 39.75
    endloop
  endfacet
  facet normal -1 0 0
    outer loop
      vertex 28 11.8483 40.2803
      vertex 28 21.0144 37.245
      vertex 28 11.8484 40.2787
    endloop
  endfacet
  facet normal -1 0 0
    outer loop
      vertex 28 11.8479 40.2818
      vertex 28 21.0144 37.245
      vertex 28 11.8483 40.2803
    endloop
  endfacet
  facet normal -1 0 0
    outer loop
      vertex 28 11.7241 40.7976
      vertex 28 21.0144 37.245
      vertex 28 11.8479 40.2818
    endloop
  endfacet
  facet normal -1 0 0
    outer loop
      vertex 28 11.5205 41.289
      vertex 28 21.0144 37.245
      vertex 28 11.7241 40.7976
    endloop
  endfacet
  facet normal -1 0 0
    outer loop
      vertex 28 11.2434 41.7413
      vertex 28 21.0144 37.245
      vertex 28 11.5205 41.289
    endloop
  endfacet
  facet normal -1 0 0
    outer loop
      vertex 28 11.2426 41.7426
      vertex 28 21.0144 37.245
      vertex 28 11.2434 41.7413
    endloop
  endfacet
  facet normal -1 0 0
    outer loop
      vertex 28 10.8971 42.1471
      vertex 28 21.0144 37.245
      vertex 28 11.2426 41.7426
    endloop
  endfacet
  facet normal -1 0 0
    outer loop
      vertex 28 10.4913 42.4934
      vertex 28 37.5074 42.4926
      vertex 28 10.4926 42.4926
    endloop
  endfacet
  facet normal -1 0 0
    outer loop
      vertex 28 37.5087 42.4934
      vertex 28 10.4913 42.4934
      vertex 28 37.961 42.7705
    endloop
  endfacet
  facet normal -1 0 0
    outer loop
      vertex 28 10.039 42.7705
      vertex 28 37.961 42.7705
      vertex 28 10.4913 42.4934
    endloop
  endfacet
  facet normal -1 0 0
    outer loop
      vertex 28 9.54757 42.9741
      vertex 28 37.961 42.7705
      vertex 28 10.039 42.7705
    endloop
  endfacet
  facet normal -1 0 0
    outer loop
      vertex 28 38.4524 42.9741
      vertex 28 9.54757 42.9741
      vertex 28 48 47.4
    endloop
  endfacet
  facet normal -1 0 0
    outer loop
      vertex 28 0 47.4
      vertex 28 9.54757 42.9741
      vertex 28 9.03184 43.0979
    endloop
  endfacet
  facet normal -1 0 0
    outer loop
      vertex 28 0 47.4
      vertex 28 9.03184 43.0979
      vertex 28 9.03031 43.0983
    endloop
  endfacet
  facet normal -1 0 0
    outer loop
      vertex 28 0 47.4
      vertex 28 9.03031 43.0983
      vertex 28 9.02875 43.0984
    endloop
  endfacet
  facet normal -1 0 0
    outer loop
      vertex 28 0 47.4
      vertex 28 9.02875 43.0984
      vertex 28 8.5 43.14
    endloop
  endfacet
  facet normal -1 0 0
    outer loop
      vertex 28 0 47.4
      vertex 28 8.5 43.14
      vertex 28 7.97125 43.0984
    endloop
  endfacet
  facet normal -1 0 0
    outer loop
      vertex 28 0 47.4
      vertex 28 7.97125 43.0984
      vertex 28 7.96969 43.0983
    endloop
  endfacet
  facet normal -1 0 0
    outer loop
      vertex 28 0 47.4
      vertex 28 7.96816 43.0979
      vertex 28 7.45243 42.9741
    endloop
  endfacet
  facet normal -1 0 0
    outer loop
      vertex 28 0 47.4
      vertex 28 5.75661 41.7413
      vertex 28 5.47949 41.289
    endloop
  endfacet
  facet normal -1 0 0
    outer loop
      vertex 28 0 47.4
      vertex 28 5.15161 40.2787
      vertex 28 5.11 39.75
    endloop
  endfacet
  facet normal -1 0 0
    outer loop
      vertex 28 5.15161 39.2213
      vertex 28 0 47.4
      vertex 28 5.11 39.75
    endloop
  endfacet
  facet normal -1 0 0
    outer loop
      vertex 28 9.54757 42.9741
      vertex 28 0 47.4
      vertex 28 48 47.4
    endloop
  endfacet
  facet normal -1 0 0
    outer loop
      vertex 28 7.96816 43.0979
      vertex 28 0 47.4
      vertex 28 7.96969 43.0983
    endloop
  endfacet
  facet normal -1 0 0
    outer loop
      vertex 28 6.96097 42.7705
      vertex 28 0 47.4
      vertex 28 7.45243 42.9741
    endloop
  endfacet
  facet normal -1 0 0
    outer loop
      vertex 28 6.50875 42.4934
      vertex 28 0 47.4
      vertex 28 6.96097 42.7705
    endloop
  endfacet
  facet normal -1 0 0
    outer loop
      vertex 28 6.50741 42.4926
      vertex 28 0 47.4
      vertex 28 6.50875 42.4934
    endloop
  endfacet
  facet normal -1 0 0
    outer loop
      vertex 28 6.10291 42.1471
      vertex 28 0 47.4
      vertex 28 6.50741 42.4926
    endloop
  endfacet
  facet normal -1 0 0
    outer loop
      vertex 28 5.75743 41.7426
      vertex 28 0 47.4
      vertex 28 6.10291 42.1471
    endloop
  endfacet
  facet normal -1 0 0
    outer loop
      vertex 28 5.75661 41.7413
      vertex 28 0 47.4
      vertex 28 5.75743 41.7426
    endloop
  endfacet
  facet normal -1 0 0
    outer loop
      vertex 28 5.27592 40.7976
      vertex 28 0 47.4
      vertex 28 5.47949 41.289
    endloop
  endfacet
  facet normal -1 0 0
    outer loop
      vertex 28 5.1521 40.2818
      vertex 28 0 47.4
      vertex 28 5.27592 40.7976
    endloop
  endfacet
  facet normal -1 0 0
    outer loop
      vertex 28 5.15174 40.2803
      vertex 28 0 47.4
      vertex 28 5.1521 40.2818
    endloop
  endfacet
  facet normal -1 0 0
    outer loop
      vertex 28 5.15161 40.2787
      vertex 28 0 47.4
      vertex 28 5.15174 40.2803
    endloop
  endfacet
  facet normal 0 1 -0
    outer loop
      vertex 33 48 20
      vertex 28 48 47.4
      vertex 33 48 47.4
    endloop
  endfacet
  facet normal 0 1 0
    outer loop
      vertex 28 48 47.4
      vertex 33 48 20
      vertex 28 48 20
    endloop
  endfacet
  facet normal 0 -1 0
    outer loop
      vertex 28 0 0
      vertex 33 0 47.4
      vertex 28 0 47.4
    endloop
  endfacet
  facet normal 0 -1 -0
    outer loop
      vertex 33 0 47.4
      vertex 28 0 0
      vertex 33 0 0
    endloop
  endfacet
  facet normal 0 0 1
    outer loop
      vertex 9.38982 41.4628 5
      vertex 20.6254 44 5
      vertex 20.6254 48 5
    endloop
  endfacet
  facet normal 0 0 1
    outer loop
      vertex 9.98497 37.7052 5
      vertex 20.6254 44 5
      vertex 9.98534 37.7067 5
    endloop
  endfacet
  facet normal 0 0 1
    outer loop
      vertex 20.6254 44 5
      vertex 10.19 39 5
      vertex 10.1899 38.9984 5
    endloop
  endfacet
  facet normal 0 0 1
    outer loop
      vertex 20.6254 44 5
      vertex 10.1899 39.0016 5
      vertex 10.19 39 5
    endloop
  endfacet
  facet normal 0 0 1
    outer loop
      vertex 20.6254 44 5
      vertex 10.1385 39.6555 5
      vertex 10.1899 39.0016 5
    endloop
  endfacet
  facet normal 0 0 1
    outer loop
      vertex 20.6254 44 5
      vertex 9.98534 40.2933 5
      vertex 10.1385 39.6555 5
    endloop
  endfacet
  facet normal 0 0 1
    outer loop
      vertex 20.6254 44 5
      vertex 9.98497 40.2948 5
      vertex 9.98534 40.2933 5
    endloop
  endfacet
  facet normal 0 0 1
    outer loop
      vertex 20.6254 44 5
      vertex 9.73336 40.9022 5
      vertex 9.98497 40.2948 5
    endloop
  endfacet
  facet normal 0 0 1
    outer loop
      vertex 20.6254 44 5
      vertex 9.73254 40.9036 5
      vertex 9.73336 40.9022 5
    endloop
  endfacet
  facet normal 0 0 1
    outer loop
      vertex 20.6254 44 5
      vertex 9.38982 41.4628 5
      vertex 9.73254 40.9036 5
    endloop
  endfacet
  facet normal 0 0 1
    outer loop
      vertex 20.6254 48 5
      vertex 8.96383 41.9616 5
      vertex 9.38982 41.4628 5
    endloop
  endfacet
  facet normal 0 0 1
    outer loop
      vertex 20.6254 48 5
      vertex 8.96281 41.9628 5
      vertex 8.96383 41.9616 5
    endloop
  endfacet
  facet normal 0 0 1
    outer loop
      vertex 20.6254 48 5
      vertex 8.96162 41.9638 5
      vertex 8.96281 41.9628 5
    endloop
  endfacet
  facet normal 0 0 1
    outer loop
      vertex 20.6254 48 5
      vertex 8.46285 42.3898 5
      vertex 8.96162 41.9638 5
    endloop
  endfacet
  facet normal 0 0 1
    outer loop
      vertex 20.6254 48 5
      vertex 7.90357 42.7325 5
      vertex 8.46285 42.3898 5
    endloop
  endfacet
  facet normal 0 0 1
    outer loop
      vertex 20.6254 48 5
      vertex 7.90224 42.7334 5
      vertex 7.90357 42.7325 5
    endloop
  endfacet
  facet normal 0 0 1
    outer loop
      vertex 20.6254 48 5
      vertex 7.2948 42.985 5
      vertex 7.90224 42.7334 5
    endloop
  endfacet
  facet normal 0 0 1
    outer loop
      vertex 20.6254 48 5
      vertex 7.29328 42.9853 5
      vertex 7.2948 42.985 5
    endloop
  endfacet
  facet normal -0 0 1
    outer loop
      vertex 0 48 5
      vertex 7.29328 42.9853 5
      vertex 20.6254 48 5
    endloop
  endfacet
  facet normal 0 0 1
    outer loop
      vertex 7.29328 42.9853 5
      vertex 0 48 5
      vertex 6.65547 43.1385 5
    endloop
  endfacet
  facet normal 0 0 1
    outer loop
      vertex 6.65547 43.1385 5
      vertex 0 48 5
      vertex 6.00156 43.1899 5
    endloop
  endfacet
  facet normal 0 0 1
    outer loop
      vertex 6.00156 43.1899 5
      vertex 0 48 5
      vertex 6 43.19 5
    endloop
  endfacet
  facet normal 0 0 1
    outer loop
      vertex 6 43.19 5
      vertex 0 48 5
      vertex 5.99844 43.1899 5
    endloop
  endfacet
  facet normal 0 0 1
    outer loop
      vertex 5.99844 43.1899 5
      vertex 0 48 5
      vertex 5.34453 43.1385 5
    endloop
  endfacet
  facet normal 0 0 1
    outer loop
      vertex 5.34453 43.1385 5
      vertex 0 48 5
      vertex 4.70672 42.9853 5
    endloop
  endfacet
  facet normal 0 0 1
    outer loop
      vertex 0 48 5
      vertex 4.09643 42.7325 5
      vertex 4.09776 42.7334 5
    endloop
  endfacet
  facet normal 0 0 1
    outer loop
      vertex 0 48 5
      vertex 2.26746 40.9036 5
      vertex 2.61018 41.4628 5
    endloop
  endfacet
  facet normal 0 0 1
    outer loop
      vertex 0 48 5
      vertex 1.81007 39.0016 5
      vertex 1.86154 39.6555 5
    endloop
  endfacet
  facet normal 0 0 1
    outer loop
      vertex 1.81007 39.0016 5
      vertex 0 48 5
      vertex 1.80995 39 5
    endloop
  endfacet
  facet normal 0 0 1
    outer loop
      vertex 2.01466 40.2933 5
      vertex 0 48 5
      vertex 1.86154 39.6555 5
    endloop
  endfacet
  facet normal 0 0 1
    outer loop
      vertex 2.01503 40.2948 5
      vertex 0 48 5
      vertex 2.01466 40.2933 5
    endloop
  endfacet
  facet normal 0 0 1
    outer loop
      vertex 2.26664 40.9022 5
      vertex 0 48 5
      vertex 2.01503 40.2948 5
    endloop
  endfacet
  facet normal 0 0 1
    outer loop
      vertex 2.26746 40.9036 5
      vertex 0 48 5
      vertex 2.26664 40.9022 5
    endloop
  endfacet
  facet normal 0 0 1
    outer loop
      vertex 3.03618 41.9616 5
      vertex 0 48 5
      vertex 2.61018 41.4628 5
    endloop
  endfacet
  facet normal 0 0 1
    outer loop
      vertex 3.03719 41.9628 5
      vertex 0 48 5
      vertex 3.03618 41.9616 5
    endloop
  endfacet
  facet normal 0 0 1
    outer loop
      vertex 3.03838 41.9638 5
      vertex 0 48 5
      vertex 3.03719 41.9628 5
    endloop
  endfacet
  facet normal 0 0 1
    outer loop
      vertex 3.53715 42.3898 5
      vertex 0 48 5
      vertex 3.03838 41.9638 5
    endloop
  endfacet
  facet normal 0 0 1
    outer loop
      vertex 4.09643 42.7325 5
      vertex 0 48 5
      vertex 3.53715 42.3898 5
    endloop
  endfacet
  facet normal 0 0 1
    outer loop
      vertex 4.7052 42.985 5
      vertex 0 48 5
      vertex 4.09776 42.7334 5
    endloop
  endfacet
  facet normal 0 0 1
    outer loop
      vertex 4.70672 42.9853 5
      vertex 0 48 5
      vertex 4.7052 42.985 5
    endloop
  endfacet
  facet normal -0 0 1
    outer loop
      vertex 20.6254 44 5
      vertex 28 22 5
      vertex 28 44 5
    endloop
  endfacet
  facet normal 0 0 1
    outer loop
      vertex 28 22 5
      vertex 20.6254 44 5
      vertex 20.6254 22 5
    endloop
  endfacet
  facet normal 0 0 1
    outer loop
      vertex 20.6254 44 5
      vertex 10.1899 38.9984 5
      vertex 10.1385 38.3445 5
    endloop
  endfacet
  facet normal 0 0 1
    outer loop
      vertex 20.6254 44 5
      vertex 10.1385 38.3445 5
      vertex 9.98534 37.7067 5
    endloop
  endfacet
  facet normal 0 0 1
    outer loop
      vertex 9.73336 37.0978 5
      vertex 20.6254 44 5
      vertex 9.98497 37.7052 5
    endloop
  endfacet
  facet normal 0 0 1
    outer loop
      vertex 20.6254 44 5
      vertex 9.73336 37.0978 5
      vertex 20.6254 22 5
    endloop
  endfacet
  facet normal -0 0 1
    outer loop
      vertex 9.73254 37.0964 5
      vertex 20.6254 22 5
      vertex 9.73336 37.0978 5
    endloop
  endfacet
  facet normal -0 0 1
    outer loop
      vertex 9.38982 36.5372 5
      vertex 20.6254 22 5
      vertex 9.73254 37.0964 5
    endloop
  endfacet
  facet normal -0 0 1
    outer loop
      vertex 8.96383 36.0384 5
      vertex 20.6254 22 5
      vertex 9.38982 36.5372 5
    endloop
  endfacet
  facet normal -0 0 1
    outer loop
      vertex 8.96281 36.0372 5
      vertex 20.6254 22 5
      vertex 8.96383 36.0384 5
    endloop
  endfacet
  facet normal -0 0 1
    outer loop
      vertex 8.96162 36.0362 5
      vertex 20.6254 22 5
      vertex 8.96281 36.0372 5
    endloop
  endfacet
  facet normal -0 0 1
    outer loop
      vertex 8.46285 35.6102 5
      vertex 20.6254 22 5
      vertex 8.96162 36.0362 5
    endloop
  endfacet
  facet normal -0 0 1
    outer loop
      vertex 7.90357 35.2675 5
      vertex 20.6254 22 5
      vertex 8.46285 35.6102 5
    endloop
  endfacet
  facet normal -0 0 1
    outer loop
      vertex 7.90224 35.2666 5
      vertex 20.6254 22 5
      vertex 7.90357 35.2675 5
    endloop
  endfacet
  facet normal -0 0 1
    outer loop
      vertex 7.2948 35.015 5
      vertex 20.6254 22 5
      vertex 7.90224 35.2666 5
    endloop
  endfacet
  facet normal -0 0 1
    outer loop
      vertex 7.29328 35.0147 5
      vertex 20.6254 22 5
      vertex 7.2948 35.015 5
    endloop
  endfacet
  facet normal 0 0 1
    outer loop
      vertex 20.6254 22 5
      vertex 7.29328 35.0147 5
      vertex 0 18 5
    endloop
  endfacet
  facet normal 0 0 1
    outer loop
      vertex 0 18 5
      vertex 7.29328 35.0147 5
      vertex 6.65547 34.8615 5
    endloop
  endfacet
  facet normal 0 0 1
    outer loop
      vertex 0 18 5
      vertex 6.65547 34.8615 5
      vertex 6.00156 34.8101 5
    endloop
  endfacet
  facet normal 0 0 1
    outer loop
      vertex 0 18 5
      vertex 6.00156 34.8101 5
      vertex 6 34.81 5
    endloop
  endfacet
  facet normal 0 0 1
    outer loop
      vertex 0 18 5
      vertex 6 34.81 5
      vertex 5.99844 34.8101 5
    endloop
  endfacet
  facet normal 0 0 1
    outer loop
      vertex 0 18 5
      vertex 5.99844 34.8101 5
      vertex 5.34453 34.8615 5
    endloop
  endfacet
  facet normal 0 0 1
    outer loop
      vertex 0 18 5
      vertex 5.34453 34.8615 5
      vertex 4.70672 35.0147 5
    endloop
  endfacet
  facet normal 0 0 1
    outer loop
      vertex 0 18 5
      vertex 4.70672 35.0147 5
      vertex 4.7052 35.015 5
    endloop
  endfacet
  facet normal 0 0 1
    outer loop
      vertex 0 18 5
      vertex 4.7052 35.015 5
      vertex 4.09776 35.2666 5
    endloop
  endfacet
  facet normal 0 0 1
    outer loop
      vertex 0 18 5
      vertex 4.09776 35.2666 5
      vertex 4.09643 35.2675 5
    endloop
  endfacet
  facet normal 0 0 1
    outer loop
      vertex 0 18 5
      vertex 4.09643 35.2675 5
      vertex 3.53715 35.6102 5
    endloop
  endfacet
  facet normal 0 0 1
    outer loop
      vertex 0 18 5
      vertex 3.53715 35.6102 5
      vertex 3.03838 36.0362 5
    endloop
  endfacet
  facet normal 0 0 1
    outer loop
      vertex 0 18 5
      vertex 3.03838 36.0362 5
      vertex 3.03719 36.0372 5
    endloop
  endfacet
  facet normal 0 0 1
    outer loop
      vertex 0 18 5
      vertex 2.26746 37.0964 5
      vertex 2.26664 37.0978 5
    endloop
  endfacet
  facet normal 0 0 -1
    outer loop
      vertex 1.80995 39 5
      vertex 1.86154 38.3445 5
      vertex 1.81007 38.9984 5
    endloop
  endfacet
  facet normal 0 0 1
    outer loop
      vertex 0 48 5
      vertex 1.86154 38.3445 5
      vertex 1.80995 39 5
    endloop
  endfacet
  facet normal 0 0 1
    outer loop
      vertex 20.6254 22 5
      vertex 0 18 5
      vertex 20.6254 18 5
    endloop
  endfacet
  facet normal 0 0 1
    outer loop
      vertex 3.03618 36.0384 5
      vertex 0 18 5
      vertex 3.03719 36.0372 5
    endloop
  endfacet
  facet normal 0 0 1
    outer loop
      vertex 2.61018 36.5372 5
      vertex 0 18 5
      vertex 3.03618 36.0384 5
    endloop
  endfacet
  facet normal 0 0 1
    outer loop
      vertex 2.26746 37.0964 5
      vertex 0 18 5
      vertex 2.61018 36.5372 5
    endloop
  endfacet
  facet normal 0 0 1
    outer loop
      vertex 2.01503 37.7052 5
      vertex 0 18 5
      vertex 2.26664 37.0978 5
    endloop
  endfacet
  facet normal 0 0 1
    outer loop
      vertex 2.01466 37.7067 5
      vertex 0 18 5
      vertex 2.01503 37.7052 5
    endloop
  endfacet
  facet normal 0 0 1
    outer loop
      vertex 1.86154 38.3445 5
      vertex 0 18 5
      vertex 2.01466 37.7067 5
    endloop
  endfacet
  facet normal 0 0 1
    outer loop
      vertex 0 18 5
      vertex 1.86154 38.3445 5
      vertex 0 48 5
    endloop
  endfacet
  facet normal -1 0 0
    outer loop
      vertex 0 18 0
      vertex 0 48 5
      vertex 0 48 0
    endloop
  endfacet
  facet normal -1 -0 0
    outer loop
      vertex 0 48 5
      vertex 0 18 0
      vertex 0 18 5
    endloop
  endfacet
  facet normal -0 0 1
    outer loop
      vertex 28 57.99 20
      vertex 33 48 20
      vertex 33 57.99 20
    endloop
  endfacet
  facet normal 0 0 1
    outer loop
      vertex 33 48 20
      vertex 28 57.99 20
      vertex 28 48 20
    endloop
  endfacet
  facet normal 0 1 -0
    outer loop
      vertex 33 57.99 5
      vertex 28 57.99 20
      vertex 33 57.99 20
    endloop
  endfacet
  facet normal 0 1 0
    outer loop
      vertex 28 57.99 20
      vertex 33 57.99 5
      vertex 28 57.99 5
    endloop
  endfacet
  facet normal 1 -0 0
    outer loop
      vertex 73 48 5
      vertex 73 58 0
      vertex 73 58 5
    endloop
  endfacet
  facet normal 1 0 0
    outer loop
      vertex 73 58 0
      vertex 73 48 5
      vertex 73 48 0
    endloop
  endfacet
  facet normal 0 0 1
    outer loop
      vertex 73 58 5
      vertex 71.19 53 5
      vertex 73 48 5
    endloop
  endfacet
  facet normal 0 0 1
    outer loop
      vertex 73 58 5
      vertex 71.1899 53.0016 5
      vertex 71.19 53 5
    endloop
  endfacet
  facet normal 0 0 1
    outer loop
      vertex 73 58 5
      vertex 71.1385 53.6555 5
      vertex 71.1899 53.0016 5
    endloop
  endfacet
  facet normal 0 0 1
    outer loop
      vertex 73 58 5
      vertex 70.9853 54.2933 5
      vertex 71.1385 53.6555 5
    endloop
  endfacet
  facet normal 0 0 1
    outer loop
      vertex 73 58 5
      vertex 70.985 54.2948 5
      vertex 70.9853 54.2933 5
    endloop
  endfacet
  facet normal 0 0 1
    outer loop
      vertex 73 58 5
      vertex 70.7334 54.9022 5
      vertex 70.985 54.2948 5
    endloop
  endfacet
  facet normal 0 0 1
    outer loop
      vertex 73 58 5
      vertex 70.7325 54.9036 5
      vertex 70.7334 54.9022 5
    endloop
  endfacet
  facet normal 0 0 1
    outer loop
      vertex 73 58 5
      vertex 70.3898 55.4628 5
      vertex 70.7325 54.9036 5
    endloop
  endfacet
  facet normal 0 0 1
    outer loop
      vertex 73 58 5
      vertex 69.9638 55.9616 5
      vertex 70.3898 55.4628 5
    endloop
  endfacet
  facet normal 0 0 1
    outer loop
      vertex 73 58 5
      vertex 69.9628 55.9628 5
      vertex 69.9638 55.9616 5
    endloop
  endfacet
  facet normal 0 0 1
    outer loop
      vertex 73 58 5
      vertex 69.9616 55.9638 5
      vertex 69.9628 55.9628 5
    endloop
  endfacet
  facet normal 0 0 1
    outer loop
      vertex 73 58 5
      vertex 69.4628 56.3898 5
      vertex 69.9616 55.9638 5
    endloop
  endfacet
  facet normal 0 0 1
    outer loop
      vertex 73 58 5
      vertex 68.9036 56.7325 5
      vertex 69.4628 56.3898 5
    endloop
  endfacet
  facet normal 0 0 1
    outer loop
      vertex 73 58 5
      vertex 68.9022 56.7334 5
      vertex 68.9036 56.7325 5
    endloop
  endfacet
  facet normal 0 0 1
    outer loop
      vertex 73 58 5
      vertex 68.2948 56.985 5
      vertex 68.9022 56.7334 5
    endloop
  endfacet
  facet normal 0 0 1
    outer loop
      vertex 73 58 5
      vertex 68.2933 56.9853 5
      vertex 68.2948 56.985 5
    endloop
  endfacet
  facet normal 0 0 1
    outer loop
      vertex 73 58 5
      vertex 67.6555 57.1385 5
      vertex 68.2933 56.9853 5
    endloop
  endfacet
  facet normal 0 0 1
    outer loop
      vertex 73 58 5
      vertex 67.0016 57.1899 5
      vertex 67.6555 57.1385 5
    endloop
  endfacet
  facet normal 0 0 1
    outer loop
      vertex 73 58 5
      vertex 67 57.19 5
      vertex 67.0016 57.1899 5
    endloop
  endfacet
  facet normal 0 0 1
    outer loop
      vertex 73 58 5
      vertex 66.9984 57.1899 5
      vertex 67 57.19 5
    endloop
  endfacet
  facet normal 0 0 1
    outer loop
      vertex 73 58 5
      vertex 66.3445 57.1385 5
      vertex 66.9984 57.1899 5
    endloop
  endfacet
  facet normal 0 0 1
    outer loop
      vertex 57.2933 56.9853 5
      vertex 65.7067 56.9853 5
      vertex 66.3445 57.1385 5
    endloop
  endfacet
  facet normal 0 0 1
    outer loop
      vertex 57.9036 56.7325 5
      vertex 65.0964 56.7325 5
      vertex 65.0978 56.7334 5
    endloop
  endfacet
  facet normal 0 0 1
    outer loop
      vertex 58.9616 55.9638 5
      vertex 64.0384 55.9638 5
      vertex 64.5372 56.3898 5
    endloop
  endfacet
  facet normal 0 0 1
    outer loop
      vertex 58.9638 55.9616 5
      vertex 64.0362 55.9616 5
      vertex 64.0372 55.9628 5
    endloop
  endfacet
  facet normal 0 0 1
    outer loop
      vertex 59.7325 54.9036 5
      vertex 63.2675 54.9036 5
      vertex 63.6102 55.4628 5
    endloop
  endfacet
  facet normal 0 0 1
    outer loop
      vertex 59.9853 54.2933 5
      vertex 63.0147 54.2933 5
      vertex 63.015 54.2948 5
    endloop
  endfacet
  facet normal 0 0 1
    outer loop
      vertex 62.8101 53.0016 5
      vertex 60.19 53 5
      vertex 62.81 53 5
    endloop
  endfacet
  facet normal 0 0 1
    outer loop
      vertex 60.1899 53.0016 5
      vertex 62.8101 53.0016 5
      vertex 62.8615 53.6555 5
    endloop
  endfacet
  facet normal 0 0 1
    outer loop
      vertex 63.0147 54.2933 5
      vertex 60.1385 53.6555 5
      vertex 62.8615 53.6555 5
    endloop
  endfacet
  facet normal 0 0 1
    outer loop
      vertex 59.985 54.2948 5
      vertex 63.015 54.2948 5
      vertex 63.2666 54.9022 5
    endloop
  endfacet
  facet normal 0 0 1
    outer loop
      vertex 63.2675 54.9036 5
      vertex 59.7325 54.9036 5
      vertex 63.2666 54.9022 5
    endloop
  endfacet
  facet normal 0 0 1
    outer loop
      vertex 64.0362 55.9616 5
      vertex 59.3898 55.4628 5
      vertex 63.6102 55.4628 5
    endloop
  endfacet
  facet normal 0 0 1
    outer loop
      vertex 64.0384 55.9638 5
      vertex 58.9616 55.9638 5
      vertex 64.0372 55.9628 5
    endloop
  endfacet
  facet normal 0 0 1
    outer loop
      vertex 62.8101 53.0016 5
      vertex 60.1899 53.0016 5
      vertex 60.19 53 5
    endloop
  endfacet
  facet normal 0 0 1
    outer loop
      vertex 62.8615 53.6555 5
      vertex 60.1385 53.6555 5
      vertex 60.1899 53.0016 5
    endloop
  endfacet
  facet normal 0 0 1
    outer loop
      vertex 63.0147 54.2933 5
      vertex 59.9853 54.2933 5
      vertex 60.1385 53.6555 5
    endloop
  endfacet
  facet normal 0 0 1
    outer loop
      vertex 65.0964 56.7325 5
      vertex 58.4628 56.3898 5
      vertex 64.5372 56.3898 5
    endloop
  endfacet
  facet normal 0 0 1
    outer loop
      vertex 63.015 54.2948 5
      vertex 59.985 54.2948 5
      vertex 59.9853 54.2933 5
    endloop
  endfacet
  facet normal 0 0 1
    outer loop
      vertex 63.2666 54.9022 5
      vertex 59.7334 54.9022 5
      vertex 59.985 54.2948 5
    endloop
  endfacet
  facet normal 0 0 1
    outer loop
      vertex 57.9022 56.7334 5
      vertex 65.0978 56.7334 5
      vertex 65.7052 56.985 5
    endloop
  endfacet
  facet normal 0 0 1
    outer loop
      vertex 63.2666 54.9022 5
      vertex 59.7325 54.9036 5
      vertex 59.7334 54.9022 5
    endloop
  endfacet
  facet normal 0 0 1
    outer loop
      vertex 63.6102 55.4628 5
      vertex 59.3898 55.4628 5
      vertex 59.7325 54.9036 5
    endloop
  endfacet
  facet normal 0 0 1
    outer loop
      vertex 64.0362 55.9616 5
      vertex 58.9638 55.9616 5
      vertex 59.3898 55.4628 5
    endloop
  endfacet
  facet normal 0 0 1
    outer loop
      vertex 65.7067 56.9853 5
      vertex 57.2933 56.9853 5
      vertex 65.7052 56.985 5
    endloop
  endfacet
  facet normal 0 0 1
    outer loop
      vertex 64.0372 55.9628 5
      vertex 58.9628 55.9628 5
      vertex 58.9638 55.9616 5
    endloop
  endfacet
  facet normal 0 0 1
    outer loop
      vertex 64.0372 55.9628 5
      vertex 58.9616 55.9638 5
      vertex 58.9628 55.9628 5
    endloop
  endfacet
  facet normal 0 0 1
    outer loop
      vertex 64.5372 56.3898 5
      vertex 58.4628 56.3898 5
      vertex 58.9616 55.9638 5
    endloop
  endfacet
  facet normal 0 0 1
    outer loop
      vertex 56.6555 57.1385 5
      vertex 66.3445 57.1385 5
      vertex 73 58 5
    endloop
  endfacet
  facet normal 0 0 1
    outer loop
      vertex 65.0964 56.7325 5
      vertex 57.9036 56.7325 5
      vertex 58.4628 56.3898 5
    endloop
  endfacet
  facet normal 0 0 1
    outer loop
      vertex 65.0978 56.7334 5
      vertex 57.9022 56.7334 5
      vertex 57.9036 56.7325 5
    endloop
  endfacet
  facet normal 0 0 1
    outer loop
      vertex 65.7052 56.985 5
      vertex 57.2948 56.985 5
      vertex 57.9022 56.7334 5
    endloop
  endfacet
  facet normal 0 0 1
    outer loop
      vertex 65.7052 56.985 5
      vertex 57.2933 56.9853 5
      vertex 57.2948 56.985 5
    endloop
  endfacet
  facet normal 0 0 1
    outer loop
      vertex 66.3445 57.1385 5
      vertex 56.6555 57.1385 5
      vertex 57.2933 56.9853 5
    endloop
  endfacet
  facet normal 0 0 1
    outer loop
      vertex 73 58 5
      vertex 56.0016 57.1899 5
      vertex 56.6555 57.1385 5
    endloop
  endfacet
  facet normal 0 0 1
    outer loop
      vertex 73 58 5
      vertex 56 57.19 5
      vertex 56.0016 57.1899 5
    endloop
  endfacet
  facet normal 0 0 1
    outer loop
      vertex 55.3445 57.1385 5
      vertex 54.7052 56.985 5
      vertex 54.7067 56.9853 5
    endloop
  endfacet
  facet normal 0 0 1
    outer loop
      vertex 33 57.99 5
      vertex 54.0964 56.7325 5
      vertex 54.0978 56.7334 5
    endloop
  endfacet
  facet normal 0 0 1
    outer loop
      vertex 45.5163 52 5
      vertex 52.2675 54.9036 5
      vertex 52.6102 55.4628 5
    endloop
  endfacet
  facet normal 0 0 1
    outer loop
      vertex 45.5163 52 5
      vertex 52.0147 54.2933 5
      vertex 52.015 54.2948 5
    endloop
  endfacet
  facet normal 0 0 1
    outer loop
      vertex 51.8101 53.0016 5
      vertex 45.5163 52 5
      vertex 51.81 53 5
    endloop
  endfacet
  facet normal 0 0 1
    outer loop
      vertex 51.8615 53.6555 5
      vertex 45.5163 52 5
      vertex 51.8101 53.0016 5
    endloop
  endfacet
  facet normal 0 0 1
    outer loop
      vertex 52.0147 54.2933 5
      vertex 45.5163 52 5
      vertex 51.8615 53.6555 5
    endloop
  endfacet
  facet normal 0 0 1
    outer loop
      vertex 52.2666 54.9022 5
      vertex 45.5163 52 5
      vertex 52.015 54.2948 5
    endloop
  endfacet
  facet normal 0 0 1
    outer loop
      vertex 52.2675 54.9036 5
      vertex 45.5163 52 5
      vertex 52.2666 54.9022 5
    endloop
  endfacet
  facet normal 0 0 1
    outer loop
      vertex 53.0362 55.9616 5
      vertex 45.5163 52 5
      vertex 52.6102 55.4628 5
    endloop
  endfacet
  facet normal 0 0 1
    outer loop
      vertex 53.0372 55.9628 5
      vertex 45.5163 52 5
      vertex 53.0362 55.9616 5
    endloop
  endfacet
  facet normal 0 0 1
    outer loop
      vertex 33 57.99 5
      vertex 53.0372 55.9628 5
      vertex 53.0384 55.9638 5
    endloop
  endfacet
  facet normal 0 0 1
    outer loop
      vertex 33 57.99 5
      vertex 53.0384 55.9638 5
      vertex 53.5372 56.3898 5
    endloop
  endfacet
  facet normal 0 0 1
    outer loop
      vertex 54.0964 56.7325 5
      vertex 33 57.99 5
      vertex 53.5372 56.3898 5
    endloop
  endfacet
  facet normal 0 0 1
    outer loop
      vertex 53.0372 55.9628 5
      vertex 33 57.99 5
      vertex 45.5163 52 5
    endloop
  endfacet
  facet normal 0 0 1
    outer loop
      vertex 54.7052 56.985 5
      vertex 33 57.99 5
      vertex 54.0978 56.7334 5
    endloop
  endfacet
  facet normal 0 0 1
    outer loop
      vertex 55.3445 57.1385 5
      vertex 33 57.99 5
      vertex 54.7052 56.985 5
    endloop
  endfacet
  facet normal 0 0 1
    outer loop
      vertex 55.9984 57.1899 5
      vertex 33 57.99 5
      vertex 55.3445 57.1385 5
    endloop
  endfacet
  facet normal 0 0 1
    outer loop
      vertex 56 57.19 5
      vertex 33 57.99 5
      vertex 55.9984 57.1899 5
    endloop
  endfacet
  facet normal 0 0 1
    outer loop
      vertex 73 58 5
      vertex 33 57.99 5
      vertex 56 57.19 5
    endloop
  endfacet
  facet normal -0 0 1
    outer loop
      vertex 28 58 5
      vertex 33 57.99 5
      vertex 73 58 5
    endloop
  endfacet
  facet normal 0 0 1
    outer loop
      vertex 33 57.99 5
      vertex 28 58 5
      vertex 28 57.99 5
    endloop
  endfacet
  facet normal -0 0 1
    outer loop
      vertex 71.1899 52.9984 5
      vertex 73 48 5
      vertex 71.19 53 5
    endloop
  endfacet
  facet normal -0 0 1
    outer loop
      vertex 71.1385 52.3445 5
      vertex 73 48 5
      vertex 71.1899 52.9984 5
    endloop
  endfacet
  facet normal -0 0 1
    outer loop
      vertex 70.9853 51.7067 5
      vertex 73 48 5
      vertex 71.1385 52.3445 5
    endloop
  endfacet
  facet normal -0 0 1
    outer loop
      vertex 70.985 51.7052 5
      vertex 73 48 5
      vertex 70.9853 51.7067 5
    endloop
  endfacet
  facet normal -0 0 1
    outer loop
      vertex 70.7334 51.0978 5
      vertex 73 48 5
      vertex 70.985 51.7052 5
    endloop
  endfacet
  facet normal -0 0 1
    outer loop
      vertex 70.7325 51.0964 5
      vertex 73 48 5
      vertex 70.7334 51.0978 5
    endloop
  endfacet
  facet normal -0 0 1
    outer loop
      vertex 70.3898 50.5372 5
      vertex 73 48 5
      vertex 70.7325 51.0964 5
    endloop
  endfacet
  facet normal -0 0 1
    outer loop
      vertex 69.9638 50.0384 5
      vertex 73 48 5
      vertex 70.3898 50.5372 5
    endloop
  endfacet
  facet normal -0 0 1
    outer loop
      vertex 69.9628 50.0372 5
      vertex 73 48 5
      vertex 69.9638 50.0384 5
    endloop
  endfacet
  facet normal -0 0 1
    outer loop
      vertex 69.9616 50.0362 5
      vertex 73 48 5
      vertex 69.9628 50.0372 5
    endloop
  endfacet
  facet normal -0 0 1
    outer loop
      vertex 69.4628 49.6102 5
      vertex 73 48 5
      vertex 69.9616 50.0362 5
    endloop
  endfacet
  facet normal -0 0 1
    outer loop
      vertex 68.9036 49.2675 5
      vertex 73 48 5
      vertex 69.4628 49.6102 5
    endloop
  endfacet
  facet normal -0 0 1
    outer loop
      vertex 68.9022 49.2666 5
      vertex 73 48 5
      vertex 68.9036 49.2675 5
    endloop
  endfacet
  facet normal -0 0 1
    outer loop
      vertex 68.2948 49.015 5
      vertex 73 48 5
      vertex 68.9022 49.2666 5
    endloop
  endfacet
  facet normal -0 0 1
    outer loop
      vertex 68.2933 49.0147 5
      vertex 73 48 5
      vertex 68.2948 49.015 5
    endloop
  endfacet
  facet normal -0 0 1
    outer loop
      vertex 67.6555 48.8615 5
      vertex 73 48 5
      vertex 68.2933 49.0147 5
    endloop
  endfacet
  facet normal -0 0 1
    outer loop
      vertex 67.0016 48.8101 5
      vertex 73 48 5
      vertex 67.6555 48.8615 5
    endloop
  endfacet
  facet normal -0 0 1
    outer loop
      vertex 67 48.81 5
      vertex 73 48 5
      vertex 67.0016 48.8101 5
    endloop
  endfacet
  facet normal 0 0 1
    outer loop
      vertex 66.9984 48.8101 5
      vertex 73 48 5
      vertex 67 48.81 5
    endloop
  endfacet
  facet normal 0 0 1
    outer loop
      vertex 66.3445 48.8615 5
      vertex 73 48 5
      vertex 66.9984 48.8101 5
    endloop
  endfacet
  facet normal 0 0 1
    outer loop
      vertex 57.2933 49.0147 5
      vertex 65.7067 49.0147 5
      vertex 65.7052 49.015 5
    endloop
  endfacet
  facet normal -0 0 1
    outer loop
      vertex 58.4628 49.6102 5
      vertex 65.0964 49.2675 5
      vertex 64.5372 49.6102 5
    endloop
  endfacet
  facet normal 0 0 1
    outer loop
      vertex 58.9616 50.0362 5
      vertex 64.0384 50.0362 5
      vertex 64.0372 50.0372 5
    endloop
  endfacet
  facet normal -0 0 1
    outer loop
      vertex 59.3898 50.5372 5
      vertex 64.0362 50.0384 5
      vertex 63.6102 50.5372 5
    endloop
  endfacet
  facet normal 0 0 1
    outer loop
      vertex 59.7325 51.0964 5
      vertex 63.2675 51.0964 5
      vertex 63.2666 51.0978 5
    endloop
  endfacet
  facet normal -0 0 1
    outer loop
      vertex 60.1385 52.3445 5
      vertex 63.0147 51.7067 5
      vertex 62.8615 52.3445 5
    endloop
  endfacet
  facet normal -0 0 1
    outer loop
      vertex 60.19 53 5
      vertex 62.8101 52.9984 5
      vertex 62.81 53 5
    endloop
  endfacet
  facet normal 0 0 1
    outer loop
      vertex 60.1899 52.9984 5
      vertex 62.8101 52.9984 5
      vertex 60.19 53 5
    endloop
  endfacet
  facet normal 0 0 1
    outer loop
      vertex 62.8101 52.9984 5
      vertex 60.1899 52.9984 5
      vertex 62.8615 52.3445 5
    endloop
  endfacet
  facet normal 0 0 1
    outer loop
      vertex 60.1385 52.3445 5
      vertex 62.8615 52.3445 5
      vertex 60.1899 52.9984 5
    endloop
  endfacet
  facet normal 0 0 1
    outer loop
      vertex 59.9853 51.7067 5
      vertex 63.0147 51.7067 5
      vertex 60.1385 52.3445 5
    endloop
  endfacet
  facet normal 0 0 1
    outer loop
      vertex 63.0147 51.7067 5
      vertex 59.9853 51.7067 5
      vertex 63.015 51.7052 5
    endloop
  endfacet
  facet normal 0 0 1
    outer loop
      vertex 59.985 51.7052 5
      vertex 63.015 51.7052 5
      vertex 59.9853 51.7067 5
    endloop
  endfacet
  facet normal 0 0 1
    outer loop
      vertex 63.015 51.7052 5
      vertex 59.985 51.7052 5
      vertex 63.2666 51.0978 5
    endloop
  endfacet
  facet normal 0 0 1
    outer loop
      vertex 59.7334 51.0978 5
      vertex 63.2666 51.0978 5
      vertex 59.985 51.7052 5
    endloop
  endfacet
  facet normal 0 0 1
    outer loop
      vertex 59.7325 51.0964 5
      vertex 63.2666 51.0978 5
      vertex 59.7334 51.0978 5
    endloop
  endfacet
  facet normal 0 0 1
    outer loop
      vertex 63.2675 51.0964 5
      vertex 59.7325 51.0964 5
      vertex 63.6102 50.5372 5
    endloop
  endfacet
  facet normal 0 0 1
    outer loop
      vertex 59.3898 50.5372 5
      vertex 63.6102 50.5372 5
      vertex 59.7325 51.0964 5
    endloop
  endfacet
  facet normal 0 0 1
    outer loop
      vertex 58.9638 50.0384 5
      vertex 64.0362 50.0384 5
      vertex 59.3898 50.5372 5
    endloop
  endfacet
  facet normal 0 0 1
    outer loop
      vertex 64.0362 50.0384 5
      vertex 58.9638 50.0384 5
      vertex 64.0372 50.0372 5
    endloop
  endfacet
  facet normal 0 0 1
    outer loop
      vertex 58.9628 50.0372 5
      vertex 64.0372 50.0372 5
      vertex 58.9638 50.0384 5
    endloop
  endfacet
  facet normal 0 0 1
    outer loop
      vertex 58.9616 50.0362 5
      vertex 64.0372 50.0372 5
      vertex 58.9628 50.0372 5
    endloop
  endfacet
  facet normal 0 0 1
    outer loop
      vertex 64.0384 50.0362 5
      vertex 58.9616 50.0362 5
      vertex 64.5372 49.6102 5
    endloop
  endfacet
  facet normal 0 0 1
    outer loop
      vertex 58.4628 49.6102 5
      vertex 64.5372 49.6102 5
      vertex 58.9616 50.0362 5
    endloop
  endfacet
  facet normal 0 0 1
    outer loop
      vertex 57.9036 49.2675 5
      vertex 65.0964 49.2675 5
      vertex 58.4628 49.6102 5
    endloop
  endfacet
  facet normal 0 0 1
    outer loop
      vertex 65.0964 49.2675 5
      vertex 57.9036 49.2675 5
      vertex 65.0978 49.2666 5
    endloop
  endfacet
  facet normal 0 0 1
    outer loop
      vertex 57.9022 49.2666 5
      vertex 65.0978 49.2666 5
      vertex 57.9036 49.2675 5
    endloop
  endfacet
  facet normal 0 0 1
    outer loop
      vertex 65.0978 49.2666 5
      vertex 57.9022 49.2666 5
      vertex 65.7052 49.015 5
    endloop
  endfacet
  facet normal 0 0 1
    outer loop
      vertex 57.2948 49.015 5
      vertex 65.7052 49.015 5
      vertex 57.9022 49.2666 5
    endloop
  endfacet
  facet normal 0 0 1
    outer loop
      vertex 57.2933 49.0147 5
      vertex 65.7052 49.015 5
      vertex 57.2948 49.015 5
    endloop
  endfacet
  facet normal 0 0 1
    outer loop
      vertex 65.7067 49.0147 5
      vertex 57.2933 49.0147 5
      vertex 66.3445 48.8615 5
    endloop
  endfacet
  facet normal 0 0 1
    outer loop
      vertex 56.6555 48.8615 5
      vertex 66.3445 48.8615 5
      vertex 57.2933 49.0147 5
    endloop
  endfacet
  facet normal 0 0 1
    outer loop
      vertex 66.3445 48.8615 5
      vertex 56.6555 48.8615 5
      vertex 73 48 5
    endloop
  endfacet
  facet normal -0 0 1
    outer loop
      vertex 56.0016 48.8101 5
      vertex 73 48 5
      vertex 56.6555 48.8615 5
    endloop
  endfacet
  facet normal -0 0 1
    outer loop
      vertex 56 48.81 5
      vertex 73 48 5
      vertex 56.0016 48.8101 5
    endloop
  endfacet
  facet normal 0 0 1
    outer loop
      vertex 45.5163 48 5
      vertex 54.7067 49.0147 5
      vertex 54.7052 49.015 5
    endloop
  endfacet
  facet normal 0 0 1
    outer loop
      vertex 45.5163 48 5
      vertex 54.0964 49.2675 5
      vertex 53.5372 49.6102 5
    endloop
  endfacet
  facet normal 0 0 1
    outer loop
      vertex 45.5163 48 5
      vertex 52.2675 51.0964 5
      vertex 52.2666 51.0978 5
    endloop
  endfacet
  facet normal -0 0 1
    outer loop
      vertex 45.5163 52 5
      vertex 52.0147 51.7067 5
      vertex 51.8615 52.3445 5
    endloop
  endfacet
  facet normal 0 0 1
    outer loop
      vertex 45.5163 52 5
      vertex 51.8101 52.9984 5
      vertex 51.81 53 5
    endloop
  endfacet
  facet normal 0 0 1
    outer loop
      vertex 45.5163 52 5
      vertex 51.8615 52.3445 5
      vertex 51.8101 52.9984 5
    endloop
  endfacet
  facet normal 0 0 1
    outer loop
      vertex 52.0147 51.7067 5
      vertex 45.5163 52 5
      vertex 52.015 51.7052 5
    endloop
  endfacet
  facet normal 0 0 1
    outer loop
      vertex 45.5163 52 5
      vertex 52.2666 51.0978 5
      vertex 52.015 51.7052 5
    endloop
  endfacet
  facet normal 0 0 1
    outer loop
      vertex 45.5163 48 5
      vertex 52.2666 51.0978 5
      vertex 45.5163 52 5
    endloop
  endfacet
  facet normal 0 0 1
    outer loop
      vertex 52.2675 51.0964 5
      vertex 45.5163 48 5
      vertex 52.6102 50.5372 5
    endloop
  endfacet
  facet normal 0 0 1
    outer loop
      vertex 52.6102 50.5372 5
      vertex 45.5163 48 5
      vertex 53.0362 50.0384 5
    endloop
  endfacet
  facet normal 0 0 1
    outer loop
      vertex 53.0362 50.0384 5
      vertex 45.5163 48 5
      vertex 53.0372 50.0372 5
    endloop
  endfacet
  facet normal 0 0 1
    outer loop
      vertex 53.0372 50.0372 5
      vertex 45.5163 48 5
      vertex 53.0384 50.0362 5
    endloop
  endfacet
  facet normal 0 0 1
    outer loop
      vertex 53.0384 50.0362 5
      vertex 45.5163 48 5
      vertex 53.5372 49.6102 5
    endloop
  endfacet
  facet normal 0 0 1
    outer loop
      vertex 54.0964 49.2675 5
      vertex 45.5163 48 5
      vertex 54.0978 49.2666 5
    endloop
  endfacet
  facet normal 0 0 1
    outer loop
      vertex 56 48.81 5
      vertex 45.5163 48 5
      vertex 73 48 5
    endloop
  endfacet
  facet normal 0 0 1
    outer loop
      vertex 55.9984 48.8101 5
      vertex 45.5163 48 5
      vertex 56 48.81 5
    endloop
  endfacet
  facet normal 0 0 1
    outer loop
      vertex 55.3445 48.8615 5
      vertex 45.5163 48 5
      vertex 55.9984 48.8101 5
    endloop
  endfacet
  facet normal 0 0 1
    outer loop
      vertex 54.7067 49.0147 5
      vertex 45.5163 48 5
      vertex 55.3445 48.8615 5
    endloop
  endfacet
  facet normal 0 0 1
    outer loop
      vertex 54.0978 49.2666 5
      vertex 45.5163 48 5
      vertex 54.7052 49.015 5
    endloop
  endfacet
  facet normal 0 0 1
    outer loop
      vertex 45.5163 52 5
      vertex 33 57.99 5
      vertex 33 52 5
    endloop
  endfacet
  facet normal 0 1 -0
    outer loop
      vertex 73 58 0
      vertex 28 58 5
      vertex 73 58 5
    endloop
  endfacet
  facet normal 0 1 0
    outer loop
      vertex 28 58 5
      vertex 73 58 0
      vertex 28 58 0
    endloop
  endfacet
  facet normal 0 -1 0
    outer loop
      vertex 33 48 0
      vertex 45.5163 48 5
      vertex 33 48 18.9888
    endloop
  endfacet
  facet normal 0 -1 0
    outer loop
      vertex 73 48 0
      vertex 45.5163 48 5
      vertex 33 48 0
    endloop
  endfacet
  facet normal 0 -1 0
    outer loop
      vertex 45.5163 48 5
      vertex 73 48 0
      vertex 73 48 5
    endloop
  endfacet
  facet normal 0 1 0
    outer loop
      vertex 45.5163 52 5
      vertex 33 52 5
      vertex 33 52 18.9888
    endloop
  endfacet
  facet normal 0.745241 -0 0.666795
    outer loop
      vertex 33 48 18.9888
      vertex 45.5163 52 5
      vertex 33 52 18.9888
    endloop
  endfacet
  facet normal 0.745241 0 0.666795
    outer loop
      vertex 45.5163 52 5
      vertex 33 48 18.9888
      vertex 45.5163 48 5
    endloop
  endfacet
  facet normal 0 -0.233431 0.972373
    outer loop
      vertex 29.69 9.02533 7.1332
      vertex 33 8.76594 7.07093
      vertex 33 9.02533 7.1332
    endloop
  endfacet
  facet normal 0 -0.233431 0.972373
    outer loop
      vertex 33 8.76594 7.07093
      vertex 29.69 9.02533 7.1332
      vertex 29.69 8.76594 7.07093
    endloop
  endfacet
  facet normal 0 -0.0784593 0.996917
    outer loop
      vertex 29.69 8.76594 7.07093
      vertex 33 8.5 7.05
      vertex 33 8.76594 7.07093
    endloop
  endfacet
  facet normal 0 -0.0784593 0.996917
    outer loop
      vertex 33 8.5 7.05
      vertex 29.69 8.76594 7.07093
      vertex 29.69 8.5 7.05
    endloop
  endfacet
  facet normal 0 -0.382706 0.92387
    outer loop
      vertex 29.69 9.27178 7.23529
      vertex 33 9.02533 7.1332
      vertex 33 9.27178 7.23529
    endloop
  endfacet
  facet normal 0 -0.382706 0.92387
    outer loop
      vertex 33 9.02533 7.1332
      vertex 29.69 9.27178 7.23529
      vertex 29.69 9.02533 7.1332
    endloop
  endfacet
  facet normal 0 0.852643 0.522494
    outer loop
      vertex 33 7.12467 7.75077
      vertex 29.69 6.98529 7.97822
      vertex 33 6.98529 7.97822
    endloop
  endfacet
  facet normal 0 0.852643 0.522494
    outer loop
      vertex 29.69 6.98529 7.97822
      vertex 33 7.12467 7.75077
      vertex 29.69 7.12467 7.75077
    endloop
  endfacet
  facet normal 0 -0.382738 -0.923857
    outer loop
      vertex 29.69 9.02533 10.3668
      vertex 33 9.27178 10.2647
      vertex 33 9.02533 10.3668
    endloop
  endfacet
  facet normal -0 -0.382738 -0.923857
    outer loop
      vertex 33 9.27178 10.2647
      vertex 29.69 9.02533 10.3668
      vertex 29.69 9.27178 10.2647
    endloop
  endfacet
  facet normal 0 0.852643 -0.522494
    outer loop
      vertex 33 6.98529 9.52178
      vertex 29.69 7.12467 9.74923
      vertex 33 7.12467 9.74923
    endloop
  endfacet
  facet normal 0 0.852643 -0.522494
    outer loop
      vertex 29.69 7.12467 9.74923
      vertex 33 6.98529 9.52178
      vertex 29.69 6.98529 9.52178
    endloop
  endfacet
  facet normal 0 0.92387 0.382706
    outer loop
      vertex 33 6.98529 7.97822
      vertex 29.69 6.8832 8.22467
      vertex 33 6.8832 8.22467
    endloop
  endfacet
  facet normal 0 0.92387 0.382706
    outer loop
      vertex 29.69 6.8832 8.22467
      vertex 33 6.98529 7.97822
      vertex 29.69 6.98529 7.97822
    endloop
  endfacet
  facet normal 0 -0.923857 -0.382738
    outer loop
      vertex 29.69 10.1168 9.27533
      vertex 33 10.0147 9.52178
      vertex 29.69 10.0147 9.52178
    endloop
  endfacet
  facet normal 0 -0.923857 -0.382738
    outer loop
      vertex 33 10.0147 9.52178
      vertex 29.69 10.1168 9.27533
      vertex 33 10.1168 9.27533
    endloop
  endfacet
  facet normal 0 -0.852659 -0.522467
    outer loop
      vertex 29.69 10.0147 9.52178
      vertex 33 9.87533 9.74923
      vertex 29.69 9.87533 9.74923
    endloop
  endfacet
  facet normal 0 -0.852659 -0.522467
    outer loop
      vertex 33 9.87533 9.74923
      vertex 29.69 10.0147 9.52178
      vertex 33 10.0147 9.52178
    endloop
  endfacet
  facet normal 0 -0.972348 -0.233537
    outer loop
      vertex 29.69 10.1791 9.01594
      vertex 33 10.1168 9.27533
      vertex 29.69 10.1168 9.27533
    endloop
  endfacet
  facet normal 0 -0.972348 -0.233537
    outer loop
      vertex 33 10.1168 9.27533
      vertex 29.69 10.1791 9.01594
      vertex 33 10.1791 9.01594
    endloop
  endfacet
  facet normal 0 0.760406 0.649447
    outer loop
      vertex 33 7.29792 7.54792
      vertex 29.69 7.12467 7.75077
      vertex 33 7.12467 7.75077
    endloop
  endfacet
  facet normal 0 0.760406 0.649447
    outer loop
      vertex 29.69 7.12467 7.75077
      vertex 33 7.29792 7.54792
      vertex 29.69 7.29792 7.54792
    endloop
  endfacet
  facet normal 0 -0.996926 -0.0783476
    outer loop
      vertex 29.69 10.2 8.75
      vertex 33 10.1791 9.01594
      vertex 29.69 10.1791 9.01594
    endloop
  endfacet
  facet normal 0 -0.996926 -0.0783476
    outer loop
      vertex 33 10.1791 9.01594
      vertex 29.69 10.2 8.75
      vertex 33 10.2 8.75
    endloop
  endfacet
  facet normal 0 0.382738 -0.923857
    outer loop
      vertex 29.69 7.72822 10.2647
      vertex 33 7.97467 10.3668
      vertex 33 7.72822 10.2647
    endloop
  endfacet
  facet normal 0 0.382738 -0.923857
    outer loop
      vertex 33 7.97467 10.3668
      vertex 29.69 7.72822 10.2647
      vertex 29.69 7.97467 10.3668
    endloop
  endfacet
  facet normal 0 -0.649382 -0.760462
    outer loop
      vertex 29.69 9.49923 10.1253
      vertex 33 9.70208 9.95208
      vertex 33 9.49923 10.1253
    endloop
  endfacet
  facet normal -0 -0.649382 -0.760462
    outer loop
      vertex 33 9.70208 9.95208
      vertex 29.69 9.49923 10.1253
      vertex 29.69 9.70208 9.95208
    endloop
  endfacet
  facet normal 0 0.972373 -0.233431
    outer loop
      vertex 33 6.82093 9.01594
      vertex 29.69 6.8832 9.27533
      vertex 33 6.8832 9.27533
    endloop
  endfacet
  facet normal 0 0.972373 -0.233431
    outer loop
      vertex 29.69 6.8832 9.27533
      vertex 33 6.82093 9.01594
      vertex 29.69 6.82093 9.01594
    endloop
  endfacet
  facet normal -0 0.382706 0.92387
    outer loop
      vertex 29.69 7.97467 7.1332
      vertex 33 7.72822 7.23529
      vertex 33 7.97467 7.1332
    endloop
  endfacet
  facet normal 0 0.382706 0.92387
    outer loop
      vertex 33 7.72822 7.23529
      vertex 29.69 7.97467 7.1332
      vertex 29.69 7.72822 7.23529
    endloop
  endfacet
  facet normal 0 0.649382 -0.760462
    outer loop
      vertex 29.69 7.29792 9.95208
      vertex 33 7.50077 10.1253
      vertex 33 7.29792 9.95208
    endloop
  endfacet
  facet normal 0 0.649382 -0.760462
    outer loop
      vertex 33 7.50077 10.1253
      vertex 29.69 7.29792 9.95208
      vertex 29.69 7.50077 10.1253
    endloop
  endfacet
  facet normal 0 -0.760406 -0.649447
    outer loop
      vertex 29.69 9.87533 9.74923
      vertex 33 9.70208 9.95208
      vertex 29.69 9.70208 9.95208
    endloop
  endfacet
  facet normal 0 -0.760406 -0.649447
    outer loop
      vertex 33 9.70208 9.95208
      vertex 29.69 9.87533 9.74923
      vertex 33 9.87533 9.74923
    endloop
  endfacet
  facet normal 0 0.996917 0.0784593
    outer loop
      vertex 33 6.82093 8.48406
      vertex 29.69 6.8 8.75
      vertex 33 6.8 8.75
    endloop
  endfacet
  facet normal 0 0.996917 0.0784593
    outer loop
      vertex 29.69 6.8 8.75
      vertex 33 6.82093 8.48406
      vertex 29.69 6.82093 8.48406
    endloop
  endfacet
  facet normal -0 0.522494 0.852643
    outer loop
      vertex 29.69 7.72822 7.23529
      vertex 33 7.50077 7.37467
      vertex 33 7.72822 7.23529
    endloop
  endfacet
  facet normal 0 0.522494 0.852643
    outer loop
      vertex 33 7.50077 7.37467
      vertex 29.69 7.72822 7.23529
      vertex 29.69 7.50077 7.37467
    endloop
  endfacet
  facet normal 0 -0.522494 0.852643
    outer loop
      vertex 29.69 9.49923 7.37467
      vertex 33 9.27178 7.23529
      vertex 33 9.49923 7.37467
    endloop
  endfacet
  facet normal 0 -0.522494 0.852643
    outer loop
      vertex 33 9.27178 7.23529
      vertex 29.69 9.49923 7.37467
      vertex 29.69 9.27178 7.23529
    endloop
  endfacet
  facet normal -0 0.0784593 0.996917
    outer loop
      vertex 29.69 8.5 7.05
      vertex 33 8.23406 7.07093
      vertex 33 8.5 7.05
    endloop
  endfacet
  facet normal 0 0.0784593 0.996917
    outer loop
      vertex 33 8.23406 7.07093
      vertex 29.69 8.5 7.05
      vertex 29.69 8.23406 7.07093
    endloop
  endfacet
  facet normal -0 0.233431 0.972373
    outer loop
      vertex 29.69 8.23406 7.07093
      vertex 33 7.97467 7.1332
      vertex 33 8.23406 7.07093
    endloop
  endfacet
  facet normal 0 0.233431 0.972373
    outer loop
      vertex 33 7.97467 7.1332
      vertex 29.69 8.23406 7.07093
      vertex 29.69 7.97467 7.1332
    endloop
  endfacet
  facet normal 0 0.233537 -0.972348
    outer loop
      vertex 29.69 7.97467 10.3668
      vertex 33 8.23406 10.4291
      vertex 33 7.97467 10.3668
    endloop
  endfacet
  facet normal 0 0.233537 -0.972348
    outer loop
      vertex 33 8.23406 10.4291
      vertex 29.69 7.97467 10.3668
      vertex 29.69 8.23406 10.4291
    endloop
  endfacet
  facet normal 0 -0.852659 0.522467
    outer loop
      vertex 29.69 9.87533 7.75077
      vertex 33 10.0147 7.97822
      vertex 29.69 10.0147 7.97822
    endloop
  endfacet
  facet normal 0 -0.852659 0.522467
    outer loop
      vertex 33 10.0147 7.97822
      vertex 29.69 9.87533 7.75077
      vertex 33 9.87533 7.75077
    endloop
  endfacet
  facet normal 0 -0.649447 0.760406
    outer loop
      vertex 29.69 9.70208 7.54792
      vertex 33 9.49923 7.37467
      vertex 33 9.70208 7.54792
    endloop
  endfacet
  facet normal 0 -0.649447 0.760406
    outer loop
      vertex 33 9.49923 7.37467
      vertex 29.69 9.70208 7.54792
      vertex 29.69 9.49923 7.37467
    endloop
  endfacet
  facet normal 0 -0.0783476 -0.996926
    outer loop
      vertex 29.69 8.5 10.45
      vertex 33 8.76594 10.4291
      vertex 33 8.5 10.45
    endloop
  endfacet
  facet normal -0 -0.0783476 -0.996926
    outer loop
      vertex 33 8.76594 10.4291
      vertex 29.69 8.5 10.45
      vertex 29.69 8.76594 10.4291
    endloop
  endfacet
  facet normal 0 -0.760406 0.649447
    outer loop
      vertex 29.69 9.70208 7.54792
      vertex 33 9.87533 7.75077
      vertex 29.69 9.87533 7.75077
    endloop
  endfacet
  facet normal 0 -0.760406 0.649447
    outer loop
      vertex 33 9.87533 7.75077
      vertex 29.69 9.70208 7.54792
      vertex 33 9.70208 7.54792
    endloop
  endfacet
  facet normal 0 0.972373 0.233431
    outer loop
      vertex 33 6.8832 8.22467
      vertex 29.69 6.82093 8.48406
      vertex 33 6.82093 8.48406
    endloop
  endfacet
  facet normal 0 0.972373 0.233431
    outer loop
      vertex 29.69 6.82093 8.48406
      vertex 33 6.8832 8.22467
      vertex 29.69 6.8832 8.22467
    endloop
  endfacet
  facet normal 0 0.522549 -0.852609
    outer loop
      vertex 29.69 7.50077 10.1253
      vertex 33 7.72822 10.2647
      vertex 33 7.50077 10.1253
    endloop
  endfacet
  facet normal 0 0.522549 -0.852609
    outer loop
      vertex 33 7.72822 10.2647
      vertex 29.69 7.50077 10.1253
      vertex 29.69 7.72822 10.2647
    endloop
  endfacet
  facet normal 0 -0.996926 0.0783476
    outer loop
      vertex 29.69 10.1791 8.48406
      vertex 33 10.2 8.75
      vertex 29.69 10.2 8.75
    endloop
  endfacet
  facet normal 0 -0.996926 0.0783476
    outer loop
      vertex 33 10.2 8.75
      vertex 29.69 10.1791 8.48406
      vertex 33 10.1791 8.48406
    endloop
  endfacet
  facet normal 0 0.760406 -0.649447
    outer loop
      vertex 33 7.12467 9.74923
      vertex 29.69 7.29792 9.95208
      vertex 33 7.29792 9.95208
    endloop
  endfacet
  facet normal 0 0.760406 -0.649447
    outer loop
      vertex 29.69 7.29792 9.95208
      vertex 33 7.12467 9.74923
      vertex 29.69 7.12467 9.74923
    endloop
  endfacet
  facet normal -0 0.649447 0.760406
    outer loop
      vertex 29.69 7.50077 7.37467
      vertex 33 7.29792 7.54792
      vertex 33 7.50077 7.37467
    endloop
  endfacet
  facet normal 0 0.649447 0.760406
    outer loop
      vertex 33 7.29792 7.54792
      vertex 29.69 7.50077 7.37467
      vertex 29.69 7.29792 7.54792
    endloop
  endfacet
  facet normal 0 -0.522549 -0.852609
    outer loop
      vertex 29.69 9.27178 10.2647
      vertex 33 9.49923 10.1253
      vertex 33 9.27178 10.2647
    endloop
  endfacet
  facet normal -0 -0.522549 -0.852609
    outer loop
      vertex 33 9.49923 10.1253
      vertex 29.69 9.27178 10.2647
      vertex 29.69 9.49923 10.1253
    endloop
  endfacet
  facet normal 0 0.0783476 -0.996926
    outer loop
      vertex 29.69 8.23406 10.4291
      vertex 33 8.5 10.45
      vertex 33 8.23406 10.4291
    endloop
  endfacet
  facet normal 0 0.0783476 -0.996926
    outer loop
      vertex 33 8.5 10.45
      vertex 29.69 8.23406 10.4291
      vertex 29.69 8.5 10.45
    endloop
  endfacet
  facet normal 0 0.92387 -0.382706
    outer loop
      vertex 33 6.8832 9.27533
      vertex 29.69 6.98529 9.52178
      vertex 33 6.98529 9.52178
    endloop
  endfacet
  facet normal 0 0.92387 -0.382706
    outer loop
      vertex 29.69 6.98529 9.52178
      vertex 33 6.8832 9.27533
      vertex 29.69 6.8832 9.27533
    endloop
  endfacet
  facet normal 0 -0.923857 0.382738
    outer loop
      vertex 29.69 10.0147 7.97822
      vertex 33 10.1168 8.22467
      vertex 29.69 10.1168 8.22467
    endloop
  endfacet
  facet normal 0 -0.923857 0.382738
    outer loop
      vertex 33 10.1168 8.22467
      vertex 29.69 10.0147 7.97822
      vertex 33 10.0147 7.97822
    endloop
  endfacet
  facet normal 0 -0.972348 0.233537
    outer loop
      vertex 29.69 10.1168 8.22467
      vertex 33 10.1791 8.48406
      vertex 29.69 10.1791 8.48406
    endloop
  endfacet
  facet normal 0 -0.972348 0.233537
    outer loop
      vertex 33 10.1791 8.48406
      vertex 29.69 10.1168 8.22467
      vertex 33 10.1168 8.22467
    endloop
  endfacet
  facet normal 0 -0.233537 -0.972348
    outer loop
      vertex 29.69 8.76594 10.4291
      vertex 33 9.02533 10.3668
      vertex 33 8.76594 10.4291
    endloop
  endfacet
  facet normal -0 -0.233537 -0.972348
    outer loop
      vertex 33 9.02533 10.3668
      vertex 29.69 8.76594 10.4291
      vertex 29.69 9.02533 10.3668
    endloop
  endfacet
  facet normal 0 0.996917 -0.0784593
    outer loop
      vertex 33 6.8 8.75
      vertex 29.69 6.82093 9.01594
      vertex 33 6.82093 9.01594
    endloop
  endfacet
  facet normal 0 0.996917 -0.0784593
    outer loop
      vertex 29.69 6.82093 9.01594
      vertex 33 6.8 8.75
      vertex 29.69 6.8 8.75
    endloop
  endfacet
  facet normal -0.706015 -0.0555598 0.706015
    outer loop
      vertex 29.69 8.5 7.05
      vertex 28 9.02875 5.40161
      vertex 28 8.5 5.36
    endloop
  endfacet
  facet normal -0.706015 0.370031 0.603838
    outer loop
      vertex 29.69 7.72822 7.23529
      vertex 28 6.96097 5.72949
      vertex 28 6.50875 6.00661
    endloop
  endfacet
  facet normal -0.706016 -0.603849 0.370011
    outer loop
      vertex 29.69 10.0147 7.97822
      vertex 28 11.5205 7.21097
      vertex 28 11.2434 6.75875
    endloop
  endfacet
  facet normal -0.706013 0.271032 0.654284
    outer loop
      vertex 28 7.45243 5.52592
      vertex 29.69 7.72822 7.23529
      vertex 29.69 7.97467 7.1332
    endloop
  endfacet
  facet normal -0.706015 0.271016 0.654289
    outer loop
      vertex 29.69 7.72822 7.23529
      vertex 28 7.45243 5.52592
      vertex 28 6.96097 5.72949
    endloop
  endfacet
  facet normal -0.706017 -0.688633 0.165305
    outer loop
      vertex 29.69 10.1168 8.22467
      vertex 28 11.8479 8.21816
      vertex 28 11.7241 7.70243
    endloop
  endfacet
  facet normal -0.706014 -0.165331 0.68863
    outer loop
      vertex 29.69 9.02533 7.1332
      vertex 28 9.54757 5.52592
      vertex 28 9.03184 5.4021
    endloop
  endfacet
  facet normal -0.706016 -0.654273 0.27105
    outer loop
      vertex 28 11.5205 7.21097
      vertex 29.69 10.1168 8.22467
      vertex 28 11.7241 7.70243
    endloop
  endfacet
  facet normal -0.706016 -0.654271 0.271053
    outer loop
      vertex 29.69 10.1168 8.22467
      vertex 28 11.5205 7.21097
      vertex 29.69 10.0147 7.97822
    endloop
  endfacet
  facet normal -0.706015 -0.369964 -0.603879
    outer loop
      vertex 28 10.4913 11.4934
      vertex 29.69 9.27178 10.2647
      vertex 28 10.039 11.7705
    endloop
  endfacet
  facet normal -0.706014 -0.369984 0.603868
    outer loop
      vertex 29.69 9.27178 7.23529
      vertex 28 10.4913 6.00661
      vertex 28 10.039 5.72949
    endloop
  endfacet
  facet normal -0.705573 -0.0453324 -0.707186
    outer loop
      vertex 29.69 8.76594 10.4291
      vertex 28 9.02875 12.0984
      vertex 28 9.03031 12.0983
    endloop
  endfacet
  facet normal -0.706008 -0.0554861 -0.706027
    outer loop
      vertex 28 9.02875 12.0984
      vertex 29.69 8.76594 10.4291
      vertex 29.69 8.5 10.45
    endloop
  endfacet
  facet normal -0.705573 -0.707186 0.0453324
    outer loop
      vertex 29.69 10.1791 8.48406
      vertex 28 11.8484 8.22125
      vertex 28 11.8483 8.21969
    endloop
  endfacet
  facet normal -0.706008 -0.706027 0.0554861
    outer loop
      vertex 28 11.8484 8.22125
      vertex 29.69 10.1791 8.48406
      vertex 29.69 10.2 8.75
    endloop
  endfacet
  facet normal -0.706015 0.603838 0.370031
    outer loop
      vertex 29.69 6.98529 7.97822
      vertex 28 5.75661 6.75875
      vertex 28 5.47949 7.21097
    endloop
  endfacet
  facet normal -0.706015 0.688631 0.165315
    outer loop
      vertex 28 5.1521 8.21816
      vertex 29.69 6.82093 8.48406
      vertex 29.69 6.8832 8.22467
    endloop
  endfacet
  facet normal -0.706136 0.689254 0.162177
    outer loop
      vertex 29.69 6.82093 8.48406
      vertex 28 5.1521 8.21816
      vertex 28 5.15174 8.21969
    endloop
  endfacet
  facet normal -0.706015 0.0555465 -0.706015
    outer loop
      vertex 28 8.5 12.14
      vertex 29.69 8.5 10.45
      vertex 28 7.97125 12.0984
    endloop
  endfacet
  facet normal -0.706138 0.705628 0.0588024
    outer loop
      vertex 28 5.15161 8.22125
      vertex 29.69 6.82093 8.48406
      vertex 28 5.15174 8.21969
    endloop
  endfacet
  facet normal -0.706015 0.706014 0.0555647
    outer loop
      vertex 29.69 6.82093 8.48406
      vertex 28 5.15161 8.22125
      vertex 29.69 6.8 8.75
    endloop
  endfacet
  facet normal -0.706015 -0.706015 0.0555465
    outer loop
      vertex 29.69 10.2 8.75
      vertex 28 11.89 8.75
      vertex 28 11.8484 8.22125
    endloop
  endfacet
  facet normal -0.706015 -0.654268 -0.271064
    outer loop
      vertex 29.69 10.1168 9.27533
      vertex 28 11.5205 10.289
      vertex 28 11.7241 9.79757
    endloop
  endfacet
  facet normal -0.706014 -0.654274 -0.271054
    outer loop
      vertex 28 11.5205 10.289
      vertex 29.69 10.1168 9.27533
      vertex 29.69 10.0147 9.52178
    endloop
  endfacet
  facet normal -0.706008 0.0554861 -0.706027
    outer loop
      vertex 29.69 8.23406 10.4291
      vertex 28 7.97125 12.0984
      vertex 29.69 8.5 10.45
    endloop
  endfacet
  facet normal -0.705573 0.0453324 -0.707186
    outer loop
      vertex 28 7.97125 12.0984
      vertex 29.69 8.23406 10.4291
      vertex 28 7.96969 12.0983
    endloop
  endfacet
  facet normal -0.706015 0.706015 0.0555598
    outer loop
      vertex 29.69 6.8 8.75
      vertex 28 5.15161 8.22125
      vertex 28 5.11 8.75
    endloop
  endfacet
  facet normal -0.706016 0.370011 -0.603849
    outer loop
      vertex 28 6.96097 11.7705
      vertex 29.69 7.72822 10.2647
      vertex 28 6.50875 11.4934
    endloop
  endfacet
  facet normal -0.706027 0.459883 -0.538548
    outer loop
      vertex 29.69 7.29792 9.95208
      vertex 28 6.50741 11.4926
      vertex 29.69 7.50077 10.1253
    endloop
  endfacet
  facet normal -0.706017 0.459955 -0.5385
    outer loop
      vertex 28 6.50741 11.4926
      vertex 29.69 7.29792 9.95208
      vertex 28 6.10291 11.1471
    endloop
  endfacet
  facet normal -0.706015 0.0555598 0.706015
    outer loop
      vertex 29.69 8.5 7.05
      vertex 28 8.5 5.36
      vertex 28 7.97125 5.40161
    endloop
  endfacet
  facet normal -0.706016 -0.45994 0.538514
    outer loop
      vertex 28 10.4926 6.00743
      vertex 29.69 9.70208 7.54792
      vertex 28 10.8971 6.35291
    endloop
  endfacet
  facet normal -0.706016 -0.459936 0.538516
    outer loop
      vertex 29.69 9.70208 7.54792
      vertex 28 10.4926 6.00743
      vertex 29.69 9.49923 7.37467
    endloop
  endfacet
  facet normal -0.706015 0.706015 -0.0555598
    outer loop
      vertex 28 5.15161 9.27875
      vertex 29.69 6.8 8.75
      vertex 28 5.11 8.75
    endloop
  endfacet
  facet normal -0.706078 -0.371131 -0.603088
    outer loop
      vertex 29.69 9.49923 10.1253
      vertex 28 10.4913 11.4934
      vertex 28 10.4926 11.4926
    endloop
  endfacet
  facet normal -0.706029 -0.37006 -0.603803
    outer loop
      vertex 28 10.4913 11.4934
      vertex 29.69 9.49923 10.1253
      vertex 29.69 9.27178 10.2647
    endloop
  endfacet
  facet normal -0.706018 -0.459954 -0.538499
    outer loop
      vertex 29.69 9.70208 9.95208
      vertex 28 10.4926 11.4926
      vertex 28 10.8971 11.1471
    endloop
  endfacet
  facet normal -0.706028 -0.459882 -0.538547
    outer loop
      vertex 28 10.4926 11.4926
      vertex 29.69 9.70208 9.95208
      vertex 29.69 9.49923 10.1253
    endloop
  endfacet
  facet normal -0.706015 0.688631 -0.165315
    outer loop
      vertex 29.69 6.82093 9.01594
      vertex 28 5.1521 9.28184
      vertex 29.69 6.8832 9.27533
    endloop
  endfacet
  facet normal -0.706136 0.689254 -0.162177
    outer loop
      vertex 28 5.1521 9.28184
      vertex 29.69 6.82093 9.01594
      vertex 28 5.15174 9.28031
    endloop
  endfacet
  facet normal -0.706015 0.459937 0.538517
    outer loop
      vertex 28 6.50741 6.00743
      vertex 29.69 7.29792 7.54792
      vertex 29.69 7.50077 7.37467
    endloop
  endfacet
  facet normal -0.706014 0.459941 0.538515
    outer loop
      vertex 29.69 7.29792 7.54792
      vertex 28 6.50741 6.00743
      vertex 28 6.10291 6.35291
    endloop
  endfacet
  facet normal -0.705383 -0.685777 0.179288
    outer loop
      vertex 28 11.8479 8.21816
      vertex 29.69 10.1791 8.48406
      vertex 28 11.8483 8.21969
    endloop
  endfacet
  facet normal -0.706006 -0.688622 0.165393
    outer loop
      vertex 29.69 10.1791 8.48406
      vertex 28 11.8479 8.21816
      vertex 29.69 10.1168 8.22467
    endloop
  endfacet
  facet normal -0.706013 -0.271031 0.654284
    outer loop
      vertex 28 9.54757 5.52592
      vertex 29.69 9.27178 7.23529
      vertex 28 10.039 5.72949
    endloop
  endfacet
  facet normal -0.706013 -0.271032 0.654284
    outer loop
      vertex 29.69 9.27178 7.23529
      vertex 28 9.54757 5.52592
      vertex 29.69 9.02533 7.1332
    endloop
  endfacet
  facet normal -0.705674 -0.608365 0.363203
    outer loop
      vertex 29.69 9.87533 7.75077
      vertex 28 11.2434 6.75875
      vertex 28 11.2426 6.75741
    endloop
  endfacet
  facet normal -0.706015 -0.60385 0.370009
    outer loop
      vertex 28 11.2434 6.75875
      vertex 29.69 9.87533 7.75077
      vertex 29.69 10.0147 7.97822
    endloop
  endfacet
  facet normal -0.706014 0.603868 -0.369984
    outer loop
      vertex 28 5.75661 10.7413
      vertex 29.69 6.98529 9.52178
      vertex 28 5.47949 10.289
    endloop
  endfacet
  facet normal -0.706017 -0.688633 -0.165305
    outer loop
      vertex 28 11.8479 9.28184
      vertex 29.69 10.1168 9.27533
      vertex 28 11.7241 9.79757
    endloop
  endfacet
  facet normal -0.706015 0.654282 0.271031
    outer loop
      vertex 28 5.47949 7.21097
      vertex 29.69 6.8832 8.22467
      vertex 29.69 6.98529 7.97822
    endloop
  endfacet
  facet normal -0.706013 0.65429 0.271017
    outer loop
      vertex 29.69 6.8832 8.22467
      vertex 28 5.47949 7.21097
      vertex 28 5.27592 7.70243
    endloop
  endfacet
  facet normal -0.706015 0.370029 0.603839
    outer loop
      vertex 28 6.50875 6.00661
      vertex 29.69 7.50077 7.37467
      vertex 29.69 7.72822 7.23529
    endloop
  endfacet
  facet normal -0.705997 0.369663 0.604084
    outer loop
      vertex 29.69 7.50077 7.37467
      vertex 28 6.50875 6.00661
      vertex 28 6.50741 6.00743
    endloop
  endfacet
  facet normal -0.706015 -0.603879 -0.369964
    outer loop
      vertex 28 11.5205 10.289
      vertex 29.69 10.0147 9.52178
      vertex 28 11.2434 10.7413
    endloop
  endfacet
  facet normal -0.706016 0.271054 -0.654272
    outer loop
      vertex 29.69 7.72822 10.2647
      vertex 28 7.45243 11.9741
      vertex 29.69 7.97467 10.3668
    endloop
  endfacet
  facet normal -0.706016 0.27105 -0.654273
    outer loop
      vertex 28 7.45243 11.9741
      vertex 29.69 7.72822 10.2647
      vertex 28 6.96097 11.7705
    endloop
  endfacet
  facet normal -0.706015 -0.0555465 -0.706015
    outer loop
      vertex 28 9.02875 12.0984
      vertex 29.69 8.5 10.45
      vertex 28 8.5 12.14
    endloop
  endfacet
  facet normal -0.706017 0.165305 -0.688633
    outer loop
      vertex 28 7.96816 12.0979
      vertex 29.69 7.97467 10.3668
      vertex 28 7.45243 11.9741
    endloop
  endfacet
  facet normal -0.706015 -0.706015 -0.0555465
    outer loop
      vertex 28 11.89 8.75
      vertex 29.69 10.2 8.75
      vertex 28 11.8484 9.27875
    endloop
  endfacet
  facet normal -0.706014 0.538518 0.459937
    outer loop
      vertex 28 6.10291 6.35291
      vertex 29.69 7.12467 7.75077
      vertex 29.69 7.29792 7.54792
    endloop
  endfacet
  facet normal -0.706015 0.538514 0.459941
    outer loop
      vertex 29.69 7.12467 7.75077
      vertex 28 6.10291 6.35291
      vertex 28 5.75743 6.75741
    endloop
  endfacet
  facet normal -0.706008 -0.706027 -0.0554861
    outer loop
      vertex 29.69 10.1791 9.01594
      vertex 28 11.8484 9.27875
      vertex 29.69 10.2 8.75
    endloop
  endfacet
  facet normal -0.705573 -0.707186 -0.0453324
    outer loop
      vertex 28 11.8484 9.27875
      vertex 29.69 10.1791 9.01594
      vertex 28 11.8483 9.28031
    endloop
  endfacet
  facet normal -0.706016 0.538517 -0.459936
    outer loop
      vertex 29.69 7.12467 9.74923
      vertex 28 6.10291 11.1471
      vertex 29.69 7.29792 9.95208
    endloop
  endfacet
  facet normal -0.706016 0.538513 -0.45994
    outer loop
      vertex 28 6.10291 11.1471
      vertex 29.69 7.12467 9.74923
      vertex 28 5.75743 10.7426
    endloop
  endfacet
  facet normal -0.70602 -0.538497 -0.459952
    outer loop
      vertex 29.69 9.87533 9.74923
      vertex 28 10.8971 11.1471
      vertex 28 11.2426 10.7426
    endloop
  endfacet
  facet normal -0.706017 -0.538516 -0.459935
    outer loop
      vertex 28 10.8971 11.1471
      vertex 29.69 9.87533 9.74923
      vertex 29.69 9.70208 9.95208
    endloop
  endfacet
  facet normal -0.706021 -0.603846 -0.370006
    outer loop
      vertex 29.69 9.87533 9.74923
      vertex 28 11.2434 10.7413
      vertex 29.69 10.0147 9.52178
    endloop
  endfacet
  facet normal -0.706073 -0.603092 -0.371134
    outer loop
      vertex 28 11.2434 10.7413
      vertex 29.69 9.87533 9.74923
      vertex 28 11.2426 10.7426
    endloop
  endfacet
  facet normal -0.705997 0.604084 0.369663
    outer loop
      vertex 28 5.75661 6.75875
      vertex 29.69 7.12467 7.75077
      vertex 28 5.75743 6.75741
    endloop
  endfacet
  facet normal -0.706015 0.603839 0.370029
    outer loop
      vertex 29.69 7.12467 7.75077
      vertex 28 5.75661 6.75875
      vertex 29.69 6.98529 7.97822
    endloop
  endfacet
  facet normal -0.706014 -0.271064 -0.654269
    outer loop
      vertex 29.69 9.27178 10.2647
      vertex 28 9.54757 11.9741
      vertex 28 10.039 11.7705
    endloop
  endfacet
  facet normal -0.706016 -0.271054 -0.654272
    outer loop
      vertex 28 9.54757 11.9741
      vertex 29.69 9.27178 10.2647
      vertex 29.69 9.02533 10.3668
    endloop
  endfacet
  facet normal -0.706017 -0.165305 -0.688633
    outer loop
      vertex 28 9.54757 11.9741
      vertex 29.69 9.02533 10.3668
      vertex 28 9.03184 12.0979
    endloop
  endfacet
  facet normal -0.706014 0.68863 -0.165331
    outer loop
      vertex 28 5.27592 9.79757
      vertex 29.69 6.8832 9.27533
      vertex 28 5.1521 9.28184
    endloop
  endfacet
  facet normal -0.706136 -0.162177 0.689254
    outer loop
      vertex 29.69 8.76594 7.07093
      vertex 28 9.03184 5.4021
      vertex 28 9.03031 5.40174
    endloop
  endfacet
  facet normal -0.706015 -0.165315 0.688631
    outer loop
      vertex 28 9.03184 5.4021
      vertex 29.69 8.76594 7.07093
      vertex 29.69 9.02533 7.1332
    endloop
  endfacet
  facet normal -0.706015 0.0555647 0.706014
    outer loop
      vertex 28 7.97125 5.40161
      vertex 29.69 8.23406 7.07093
      vertex 29.69 8.5 7.05
    endloop
  endfacet
  facet normal -0.706138 0.0588024 0.705628
    outer loop
      vertex 29.69 8.23406 7.07093
      vertex 28 7.97125 5.40161
      vertex 28 7.96969 5.40174
    endloop
  endfacet
  facet normal -0.706019 -0.538498 0.459953
    outer loop
      vertex 28 10.8971 6.35291
      vertex 29.69 9.87533 7.75077
      vertex 28 11.2426 6.75741
    endloop
  endfacet
  facet normal -0.706016 -0.538517 0.459936
    outer loop
      vertex 29.69 9.87533 7.75077
      vertex 28 10.8971 6.35291
      vertex 29.69 9.70208 7.54792
    endloop
  endfacet
  facet normal -0.706006 -0.165393 -0.688622
    outer loop
      vertex 29.69 8.76594 10.4291
      vertex 28 9.03184 12.0979
      vertex 29.69 9.02533 10.3668
    endloop
  endfacet
  facet normal -0.705383 -0.179288 -0.685777
    outer loop
      vertex 28 9.03184 12.0979
      vertex 29.69 8.76594 10.4291
      vertex 28 9.03031 12.0983
    endloop
  endfacet
  facet normal -0.706006 0.165393 -0.688622
    outer loop
      vertex 28 7.96816 12.0979
      vertex 29.69 8.23406 10.4291
      vertex 29.69 7.97467 10.3668
    endloop
  endfacet
  facet normal -0.705383 0.179288 -0.685777
    outer loop
      vertex 29.69 8.23406 10.4291
      vertex 28 7.96816 12.0979
      vertex 28 7.96969 12.0983
    endloop
  endfacet
  facet normal -0.706015 0.706014 -0.0555647
    outer loop
      vertex 28 5.15161 9.27875
      vertex 29.69 6.82093 9.01594
      vertex 29.69 6.8 8.75
    endloop
  endfacet
  facet normal -0.706138 0.705628 -0.0588024
    outer loop
      vertex 29.69 6.82093 9.01594
      vertex 28 5.15161 9.27875
      vertex 28 5.15174 9.28031
    endloop
  endfacet
  facet normal -0.70602 0.603835 -0.370026
    outer loop
      vertex 28 5.75661 10.7413
      vertex 29.69 7.12467 9.74923
      vertex 29.69 6.98529 9.52178
    endloop
  endfacet
  facet normal -0.706347 0.598711 -0.377649
    outer loop
      vertex 29.69 7.12467 9.74923
      vertex 28 5.75661 10.7413
      vertex 28 5.75743 10.7426
    endloop
  endfacet
  facet normal -0.706013 0.654284 -0.271032
    outer loop
      vertex 29.69 6.8832 9.27533
      vertex 28 5.47949 10.289
      vertex 29.69 6.98529 9.52178
    endloop
  endfacet
  facet normal -0.706013 0.654285 -0.271031
    outer loop
      vertex 28 5.47949 10.289
      vertex 29.69 6.8832 9.27533
      vertex 28 5.27592 9.79757
    endloop
  endfacet
  facet normal -0.706024 0.370063 -0.603808
    outer loop
      vertex 29.69 7.50077 10.1253
      vertex 28 6.50875 11.4934
      vertex 29.69 7.72822 10.2647
    endloop
  endfacet
  facet normal -0.70568 0.3632 -0.60836
    outer loop
      vertex 28 6.50875 11.4934
      vertex 29.69 7.50077 10.1253
      vertex 28 6.50741 11.4926
    endloop
  endfacet
  facet normal -0.706014 0.68863 0.165331
    outer loop
      vertex 29.69 6.8832 8.22467
      vertex 28 5.27592 7.70243
      vertex 28 5.1521 8.21816
    endloop
  endfacet
  facet normal -0.706014 0.165331 0.68863
    outer loop
      vertex 29.69 7.97467 7.1332
      vertex 28 7.96816 5.4021
      vertex 28 7.45243 5.52592
    endloop
  endfacet
  facet normal -0.706347 -0.377649 0.598711
    outer loop
      vertex 28 10.4913 6.00661
      vertex 29.69 9.49923 7.37467
      vertex 28 10.4926 6.00743
    endloop
  endfacet
  facet normal -0.70602 -0.370026 0.603835
    outer loop
      vertex 29.69 9.49923 7.37467
      vertex 28 10.4913 6.00661
      vertex 29.69 9.27178 7.23529
    endloop
  endfacet
  facet normal -0.706138 -0.0588024 0.705628
    outer loop
      vertex 28 9.02875 5.40161
      vertex 29.69 8.76594 7.07093
      vertex 28 9.03031 5.40174
    endloop
  endfacet
  facet normal -0.706015 -0.0555647 0.706014
    outer loop
      vertex 29.69 8.76594 7.07093
      vertex 28 9.02875 5.40161
      vertex 29.69 8.5 7.05
    endloop
  endfacet
  facet normal -0.705383 -0.685777 -0.179288
    outer loop
      vertex 29.69 10.1791 9.01594
      vertex 28 11.8479 9.28184
      vertex 28 11.8483 9.28031
    endloop
  endfacet
  facet normal -0.706006 -0.688622 -0.165393
    outer loop
      vertex 28 11.8479 9.28184
      vertex 29.69 10.1791 9.01594
      vertex 29.69 10.1168 9.27533
    endloop
  endfacet
  facet normal -0.706136 0.162177 0.689254
    outer loop
      vertex 28 7.96816 5.4021
      vertex 29.69 8.23406 7.07093
      vertex 28 7.96969 5.40174
    endloop
  endfacet
  facet normal -0.706015 0.165315 0.688631
    outer loop
      vertex 29.69 8.23406 7.07093
      vertex 28 7.96816 5.4021
      vertex 29.69 7.97467 7.1332
    endloop
  endfacet
  facet normal 0 -0.233537 0.972348
    outer loop
      vertex 29.69 9.02533 38.1332
      vertex 33 8.76594 38.0709
      vertex 33 9.02533 38.1332
    endloop
  endfacet
  facet normal 0 -0.233537 0.972348
    outer loop
      vertex 33 8.76594 38.0709
      vertex 29.69 9.02533 38.1332
      vertex 29.69 8.76594 38.0709
    endloop
  endfacet
  facet normal 0 -0.0783476 0.996926
    outer loop
      vertex 29.69 8.76594 38.0709
      vertex 33 8.5 38.05
      vertex 33 8.76594 38.0709
    endloop
  endfacet
  facet normal 0 -0.0783476 0.996926
    outer loop
      vertex 33 8.5 38.05
      vertex 29.69 8.76594 38.0709
      vertex 29.69 8.5 38.05
    endloop
  endfacet
  facet normal 0 -0.382738 0.923857
    outer loop
      vertex 29.69 9.27178 38.2353
      vertex 33 9.02533 38.1332
      vertex 33 9.27178 38.2353
    endloop
  endfacet
  facet normal 0 -0.382738 0.923857
    outer loop
      vertex 33 9.02533 38.1332
      vertex 29.69 9.27178 38.2353
      vertex 29.69 9.02533 38.1332
    endloop
  endfacet
  facet normal 0 0.852592 0.522578
    outer loop
      vertex 33 7.12467 38.7508
      vertex 29.69 6.98529 38.9782
      vertex 33 6.98529 38.9782
    endloop
  endfacet
  facet normal 0 0.852592 0.522578
    outer loop
      vertex 29.69 6.98529 38.9782
      vertex 33 7.12467 38.7508
      vertex 29.69 7.12467 38.7508
    endloop
  endfacet
  facet normal 0 -0.382738 -0.923857
    outer loop
      vertex 29.69 9.02533 41.3668
      vertex 33 9.27178 41.2647
      vertex 33 9.02533 41.3668
    endloop
  endfacet
  facet normal -0 -0.382738 -0.923857
    outer loop
      vertex 33 9.27178 41.2647
      vertex 29.69 9.02533 41.3668
      vertex 29.69 9.27178 41.2647
    endloop
  endfacet
  facet normal 0 0.852592 -0.522578
    outer loop
      vertex 33 6.98529 40.5218
      vertex 29.69 7.12467 40.7492
      vertex 33 7.12467 40.7492
    endloop
  endfacet
  facet normal 0 0.852592 -0.522578
    outer loop
      vertex 29.69 7.12467 40.7492
      vertex 33 6.98529 40.5218
      vertex 29.69 6.98529 40.5218
    endloop
  endfacet
  facet normal 0 0.923898 0.38264
    outer loop
      vertex 33 6.98529 38.9782
      vertex 29.69 6.8832 39.2247
      vertex 33 6.8832 39.2247
    endloop
  endfacet
  facet normal 0 0.923898 0.38264
    outer loop
      vertex 29.69 6.8832 39.2247
      vertex 33 6.98529 38.9782
      vertex 29.69 6.98529 38.9782
    endloop
  endfacet
  facet normal 0 -0.923884 -0.382672
    outer loop
      vertex 29.69 10.1168 40.2753
      vertex 33 10.0147 40.5218
      vertex 29.69 10.0147 40.5218
    endloop
  endfacet
  facet normal 0 -0.923884 -0.382672
    outer loop
      vertex 33 10.0147 40.5218
      vertex 29.69 10.1168 40.2753
      vertex 33 10.1168 40.2753
    endloop
  endfacet
  facet normal 0 -0.852608 -0.522551
    outer loop
      vertex 29.69 10.0147 40.5218
      vertex 33 9.87533 40.7492
      vertex 29.69 9.87533 40.7492
    endloop
  endfacet
  facet normal 0 -0.852608 -0.522551
    outer loop
      vertex 33 9.87533 40.7492
      vertex 29.69 10.0147 40.5218
      vertex 33 10.0147 40.5218
    endloop
  endfacet
  facet normal 0 -0.97235 -0.233529
    outer loop
      vertex 29.69 10.1791 40.0159
      vertex 33 10.1168 40.2753
      vertex 29.69 10.1168 40.2753
    endloop
  endfacet
  facet normal 0 -0.97235 -0.233529
    outer loop
      vertex 33 10.1168 40.2753
      vertex 29.69 10.1791 40.0159
      vertex 33 10.1791 40.0159
    endloop
  endfacet
  facet normal 0 0.760485 0.649355
    outer loop
      vertex 33 7.29792 38.5479
      vertex 29.69 7.12467 38.7508
      vertex 33 7.12467 38.7508
    endloop
  endfacet
  facet normal 0 0.760485 0.649355
    outer loop
      vertex 29.69 7.12467 38.7508
      vertex 33 7.29792 38.5479
      vertex 29.69 7.29792 38.5479
    endloop
  endfacet
  facet normal 0 -0.996925 -0.0783593
    outer loop
      vertex 29.69 10.2 39.75
      vertex 33 10.1791 40.0159
      vertex 29.69 10.1791 40.0159
    endloop
  endfacet
  facet normal 0 -0.996925 -0.0783593
    outer loop
      vertex 33 10.1791 40.0159
      vertex 29.69 10.2 39.75
      vertex 33 10.2 39.75
    endloop
  endfacet
  facet normal 0 0.382738 -0.923857
    outer loop
      vertex 29.69 7.72822 41.2647
      vertex 33 7.97467 41.3668
      vertex 33 7.72822 41.2647
    endloop
  endfacet
  facet normal 0 0.382738 -0.923857
    outer loop
      vertex 33 7.97467 41.3668
      vertex 29.69 7.72822 41.2647
      vertex 29.69 7.97467 41.3668
    endloop
  endfacet
  facet normal 0 -0.649339 -0.760499
    outer loop
      vertex 29.69 9.49923 41.1253
      vertex 33 9.70208 40.9521
      vertex 33 9.49923 41.1253
    endloop
  endfacet
  facet normal -0 -0.649339 -0.760499
    outer loop
      vertex 33 9.70208 40.9521
      vertex 29.69 9.49923 41.1253
      vertex 29.69 9.70208 40.9521
    endloop
  endfacet
  facet normal 0 0.972375 -0.233423
    outer loop
      vertex 33 6.82093 40.0159
      vertex 29.69 6.8832 40.2753
      vertex 33 6.8832 40.2753
    endloop
  endfacet
  facet normal 0 0.972375 -0.233423
    outer loop
      vertex 29.69 6.8832 40.2753
      vertex 33 6.82093 40.0159
      vertex 29.69 6.82093 40.0159
    endloop
  endfacet
  facet normal -0 0.382738 0.923857
    outer loop
      vertex 29.69 7.97467 38.1332
      vertex 33 7.72822 38.2353
      vertex 33 7.97467 38.1332
    endloop
  endfacet
  facet normal 0 0.382738 0.923857
    outer loop
      vertex 33 7.72822 38.2353
      vertex 29.69 7.97467 38.1332
      vertex 29.69 7.72822 38.2353
    endloop
  endfacet
  facet normal 0 0.649339 -0.760499
    outer loop
      vertex 29.69 7.29792 40.9521
      vertex 33 7.50077 41.1253
      vertex 33 7.29792 40.9521
    endloop
  endfacet
  facet normal 0 0.649339 -0.760499
    outer loop
      vertex 33 7.50077 41.1253
      vertex 29.69 7.29792 40.9521
      vertex 29.69 7.50077 41.1253
    endloop
  endfacet
  facet normal 0 -0.760485 -0.649355
    outer loop
      vertex 29.69 9.87533 40.7492
      vertex 33 9.70208 40.9521
      vertex 29.69 9.70208 40.9521
    endloop
  endfacet
  facet normal 0 -0.760485 -0.649355
    outer loop
      vertex 33 9.70208 40.9521
      vertex 29.69 9.87533 40.7492
      vertex 33 9.87533 40.7492
    endloop
  endfacet
  facet normal 0 0.996916 0.0784711
    outer loop
      vertex 33 6.82093 39.4841
      vertex 29.69 6.8 39.75
      vertex 33 6.8 39.75
    endloop
  endfacet
  facet normal 0 0.996916 0.0784711
    outer loop
      vertex 29.69 6.8 39.75
      vertex 33 6.82093 39.4841
      vertex 29.69 6.82093 39.4841
    endloop
  endfacet
  facet normal -0 0.522549 0.852609
    outer loop
      vertex 29.69 7.72822 38.2353
      vertex 33 7.50077 38.3747
      vertex 33 7.72822 38.2353
    endloop
  endfacet
  facet normal 0 0.522549 0.852609
    outer loop
      vertex 33 7.50077 38.3747
      vertex 29.69 7.72822 38.2353
      vertex 29.69 7.50077 38.3747
    endloop
  endfacet
  facet normal 0 -0.522549 0.852609
    outer loop
      vertex 29.69 9.49923 38.3747
      vertex 33 9.27178 38.2353
      vertex 33 9.49923 38.3747
    endloop
  endfacet
  facet normal 0 -0.522549 0.852609
    outer loop
      vertex 33 9.27178 38.2353
      vertex 29.69 9.49923 38.3747
      vertex 29.69 9.27178 38.2353
    endloop
  endfacet
  facet normal -0 0.0783476 0.996926
    outer loop
      vertex 29.69 8.5 38.05
      vertex 33 8.23406 38.0709
      vertex 33 8.5 38.05
    endloop
  endfacet
  facet normal 0 0.0783476 0.996926
    outer loop
      vertex 33 8.23406 38.0709
      vertex 29.69 8.5 38.05
      vertex 29.69 8.23406 38.0709
    endloop
  endfacet
  facet normal -0 0.233537 0.972348
    outer loop
      vertex 29.69 8.23406 38.0709
      vertex 33 7.97467 38.1332
      vertex 33 8.23406 38.0709
    endloop
  endfacet
  facet normal 0 0.233537 0.972348
    outer loop
      vertex 33 7.97467 38.1332
      vertex 29.69 8.23406 38.0709
      vertex 29.69 7.97467 38.1332
    endloop
  endfacet
  facet normal 0 0.233537 -0.972348
    outer loop
      vertex 29.69 7.97467 41.3668
      vertex 33 8.23406 41.4291
      vertex 33 7.97467 41.3668
    endloop
  endfacet
  facet normal 0 0.233537 -0.972348
    outer loop
      vertex 33 8.23406 41.4291
      vertex 29.69 7.97467 41.3668
      vertex 29.69 8.23406 41.4291
    endloop
  endfacet
  facet normal 0 -0.852608 0.522551
    outer loop
      vertex 29.69 9.87533 38.7508
      vertex 33 10.0147 38.9782
      vertex 29.69 10.0147 38.9782
    endloop
  endfacet
  facet normal 0 -0.852608 0.522551
    outer loop
      vertex 33 10.0147 38.9782
      vertex 29.69 9.87533 38.7508
      vertex 33 9.87533 38.7508
    endloop
  endfacet
  facet normal 0 -0.649339 0.760499
    outer loop
      vertex 29.69 9.70208 38.5479
      vertex 33 9.49923 38.3747
      vertex 33 9.70208 38.5479
    endloop
  endfacet
  facet normal 0 -0.649339 0.760499
    outer loop
      vertex 33 9.49923 38.3747
      vertex 29.69 9.70208 38.5479
      vertex 29.69 9.49923 38.3747
    endloop
  endfacet
  facet normal 0 -0.0783476 -0.996926
    outer loop
      vertex 29.69 8.5 41.45
      vertex 33 8.76594 41.4291
      vertex 33 8.5 41.45
    endloop
  endfacet
  facet normal -0 -0.0783476 -0.996926
    outer loop
      vertex 33 8.76594 41.4291
      vertex 29.69 8.5 41.45
      vertex 29.69 8.76594 41.4291
    endloop
  endfacet
  facet normal 0 -0.760485 0.649355
    outer loop
      vertex 29.69 9.70208 38.5479
      vertex 33 9.87533 38.7508
      vertex 29.69 9.87533 38.7508
    endloop
  endfacet
  facet normal 0 -0.760485 0.649355
    outer loop
      vertex 33 9.87533 38.7508
      vertex 29.69 9.70208 38.5479
      vertex 33 9.70208 38.5479
    endloop
  endfacet
  facet normal 0 0.972375 0.233423
    outer loop
      vertex 33 6.8832 39.2247
      vertex 29.69 6.82093 39.4841
      vertex 33 6.82093 39.4841
    endloop
  endfacet
  facet normal 0 0.972375 0.233423
    outer loop
      vertex 29.69 6.82093 39.4841
      vertex 33 6.8832 39.2247
      vertex 29.69 6.8832 39.2247
    endloop
  endfacet
  facet normal 0 0.522549 -0.852609
    outer loop
      vertex 29.69 7.50077 41.1253
      vertex 33 7.72822 41.2647
      vertex 33 7.50077 41.1253
    endloop
  endfacet
  facet normal 0 0.522549 -0.852609
    outer loop
      vertex 33 7.72822 41.2647
      vertex 29.69 7.50077 41.1253
      vertex 29.69 7.72822 41.2647
    endloop
  endfacet
  facet normal 0 -0.996925 0.0783593
    outer loop
      vertex 29.69 10.1791 39.4841
      vertex 33 10.2 39.75
      vertex 29.69 10.2 39.75
    endloop
  endfacet
  facet normal 0 -0.996925 0.0783593
    outer loop
      vertex 33 10.2 39.75
      vertex 29.69 10.1791 39.4841
      vertex 33 10.1791 39.4841
    endloop
  endfacet
  facet normal 0 0.760485 -0.649355
    outer loop
      vertex 33 7.12467 40.7492
      vertex 29.69 7.29792 40.9521
      vertex 33 7.29792 40.9521
    endloop
  endfacet
  facet normal 0 0.760485 -0.649355
    outer loop
      vertex 29.69 7.29792 40.9521
      vertex 33 7.12467 40.7492
      vertex 29.69 7.12467 40.7492
    endloop
  endfacet
  facet normal -0 0.649339 0.760499
    outer loop
      vertex 29.69 7.50077 38.3747
      vertex 33 7.29792 38.5479
      vertex 33 7.50077 38.3747
    endloop
  endfacet
  facet normal 0 0.649339 0.760499
    outer loop
      vertex 33 7.29792 38.5479
      vertex 29.69 7.50077 38.3747
      vertex 29.69 7.29792 38.5479
    endloop
  endfacet
  facet normal 0 -0.522549 -0.852609
    outer loop
      vertex 29.69 9.27178 41.2647
      vertex 33 9.49923 41.1253
      vertex 33 9.27178 41.2647
    endloop
  endfacet
  facet normal -0 -0.522549 -0.852609
    outer loop
      vertex 33 9.49923 41.1253
      vertex 29.69 9.27178 41.2647
      vertex 29.69 9.49923 41.1253
    endloop
  endfacet
  facet normal 0 0.0783476 -0.996926
    outer loop
      vertex 29.69 8.23406 41.4291
      vertex 33 8.5 41.45
      vertex 33 8.23406 41.4291
    endloop
  endfacet
  facet normal 0 0.0783476 -0.996926
    outer loop
      vertex 33 8.5 41.45
      vertex 29.69 8.23406 41.4291
      vertex 29.69 8.5 41.45
    endloop
  endfacet
  facet normal 0 0.923898 -0.38264
    outer loop
      vertex 33 6.8832 40.2753
      vertex 29.69 6.98529 40.5218
      vertex 33 6.98529 40.5218
    endloop
  endfacet
  facet normal 0 0.923898 -0.38264
    outer loop
      vertex 29.69 6.98529 40.5218
      vertex 33 6.8832 40.2753
      vertex 29.69 6.8832 40.2753
    endloop
  endfacet
  facet normal 0 -0.923884 0.382672
    outer loop
      vertex 29.69 10.0147 38.9782
      vertex 33 10.1168 39.2247
      vertex 29.69 10.1168 39.2247
    endloop
  endfacet
  facet normal 0 -0.923884 0.382672
    outer loop
      vertex 33 10.1168 39.2247
      vertex 29.69 10.0147 38.9782
      vertex 33 10.0147 38.9782
    endloop
  endfacet
  facet normal 0 -0.97235 0.233529
    outer loop
      vertex 29.69 10.1168 39.2247
      vertex 33 10.1791 39.4841
      vertex 29.69 10.1791 39.4841
    endloop
  endfacet
  facet normal 0 -0.97235 0.233529
    outer loop
      vertex 33 10.1791 39.4841
      vertex 29.69 10.1168 39.2247
      vertex 33 10.1168 39.2247
    endloop
  endfacet
  facet normal 0 -0.233537 -0.972348
    outer loop
      vertex 29.69 8.76594 41.4291
      vertex 33 9.02533 41.3668
      vertex 33 8.76594 41.4291
    endloop
  endfacet
  facet normal -0 -0.233537 -0.972348
    outer loop
      vertex 33 9.02533 41.3668
      vertex 29.69 8.76594 41.4291
      vertex 29.69 9.02533 41.3668
    endloop
  endfacet
  facet normal 0 0.996916 -0.0784711
    outer loop
      vertex 33 6.8 39.75
      vertex 29.69 6.82093 40.0159
      vertex 33 6.82093 40.0159
    endloop
  endfacet
  facet normal 0 0.996916 -0.0784711
    outer loop
      vertex 29.69 6.82093 40.0159
      vertex 33 6.8 39.75
      vertex 29.69 6.8 39.75
    endloop
  endfacet
  facet normal -0.706015 -0.0555465 0.706015
    outer loop
      vertex 29.69 8.5 38.05
      vertex 28 9.02875 36.4016
      vertex 28 8.5 36.36
    endloop
  endfacet
  facet normal -0.706016 0.370011 0.603849
    outer loop
      vertex 29.69 7.72822 38.2353
      vertex 28 6.96097 36.7295
      vertex 28 6.50875 37.0066
    endloop
  endfacet
  facet normal -0.706012 -0.603881 0.369965
    outer loop
      vertex 29.69 10.0147 38.9782
      vertex 28 11.5205 38.211
      vertex 28 11.2434 37.7587
    endloop
  endfacet
  facet normal -0.706016 0.271054 0.654272
    outer loop
      vertex 28 7.45243 36.5259
      vertex 29.69 7.72822 38.2353
      vertex 29.69 7.97467 38.1332
    endloop
  endfacet
  facet normal -0.706016 0.27105 0.654273
    outer loop
      vertex 29.69 7.72822 38.2353
      vertex 28 7.45243 36.5259
      vertex 28 6.96097 36.7295
    endloop
  endfacet
  facet normal -0.706019 -0.688636 0.165283
    outer loop
      vertex 29.69 10.1168 39.2247
      vertex 28 11.8479 39.2182
      vertex 28 11.7241 38.7024
    endloop
  endfacet
  facet normal -0.706017 -0.165305 0.688633
    outer loop
      vertex 29.69 9.02533 38.1332
      vertex 28 9.54757 36.5259
      vertex 28 9.03184 36.4021
    endloop
  endfacet
  facet normal -0.706019 -0.654258 0.271077
    outer loop
      vertex 28 11.5205 38.211
      vertex 29.69 10.1168 39.2247
      vertex 28 11.7241 38.7024
    endloop
  endfacet
  facet normal -0.70601 -0.654296 0.271009
    outer loop
      vertex 29.69 10.1168 39.2247
      vertex 28 11.5205 38.211
      vertex 29.69 10.0147 38.9782
    endloop
  endfacet
  facet normal -0.706015 -0.369964 -0.603879
    outer loop
      vertex 28 10.4913 42.4934
      vertex 29.69 9.27178 41.2647
      vertex 28 10.039 42.7705
    endloop
  endfacet
  facet normal -0.706015 -0.369964 0.603879
    outer loop
      vertex 29.69 9.27178 38.2353
      vertex 28 10.4913 37.0066
      vertex 28 10.039 36.7295
    endloop
  endfacet
  facet normal -0.705573 -0.0453324 -0.707186
    outer loop
      vertex 29.69 8.76594 41.4291
      vertex 28 9.02875 43.0984
      vertex 28 9.03031 43.0983
    endloop
  endfacet
  facet normal -0.706008 -0.0554861 -0.706027
    outer loop
      vertex 28 9.02875 43.0984
      vertex 29.69 8.76594 41.4291
      vertex 29.69 8.5 41.45
    endloop
  endfacet
  facet normal -0.70552 -0.70731 0.0442068
    outer loop
      vertex 29.69 10.1791 39.4841
      vertex 28 11.8484 39.2213
      vertex 28 11.8483 39.2197
    endloop
  endfacet
  facet normal -0.706008 -0.706026 0.0554944
    outer loop
      vertex 28 11.8484 39.2213
      vertex 29.69 10.1791 39.4841
      vertex 29.69 10.2 39.75
    endloop
  endfacet
  facet normal -0.706012 0.60387 0.369985
    outer loop
      vertex 29.69 6.98529 38.9782
      vertex 28 5.75661 37.7587
      vertex 28 5.47949 38.211
    endloop
  endfacet
  facet normal -0.706016 0.688633 0.165309
    outer loop
      vertex 28 5.1521 39.2182
      vertex 29.69 6.82093 39.4841
      vertex 29.69 6.8832 39.2247
    endloop
  endfacet
  facet normal -0.706017 0.68864 0.165274
    outer loop
      vertex 29.69 6.82093 39.4841
      vertex 28 5.1521 39.2182
      vertex 28 5.15174 39.2197
    endloop
  endfacet
  facet normal -0.706015 0.0555465 -0.706015
    outer loop
      vertex 28 8.5 43.14
      vertex 29.69 8.5 41.45
      vertex 28 7.97125 43.0984
    endloop
  endfacet
  facet normal -0.706084 0.705803 0.0573465
    outer loop
      vertex 28 5.15161 39.2213
      vertex 29.69 6.82093 39.4841
      vertex 28 5.15174 39.2197
    endloop
  endfacet
  facet normal -0.706015 0.706013 0.055573
    outer loop
      vertex 29.69 6.82093 39.4841
      vertex 28 5.15161 39.2213
      vertex 29.69 6.8 39.75
    endloop
  endfacet
  facet normal -0.706015 -0.706015 0.0555518
    outer loop
      vertex 29.69 10.2 39.75
      vertex 28 11.89 39.75
      vertex 28 11.8484 39.2213
    endloop
  endfacet
  facet normal -0.706019 -0.654258 -0.271077
    outer loop
      vertex 29.69 10.1168 40.2753
      vertex 28 11.5205 41.289
      vertex 28 11.7241 40.7976
    endloop
  endfacet
  facet normal -0.70601 -0.654296 -0.271009
    outer loop
      vertex 28 11.5205 41.289
      vertex 29.69 10.1168 40.2753
      vertex 29.69 10.0147 40.5218
    endloop
  endfacet
  facet normal -0.706008 0.0554861 -0.706027
    outer loop
      vertex 29.69 8.23406 41.4291
      vertex 28 7.97125 43.0984
      vertex 29.69 8.5 41.45
    endloop
  endfacet
  facet normal -0.705573 0.0453324 -0.707186
    outer loop
      vertex 28 7.97125 43.0984
      vertex 29.69 8.23406 41.4291
      vertex 28 7.96969 43.0983
    endloop
  endfacet
  facet normal -0.706014 0.706014 0.0555651
    outer loop
      vertex 29.69 6.8 39.75
      vertex 28 5.15161 39.2213
      vertex 28 5.11 39.75
    endloop
  endfacet
  facet normal -0.706016 0.370011 -0.603849
    outer loop
      vertex 28 6.96097 42.7705
      vertex 29.69 7.72822 41.2647
      vertex 28 6.50875 42.4934
    endloop
  endfacet
  facet normal -0.706029 0.459851 -0.538573
    outer loop
      vertex 29.69 7.29792 40.9521
      vertex 28 6.50741 42.4926
      vertex 29.69 7.50077 41.1253
    endloop
  endfacet
  facet normal -0.706014 0.459957 -0.538502
    outer loop
      vertex 28 6.50741 42.4926
      vertex 29.69 7.29792 40.9521
      vertex 28 6.10291 42.1471
    endloop
  endfacet
  facet normal -0.706015 0.0555465 0.706015
    outer loop
      vertex 29.69 8.5 38.05
      vertex 28 8.5 36.36
      vertex 28 7.97125 36.4016
    endloop
  endfacet
  facet normal -0.706015 -0.459956 0.538501
    outer loop
      vertex 28 10.4926 37.0074
      vertex 29.69 9.70208 38.5479
      vertex 28 10.8971 37.3529
    endloop
  endfacet
  facet normal -0.70603 -0.45985 0.538572
    outer loop
      vertex 29.69 9.70208 38.5479
      vertex 28 10.4926 37.0074
      vertex 29.69 9.49923 38.3747
    endloop
  endfacet
  facet normal -0.706014 0.706014 -0.0555651
    outer loop
      vertex 28 5.15161 40.2787
      vertex 29.69 6.8 39.75
      vertex 28 5.11 39.75
    endloop
  endfacet
  facet normal -0.706078 -0.371131 -0.603088
    outer loop
      vertex 29.69 9.49923 41.1253
      vertex 28 10.4913 42.4934
      vertex 28 10.4926 42.4926
    endloop
  endfacet
  facet normal -0.706029 -0.37006 -0.603803
    outer loop
      vertex 28 10.4913 42.4934
      vertex 29.69 9.49923 41.1253
      vertex 29.69 9.27178 41.2647
    endloop
  endfacet
  facet normal -0.706015 -0.459956 -0.538501
    outer loop
      vertex 29.69 9.70208 40.9521
      vertex 28 10.4926 42.4926
      vertex 28 10.8971 42.1471
    endloop
  endfacet
  facet normal -0.70603 -0.45985 -0.538572
    outer loop
      vertex 28 10.4926 42.4926
      vertex 29.69 9.70208 40.9521
      vertex 29.69 9.49923 41.1253
    endloop
  endfacet
  facet normal -0.706016 0.688633 -0.165309
    outer loop
      vertex 29.69 6.82093 40.0159
      vertex 28 5.1521 40.2818
      vertex 29.69 6.8832 40.2753
    endloop
  endfacet
  facet normal -0.706017 0.68864 -0.165274
    outer loop
      vertex 28 5.1521 40.2818
      vertex 29.69 6.82093 40.0159
      vertex 28 5.15174 40.2803
    endloop
  endfacet
  facet normal -0.706029 0.459851 0.538573
    outer loop
      vertex 28 6.50741 37.0074
      vertex 29.69 7.29792 38.5479
      vertex 29.69 7.50077 38.3747
    endloop
  endfacet
  facet normal -0.706014 0.459957 0.538502
    outer loop
      vertex 29.69 7.29792 38.5479
      vertex 28 6.50741 37.0074
      vertex 28 6.10291 37.3529
    endloop
  endfacet
  facet normal -0.705209 -0.68506 0.182683
    outer loop
      vertex 28 11.8479 39.2182
      vertex 29.69 10.1791 39.4841
      vertex 28 11.8483 39.2197
    endloop
  endfacet
  facet normal -0.706006 -0.688623 0.165386
    outer loop
      vertex 29.69 10.1791 39.4841
      vertex 28 11.8479 39.2182
      vertex 29.69 10.1168 39.2247
    endloop
  endfacet
  facet normal -0.706014 -0.271064 0.654269
    outer loop
      vertex 28 9.54757 36.5259
      vertex 29.69 9.27178 38.2353
      vertex 28 10.039 36.7295
    endloop
  endfacet
  facet normal -0.706016 -0.271054 0.654272
    outer loop
      vertex 29.69 9.27178 38.2353
      vertex 28 9.54757 36.5259
      vertex 29.69 9.02533 38.1332
    endloop
  endfacet
  facet normal -0.706076 -0.60309 0.371132
    outer loop
      vertex 29.69 9.87533 38.7508
      vertex 28 11.2434 37.7587
      vertex 28 11.2426 37.7574
    endloop
  endfacet
  facet normal -0.706027 -0.603804 0.370062
    outer loop
      vertex 28 11.2434 37.7587
      vertex 29.69 9.87533 38.7508
      vertex 29.69 10.0147 38.9782
    endloop
  endfacet
  facet normal -0.706012 0.60387 -0.369985
    outer loop
      vertex 28 5.75661 41.7413
      vertex 29.69 6.98529 40.5218
      vertex 28 5.47949 41.289
    endloop
  endfacet
  facet normal -0.706019 -0.688636 -0.165283
    outer loop
      vertex 28 11.8479 40.2818
      vertex 29.69 10.1168 40.2753
      vertex 28 11.7241 40.7976
    endloop
  endfacet
  facet normal -0.706009 0.654307 0.270986
    outer loop
      vertex 28 5.47949 38.211
      vertex 29.69 6.8832 39.2247
      vertex 29.69 6.98529 38.9782
    endloop
  endfacet
  facet normal -0.706017 0.654275 0.271043
    outer loop
      vertex 29.69 6.8832 39.2247
      vertex 28 5.47949 38.211
      vertex 28 5.27592 38.7024
    endloop
  endfacet
  facet normal -0.706024 0.370063 0.603808
    outer loop
      vertex 28 6.50875 37.0066
      vertex 29.69 7.50077 38.3747
      vertex 29.69 7.72822 38.2353
    endloop
  endfacet
  facet normal -0.70568 0.3632 0.60836
    outer loop
      vertex 29.69 7.50077 38.3747
      vertex 28 6.50875 37.0066
      vertex 28 6.50741 37.0074
    endloop
  endfacet
  facet normal -0.706012 -0.603881 -0.369965
    outer loop
      vertex 28 11.5205 41.289
      vertex 29.69 10.0147 40.5218
      vertex 28 11.2434 41.7413
    endloop
  endfacet
  facet normal -0.706016 0.271054 -0.654272
    outer loop
      vertex 29.69 7.72822 41.2647
      vertex 28 7.45243 42.9741
      vertex 29.69 7.97467 41.3668
    endloop
  endfacet
  facet normal -0.706016 0.27105 -0.654273
    outer loop
      vertex 28 7.45243 42.9741
      vertex 29.69 7.72822 41.2647
      vertex 28 6.96097 42.7705
    endloop
  endfacet
  facet normal -0.706015 -0.0555465 -0.706015
    outer loop
      vertex 28 9.02875 43.0984
      vertex 29.69 8.5 41.45
      vertex 28 8.5 43.14
    endloop
  endfacet
  facet normal -0.706017 0.165305 -0.688633
    outer loop
      vertex 28 7.96816 43.0979
      vertex 29.69 7.97467 41.3668
      vertex 28 7.45243 42.9741
    endloop
  endfacet
  facet normal -0.706015 -0.706015 -0.0555518
    outer loop
      vertex 28 11.89 39.75
      vertex 29.69 10.2 39.75
      vertex 28 11.8484 40.2787
    endloop
  endfacet
  facet normal -0.706009 0.538578 0.459875
    outer loop
      vertex 28 6.10291 37.3529
      vertex 29.69 7.12467 38.7508
      vertex 29.69 7.29792 38.5479
    endloop
  endfacet
  facet normal -0.70602 0.53851 0.459937
    outer loop
      vertex 29.69 7.12467 38.7508
      vertex 28 6.10291 37.3529
      vertex 28 5.75743 37.7574
    endloop
  endfacet
  facet normal -0.706008 -0.706026 -0.0554944
    outer loop
      vertex 29.69 10.1791 40.0159
      vertex 28 11.8484 40.2787
      vertex 29.69 10.2 39.75
    endloop
  endfacet
  facet normal -0.70552 -0.70731 -0.0442068
    outer loop
      vertex 28 11.8484 40.2787
      vertex 29.69 10.1791 40.0159
      vertex 28 11.8483 40.2803
    endloop
  endfacet
  facet normal -0.706009 0.538578 -0.459875
    outer loop
      vertex 29.69 7.12467 40.7492
      vertex 28 6.10291 42.1471
      vertex 29.69 7.29792 40.9521
    endloop
  endfacet
  facet normal -0.70602 0.53851 -0.459937
    outer loop
      vertex 28 6.10291 42.1471
      vertex 29.69 7.12467 40.7492
      vertex 28 5.75743 41.7426
    endloop
  endfacet
  facet normal -0.706024 -0.538494 -0.45995
    outer loop
      vertex 29.69 9.87533 40.7492
      vertex 28 10.8971 42.1471
      vertex 28 11.2426 41.7426
    endloop
  endfacet
  facet normal -0.706011 -0.538576 -0.459874
    outer loop
      vertex 28 10.8971 42.1471
      vertex 29.69 9.87533 40.7492
      vertex 29.69 9.70208 40.9521
    endloop
  endfacet
  facet normal -0.706027 -0.603804 -0.370062
    outer loop
      vertex 29.69 9.87533 40.7492
      vertex 28 11.2434 41.7413
      vertex 29.69 10.0147 40.5218
    endloop
  endfacet
  facet normal -0.706076 -0.60309 -0.371132
    outer loop
      vertex 28 11.2434 41.7413
      vertex 29.69 9.87533 40.7492
      vertex 28 11.2426 41.7426
    endloop
  endfacet
  facet normal -0.706351 0.598708 0.377647
    outer loop
      vertex 28 5.75661 37.7587
      vertex 29.69 7.12467 38.7508
      vertex 28 5.75743 37.7574
    endloop
  endfacet
  facet normal -0.706026 0.603793 0.370082
    outer loop
      vertex 29.69 7.12467 38.7508
      vertex 28 5.75661 37.7587
      vertex 29.69 6.98529 38.9782
    endloop
  endfacet
  facet normal -0.706014 -0.271064 -0.654269
    outer loop
      vertex 29.69 9.27178 41.2647
      vertex 28 9.54757 42.9741
      vertex 28 10.039 42.7705
    endloop
  endfacet
  facet normal -0.706016 -0.271054 -0.654272
    outer loop
      vertex 28 9.54757 42.9741
      vertex 29.69 9.27178 41.2647
      vertex 29.69 9.02533 41.3668
    endloop
  endfacet
  facet normal -0.706017 -0.165305 -0.688633
    outer loop
      vertex 28 9.54757 42.9741
      vertex 29.69 9.02533 41.3668
      vertex 28 9.03184 43.0979
    endloop
  endfacet
  facet normal -0.706016 0.688633 -0.165309
    outer loop
      vertex 28 5.27592 40.7976
      vertex 29.69 6.8832 40.2753
      vertex 28 5.1521 40.2818
    endloop
  endfacet
  facet normal -0.705383 -0.179288 0.685777
    outer loop
      vertex 29.69 8.76594 38.0709
      vertex 28 9.03184 36.4021
      vertex 28 9.03031 36.4017
    endloop
  endfacet
  facet normal -0.706006 -0.165393 0.688622
    outer loop
      vertex 28 9.03184 36.4021
      vertex 29.69 8.76594 38.0709
      vertex 29.69 9.02533 38.1332
    endloop
  endfacet
  facet normal -0.706008 0.0554861 0.706027
    outer loop
      vertex 28 7.97125 36.4016
      vertex 29.69 8.23406 38.0709
      vertex 29.69 8.5 38.05
    endloop
  endfacet
  facet normal -0.705573 0.0453324 0.707186
    outer loop
      vertex 29.69 8.23406 38.0709
      vertex 28 7.97125 36.4016
      vertex 28 7.96969 36.4017
    endloop
  endfacet
  facet normal -0.706024 -0.538494 0.45995
    outer loop
      vertex 28 10.8971 37.3529
      vertex 29.69 9.87533 38.7508
      vertex 28 11.2426 37.7574
    endloop
  endfacet
  facet normal -0.706011 -0.538576 0.459874
    outer loop
      vertex 29.69 9.87533 38.7508
      vertex 28 10.8971 37.3529
      vertex 29.69 9.70208 38.5479
    endloop
  endfacet
  facet normal -0.706006 -0.165393 -0.688622
    outer loop
      vertex 29.69 8.76594 41.4291
      vertex 28 9.03184 43.0979
      vertex 29.69 9.02533 41.3668
    endloop
  endfacet
  facet normal -0.705383 -0.179288 -0.685777
    outer loop
      vertex 28 9.03184 43.0979
      vertex 29.69 8.76594 41.4291
      vertex 28 9.03031 43.0983
    endloop
  endfacet
  facet normal -0.706006 0.165393 -0.688622
    outer loop
      vertex 28 7.96816 43.0979
      vertex 29.69 8.23406 41.4291
      vertex 29.69 7.97467 41.3668
    endloop
  endfacet
  facet normal -0.705383 0.179288 -0.685777
    outer loop
      vertex 29.69 8.23406 41.4291
      vertex 28 7.96816 43.0979
      vertex 28 7.96969 43.0983
    endloop
  endfacet
  facet normal -0.706015 0.706013 -0.055573
    outer loop
      vertex 28 5.15161 40.2787
      vertex 29.69 6.82093 40.0159
      vertex 29.69 6.8 39.75
    endloop
  endfacet
  facet normal -0.706084 0.705803 -0.0573465
    outer loop
      vertex 29.69 6.82093 40.0159
      vertex 28 5.15161 40.2787
      vertex 28 5.15174 40.2803
    endloop
  endfacet
  facet normal -0.706026 0.603793 -0.370082
    outer loop
      vertex 28 5.75661 41.7413
      vertex 29.69 7.12467 40.7492
      vertex 29.69 6.98529 40.5218
    endloop
  endfacet
  facet normal -0.706351 0.598708 -0.377647
    outer loop
      vertex 29.69 7.12467 40.7492
      vertex 28 5.75661 41.7413
      vertex 28 5.75743 41.7426
    endloop
  endfacet
  facet normal -0.706009 0.654307 -0.270986
    outer loop
      vertex 29.69 6.8832 40.2753
      vertex 28 5.47949 41.289
      vertex 29.69 6.98529 40.5218
    endloop
  endfacet
  facet normal -0.706017 0.654275 -0.271043
    outer loop
      vertex 28 5.47949 41.289
      vertex 29.69 6.8832 40.2753
      vertex 28 5.27592 40.7976
    endloop
  endfacet
  facet normal -0.706024 0.370063 -0.603808
    outer loop
      vertex 29.69 7.50077 41.1253
      vertex 28 6.50875 42.4934
      vertex 29.69 7.72822 41.2647
    endloop
  endfacet
  facet normal -0.70568 0.3632 -0.60836
    outer loop
      vertex 28 6.50875 42.4934
      vertex 29.69 7.50077 41.1253
      vertex 28 6.50741 42.4926
    endloop
  endfacet
  facet normal -0.706016 0.688633 0.165309
    outer loop
      vertex 29.69 6.8832 39.2247
      vertex 28 5.27592 38.7024
      vertex 28 5.1521 39.2182
    endloop
  endfacet
  facet normal -0.706017 0.165305 0.688633
    outer loop
      vertex 29.69 7.97467 38.1332
      vertex 28 7.96816 36.4021
      vertex 28 7.45243 36.5259
    endloop
  endfacet
  facet normal -0.706078 -0.371131 0.603088
    outer loop
      vertex 28 10.4913 37.0066
      vertex 29.69 9.49923 38.3747
      vertex 28 10.4926 37.0074
    endloop
  endfacet
  facet normal -0.706029 -0.37006 0.603803
    outer loop
      vertex 29.69 9.49923 38.3747
      vertex 28 10.4913 37.0066
      vertex 29.69 9.27178 38.2353
    endloop
  endfacet
  facet normal -0.705573 -0.0453324 0.707186
    outer loop
      vertex 28 9.02875 36.4016
      vertex 29.69 8.76594 38.0709
      vertex 28 9.03031 36.4017
    endloop
  endfacet
  facet normal -0.706008 -0.0554861 0.706027
    outer loop
      vertex 29.69 8.76594 38.0709
      vertex 28 9.02875 36.4016
      vertex 29.69 8.5 38.05
    endloop
  endfacet
  facet normal -0.705209 -0.68506 -0.182683
    outer loop
      vertex 29.69 10.1791 40.0159
      vertex 28 11.8479 40.2818
      vertex 28 11.8483 40.2803
    endloop
  endfacet
  facet normal -0.706006 -0.688623 -0.165386
    outer loop
      vertex 28 11.8479 40.2818
      vertex 29.69 10.1791 40.0159
      vertex 29.69 10.1168 40.2753
    endloop
  endfacet
  facet normal -0.705383 0.179288 0.685777
    outer loop
      vertex 28 7.96816 36.4021
      vertex 29.69 8.23406 38.0709
      vertex 28 7.96969 36.4017
    endloop
  endfacet
  facet normal -0.706006 0.165393 0.688622
    outer loop
      vertex 29.69 8.23406 38.0709
      vertex 28 7.96816 36.4021
      vertex 29.69 7.97467 38.1332
    endloop
  endfacet
  facet normal 0 -0.233423 0.972375
    outer loop
      vertex 29.69 40.0253 7.1332
      vertex 33 39.7659 7.07093
      vertex 33 40.0253 7.1332
    endloop
  endfacet
  facet normal 0 -0.233423 0.972375
    outer loop
      vertex 33 39.7659 7.07093
      vertex 29.69 40.0253 7.1332
      vertex 29.69 39.7659 7.07093
    endloop
  endfacet
  facet normal 0 -0.0784711 0.996916
    outer loop
      vertex 29.69 39.7659 7.07093
      vertex 33 39.5 7.05
      vertex 33 39.7659 7.07093
    endloop
  endfacet
  facet normal 0 -0.0784711 0.996916
    outer loop
      vertex 33 39.5 7.05
      vertex 29.69 39.7659 7.07093
      vertex 29.69 39.5 7.05
    endloop
  endfacet
  facet normal 0 -0.38264 0.923898
    outer loop
      vertex 29.69 40.2718 7.23529
      vertex 33 40.0253 7.1332
      vertex 33 40.2718 7.23529
    endloop
  endfacet
  facet normal 0 -0.38264 0.923898
    outer loop
      vertex 33 40.0253 7.1332
      vertex 29.69 40.2718 7.23529
      vertex 29.69 40.0253 7.1332
    endloop
  endfacet
  facet normal 0 0.852609 0.522549
    outer loop
      vertex 33 38.1247 7.75077
      vertex 29.69 37.9853 7.97822
      vertex 33 37.9853 7.97822
    endloop
  endfacet
  facet normal 0 0.852609 0.522549
    outer loop
      vertex 29.69 37.9853 7.97822
      vertex 33 38.1247 7.75077
      vertex 29.69 38.1247 7.75077
    endloop
  endfacet
  facet normal 0 -0.382672 -0.923884
    outer loop
      vertex 29.69 40.0253 10.3668
      vertex 33 40.2718 10.2647
      vertex 33 40.0253 10.3668
    endloop
  endfacet
  facet normal -0 -0.382672 -0.923884
    outer loop
      vertex 33 40.2718 10.2647
      vertex 29.69 40.0253 10.3668
      vertex 29.69 40.2718 10.2647
    endloop
  endfacet
  facet normal 0 0.852609 -0.522549
    outer loop
      vertex 33 37.9853 9.52178
      vertex 29.69 38.1247 9.74923
      vertex 33 38.1247 9.74923
    endloop
  endfacet
  facet normal 0 0.852609 -0.522549
    outer loop
      vertex 29.69 38.1247 9.74923
      vertex 33 37.9853 9.52178
      vertex 29.69 37.9853 9.52178
    endloop
  endfacet
  facet normal 0 0.923857 0.382738
    outer loop
      vertex 33 37.9853 7.97822
      vertex 29.69 37.8832 8.22467
      vertex 33 37.8832 8.22467
    endloop
  endfacet
  facet normal 0 0.923857 0.382738
    outer loop
      vertex 29.69 37.8832 8.22467
      vertex 33 37.9853 7.97822
      vertex 29.69 37.9853 7.97822
    endloop
  endfacet
  facet normal 0 -0.923857 -0.382738
    outer loop
      vertex 29.69 41.1168 9.27533
      vertex 33 41.0147 9.52178
      vertex 29.69 41.0147 9.52178
    endloop
  endfacet
  facet normal 0 -0.923857 -0.382738
    outer loop
      vertex 33 41.0147 9.52178
      vertex 29.69 41.1168 9.27533
      vertex 33 41.1168 9.27533
    endloop
  endfacet
  facet normal 0 -0.852609 -0.522549
    outer loop
      vertex 29.69 41.0147 9.52178
      vertex 33 40.8753 9.74923
      vertex 29.69 40.8753 9.74923
    endloop
  endfacet
  facet normal 0 -0.852609 -0.522549
    outer loop
      vertex 33 40.8753 9.74923
      vertex 29.69 41.0147 9.52178
      vertex 33 41.0147 9.52178
    endloop
  endfacet
  facet normal 0 -0.972348 -0.233537
    outer loop
      vertex 29.69 41.1791 9.01594
      vertex 33 41.1168 9.27533
      vertex 29.69 41.1168 9.27533
    endloop
  endfacet
  facet normal 0 -0.972348 -0.233537
    outer loop
      vertex 33 41.1168 9.27533
      vertex 29.69 41.1791 9.01594
      vertex 33 41.1791 9.01594
    endloop
  endfacet
  facet normal 0 0.760499 0.649339
    outer loop
      vertex 33 38.2979 7.54792
      vertex 29.69 38.1247 7.75077
      vertex 33 38.1247 7.75077
    endloop
  endfacet
  facet normal 0 0.760499 0.649339
    outer loop
      vertex 29.69 38.1247 7.75077
      vertex 33 38.2979 7.54792
      vertex 29.69 38.2979 7.54792
    endloop
  endfacet
  facet normal 0 -0.996926 -0.0783476
    outer loop
      vertex 29.69 41.2 8.75
      vertex 33 41.1791 9.01594
      vertex 29.69 41.1791 9.01594
    endloop
  endfacet
  facet normal 0 -0.996926 -0.0783476
    outer loop
      vertex 33 41.1791 9.01594
      vertex 29.69 41.2 8.75
      vertex 33 41.2 8.75
    endloop
  endfacet
  facet normal 0 0.382672 -0.923884
    outer loop
      vertex 29.69 38.7282 10.2647
      vertex 33 38.9747 10.3668
      vertex 33 38.7282 10.2647
    endloop
  endfacet
  facet normal 0 0.382672 -0.923884
    outer loop
      vertex 33 38.9747 10.3668
      vertex 29.69 38.7282 10.2647
      vertex 29.69 38.9747 10.3668
    endloop
  endfacet
  facet normal 0 -0.64929 -0.760541
    outer loop
      vertex 29.69 40.4992 10.1253
      vertex 33 40.7021 9.95208
      vertex 33 40.4992 10.1253
    endloop
  endfacet
  facet normal -0 -0.64929 -0.760541
    outer loop
      vertex 33 40.7021 9.95208
      vertex 29.69 40.4992 10.1253
      vertex 29.69 40.7021 9.95208
    endloop
  endfacet
  facet normal 0 0.972348 -0.233537
    outer loop
      vertex 33 37.8209 9.01594
      vertex 29.69 37.8832 9.27533
      vertex 33 37.8832 9.27533
    endloop
  endfacet
  facet normal 0 0.972348 -0.233537
    outer loop
      vertex 29.69 37.8832 9.27533
      vertex 33 37.8209 9.01594
      vertex 29.69 37.8209 9.01594
    endloop
  endfacet
  facet normal -0 0.38264 0.923898
    outer loop
      vertex 29.69 38.9747 7.1332
      vertex 33 38.7282 7.23529
      vertex 33 38.9747 7.1332
    endloop
  endfacet
  facet normal 0 0.38264 0.923898
    outer loop
      vertex 33 38.7282 7.23529
      vertex 29.69 38.9747 7.1332
      vertex 29.69 38.7282 7.23529
    endloop
  endfacet
  facet normal 0 0.64929 -0.760541
    outer loop
      vertex 29.69 38.2979 9.95208
      vertex 33 38.5008 10.1253
      vertex 33 38.2979 9.95208
    endloop
  endfacet
  facet normal 0 0.64929 -0.760541
    outer loop
      vertex 33 38.5008 10.1253
      vertex 29.69 38.2979 9.95208
      vertex 29.69 38.5008 10.1253
    endloop
  endfacet
  facet normal 0 -0.760499 -0.649339
    outer loop
      vertex 29.69 40.8753 9.74923
      vertex 33 40.7021 9.95208
      vertex 29.69 40.7021 9.95208
    endloop
  endfacet
  facet normal 0 -0.760499 -0.649339
    outer loop
      vertex 33 40.7021 9.95208
      vertex 29.69 40.8753 9.74923
      vertex 33 40.8753 9.74923
    endloop
  endfacet
  facet normal 0 0.996926 0.0783476
    outer loop
      vertex 33 37.8209 8.48406
      vertex 29.69 37.8 8.75
      vertex 33 37.8 8.75
    endloop
  endfacet
  facet normal 0 0.996926 0.0783476
    outer loop
      vertex 29.69 37.8 8.75
      vertex 33 37.8209 8.48406
      vertex 29.69 37.8209 8.48406
    endloop
  endfacet
  facet normal -0 0.522578 0.852592
    outer loop
      vertex 29.69 38.7282 7.23529
      vertex 33 38.5008 7.37467
      vertex 33 38.7282 7.23529
    endloop
  endfacet
  facet normal 0 0.522578 0.852592
    outer loop
      vertex 33 38.5008 7.37467
      vertex 29.69 38.7282 7.23529
      vertex 29.69 38.5008 7.37467
    endloop
  endfacet
  facet normal 0 -0.522578 0.852592
    outer loop
      vertex 29.69 40.4992 7.37467
      vertex 33 40.2718 7.23529
      vertex 33 40.4992 7.37467
    endloop
  endfacet
  facet normal 0 -0.522578 0.852592
    outer loop
      vertex 33 40.2718 7.23529
      vertex 29.69 40.4992 7.37467
      vertex 29.69 40.2718 7.23529
    endloop
  endfacet
  facet normal -0 0.0784711 0.996916
    outer loop
      vertex 29.69 39.5 7.05
      vertex 33 39.2341 7.07093
      vertex 33 39.5 7.05
    endloop
  endfacet
  facet normal 0 0.0784711 0.996916
    outer loop
      vertex 33 39.2341 7.07093
      vertex 29.69 39.5 7.05
      vertex 29.69 39.2341 7.07093
    endloop
  endfacet
  facet normal -0 0.233423 0.972375
    outer loop
      vertex 29.69 39.2341 7.07093
      vertex 33 38.9747 7.1332
      vertex 33 39.2341 7.07093
    endloop
  endfacet
  facet normal 0 0.233423 0.972375
    outer loop
      vertex 33 38.9747 7.1332
      vertex 29.69 39.2341 7.07093
      vertex 29.69 38.9747 7.1332
    endloop
  endfacet
  facet normal 0 0.233529 -0.97235
    outer loop
      vertex 29.69 38.9747 10.3668
      vertex 33 39.2341 10.4291
      vertex 33 38.9747 10.3668
    endloop
  endfacet
  facet normal 0 0.233529 -0.97235
    outer loop
      vertex 33 39.2341 10.4291
      vertex 29.69 38.9747 10.3668
      vertex 29.69 39.2341 10.4291
    endloop
  endfacet
  facet normal 0 -0.852609 0.522549
    outer loop
      vertex 29.69 40.8753 7.75077
      vertex 33 41.0147 7.97822
      vertex 29.69 41.0147 7.97822
    endloop
  endfacet
  facet normal 0 -0.852609 0.522549
    outer loop
      vertex 33 41.0147 7.97822
      vertex 29.69 40.8753 7.75077
      vertex 33 40.8753 7.75077
    endloop
  endfacet
  facet normal 0 -0.649355 0.760485
    outer loop
      vertex 29.69 40.7021 7.54792
      vertex 33 40.4992 7.37467
      vertex 33 40.7021 7.54792
    endloop
  endfacet
  facet normal 0 -0.649355 0.760485
    outer loop
      vertex 33 40.4992 7.37467
      vertex 29.69 40.7021 7.54792
      vertex 29.69 40.4992 7.37467
    endloop
  endfacet
  facet normal 0 -0.0783593 -0.996925
    outer loop
      vertex 29.69 39.5 10.45
      vertex 33 39.7659 10.4291
      vertex 33 39.5 10.45
    endloop
  endfacet
  facet normal -0 -0.0783593 -0.996925
    outer loop
      vertex 33 39.7659 10.4291
      vertex 29.69 39.5 10.45
      vertex 29.69 39.7659 10.4291
    endloop
  endfacet
  facet normal 0 -0.760499 0.649339
    outer loop
      vertex 29.69 40.7021 7.54792
      vertex 33 40.8753 7.75077
      vertex 29.69 40.8753 7.75077
    endloop
  endfacet
  facet normal 0 -0.760499 0.649339
    outer loop
      vertex 33 40.8753 7.75077
      vertex 29.69 40.7021 7.54792
      vertex 33 40.7021 7.54792
    endloop
  endfacet
  facet normal 0 0.972348 0.233537
    outer loop
      vertex 33 37.8832 8.22467
      vertex 29.69 37.8209 8.48406
      vertex 33 37.8209 8.48406
    endloop
  endfacet
  facet normal 0 0.972348 0.233537
    outer loop
      vertex 29.69 37.8209 8.48406
      vertex 33 37.8832 8.22467
      vertex 29.69 37.8832 8.22467
    endloop
  endfacet
  facet normal 0 0.522632 -0.852558
    outer loop
      vertex 29.69 38.5008 10.1253
      vertex 33 38.7282 10.2647
      vertex 33 38.5008 10.1253
    endloop
  endfacet
  facet normal 0 0.522632 -0.852558
    outer loop
      vertex 33 38.7282 10.2647
      vertex 29.69 38.5008 10.1253
      vertex 29.69 38.7282 10.2647
    endloop
  endfacet
  facet normal 0 -0.996926 0.0783476
    outer loop
      vertex 29.69 41.1791 8.48406
      vertex 33 41.2 8.75
      vertex 29.69 41.2 8.75
    endloop
  endfacet
  facet normal 0 -0.996926 0.0783476
    outer loop
      vertex 33 41.2 8.75
      vertex 29.69 41.1791 8.48406
      vertex 33 41.1791 8.48406
    endloop
  endfacet
  facet normal 0 0.760499 -0.649339
    outer loop
      vertex 33 38.1247 9.74923
      vertex 29.69 38.2979 9.95208
      vertex 33 38.2979 9.95208
    endloop
  endfacet
  facet normal 0 0.760499 -0.649339
    outer loop
      vertex 29.69 38.2979 9.95208
      vertex 33 38.1247 9.74923
      vertex 29.69 38.1247 9.74923
    endloop
  endfacet
  facet normal -0 0.649355 0.760485
    outer loop
      vertex 29.69 38.5008 7.37467
      vertex 33 38.2979 7.54792
      vertex 33 38.5008 7.37467
    endloop
  endfacet
  facet normal 0 0.649355 0.760485
    outer loop
      vertex 33 38.2979 7.54792
      vertex 29.69 38.5008 7.37467
      vertex 29.69 38.2979 7.54792
    endloop
  endfacet
  facet normal 0 -0.522632 -0.852558
    outer loop
      vertex 29.69 40.2718 10.2647
      vertex 33 40.4992 10.1253
      vertex 33 40.2718 10.2647
    endloop
  endfacet
  facet normal -0 -0.522632 -0.852558
    outer loop
      vertex 33 40.4992 10.1253
      vertex 29.69 40.2718 10.2647
      vertex 29.69 40.4992 10.1253
    endloop
  endfacet
  facet normal 0 0.0783593 -0.996925
    outer loop
      vertex 29.69 39.2341 10.4291
      vertex 33 39.5 10.45
      vertex 33 39.2341 10.4291
    endloop
  endfacet
  facet normal 0 0.0783593 -0.996925
    outer loop
      vertex 33 39.5 10.45
      vertex 29.69 39.2341 10.4291
      vertex 29.69 39.5 10.45
    endloop
  endfacet
  facet normal 0 0.923857 -0.382738
    outer loop
      vertex 33 37.8832 9.27533
      vertex 29.69 37.9853 9.52178
      vertex 33 37.9853 9.52178
    endloop
  endfacet
  facet normal 0 0.923857 -0.382738
    outer loop
      vertex 29.69 37.9853 9.52178
      vertex 33 37.8832 9.27533
      vertex 29.69 37.8832 9.27533
    endloop
  endfacet
  facet normal 0 -0.923857 0.382738
    outer loop
      vertex 29.69 41.0147 7.97822
      vertex 33 41.1168 8.22467
      vertex 29.69 41.1168 8.22467
    endloop
  endfacet
  facet normal 0 -0.923857 0.382738
    outer loop
      vertex 33 41.1168 8.22467
      vertex 29.69 41.0147 7.97822
      vertex 33 41.0147 7.97822
    endloop
  endfacet
  facet normal 0 -0.972348 0.233537
    outer loop
      vertex 29.69 41.1168 8.22467
      vertex 33 41.1791 8.48406
      vertex 29.69 41.1791 8.48406
    endloop
  endfacet
  facet normal 0 -0.972348 0.233537
    outer loop
      vertex 33 41.1791 8.48406
      vertex 29.69 41.1168 8.22467
      vertex 33 41.1168 8.22467
    endloop
  endfacet
  facet normal 0 -0.233529 -0.97235
    outer loop
      vertex 29.69 39.7659 10.4291
      vertex 33 40.0253 10.3668
      vertex 33 39.7659 10.4291
    endloop
  endfacet
  facet normal -0 -0.233529 -0.97235
    outer loop
      vertex 33 40.0253 10.3668
      vertex 29.69 39.7659 10.4291
      vertex 29.69 40.0253 10.3668
    endloop
  endfacet
  facet normal 0 0.996926 -0.0783476
    outer loop
      vertex 33 37.8 8.75
      vertex 29.69 37.8209 9.01594
      vertex 33 37.8209 9.01594
    endloop
  endfacet
  facet normal 0 0.996926 -0.0783476
    outer loop
      vertex 29.69 37.8209 9.01594
      vertex 33 37.8 8.75
      vertex 29.69 37.8 8.75
    endloop
  endfacet
  facet normal -0.706014 -0.0555651 0.706014
    outer loop
      vertex 29.69 39.5 7.05
      vertex 28 40.0287 5.40161
      vertex 28 39.5 5.36
    endloop
  endfacet
  facet normal -0.706012 0.369985 0.60387
    outer loop
      vertex 29.69 38.7282 7.23529
      vertex 28 37.961 5.72949
      vertex 28 37.5087 6.00661
    endloop
  endfacet
  facet normal -0.706016 -0.603849 0.370011
    outer loop
      vertex 29.69 41.0147 7.97822
      vertex 28 42.5205 7.21097
      vertex 28 42.2434 6.75875
    endloop
  endfacet
  facet normal -0.70602 0.270983 0.654297
    outer loop
      vertex 28 38.4524 5.52592
      vertex 29.69 38.7282 7.23529
      vertex 29.69 38.9747 7.1332
    endloop
  endfacet
  facet normal -0.706012 0.271045 0.65428
    outer loop
      vertex 29.69 38.7282 7.23529
      vertex 28 38.4524 5.52592
      vertex 28 37.961 5.72949
    endloop
  endfacet
  facet normal -0.706017 -0.688633 0.165305
    outer loop
      vertex 29.69 41.1168 8.22467
      vertex 28 42.8479 8.21816
      vertex 28 42.7241 7.70243
    endloop
  endfacet
  facet normal -0.706016 -0.165309 0.688633
    outer loop
      vertex 29.69 40.0253 7.1332
      vertex 28 40.5476 5.52592
      vertex 28 40.0318 5.4021
    endloop
  endfacet
  facet normal -0.706016 -0.654273 0.27105
    outer loop
      vertex 28 42.5205 7.21097
      vertex 29.69 41.1168 8.22467
      vertex 28 42.7241 7.70243
    endloop
  endfacet
  facet normal -0.706016 -0.654271 0.271053
    outer loop
      vertex 29.69 41.1168 8.22467
      vertex 28 42.5205 7.21097
      vertex 29.69 41.0147 7.97822
    endloop
  endfacet
  facet normal -0.706012 -0.369965 -0.603881
    outer loop
      vertex 28 41.4913 11.4934
      vertex 29.69 40.2718 10.2647
      vertex 28 41.039 11.7705
    endloop
  endfacet
  facet normal -0.706012 -0.369985 0.60387
    outer loop
      vertex 29.69 40.2718 7.23529
      vertex 28 41.4913 6.00661
      vertex 28 41.039 5.72949
    endloop
  endfacet
  facet normal -0.70552 -0.0442068 -0.70731
    outer loop
      vertex 29.69 39.7659 10.4291
      vertex 28 40.0287 12.0984
      vertex 28 40.0303 12.0983
    endloop
  endfacet
  facet normal -0.706008 -0.0554944 -0.706026
    outer loop
      vertex 28 40.0287 12.0984
      vertex 29.69 39.7659 10.4291
      vertex 29.69 39.5 10.45
    endloop
  endfacet
  facet normal -0.705573 -0.707186 0.0453324
    outer loop
      vertex 29.69 41.1791 8.48406
      vertex 28 42.8484 8.22125
      vertex 28 42.8483 8.21969
    endloop
  endfacet
  facet normal -0.706008 -0.706027 0.0554861
    outer loop
      vertex 28 42.8484 8.22125
      vertex 29.69 41.1791 8.48406
      vertex 29.69 41.2 8.75
    endloop
  endfacet
  facet normal -0.706016 0.603849 0.370011
    outer loop
      vertex 29.69 37.9853 7.97822
      vertex 28 36.7566 6.75875
      vertex 28 36.4795 7.21097
    endloop
  endfacet
  facet normal -0.706006 0.688622 0.165393
    outer loop
      vertex 28 36.1521 8.21816
      vertex 29.69 37.8209 8.48406
      vertex 29.69 37.8832 8.22467
    endloop
  endfacet
  facet normal -0.705383 0.685777 0.179288
    outer loop
      vertex 29.69 37.8209 8.48406
      vertex 28 36.1521 8.21816
      vertex 28 36.1517 8.21969
    endloop
  endfacet
  facet normal -0.706015 0.0555518 -0.706015
    outer loop
      vertex 28 39.5 12.14
      vertex 29.69 39.5 10.45
      vertex 28 38.9713 12.0984
    endloop
  endfacet
  facet normal -0.705573 0.707186 0.0453324
    outer loop
      vertex 28 36.1516 8.22125
      vertex 29.69 37.8209 8.48406
      vertex 28 36.1517 8.21969
    endloop
  endfacet
  facet normal -0.706008 0.706027 0.0554861
    outer loop
      vertex 29.69 37.8209 8.48406
      vertex 28 36.1516 8.22125
      vertex 29.69 37.8 8.75
    endloop
  endfacet
  facet normal -0.706015 -0.706015 0.0555465
    outer loop
      vertex 29.69 41.2 8.75
      vertex 28 42.89 8.75
      vertex 28 42.8484 8.22125
    endloop
  endfacet
  facet normal -0.706015 -0.654268 -0.271064
    outer loop
      vertex 29.69 41.1168 9.27533
      vertex 28 42.5205 10.289
      vertex 28 42.7241 9.79757
    endloop
  endfacet
  facet normal -0.706014 -0.654274 -0.271054
    outer loop
      vertex 28 42.5205 10.289
      vertex 29.69 41.1168 9.27533
      vertex 29.69 41.0147 9.52178
    endloop
  endfacet
  facet normal -0.706008 0.0554944 -0.706026
    outer loop
      vertex 29.69 39.2341 10.4291
      vertex 28 38.9713 12.0984
      vertex 29.69 39.5 10.45
    endloop
  endfacet
  facet normal -0.70552 0.0442068 -0.70731
    outer loop
      vertex 28 38.9713 12.0984
      vertex 29.69 39.2341 10.4291
      vertex 28 38.9697 12.0983
    endloop
  endfacet
  facet normal -0.706015 0.706015 0.0555465
    outer loop
      vertex 29.69 37.8 8.75
      vertex 28 36.1516 8.22125
      vertex 28 36.11 8.75
    endloop
  endfacet
  facet normal -0.706012 0.369965 -0.603881
    outer loop
      vertex 28 37.961 11.7705
      vertex 29.69 38.7282 10.2647
      vertex 28 37.5087 11.4934
    endloop
  endfacet
  facet normal -0.706036 0.459812 -0.538597
    outer loop
      vertex 29.69 38.2979 9.95208
      vertex 28 37.5074 11.4926
      vertex 29.69 38.5008 10.1253
    endloop
  endfacet
  facet normal -0.706015 0.459956 -0.538501
    outer loop
      vertex 28 37.5074 11.4926
      vertex 29.69 38.2979 9.95208
      vertex 28 37.1029 11.1471
    endloop
  endfacet
  facet normal -0.706014 0.0555651 0.706014
    outer loop
      vertex 29.69 39.5 7.05
      vertex 28 39.5 5.36
      vertex 28 38.9713 5.40161
    endloop
  endfacet
  facet normal -0.706013 -0.459942 0.538516
    outer loop
      vertex 28 41.4926 6.00743
      vertex 29.69 40.7021 7.54792
      vertex 28 41.8971 6.35291
    endloop
  endfacet
  facet normal -0.706024 -0.459865 0.538567
    outer loop
      vertex 29.69 40.7021 7.54792
      vertex 28 41.4926 6.00743
      vertex 29.69 40.4992 7.37467
    endloop
  endfacet
  facet normal -0.706015 0.706015 -0.0555465
    outer loop
      vertex 28 36.1516 9.27875
      vertex 29.69 37.8 8.75
      vertex 28 36.11 8.75
    endloop
  endfacet
  facet normal -0.706082 -0.371129 -0.603085
    outer loop
      vertex 29.69 40.4992 10.1253
      vertex 28 41.4913 11.4934
      vertex 28 41.4926 11.4926
    endloop
  endfacet
  facet normal -0.706035 -0.370116 -0.603762
    outer loop
      vertex 28 41.4913 11.4934
      vertex 29.69 40.4992 10.1253
      vertex 29.69 40.2718 10.2647
    endloop
  endfacet
  facet normal -0.706015 -0.459956 -0.538501
    outer loop
      vertex 29.69 40.7021 9.95208
      vertex 28 41.4926 11.4926
      vertex 28 41.8971 11.1471
    endloop
  endfacet
  facet normal -0.706036 -0.459812 -0.538597
    outer loop
      vertex 28 41.4926 11.4926
      vertex 29.69 40.7021 9.95208
      vertex 29.69 40.4992 10.1253
    endloop
  endfacet
  facet normal -0.706006 0.688622 -0.165393
    outer loop
      vertex 29.69 37.8209 9.01594
      vertex 28 36.1521 9.28184
      vertex 29.69 37.8832 9.27533
    endloop
  endfacet
  facet normal -0.705383 0.685777 -0.179288
    outer loop
      vertex 28 36.1521 9.28184
      vertex 29.69 37.8209 9.01594
      vertex 28 36.1517 9.28031
    endloop
  endfacet
  facet normal -0.706024 0.459865 0.538567
    outer loop
      vertex 28 37.5074 6.00743
      vertex 29.69 38.2979 7.54792
      vertex 29.69 38.5008 7.37467
    endloop
  endfacet
  facet normal -0.706013 0.459942 0.538516
    outer loop
      vertex 29.69 38.2979 7.54792
      vertex 28 37.5074 6.00743
      vertex 28 37.1029 6.35291
    endloop
  endfacet
  facet normal -0.705383 -0.685777 0.179288
    outer loop
      vertex 28 42.8479 8.21816
      vertex 29.69 41.1791 8.48406
      vertex 28 42.8483 8.21969
    endloop
  endfacet
  facet normal -0.706006 -0.688622 0.165393
    outer loop
      vertex 29.69 41.1791 8.48406
      vertex 28 42.8479 8.21816
      vertex 29.69 41.1168 8.22467
    endloop
  endfacet
  facet normal -0.706012 -0.271045 0.65428
    outer loop
      vertex 28 40.5476 5.52592
      vertex 29.69 40.2718 7.23529
      vertex 28 41.039 5.72949
    endloop
  endfacet
  facet normal -0.70602 -0.270983 0.654297
    outer loop
      vertex 29.69 40.2718 7.23529
      vertex 28 40.5476 5.52592
      vertex 29.69 40.0253 7.1332
    endloop
  endfacet
  facet normal -0.70568 -0.60836 0.3632
    outer loop
      vertex 29.69 40.8753 7.75077
      vertex 28 42.2434 6.75875
      vertex 28 42.2426 6.75741
    endloop
  endfacet
  facet normal -0.706024 -0.603808 0.370063
    outer loop
      vertex 28 42.2434 6.75875
      vertex 29.69 40.8753 7.75077
      vertex 29.69 41.0147 7.97822
    endloop
  endfacet
  facet normal -0.706015 0.603879 -0.369964
    outer loop
      vertex 28 36.7566 10.7413
      vertex 29.69 37.9853 9.52178
      vertex 28 36.4795 10.289
    endloop
  endfacet
  facet normal -0.706017 -0.688633 -0.165305
    outer loop
      vertex 28 42.8479 9.28184
      vertex 29.69 41.1168 9.27533
      vertex 28 42.7241 9.79757
    endloop
  endfacet
  facet normal -0.706016 0.654271 0.271053
    outer loop
      vertex 28 36.4795 7.21097
      vertex 29.69 37.8832 8.22467
      vertex 29.69 37.9853 7.97822
    endloop
  endfacet
  facet normal -0.706016 0.654273 0.27105
    outer loop
      vertex 29.69 37.8832 8.22467
      vertex 28 36.4795 7.21097
      vertex 28 36.2759 7.70243
    endloop
  endfacet
  facet normal -0.706026 0.370082 0.603793
    outer loop
      vertex 28 37.5087 6.00661
      vertex 29.69 38.5008 7.37467
      vertex 29.69 38.7282 7.23529
    endloop
  endfacet
  facet normal -0.706351 0.377647 0.598708
    outer loop
      vertex 29.69 38.5008 7.37467
      vertex 28 37.5087 6.00661
      vertex 28 37.5074 6.00743
    endloop
  endfacet
  facet normal -0.706015 -0.603879 -0.369964
    outer loop
      vertex 28 42.5205 10.289
      vertex 29.69 41.0147 9.52178
      vertex 28 42.2434 10.7413
    endloop
  endfacet
  facet normal -0.706022 0.271004 -0.654285
    outer loop
      vertex 29.69 38.7282 10.2647
      vertex 28 38.4524 11.9741
      vertex 29.69 38.9747 10.3668
    endloop
  endfacet
  facet normal -0.706013 0.271079 -0.654264
    outer loop
      vertex 28 38.4524 11.9741
      vertex 29.69 38.7282 10.2647
      vertex 28 37.961 11.7705
    endloop
  endfacet
  facet normal -0.706015 -0.0555518 -0.706015
    outer loop
      vertex 28 40.0287 12.0984
      vertex 29.69 39.5 10.45
      vertex 28 39.5 12.14
    endloop
  endfacet
  facet normal -0.706019 0.165283 -0.688636
    outer loop
      vertex 28 38.9682 12.0979
      vertex 29.69 38.9747 10.3668
      vertex 28 38.4524 11.9741
    endloop
  endfacet
  facet normal -0.706015 -0.706015 -0.0555465
    outer loop
      vertex 28 42.89 8.75
      vertex 29.69 41.2 8.75
      vertex 28 42.8484 9.27875
    endloop
  endfacet
  facet normal -0.706009 0.538588 0.459864
    outer loop
      vertex 28 37.1029 6.35291
      vertex 29.69 38.1247 7.75077
      vertex 29.69 38.2979 7.54792
    endloop
  endfacet
  facet normal -0.706024 0.538495 0.45995
    outer loop
      vertex 29.69 38.1247 7.75077
      vertex 28 37.1029 6.35291
      vertex 28 36.7574 6.75741
    endloop
  endfacet
  facet normal -0.706008 -0.706027 -0.0554861
    outer loop
      vertex 29.69 41.1791 9.01594
      vertex 28 42.8484 9.27875
      vertex 29.69 41.2 8.75
    endloop
  endfacet
  facet normal -0.705573 -0.707186 -0.0453324
    outer loop
      vertex 28 42.8484 9.27875
      vertex 29.69 41.1791 9.01594
      vertex 28 42.8483 9.28031
    endloop
  endfacet
  facet normal -0.70601 0.538587 -0.459863
    outer loop
      vertex 29.69 38.1247 9.74923
      vertex 28 37.1029 11.1471
      vertex 29.69 38.2979 9.95208
    endloop
  endfacet
  facet normal -0.706025 0.538494 -0.459949
    outer loop
      vertex 28 37.1029 11.1471
      vertex 29.69 38.1247 9.74923
      vertex 28 36.7574 10.7426
    endloop
  endfacet
  facet normal -0.706025 -0.538494 -0.459949
    outer loop
      vertex 29.69 40.8753 9.74923
      vertex 28 41.8971 11.1471
      vertex 28 42.2426 10.7426
    endloop
  endfacet
  facet normal -0.70601 -0.538587 -0.459863
    outer loop
      vertex 28 41.8971 11.1471
      vertex 29.69 40.8753 9.74923
      vertex 29.69 40.7021 9.95208
    endloop
  endfacet
  facet normal -0.706029 -0.603803 -0.37006
    outer loop
      vertex 29.69 40.8753 9.74923
      vertex 28 42.2434 10.7413
      vertex 29.69 41.0147 9.52178
    endloop
  endfacet
  facet normal -0.706078 -0.603088 -0.371131
    outer loop
      vertex 28 42.2434 10.7413
      vertex 29.69 40.8753 9.74923
      vertex 28 42.2426 10.7426
    endloop
  endfacet
  facet normal -0.70568 0.60836 0.3632
    outer loop
      vertex 28 36.7566 6.75875
      vertex 29.69 38.1247 7.75077
      vertex 28 36.7574 6.75741
    endloop
  endfacet
  facet normal -0.706024 0.603808 0.370063
    outer loop
      vertex 29.69 38.1247 7.75077
      vertex 28 36.7566 6.75875
      vertex 29.69 37.9853 7.97822
    endloop
  endfacet
  facet normal -0.706013 -0.271079 -0.654264
    outer loop
      vertex 29.69 40.2718 10.2647
      vertex 28 40.5476 11.9741
      vertex 28 41.039 11.7705
    endloop
  endfacet
  facet normal -0.706022 -0.271004 -0.654285
    outer loop
      vertex 28 40.5476 11.9741
      vertex 29.69 40.2718 10.2647
      vertex 29.69 40.0253 10.3668
    endloop
  endfacet
  facet normal -0.706019 -0.165283 -0.688636
    outer loop
      vertex 28 40.5476 11.9741
      vertex 29.69 40.0253 10.3668
      vertex 28 40.0318 12.0979
    endloop
  endfacet
  facet normal -0.706017 0.688633 -0.165305
    outer loop
      vertex 28 36.2759 9.79757
      vertex 29.69 37.8832 9.27533
      vertex 28 36.1521 9.28184
    endloop
  endfacet
  facet normal -0.706017 -0.165274 0.68864
    outer loop
      vertex 29.69 39.7659 7.07093
      vertex 28 40.0318 5.4021
      vertex 28 40.0303 5.40174
    endloop
  endfacet
  facet normal -0.706016 -0.165309 0.688633
    outer loop
      vertex 28 40.0318 5.4021
      vertex 29.69 39.7659 7.07093
      vertex 29.69 40.0253 7.1332
    endloop
  endfacet
  facet normal -0.706015 0.055573 0.706013
    outer loop
      vertex 28 38.9713 5.40161
      vertex 29.69 39.2341 7.07093
      vertex 29.69 39.5 7.05
    endloop
  endfacet
  facet normal -0.706084 0.0573465 0.705803
    outer loop
      vertex 29.69 39.2341 7.07093
      vertex 28 38.9713 5.40161
      vertex 28 38.9697 5.40174
    endloop
  endfacet
  facet normal -0.706024 -0.538495 0.45995
    outer loop
      vertex 28 41.8971 6.35291
      vertex 29.69 40.8753 7.75077
      vertex 28 42.2426 6.75741
    endloop
  endfacet
  facet normal -0.706009 -0.538588 0.459864
    outer loop
      vertex 29.69 40.8753 7.75077
      vertex 28 41.8971 6.35291
      vertex 29.69 40.7021 7.54792
    endloop
  endfacet
  facet normal -0.706006 -0.165386 -0.688623
    outer loop
      vertex 29.69 39.7659 10.4291
      vertex 28 40.0318 12.0979
      vertex 29.69 40.0253 10.3668
    endloop
  endfacet
  facet normal -0.705209 -0.182683 -0.68506
    outer loop
      vertex 28 40.0318 12.0979
      vertex 29.69 39.7659 10.4291
      vertex 28 40.0303 12.0983
    endloop
  endfacet
  facet normal -0.706006 0.165386 -0.688623
    outer loop
      vertex 28 38.9682 12.0979
      vertex 29.69 39.2341 10.4291
      vertex 29.69 38.9747 10.3668
    endloop
  endfacet
  facet normal -0.705209 0.182683 -0.68506
    outer loop
      vertex 29.69 39.2341 10.4291
      vertex 28 38.9682 12.0979
      vertex 28 38.9697 12.0983
    endloop
  endfacet
  facet normal -0.706008 0.706027 -0.0554861
    outer loop
      vertex 28 36.1516 9.27875
      vertex 29.69 37.8209 9.01594
      vertex 29.69 37.8 8.75
    endloop
  endfacet
  facet normal -0.705573 0.707186 -0.0453324
    outer loop
      vertex 29.69 37.8209 9.01594
      vertex 28 36.1516 9.27875
      vertex 28 36.1517 9.28031
    endloop
  endfacet
  facet normal -0.706029 0.603803 -0.37006
    outer loop
      vertex 28 36.7566 10.7413
      vertex 29.69 38.1247 9.74923
      vertex 29.69 37.9853 9.52178
    endloop
  endfacet
  facet normal -0.706078 0.603088 -0.371131
    outer loop
      vertex 29.69 38.1247 9.74923
      vertex 28 36.7566 10.7413
      vertex 28 36.7574 10.7426
    endloop
  endfacet
  facet normal -0.706014 0.654274 -0.271054
    outer loop
      vertex 29.69 37.8832 9.27533
      vertex 28 36.4795 10.289
      vertex 29.69 37.9853 9.52178
    endloop
  endfacet
  facet normal -0.706015 0.654268 -0.271064
    outer loop
      vertex 28 36.4795 10.289
      vertex 29.69 37.8832 9.27533
      vertex 28 36.2759 9.79757
    endloop
  endfacet
  facet normal -0.706035 0.370116 -0.603762
    outer loop
      vertex 29.69 38.5008 10.1253
      vertex 28 37.5087 11.4934
      vertex 29.69 38.7282 10.2647
    endloop
  endfacet
  facet normal -0.706082 0.371129 -0.603085
    outer loop
      vertex 28 37.5087 11.4934
      vertex 29.69 38.5008 10.1253
      vertex 28 37.5074 11.4926
    endloop
  endfacet
  facet normal -0.706017 0.688633 0.165305
    outer loop
      vertex 29.69 37.8832 8.22467
      vertex 28 36.2759 7.70243
      vertex 28 36.1521 8.21816
    endloop
  endfacet
  facet normal -0.706016 0.165309 0.688633
    outer loop
      vertex 29.69 38.9747 7.1332
      vertex 28 38.9682 5.4021
      vertex 28 38.4524 5.52592
    endloop
  endfacet
  facet normal -0.706351 -0.377647 0.598708
    outer loop
      vertex 28 41.4913 6.00661
      vertex 29.69 40.4992 7.37467
      vertex 28 41.4926 6.00743
    endloop
  endfacet
  facet normal -0.706026 -0.370082 0.603793
    outer loop
      vertex 29.69 40.4992 7.37467
      vertex 28 41.4913 6.00661
      vertex 29.69 40.2718 7.23529
    endloop
  endfacet
  facet normal -0.706084 -0.0573465 0.705803
    outer loop
      vertex 28 40.0287 5.40161
      vertex 29.69 39.7659 7.07093
      vertex 28 40.0303 5.40174
    endloop
  endfacet
  facet normal -0.706015 -0.055573 0.706013
    outer loop
      vertex 29.69 39.7659 7.07093
      vertex 28 40.0287 5.40161
      vertex 29.69 39.5 7.05
    endloop
  endfacet
  facet normal -0.705383 -0.685777 -0.179288
    outer loop
      vertex 29.69 41.1791 9.01594
      vertex 28 42.8479 9.28184
      vertex 28 42.8483 9.28031
    endloop
  endfacet
  facet normal -0.706006 -0.688622 -0.165393
    outer loop
      vertex 28 42.8479 9.28184
      vertex 29.69 41.1791 9.01594
      vertex 29.69 41.1168 9.27533
    endloop
  endfacet
  facet normal -0.706017 0.165274 0.68864
    outer loop
      vertex 28 38.9682 5.4021
      vertex 29.69 39.2341 7.07093
      vertex 28 38.9697 5.40174
    endloop
  endfacet
  facet normal -0.706016 0.165309 0.688633
    outer loop
      vertex 29.69 39.2341 7.07093
      vertex 28 38.9682 5.4021
      vertex 29.69 38.9747 7.1332
    endloop
  endfacet
  facet normal 0 -0.233529 0.97235
    outer loop
      vertex 29.69 40.0253 38.1332
      vertex 33 39.7659 38.0709
      vertex 33 40.0253 38.1332
    endloop
  endfacet
  facet normal 0 -0.233529 0.97235
    outer loop
      vertex 33 39.7659 38.0709
      vertex 29.69 40.0253 38.1332
      vertex 29.69 39.7659 38.0709
    endloop
  endfacet
  facet normal 0 -0.0783593 0.996925
    outer loop
      vertex 29.69 39.7659 38.0709
      vertex 33 39.5 38.05
      vertex 33 39.7659 38.0709
    endloop
  endfacet
  facet normal 0 -0.0783593 0.996925
    outer loop
      vertex 33 39.5 38.05
      vertex 29.69 39.7659 38.0709
      vertex 29.69 39.5 38.05
    endloop
  endfacet
  facet normal 0 -0.382672 0.923884
    outer loop
      vertex 29.69 40.2718 38.2353
      vertex 33 40.0253 38.1332
      vertex 33 40.2718 38.2353
    endloop
  endfacet
  facet normal 0 -0.382672 0.923884
    outer loop
      vertex 33 40.0253 38.1332
      vertex 29.69 40.2718 38.2353
      vertex 29.69 40.0253 38.1332
    endloop
  endfacet
  facet normal 0 0.852558 0.522632
    outer loop
      vertex 33 38.1247 38.7508
      vertex 29.69 37.9853 38.9782
      vertex 33 37.9853 38.9782
    endloop
  endfacet
  facet normal 0 0.852558 0.522632
    outer loop
      vertex 29.69 37.9853 38.9782
      vertex 33 38.1247 38.7508
      vertex 29.69 38.1247 38.7508
    endloop
  endfacet
  facet normal 0 -0.382672 -0.923884
    outer loop
      vertex 29.69 40.0253 41.3668
      vertex 33 40.2718 41.2647
      vertex 33 40.0253 41.3668
    endloop
  endfacet
  facet normal -0 -0.382672 -0.923884
    outer loop
      vertex 33 40.2718 41.2647
      vertex 29.69 40.0253 41.3668
      vertex 29.69 40.2718 41.2647
    endloop
  endfacet
  facet normal 0 0.852558 -0.522632
    outer loop
      vertex 33 37.9853 40.5218
      vertex 29.69 38.1247 40.7492
      vertex 33 38.1247 40.7492
    endloop
  endfacet
  facet normal 0 0.852558 -0.522632
    outer loop
      vertex 29.69 38.1247 40.7492
      vertex 33 37.9853 40.5218
      vertex 29.69 37.9853 40.5218
    endloop
  endfacet
  facet normal 0 0.923884 0.382672
    outer loop
      vertex 33 37.9853 38.9782
      vertex 29.69 37.8832 39.2247
      vertex 33 37.8832 39.2247
    endloop
  endfacet
  facet normal 0 0.923884 0.382672
    outer loop
      vertex 29.69 37.8832 39.2247
      vertex 33 37.9853 38.9782
      vertex 29.69 37.9853 38.9782
    endloop
  endfacet
  facet normal 0 -0.923884 -0.382672
    outer loop
      vertex 29.69 41.1168 40.2753
      vertex 33 41.0147 40.5218
      vertex 29.69 41.0147 40.5218
    endloop
  endfacet
  facet normal 0 -0.923884 -0.382672
    outer loop
      vertex 33 41.0147 40.5218
      vertex 29.69 41.1168 40.2753
      vertex 33 41.1168 40.2753
    endloop
  endfacet
  facet normal 0 -0.852558 -0.522632
    outer loop
      vertex 29.69 41.0147 40.5218
      vertex 33 40.8753 40.7492
      vertex 29.69 40.8753 40.7492
    endloop
  endfacet
  facet normal 0 -0.852558 -0.522632
    outer loop
      vertex 33 40.8753 40.7492
      vertex 29.69 41.0147 40.5218
      vertex 33 41.0147 40.5218
    endloop
  endfacet
  facet normal 0 -0.97235 -0.233529
    outer loop
      vertex 29.69 41.1791 40.0159
      vertex 33 41.1168 40.2753
      vertex 29.69 41.1168 40.2753
    endloop
  endfacet
  facet normal 0 -0.97235 -0.233529
    outer loop
      vertex 33 41.1168 40.2753
      vertex 29.69 41.1791 40.0159
      vertex 33 41.1791 40.0159
    endloop
  endfacet
  facet normal 0 0.760578 0.649247
    outer loop
      vertex 33 38.2979 38.5479
      vertex 29.69 38.1247 38.7508
      vertex 33 38.1247 38.7508
    endloop
  endfacet
  facet normal 0 0.760578 0.649247
    outer loop
      vertex 29.69 38.1247 38.7508
      vertex 33 38.2979 38.5479
      vertex 29.69 38.2979 38.5479
    endloop
  endfacet
  facet normal 0 -0.996925 -0.0783593
    outer loop
      vertex 29.69 41.2 39.75
      vertex 33 41.1791 40.0159
      vertex 29.69 41.1791 40.0159
    endloop
  endfacet
  facet normal 0 -0.996925 -0.0783593
    outer loop
      vertex 33 41.1791 40.0159
      vertex 29.69 41.2 39.75
      vertex 33 41.2 39.75
    endloop
  endfacet
  facet normal 0 0.382672 -0.923884
    outer loop
      vertex 29.69 38.7282 41.2647
      vertex 33 38.9747 41.3668
      vertex 33 38.7282 41.2647
    endloop
  endfacet
  facet normal 0 0.382672 -0.923884
    outer loop
      vertex 33 38.9747 41.3668
      vertex 29.69 38.7282 41.2647
      vertex 29.69 38.9747 41.3668
    endloop
  endfacet
  facet normal 0 -0.649247 -0.760578
    outer loop
      vertex 29.69 40.4992 41.1253
      vertex 33 40.7021 40.9521
      vertex 33 40.4992 41.1253
    endloop
  endfacet
  facet normal -0 -0.649247 -0.760578
    outer loop
      vertex 33 40.7021 40.9521
      vertex 29.69 40.4992 41.1253
      vertex 29.69 40.7021 40.9521
    endloop
  endfacet
  facet normal 0 0.97235 -0.233529
    outer loop
      vertex 33 37.8209 40.0159
      vertex 29.69 37.8832 40.2753
      vertex 33 37.8832 40.2753
    endloop
  endfacet
  facet normal 0 0.97235 -0.233529
    outer loop
      vertex 29.69 37.8832 40.2753
      vertex 33 37.8209 40.0159
      vertex 29.69 37.8209 40.0159
    endloop
  endfacet
  facet normal -0 0.382672 0.923884
    outer loop
      vertex 29.69 38.9747 38.1332
      vertex 33 38.7282 38.2353
      vertex 33 38.9747 38.1332
    endloop
  endfacet
  facet normal 0 0.382672 0.923884
    outer loop
      vertex 33 38.7282 38.2353
      vertex 29.69 38.9747 38.1332
      vertex 29.69 38.7282 38.2353
    endloop
  endfacet
  facet normal 0 0.649247 -0.760578
    outer loop
      vertex 29.69 38.2979 40.9521
      vertex 33 38.5008 41.1253
      vertex 33 38.2979 40.9521
    endloop
  endfacet
  facet normal 0 0.649247 -0.760578
    outer loop
      vertex 33 38.5008 41.1253
      vertex 29.69 38.2979 40.9521
      vertex 29.69 38.5008 41.1253
    endloop
  endfacet
  facet normal 0 -0.760578 -0.649247
    outer loop
      vertex 29.69 40.8753 40.7492
      vertex 33 40.7021 40.9521
      vertex 29.69 40.7021 40.9521
    endloop
  endfacet
  facet normal 0 -0.760578 -0.649247
    outer loop
      vertex 33 40.7021 40.9521
      vertex 29.69 40.8753 40.7492
      vertex 33 40.8753 40.7492
    endloop
  endfacet
  facet normal 0 0.996925 0.0783593
    outer loop
      vertex 33 37.8209 39.4841
      vertex 29.69 37.8 39.75
      vertex 33 37.8 39.75
    endloop
  endfacet
  facet normal 0 0.996925 0.0783593
    outer loop
      vertex 29.69 37.8 39.75
      vertex 33 37.8209 39.4841
      vertex 29.69 37.8209 39.4841
    endloop
  endfacet
  facet normal -0 0.522632 0.852558
    outer loop
      vertex 29.69 38.7282 38.2353
      vertex 33 38.5008 38.3747
      vertex 33 38.7282 38.2353
    endloop
  endfacet
  facet normal 0 0.522632 0.852558
    outer loop
      vertex 33 38.5008 38.3747
      vertex 29.69 38.7282 38.2353
      vertex 29.69 38.5008 38.3747
    endloop
  endfacet
  facet normal 0 -0.522632 0.852558
    outer loop
      vertex 29.69 40.4992 38.3747
      vertex 33 40.2718 38.2353
      vertex 33 40.4992 38.3747
    endloop
  endfacet
  facet normal 0 -0.522632 0.852558
    outer loop
      vertex 33 40.2718 38.2353
      vertex 29.69 40.4992 38.3747
      vertex 29.69 40.2718 38.2353
    endloop
  endfacet
  facet normal -0 0.0783593 0.996925
    outer loop
      vertex 29.69 39.5 38.05
      vertex 33 39.2341 38.0709
      vertex 33 39.5 38.05
    endloop
  endfacet
  facet normal 0 0.0783593 0.996925
    outer loop
      vertex 33 39.2341 38.0709
      vertex 29.69 39.5 38.05
      vertex 29.69 39.2341 38.0709
    endloop
  endfacet
  facet normal -0 0.233529 0.97235
    outer loop
      vertex 29.69 39.2341 38.0709
      vertex 33 38.9747 38.1332
      vertex 33 39.2341 38.0709
    endloop
  endfacet
  facet normal 0 0.233529 0.97235
    outer loop
      vertex 33 38.9747 38.1332
      vertex 29.69 39.2341 38.0709
      vertex 29.69 38.9747 38.1332
    endloop
  endfacet
  facet normal 0 0.233529 -0.97235
    outer loop
      vertex 29.69 38.9747 41.3668
      vertex 33 39.2341 41.4291
      vertex 33 38.9747 41.3668
    endloop
  endfacet
  facet normal 0 0.233529 -0.97235
    outer loop
      vertex 33 39.2341 41.4291
      vertex 29.69 38.9747 41.3668
      vertex 29.69 39.2341 41.4291
    endloop
  endfacet
  facet normal 0 -0.852558 0.522632
    outer loop
      vertex 29.69 40.8753 38.7508
      vertex 33 41.0147 38.9782
      vertex 29.69 41.0147 38.9782
    endloop
  endfacet
  facet normal 0 -0.852558 0.522632
    outer loop
      vertex 33 41.0147 38.9782
      vertex 29.69 40.8753 38.7508
      vertex 33 40.8753 38.7508
    endloop
  endfacet
  facet normal 0 -0.649247 0.760578
    outer loop
      vertex 29.69 40.7021 38.5479
      vertex 33 40.4992 38.3747
      vertex 33 40.7021 38.5479
    endloop
  endfacet
  facet normal 0 -0.649247 0.760578
    outer loop
      vertex 33 40.4992 38.3747
      vertex 29.69 40.7021 38.5479
      vertex 29.69 40.4992 38.3747
    endloop
  endfacet
  facet normal 0 -0.0783593 -0.996925
    outer loop
      vertex 29.69 39.5 41.45
      vertex 33 39.7659 41.4291
      vertex 33 39.5 41.45
    endloop
  endfacet
  facet normal -0 -0.0783593 -0.996925
    outer loop
      vertex 33 39.7659 41.4291
      vertex 29.69 39.5 41.45
      vertex 29.69 39.7659 41.4291
    endloop
  endfacet
  facet normal 0 -0.760578 0.649247
    outer loop
      vertex 29.69 40.7021 38.5479
      vertex 33 40.8753 38.7508
      vertex 29.69 40.8753 38.7508
    endloop
  endfacet
  facet normal 0 -0.760578 0.649247
    outer loop
      vertex 33 40.8753 38.7508
      vertex 29.69 40.7021 38.5479
      vertex 33 40.7021 38.5479
    endloop
  endfacet
  facet normal 0 0.97235 0.233529
    outer loop
      vertex 33 37.8832 39.2247
      vertex 29.69 37.8209 39.4841
      vertex 33 37.8209 39.4841
    endloop
  endfacet
  facet normal 0 0.97235 0.233529
    outer loop
      vertex 29.69 37.8209 39.4841
      vertex 33 37.8832 39.2247
      vertex 29.69 37.8832 39.2247
    endloop
  endfacet
  facet normal 0 0.522632 -0.852558
    outer loop
      vertex 29.69 38.5008 41.1253
      vertex 33 38.7282 41.2647
      vertex 33 38.5008 41.1253
    endloop
  endfacet
  facet normal 0 0.522632 -0.852558
    outer loop
      vertex 33 38.7282 41.2647
      vertex 29.69 38.5008 41.1253
      vertex 29.69 38.7282 41.2647
    endloop
  endfacet
  facet normal 0 -0.996925 0.0783593
    outer loop
      vertex 29.69 41.1791 39.4841
      vertex 33 41.2 39.75
      vertex 29.69 41.2 39.75
    endloop
  endfacet
  facet normal 0 -0.996925 0.0783593
    outer loop
      vertex 33 41.2 39.75
      vertex 29.69 41.1791 39.4841
      vertex 33 41.1791 39.4841
    endloop
  endfacet
  facet normal 0 0.760578 -0.649247
    outer loop
      vertex 33 38.1247 40.7492
      vertex 29.69 38.2979 40.9521
      vertex 33 38.2979 40.9521
    endloop
  endfacet
  facet normal 0 0.760578 -0.649247
    outer loop
      vertex 29.69 38.2979 40.9521
      vertex 33 38.1247 40.7492
      vertex 29.69 38.1247 40.7492
    endloop
  endfacet
  facet normal -0 0.649247 0.760578
    outer loop
      vertex 29.69 38.5008 38.3747
      vertex 33 38.2979 38.5479
      vertex 33 38.5008 38.3747
    endloop
  endfacet
  facet normal 0 0.649247 0.760578
    outer loop
      vertex 33 38.2979 38.5479
      vertex 29.69 38.5008 38.3747
      vertex 29.69 38.2979 38.5479
    endloop
  endfacet
  facet normal 0 -0.522632 -0.852558
    outer loop
      vertex 29.69 40.2718 41.2647
      vertex 33 40.4992 41.1253
      vertex 33 40.2718 41.2647
    endloop
  endfacet
  facet normal -0 -0.522632 -0.852558
    outer loop
      vertex 33 40.4992 41.1253
      vertex 29.69 40.2718 41.2647
      vertex 29.69 40.4992 41.1253
    endloop
  endfacet
  facet normal 0 0.0783593 -0.996925
    outer loop
      vertex 29.69 39.2341 41.4291
      vertex 33 39.5 41.45
      vertex 33 39.2341 41.4291
    endloop
  endfacet
  facet normal 0 0.0783593 -0.996925
    outer loop
      vertex 33 39.5 41.45
      vertex 29.69 39.2341 41.4291
      vertex 29.69 39.5 41.45
    endloop
  endfacet
  facet normal 0 0.923884 -0.382672
    outer loop
      vertex 33 37.8832 40.2753
      vertex 29.69 37.9853 40.5218
      vertex 33 37.9853 40.5218
    endloop
  endfacet
  facet normal 0 0.923884 -0.382672
    outer loop
      vertex 29.69 37.9853 40.5218
      vertex 33 37.8832 40.2753
      vertex 29.69 37.8832 40.2753
    endloop
  endfacet
  facet normal 0 -0.923884 0.382672
    outer loop
      vertex 29.69 41.0147 38.9782
      vertex 33 41.1168 39.2247
      vertex 29.69 41.1168 39.2247
    endloop
  endfacet
  facet normal 0 -0.923884 0.382672
    outer loop
      vertex 33 41.1168 39.2247
      vertex 29.69 41.0147 38.9782
      vertex 33 41.0147 38.9782
    endloop
  endfacet
  facet normal 0 -0.97235 0.233529
    outer loop
      vertex 29.69 41.1168 39.2247
      vertex 33 41.1791 39.4841
      vertex 29.69 41.1791 39.4841
    endloop
  endfacet
  facet normal 0 -0.97235 0.233529
    outer loop
      vertex 33 41.1791 39.4841
      vertex 29.69 41.1168 39.2247
      vertex 33 41.1168 39.2247
    endloop
  endfacet
  facet normal 0 -0.233529 -0.97235
    outer loop
      vertex 29.69 39.7659 41.4291
      vertex 33 40.0253 41.3668
      vertex 33 39.7659 41.4291
    endloop
  endfacet
  facet normal -0 -0.233529 -0.97235
    outer loop
      vertex 33 40.0253 41.3668
      vertex 29.69 39.7659 41.4291
      vertex 29.69 40.0253 41.3668
    endloop
  endfacet
  facet normal 0 0.996925 -0.0783593
    outer loop
      vertex 33 37.8 39.75
      vertex 29.69 37.8209 40.0159
      vertex 33 37.8209 40.0159
    endloop
  endfacet
  facet normal 0 0.996925 -0.0783593
    outer loop
      vertex 29.69 37.8209 40.0159
      vertex 33 37.8 39.75
      vertex 29.69 37.8 39.75
    endloop
  endfacet
  facet normal -0.706015 -0.0555518 0.706015
    outer loop
      vertex 29.69 39.5 38.05
      vertex 28 40.0287 36.4016
      vertex 28 39.5 36.36
    endloop
  endfacet
  facet normal -0.706012 0.369965 0.603881
    outer loop
      vertex 29.69 38.7282 38.2353
      vertex 28 37.961 36.7295
      vertex 28 37.5087 37.0066
    endloop
  endfacet
  facet normal -0.706012 -0.603881 0.369965
    outer loop
      vertex 29.69 41.0147 38.9782
      vertex 28 42.5205 38.211
      vertex 28 42.2434 37.7587
    endloop
  endfacet
  facet normal -0.706022 0.271004 0.654285
    outer loop
      vertex 28 38.4524 36.5259
      vertex 29.69 38.7282 38.2353
      vertex 29.69 38.9747 38.1332
    endloop
  endfacet
  facet normal -0.706013 0.271079 0.654264
    outer loop
      vertex 29.69 38.7282 38.2353
      vertex 28 38.4524 36.5259
      vertex 28 37.961 36.7295
    endloop
  endfacet
  facet normal -0.706019 -0.688636 0.165283
    outer loop
      vertex 29.69 41.1168 39.2247
      vertex 28 42.8479 39.2182
      vertex 28 42.7241 38.7024
    endloop
  endfacet
  facet normal -0.706019 -0.165283 0.688636
    outer loop
      vertex 29.69 40.0253 38.1332
      vertex 28 40.5476 36.5259
      vertex 28 40.0318 36.4021
    endloop
  endfacet
  facet normal -0.706019 -0.654258 0.271077
    outer loop
      vertex 28 42.5205 38.211
      vertex 29.69 41.1168 39.2247
      vertex 28 42.7241 38.7024
    endloop
  endfacet
  facet normal -0.70601 -0.654296 0.271009
    outer loop
      vertex 29.69 41.1168 39.2247
      vertex 28 42.5205 38.211
      vertex 29.69 41.0147 38.9782
    endloop
  endfacet
  facet normal -0.706012 -0.369965 -0.603881
    outer loop
      vertex 28 41.4913 42.4934
      vertex 29.69 40.2718 41.2647
      vertex 28 41.039 42.7705
    endloop
  endfacet
  facet normal -0.706012 -0.369965 0.603881
    outer loop
      vertex 29.69 40.2718 38.2353
      vertex 28 41.4913 37.0066
      vertex 28 41.039 36.7295
    endloop
  endfacet
  facet normal -0.70552 -0.0442068 -0.70731
    outer loop
      vertex 29.69 39.7659 41.4291
      vertex 28 40.0287 43.0984
      vertex 28 40.0303 43.0983
    endloop
  endfacet
  facet normal -0.706008 -0.0554944 -0.706026
    outer loop
      vertex 28 40.0287 43.0984
      vertex 29.69 39.7659 41.4291
      vertex 29.69 39.5 41.45
    endloop
  endfacet
  facet normal -0.70552 -0.70731 0.0442068
    outer loop
      vertex 29.69 41.1791 39.4841
      vertex 28 42.8484 39.2213
      vertex 28 42.8483 39.2197
    endloop
  endfacet
  facet normal -0.706008 -0.706026 0.0554944
    outer loop
      vertex 28 42.8484 39.2213
      vertex 29.69 41.1791 39.4841
      vertex 29.69 41.2 39.75
    endloop
  endfacet
  facet normal -0.706012 0.603881 0.369965
    outer loop
      vertex 29.69 37.9853 38.9782
      vertex 28 36.7566 37.7587
      vertex 28 36.4795 38.211
    endloop
  endfacet
  facet normal -0.706006 0.688623 0.165386
    outer loop
      vertex 28 36.1521 39.2182
      vertex 29.69 37.8209 39.4841
      vertex 29.69 37.8832 39.2247
    endloop
  endfacet
  facet normal -0.705209 0.68506 0.182683
    outer loop
      vertex 29.69 37.8209 39.4841
      vertex 28 36.1521 39.2182
      vertex 28 36.1517 39.2197
    endloop
  endfacet
  facet normal -0.706015 0.0555518 -0.706015
    outer loop
      vertex 28 39.5 43.14
      vertex 29.69 39.5 41.45
      vertex 28 38.9713 43.0984
    endloop
  endfacet
  facet normal -0.70552 0.70731 0.0442068
    outer loop
      vertex 28 36.1516 39.2213
      vertex 29.69 37.8209 39.4841
      vertex 28 36.1517 39.2197
    endloop
  endfacet
  facet normal -0.706008 0.706026 0.0554944
    outer loop
      vertex 29.69 37.8209 39.4841
      vertex 28 36.1516 39.2213
      vertex 29.69 37.8 39.75
    endloop
  endfacet
  facet normal -0.706015 -0.706015 0.0555518
    outer loop
      vertex 29.69 41.2 39.75
      vertex 28 42.89 39.75
      vertex 28 42.8484 39.2213
    endloop
  endfacet
  facet normal -0.706019 -0.654258 -0.271077
    outer loop
      vertex 29.69 41.1168 40.2753
      vertex 28 42.5205 41.289
      vertex 28 42.7241 40.7976
    endloop
  endfacet
  facet normal -0.70601 -0.654296 -0.271009
    outer loop
      vertex 28 42.5205 41.289
      vertex 29.69 41.1168 40.2753
      vertex 29.69 41.0147 40.5218
    endloop
  endfacet
  facet normal -0.706008 0.0554944 -0.706026
    outer loop
      vertex 29.69 39.2341 41.4291
      vertex 28 38.9713 43.0984
      vertex 29.69 39.5 41.45
    endloop
  endfacet
  facet normal -0.70552 0.0442068 -0.70731
    outer loop
      vertex 28 38.9713 43.0984
      vertex 29.69 39.2341 41.4291
      vertex 28 38.9697 43.0983
    endloop
  endfacet
  facet normal -0.706015 0.706015 0.0555518
    outer loop
      vertex 29.69 37.8 39.75
      vertex 28 36.1516 39.2213
      vertex 28 36.11 39.75
    endloop
  endfacet
  facet normal -0.706012 0.369965 -0.603881
    outer loop
      vertex 28 37.961 42.7705
      vertex 29.69 38.7282 41.2647
      vertex 28 37.5087 42.4934
    endloop
  endfacet
  facet normal -0.706037 0.45978 -0.538622
    outer loop
      vertex 29.69 38.2979 40.9521
      vertex 28 37.5074 42.4926
      vertex 29.69 38.5008 41.1253
    endloop
  endfacet
  facet normal -0.706012 0.459958 -0.538503
    outer loop
      vertex 28 37.5074 42.4926
      vertex 29.69 38.2979 40.9521
      vertex 28 37.1029 42.1471
    endloop
  endfacet
  facet normal -0.706015 0.0555518 0.706015
    outer loop
      vertex 29.69 39.5 38.05
      vertex 28 39.5 36.36
      vertex 28 38.9713 36.4016
    endloop
  endfacet
  facet normal -0.706012 -0.459958 0.538503
    outer loop
      vertex 28 41.4926 37.0074
      vertex 29.69 40.7021 38.5479
      vertex 28 41.8971 37.3529
    endloop
  endfacet
  facet normal -0.706037 -0.45978 0.538622
    outer loop
      vertex 29.69 40.7021 38.5479
      vertex 28 41.4926 37.0074
      vertex 29.69 40.4992 38.3747
    endloop
  endfacet
  facet normal -0.706015 0.706015 -0.0555518
    outer loop
      vertex 28 36.1516 40.2787
      vertex 29.69 37.8 39.75
      vertex 28 36.11 39.75
    endloop
  endfacet
  facet normal -0.706082 -0.371129 -0.603085
    outer loop
      vertex 29.69 40.4992 41.1253
      vertex 28 41.4913 42.4934
      vertex 28 41.4926 42.4926
    endloop
  endfacet
  facet normal -0.706035 -0.370116 -0.603762
    outer loop
      vertex 28 41.4913 42.4934
      vertex 29.69 40.4992 41.1253
      vertex 29.69 40.2718 41.2647
    endloop
  endfacet
  facet normal -0.706012 -0.459958 -0.538503
    outer loop
      vertex 29.69 40.7021 40.9521
      vertex 28 41.4926 42.4926
      vertex 28 41.8971 42.1471
    endloop
  endfacet
  facet normal -0.706037 -0.45978 -0.538622
    outer loop
      vertex 28 41.4926 42.4926
      vertex 29.69 40.7021 40.9521
      vertex 29.69 40.4992 41.1253
    endloop
  endfacet
  facet normal -0.706006 0.688623 -0.165386
    outer loop
      vertex 29.69 37.8209 40.0159
      vertex 28 36.1521 40.2818
      vertex 29.69 37.8832 40.2753
    endloop
  endfacet
  facet normal -0.705209 0.68506 -0.182683
    outer loop
      vertex 28 36.1521 40.2818
      vertex 29.69 37.8209 40.0159
      vertex 28 36.1517 40.2803
    endloop
  endfacet
  facet normal -0.706037 0.45978 0.538622
    outer loop
      vertex 28 37.5074 37.0074
      vertex 29.69 38.2979 38.5479
      vertex 29.69 38.5008 38.3747
    endloop
  endfacet
  facet normal -0.706012 0.459958 0.538503
    outer loop
      vertex 29.69 38.2979 38.5479
      vertex 28 37.5074 37.0074
      vertex 28 37.1029 37.3529
    endloop
  endfacet
  facet normal -0.705209 -0.68506 0.182683
    outer loop
      vertex 28 42.8479 39.2182
      vertex 29.69 41.1791 39.4841
      vertex 28 42.8483 39.2197
    endloop
  endfacet
  facet normal -0.706006 -0.688623 0.165386
    outer loop
      vertex 29.69 41.1791 39.4841
      vertex 28 42.8479 39.2182
      vertex 29.69 41.1168 39.2247
    endloop
  endfacet
  facet normal -0.706013 -0.271079 0.654264
    outer loop
      vertex 28 40.5476 36.5259
      vertex 29.69 40.2718 38.2353
      vertex 28 41.039 36.7295
    endloop
  endfacet
  facet normal -0.706022 -0.271004 0.654285
    outer loop
      vertex 29.69 40.2718 38.2353
      vertex 28 40.5476 36.5259
      vertex 29.69 40.0253 38.1332
    endloop
  endfacet
  facet normal -0.706082 -0.603085 0.371129
    outer loop
      vertex 29.69 40.8753 38.7508
      vertex 28 42.2434 37.7587
      vertex 28 42.2426 37.7574
    endloop
  endfacet
  facet normal -0.706035 -0.603762 0.370116
    outer loop
      vertex 28 42.2434 37.7587
      vertex 29.69 40.8753 38.7508
      vertex 29.69 41.0147 38.9782
    endloop
  endfacet
  facet normal -0.706012 0.603881 -0.369965
    outer loop
      vertex 28 36.7566 41.7413
      vertex 29.69 37.9853 40.5218
      vertex 28 36.4795 41.289
    endloop
  endfacet
  facet normal -0.706019 -0.688636 -0.165283
    outer loop
      vertex 28 42.8479 40.2818
      vertex 29.69 41.1168 40.2753
      vertex 28 42.7241 40.7976
    endloop
  endfacet
  facet normal -0.70601 0.654296 0.271009
    outer loop
      vertex 28 36.4795 38.211
      vertex 29.69 37.8832 39.2247
      vertex 29.69 37.9853 38.9782
    endloop
  endfacet
  facet normal -0.706019 0.654258 0.271077
    outer loop
      vertex 29.69 37.8832 39.2247
      vertex 28 36.4795 38.211
      vertex 28 36.2759 38.7024
    endloop
  endfacet
  facet normal -0.706035 0.370116 0.603762
    outer loop
      vertex 28 37.5087 37.0066
      vertex 29.69 38.5008 38.3747
      vertex 29.69 38.7282 38.2353
    endloop
  endfacet
  facet normal -0.706082 0.371129 0.603085
    outer loop
      vertex 29.69 38.5008 38.3747
      vertex 28 37.5087 37.0066
      vertex 28 37.5074 37.0074
    endloop
  endfacet
  facet normal -0.706012 -0.603881 -0.369965
    outer loop
      vertex 28 42.5205 41.289
      vertex 29.69 41.0147 40.5218
      vertex 28 42.2434 41.7413
    endloop
  endfacet
  facet normal -0.706022 0.271004 -0.654285
    outer loop
      vertex 29.69 38.7282 41.2647
      vertex 28 38.4524 42.9741
      vertex 29.69 38.9747 41.3668
    endloop
  endfacet
  facet normal -0.706013 0.271079 -0.654264
    outer loop
      vertex 28 38.4524 42.9741
      vertex 29.69 38.7282 41.2647
      vertex 28 37.961 42.7705
    endloop
  endfacet
  facet normal -0.706015 -0.0555518 -0.706015
    outer loop
      vertex 28 40.0287 43.0984
      vertex 29.69 39.5 41.45
      vertex 28 39.5 43.14
    endloop
  endfacet
  facet normal -0.706019 0.165283 -0.688636
    outer loop
      vertex 28 38.9682 43.0979
      vertex 29.69 38.9747 41.3668
      vertex 28 38.4524 42.9741
    endloop
  endfacet
  facet normal -0.706015 -0.706015 -0.0555518
    outer loop
      vertex 28 42.89 39.75
      vertex 29.69 41.2 39.75
      vertex 28 42.8484 40.2787
    endloop
  endfacet
  facet normal -0.706004 0.538647 0.459802
    outer loop
      vertex 28 37.1029 37.3529
      vertex 29.69 38.1247 38.7508
      vertex 29.69 38.2979 38.5479
    endloop
  endfacet
  facet normal -0.706029 0.53849 0.459947
    outer loop
      vertex 29.69 38.1247 38.7508
      vertex 28 37.1029 37.3529
      vertex 28 36.7574 37.7574
    endloop
  endfacet
  facet normal -0.706008 -0.706026 -0.0554944
    outer loop
      vertex 29.69 41.1791 40.0159
      vertex 28 42.8484 40.2787
      vertex 29.69 41.2 39.75
    endloop
  endfacet
  facet normal -0.70552 -0.70731 -0.0442068
    outer loop
      vertex 28 42.8484 40.2787
      vertex 29.69 41.1791 40.0159
      vertex 28 42.8483 40.2803
    endloop
  endfacet
  facet normal -0.706004 0.538647 -0.459802
    outer loop
      vertex 29.69 38.1247 40.7492
      vertex 28 37.1029 42.1471
      vertex 29.69 38.2979 40.9521
    endloop
  endfacet
  facet normal -0.706029 0.53849 -0.459947
    outer loop
      vertex 28 37.1029 42.1471
      vertex 29.69 38.1247 40.7492
      vertex 28 36.7574 41.7426
    endloop
  endfacet
  facet normal -0.706029 -0.53849 -0.459947
    outer loop
      vertex 29.69 40.8753 40.7492
      vertex 28 41.8971 42.1471
      vertex 28 42.2426 41.7426
    endloop
  endfacet
  facet normal -0.706004 -0.538647 -0.459802
    outer loop
      vertex 28 41.8971 42.1471
      vertex 29.69 40.8753 40.7492
      vertex 29.69 40.7021 40.9521
    endloop
  endfacet
  facet normal -0.706035 -0.603762 -0.370116
    outer loop
      vertex 29.69 40.8753 40.7492
      vertex 28 42.2434 41.7413
      vertex 29.69 41.0147 40.5218
    endloop
  endfacet
  facet normal -0.706082 -0.603085 -0.371129
    outer loop
      vertex 28 42.2434 41.7413
      vertex 29.69 40.8753 40.7492
      vertex 28 42.2426 41.7426
    endloop
  endfacet
  facet normal -0.706082 0.603085 0.371129
    outer loop
      vertex 28 36.7566 37.7587
      vertex 29.69 38.1247 38.7508
      vertex 28 36.7574 37.7574
    endloop
  endfacet
  facet normal -0.706035 0.603762 0.370116
    outer loop
      vertex 29.69 38.1247 38.7508
      vertex 28 36.7566 37.7587
      vertex 29.69 37.9853 38.9782
    endloop
  endfacet
  facet normal -0.706013 -0.271079 -0.654264
    outer loop
      vertex 29.69 40.2718 41.2647
      vertex 28 40.5476 42.9741
      vertex 28 41.039 42.7705
    endloop
  endfacet
  facet normal -0.706022 -0.271004 -0.654285
    outer loop
      vertex 28 40.5476 42.9741
      vertex 29.69 40.2718 41.2647
      vertex 29.69 40.0253 41.3668
    endloop
  endfacet
  facet normal -0.706019 -0.165283 -0.688636
    outer loop
      vertex 28 40.5476 42.9741
      vertex 29.69 40.0253 41.3668
      vertex 28 40.0318 43.0979
    endloop
  endfacet
  facet normal -0.706019 0.688636 -0.165283
    outer loop
      vertex 28 36.2759 40.7976
      vertex 29.69 37.8832 40.2753
      vertex 28 36.1521 40.2818
    endloop
  endfacet
  facet normal -0.705209 -0.182683 0.68506
    outer loop
      vertex 29.69 39.7659 38.0709
      vertex 28 40.0318 36.4021
      vertex 28 40.0303 36.4017
    endloop
  endfacet
  facet normal -0.706006 -0.165386 0.688623
    outer loop
      vertex 28 40.0318 36.4021
      vertex 29.69 39.7659 38.0709
      vertex 29.69 40.0253 38.1332
    endloop
  endfacet
  facet normal -0.706008 0.0554944 0.706026
    outer loop
      vertex 28 38.9713 36.4016
      vertex 29.69 39.2341 38.0709
      vertex 29.69 39.5 38.05
    endloop
  endfacet
  facet normal -0.70552 0.0442068 0.70731
    outer loop
      vertex 29.69 39.2341 38.0709
      vertex 28 38.9713 36.4016
      vertex 28 38.9697 36.4017
    endloop
  endfacet
  facet normal -0.706029 -0.53849 0.459947
    outer loop
      vertex 28 41.8971 37.3529
      vertex 29.69 40.8753 38.7508
      vertex 28 42.2426 37.7574
    endloop
  endfacet
  facet normal -0.706004 -0.538647 0.459802
    outer loop
      vertex 29.69 40.8753 38.7508
      vertex 28 41.8971 37.3529
      vertex 29.69 40.7021 38.5479
    endloop
  endfacet
  facet normal -0.706006 -0.165386 -0.688623
    outer loop
      vertex 29.69 39.7659 41.4291
      vertex 28 40.0318 43.0979
      vertex 29.69 40.0253 41.3668
    endloop
  endfacet
  facet normal -0.705209 -0.182683 -0.68506
    outer loop
      vertex 28 40.0318 43.0979
      vertex 29.69 39.7659 41.4291
      vertex 28 40.0303 43.0983
    endloop
  endfacet
  facet normal -0.706006 0.165386 -0.688623
    outer loop
      vertex 28 38.9682 43.0979
      vertex 29.69 39.2341 41.4291
      vertex 29.69 38.9747 41.3668
    endloop
  endfacet
  facet normal -0.705209 0.182683 -0.68506
    outer loop
      vertex 29.69 39.2341 41.4291
      vertex 28 38.9682 43.0979
      vertex 28 38.9697 43.0983
    endloop
  endfacet
  facet normal -0.706008 0.706026 -0.0554944
    outer loop
      vertex 28 36.1516 40.2787
      vertex 29.69 37.8209 40.0159
      vertex 29.69 37.8 39.75
    endloop
  endfacet
  facet normal -0.70552 0.70731 -0.0442068
    outer loop
      vertex 29.69 37.8209 40.0159
      vertex 28 36.1516 40.2787
      vertex 28 36.1517 40.2803
    endloop
  endfacet
  facet normal -0.706035 0.603762 -0.370116
    outer loop
      vertex 28 36.7566 41.7413
      vertex 29.69 38.1247 40.7492
      vertex 29.69 37.9853 40.5218
    endloop
  endfacet
  facet normal -0.706082 0.603085 -0.371129
    outer loop
      vertex 29.69 38.1247 40.7492
      vertex 28 36.7566 41.7413
      vertex 28 36.7574 41.7426
    endloop
  endfacet
  facet normal -0.70601 0.654296 -0.271009
    outer loop
      vertex 29.69 37.8832 40.2753
      vertex 28 36.4795 41.289
      vertex 29.69 37.9853 40.5218
    endloop
  endfacet
  facet normal -0.706019 0.654258 -0.271077
    outer loop
      vertex 28 36.4795 41.289
      vertex 29.69 37.8832 40.2753
      vertex 28 36.2759 40.7976
    endloop
  endfacet
  facet normal -0.706035 0.370116 -0.603762
    outer loop
      vertex 29.69 38.5008 41.1253
      vertex 28 37.5087 42.4934
      vertex 29.69 38.7282 41.2647
    endloop
  endfacet
  facet normal -0.706082 0.371129 -0.603085
    outer loop
      vertex 28 37.5087 42.4934
      vertex 29.69 38.5008 41.1253
      vertex 28 37.5074 42.4926
    endloop
  endfacet
  facet normal -0.706019 0.688636 0.165283
    outer loop
      vertex 29.69 37.8832 39.2247
      vertex 28 36.2759 38.7024
      vertex 28 36.1521 39.2182
    endloop
  endfacet
  facet normal -0.706019 0.165283 0.688636
    outer loop
      vertex 29.69 38.9747 38.1332
      vertex 28 38.9682 36.4021
      vertex 28 38.4524 36.5259
    endloop
  endfacet
  facet normal -0.706082 -0.371129 0.603085
    outer loop
      vertex 28 41.4913 37.0066
      vertex 29.69 40.4992 38.3747
      vertex 28 41.4926 37.0074
    endloop
  endfacet
  facet normal -0.706035 -0.370116 0.603762
    outer loop
      vertex 29.69 40.4992 38.3747
      vertex 28 41.4913 37.0066
      vertex 29.69 40.2718 38.2353
    endloop
  endfacet
  facet normal -0.70552 -0.0442068 0.70731
    outer loop
      vertex 28 40.0287 36.4016
      vertex 29.69 39.7659 38.0709
      vertex 28 40.0303 36.4017
    endloop
  endfacet
  facet normal -0.706008 -0.0554944 0.706026
    outer loop
      vertex 29.69 39.7659 38.0709
      vertex 28 40.0287 36.4016
      vertex 29.69 39.5 38.05
    endloop
  endfacet
  facet normal -0.705209 -0.68506 -0.182683
    outer loop
      vertex 29.69 41.1791 40.0159
      vertex 28 42.8479 40.2818
      vertex 28 42.8483 40.2803
    endloop
  endfacet
  facet normal -0.706006 -0.688623 -0.165386
    outer loop
      vertex 28 42.8479 40.2818
      vertex 29.69 41.1791 40.0159
      vertex 29.69 41.1168 40.2753
    endloop
  endfacet
  facet normal -0.705209 0.182683 0.68506
    outer loop
      vertex 28 38.9682 36.4021
      vertex 29.69 39.2341 38.0709
      vertex 28 38.9697 36.4017
    endloop
  endfacet
  facet normal -0.706006 0.165386 0.688623
    outer loop
      vertex 29.69 39.2341 38.0709
      vertex 28 38.9682 36.4021
      vertex 29.69 38.9747 38.1332
    endloop
  endfacet
  facet normal 0.233364 -0.97239 0
    outer loop
      vertex 5.35106 40.9972 0
      vertex 5.67149 41.0741 2.9
      vertex 5.35106 40.9972 2.9
    endloop
  endfacet
  facet normal 0.233364 -0.97239 0
    outer loop
      vertex 5.67149 41.0741 2.9
      vertex 5.35106 40.9972 0
      vertex 5.67149 41.0741 0
    endloop
  endfacet
  facet normal -0.972364 -0.233471 0
    outer loop
      vertex 8.07415 39.3285 0
      vertex 7.99722 39.6489 2.9
      vertex 7.99722 39.6489 0
    endloop
  endfacet
  facet normal -0.972364 -0.233471 0
    outer loop
      vertex 7.99722 39.6489 2.9
      vertex 8.07415 39.3285 0
      vertex 8.07415 39.3285 2.9
    endloop
  endfacet
  facet normal -0.996918 -0.0784485 0
    outer loop
      vertex 8.1 39 0
      vertex 8.07415 39.3285 2.9
      vertex 8.07415 39.3285 0
    endloop
  endfacet
  facet normal -0.996918 -0.0784485 0
    outer loop
      vertex 8.07415 39.3285 2.9
      vertex 8.1 39 0
      vertex 8.1 39 2.9
    endloop
  endfacet
  facet normal 0.852594 0.522574 0
    outer loop
      vertex 4.30106 37.7657 2.9
      vertex 4.12889 38.0466 0
      vertex 4.12889 38.0466 2.9
    endloop
  endfacet
  facet normal 0.852594 0.522574 0
    outer loop
      vertex 4.12889 38.0466 0
      vertex 4.30106 37.7657 2.9
      vertex 4.30106 37.7657 0
    endloop
  endfacet
  facet normal 0.522546 0.852611 -0
    outer loop
      vertex 5.04662 37.1289 0
      vertex 4.76565 37.3011 2.9
      vertex 5.04662 37.1289 2.9
    endloop
  endfacet
  facet normal 0.522546 0.852611 0
    outer loop
      vertex 4.76565 37.3011 2.9
      vertex 5.04662 37.1289 0
      vertex 4.76565 37.3011 0
    endloop
  endfacet
  facet normal -0.996918 0.0784485 0
    outer loop
      vertex 8.07415 38.6715 0
      vertex 8.1 39 2.9
      vertex 8.1 39 0
    endloop
  endfacet
  facet normal -0.996918 0.0784485 0
    outer loop
      vertex 8.1 39 2.9
      vertex 8.07415 38.6715 0
      vertex 8.07415 38.6715 2.9
    endloop
  endfacet
  facet normal -0.0785969 -0.996906 0
    outer loop
      vertex 6 41.1 0
      vertex 6.32851 41.0741 2.9
      vertex 6 41.1 2.9
    endloop
  endfacet
  facet normal -0.0785969 -0.996906 -0
    outer loop
      vertex 6.32851 41.0741 2.9
      vertex 6 41.1 0
      vertex 6.32851 41.0741 0
    endloop
  endfacet
  facet normal -0.760425 -0.649426 0
    outer loop
      vertex 7.69894 40.2343 0
      vertex 7.48492 40.4849 2.9
      vertex 7.48492 40.4849 0
    endloop
  endfacet
  facet normal -0.760425 -0.649426 0
    outer loop
      vertex 7.48492 40.4849 2.9
      vertex 7.69894 40.2343 0
      vertex 7.69894 40.2343 2.9
    endloop
  endfacet
  facet normal -0.522546 -0.852611 0
    outer loop
      vertex 6.95338 40.8711 0
      vertex 7.23435 40.6989 2.9
      vertex 6.95338 40.8711 2.9
    endloop
  endfacet
  facet normal -0.522546 -0.852611 -0
    outer loop
      vertex 7.23435 40.6989 2.9
      vertex 6.95338 40.8711 0
      vertex 7.23435 40.6989 0
    endloop
  endfacet
  facet normal 0.0785969 0.996906 -0
    outer loop
      vertex 6 36.9 0
      vertex 5.67149 36.9259 2.9
      vertex 6 36.9 2.9
    endloop
  endfacet
  facet normal 0.0785969 0.996906 0
    outer loop
      vertex 5.67149 36.9259 2.9
      vertex 6 36.9 0
      vertex 5.67149 36.9259 0
    endloop
  endfacet
  facet normal 0.649436 0.760416 -0
    outer loop
      vertex 4.76565 37.3011 0
      vertex 4.51508 37.5151 2.9
      vertex 4.76565 37.3011 2.9
    endloop
  endfacet
  facet normal 0.649436 0.760416 0
    outer loop
      vertex 4.51508 37.5151 2.9
      vertex 4.76565 37.3011 0
      vertex 4.51508 37.5151 0
    endloop
  endfacet
  facet normal 0.760425 -0.649426 0
    outer loop
      vertex 4.30106 40.2343 2.9
      vertex 4.51508 40.4849 0
      vertex 4.51508 40.4849 2.9
    endloop
  endfacet
  facet normal 0.760425 -0.649426 0
    outer loop
      vertex 4.51508 40.4849 0
      vertex 4.30106 40.2343 2.9
      vertex 4.30106 40.2343 0
    endloop
  endfacet
  facet normal 0.0785969 -0.996906 0
    outer loop
      vertex 5.67149 41.0741 0
      vertex 6 41.1 2.9
      vertex 5.67149 41.0741 2.9
    endloop
  endfacet
  facet normal 0.0785969 -0.996906 0
    outer loop
      vertex 6 41.1 2.9
      vertex 5.67149 41.0741 0
      vertex 6 41.1 0
    endloop
  endfacet
  facet normal -0.852594 0.522574 0
    outer loop
      vertex 7.69894 37.7657 0
      vertex 7.87111 38.0466 2.9
      vertex 7.87111 38.0466 0
    endloop
  endfacet
  facet normal -0.852594 0.522574 0
    outer loop
      vertex 7.87111 38.0466 2.9
      vertex 7.69894 37.7657 0
      vertex 7.69894 37.7657 2.9
    endloop
  endfacet
  facet normal -0.972364 0.233471 0
    outer loop
      vertex 7.99722 38.3511 0
      vertex 8.07415 38.6715 2.9
      vertex 8.07415 38.6715 0
    endloop
  endfacet
  facet normal -0.972364 0.233471 0
    outer loop
      vertex 8.07415 38.6715 2.9
      vertex 7.99722 38.3511 0
      vertex 7.99722 38.3511 2.9
    endloop
  endfacet
  facet normal -0.852594 -0.522574 0
    outer loop
      vertex 7.87111 39.9534 0
      vertex 7.69894 40.2343 2.9
      vertex 7.69894 40.2343 0
    endloop
  endfacet
  facet normal -0.852594 -0.522574 0
    outer loop
      vertex 7.69894 40.2343 2.9
      vertex 7.87111 39.9534 0
      vertex 7.87111 39.9534 2.9
    endloop
  endfacet
  facet normal 0.996918 0.0784485 0
    outer loop
      vertex 3.92585 38.6715 2.9
      vertex 3.9 39 0
      vertex 3.9 39 2.9
    endloop
  endfacet
  facet normal 0.996918 0.0784485 0
    outer loop
      vertex 3.9 39 0
      vertex 3.92585 38.6715 2.9
      vertex 3.92585 38.6715 0
    endloop
  endfacet
  facet normal -0.522546 0.852611 0
    outer loop
      vertex 7.23435 37.3011 0
      vertex 6.95338 37.1289 2.9
      vertex 7.23435 37.3011 2.9
    endloop
  endfacet
  facet normal -0.522546 0.852611 0
    outer loop
      vertex 6.95338 37.1289 2.9
      vertex 7.23435 37.3011 0
      vertex 6.95338 37.1289 0
    endloop
  endfacet
  facet normal 0.382675 0.923883 -0
    outer loop
      vertex 5.35106 37.0028 0
      vertex 5.04662 37.1289 2.9
      vertex 5.35106 37.0028 2.9
    endloop
  endfacet
  facet normal 0.382675 0.923883 0
    outer loop
      vertex 5.04662 37.1289 2.9
      vertex 5.35106 37.0028 0
      vertex 5.04662 37.1289 0
    endloop
  endfacet
  facet normal 0.649436 -0.760416 0
    outer loop
      vertex 4.51508 40.4849 0
      vertex 4.76565 40.6989 2.9
      vertex 4.51508 40.4849 2.9
    endloop
  endfacet
  facet normal 0.649436 -0.760416 0
    outer loop
      vertex 4.76565 40.6989 2.9
      vertex 4.51508 40.4849 0
      vertex 4.76565 40.6989 0
    endloop
  endfacet
  facet normal -0.382675 0.923883 0
    outer loop
      vertex 6.95338 37.1289 0
      vertex 6.64894 37.0028 2.9
      vertex 6.95338 37.1289 2.9
    endloop
  endfacet
  facet normal -0.382675 0.923883 0
    outer loop
      vertex 6.64894 37.0028 2.9
      vertex 6.95338 37.1289 0
      vertex 6.64894 37.0028 0
    endloop
  endfacet
  facet normal -0.233364 -0.97239 0
    outer loop
      vertex 6.32851 41.0741 0
      vertex 6.64894 40.9972 2.9
      vertex 6.32851 41.0741 2.9
    endloop
  endfacet
  facet normal -0.233364 -0.97239 -0
    outer loop
      vertex 6.64894 40.9972 2.9
      vertex 6.32851 41.0741 0
      vertex 6.64894 40.9972 0
    endloop
  endfacet
  facet normal 0.923899 0.382637 0
    outer loop
      vertex 4.12889 38.0466 2.9
      vertex 4.00278 38.3511 0
      vertex 4.00278 38.3511 2.9
    endloop
  endfacet
  facet normal 0.923899 0.382637 0
    outer loop
      vertex 4.00278 38.3511 0
      vertex 4.12889 38.0466 2.9
      vertex 4.12889 38.0466 0
    endloop
  endfacet
  facet normal -0.760425 0.649426 0
    outer loop
      vertex 7.48492 37.5151 0
      vertex 7.69894 37.7657 2.9
      vertex 7.69894 37.7657 0
    endloop
  endfacet
  facet normal -0.760425 0.649426 0
    outer loop
      vertex 7.69894 37.7657 2.9
      vertex 7.48492 37.5151 0
      vertex 7.48492 37.5151 2.9
    endloop
  endfacet
  facet normal 0.760425 0.649426 0
    outer loop
      vertex 4.51508 37.5151 2.9
      vertex 4.30106 37.7657 0
      vertex 4.30106 37.7657 2.9
    endloop
  endfacet
  facet normal 0.760425 0.649426 0
    outer loop
      vertex 4.30106 37.7657 0
      vertex 4.51508 37.5151 2.9
      vertex 4.51508 37.5151 0
    endloop
  endfacet
  facet normal -0.923899 0.382637 0
    outer loop
      vertex 7.87111 38.0466 0
      vertex 7.99722 38.3511 2.9
      vertex 7.99722 38.3511 0
    endloop
  endfacet
  facet normal -0.923899 0.382637 0
    outer loop
      vertex 7.99722 38.3511 2.9
      vertex 7.87111 38.0466 0
      vertex 7.87111 38.0466 2.9
    endloop
  endfacet
  facet normal -0.649436 -0.760416 0
    outer loop
      vertex 7.23435 40.6989 0
      vertex 7.48492 40.4849 2.9
      vertex 7.23435 40.6989 2.9
    endloop
  endfacet
  facet normal -0.649436 -0.760416 -0
    outer loop
      vertex 7.48492 40.4849 2.9
      vertex 7.23435 40.6989 0
      vertex 7.48492 40.4849 0
    endloop
  endfacet
  facet normal -0.923899 -0.382637 0
    outer loop
      vertex 7.99722 39.6489 0
      vertex 7.87111 39.9534 2.9
      vertex 7.87111 39.9534 0
    endloop
  endfacet
  facet normal -0.923899 -0.382637 0
    outer loop
      vertex 7.87111 39.9534 2.9
      vertex 7.99722 39.6489 0
      vertex 7.99722 39.6489 2.9
    endloop
  endfacet
  facet normal -0.382675 -0.923883 0
    outer loop
      vertex 6.64894 40.9972 0
      vertex 6.95338 40.8711 2.9
      vertex 6.64894 40.9972 2.9
    endloop
  endfacet
  facet normal -0.382675 -0.923883 -0
    outer loop
      vertex 6.95338 40.8711 2.9
      vertex 6.64894 40.9972 0
      vertex 6.95338 40.8711 0
    endloop
  endfacet
  facet normal -0.649436 0.760416 0
    outer loop
      vertex 7.48492 37.5151 0
      vertex 7.23435 37.3011 2.9
      vertex 7.48492 37.5151 2.9
    endloop
  endfacet
  facet normal -0.649436 0.760416 0
    outer loop
      vertex 7.23435 37.3011 2.9
      vertex 7.48492 37.5151 0
      vertex 7.23435 37.3011 0
    endloop
  endfacet
  facet normal -0.233364 0.97239 0
    outer loop
      vertex 6.64894 37.0028 0
      vertex 6.32851 36.9259 2.9
      vertex 6.64894 37.0028 2.9
    endloop
  endfacet
  facet normal -0.233364 0.97239 0
    outer loop
      vertex 6.32851 36.9259 2.9
      vertex 6.64894 37.0028 0
      vertex 6.32851 36.9259 0
    endloop
  endfacet
  facet normal -0.0785969 0.996906 0
    outer loop
      vertex 6.32851 36.9259 0
      vertex 6 36.9 2.9
      vertex 6.32851 36.9259 2.9
    endloop
  endfacet
  facet normal -0.0785969 0.996906 0
    outer loop
      vertex 6 36.9 2.9
      vertex 6.32851 36.9259 0
      vertex 6 36.9 0
    endloop
  endfacet
  facet normal 0.522546 -0.852611 0
    outer loop
      vertex 4.76565 40.6989 0
      vertex 5.04662 40.8711 2.9
      vertex 4.76565 40.6989 2.9
    endloop
  endfacet
  facet normal 0.522546 -0.852611 0
    outer loop
      vertex 5.04662 40.8711 2.9
      vertex 4.76565 40.6989 0
      vertex 5.04662 40.8711 0
    endloop
  endfacet
  facet normal 0.923899 -0.382637 0
    outer loop
      vertex 4.00278 39.6489 2.9
      vertex 4.12889 39.9534 0
      vertex 4.12889 39.9534 2.9
    endloop
  endfacet
  facet normal 0.923899 -0.382637 0
    outer loop
      vertex 4.12889 39.9534 0
      vertex 4.00278 39.6489 2.9
      vertex 4.00278 39.6489 0
    endloop
  endfacet
  facet normal 0.972364 0.233471 0
    outer loop
      vertex 4.00278 38.3511 2.9
      vertex 3.92585 38.6715 0
      vertex 3.92585 38.6715 2.9
    endloop
  endfacet
  facet normal 0.972364 0.233471 0
    outer loop
      vertex 3.92585 38.6715 0
      vertex 4.00278 38.3511 2.9
      vertex 4.00278 38.3511 0
    endloop
  endfacet
  facet normal 0.972364 -0.233471 0
    outer loop
      vertex 3.92585 39.3285 2.9
      vertex 4.00278 39.6489 0
      vertex 4.00278 39.6489 2.9
    endloop
  endfacet
  facet normal 0.972364 -0.233471 0
    outer loop
      vertex 4.00278 39.6489 0
      vertex 3.92585 39.3285 2.9
      vertex 3.92585 39.3285 0
    endloop
  endfacet
  facet normal 0.382675 -0.923883 0
    outer loop
      vertex 5.04662 40.8711 0
      vertex 5.35106 40.9972 2.9
      vertex 5.04662 40.8711 2.9
    endloop
  endfacet
  facet normal 0.382675 -0.923883 0
    outer loop
      vertex 5.35106 40.9972 2.9
      vertex 5.04662 40.8711 0
      vertex 5.35106 40.9972 0
    endloop
  endfacet
  facet normal 0.996918 -0.0784485 0
    outer loop
      vertex 3.9 39 2.9
      vertex 3.92585 39.3285 0
      vertex 3.92585 39.3285 2.9
    endloop
  endfacet
  facet normal 0.996918 -0.0784485 0
    outer loop
      vertex 3.92585 39.3285 0
      vertex 3.9 39 2.9
      vertex 3.9 39 0
    endloop
  endfacet
  facet normal 0.233364 0.97239 -0
    outer loop
      vertex 5.67149 36.9259 0
      vertex 5.35106 37.0028 2.9
      vertex 5.67149 36.9259 2.9
    endloop
  endfacet
  facet normal 0.233364 0.97239 0
    outer loop
      vertex 5.35106 37.0028 2.9
      vertex 5.67149 36.9259 0
      vertex 5.35106 37.0028 0
    endloop
  endfacet
  facet normal 0.852594 -0.522574 0
    outer loop
      vertex 4.12889 39.9534 2.9
      vertex 4.30106 40.2343 0
      vertex 4.30106 40.2343 2.9
    endloop
  endfacet
  facet normal 0.852594 -0.522574 0
    outer loop
      vertex 4.30106 40.2343 0
      vertex 4.12889 39.9534 2.9
      vertex 4.12889 39.9534 0
    endloop
  endfacet
  facet normal -0.707688 -0.0556887 0.704327
    outer loop
      vertex 8.1 39 2.9
      vertex 10.1899 39.0016 5
      vertex 8.07415 39.3285 2.9
    endloop
  endfacet
  facet normal -0.708098 -0.0442561 0.704726
    outer loop
      vertex 10.1899 39.0016 5
      vertex 8.1 39 2.9
      vertex 10.19 39 5
    endloop
  endfacet
  facet normal -0.539804 0.461009 0.704331
    outer loop
      vertex 7.48492 37.5151 2.9
      vertex 8.96383 36.0384 5
      vertex 7.69894 37.7657 2.9
    endloop
  endfacet
  facet normal -0.540929 0.45979 0.704265
    outer loop
      vertex 8.96383 36.0384 5
      vertex 7.48492 37.5151 2.9
      vertex 8.96281 36.0372 5
    endloop
  endfacet
  facet normal -0.370885 0.605278 0.704332
    outer loop
      vertex 7.90357 35.2675 5
      vertex 8.46285 35.6102 5
      vertex 7.23435 37.3011 2.9
    endloop
  endfacet
  facet normal -0.165791 0.690229 0.704341
    outer loop
      vertex 6.65547 34.8615 5
      vertex 7.29328 35.0147 5
      vertex 6.32851 36.9259 2.9
    endloop
  endfacet
  facet normal 0.0556264 -0.707678 0.704342
    outer loop
      vertex 5.67149 41.0741 2.9
      vertex 5.99844 43.1899 5
      vertex 5.34453 43.1385 5
    endloop
  endfacet
  facet normal -0.271644 -0.655833 0.704338
    outer loop
      vertex 7.2948 42.985 5
      vertex 6.95338 40.8711 2.9
      vertex 7.90224 42.7334 5
    endloop
  endfacet
  facet normal -0.271648 -0.655832 0.704338
    outer loop
      vertex 6.95338 40.8711 2.9
      vertex 7.2948 42.985 5
      vertex 6.64894 40.9972 2.9
    endloop
  endfacet
  facet normal -0.539805 -0.461009 0.704331
    outer loop
      vertex 9.38982 41.4628 5
      vertex 8.96383 41.9616 5
      vertex 7.69894 40.2343 2.9
    endloop
  endfacet
  facet normal -0.0557944 0.707684 0.704322
    outer loop
      vertex 6 36.9 2.9
      vertex 6.00156 34.8101 5
      vertex 6.32851 36.9259 2.9
    endloop
  endfacet
  facet normal -0.0453886 0.708062 0.70469
    outer loop
      vertex 6.00156 34.8101 5
      vertex 6 36.9 2.9
      vertex 6 34.81 5
    endloop
  endfacet
  facet normal 0.461017 0.539799 0.70433
    outer loop
      vertex 4.51508 37.5151 2.9
      vertex 3.03838 36.0362 5
      vertex 4.76565 37.3011 2.9
    endloop
  endfacet
  facet normal 0.45684 0.54364 0.704097
    outer loop
      vertex 3.03838 36.0362 5
      vertex 4.51508 37.5151 2.9
      vertex 3.03719 36.0372 5
    endloop
  endfacet
  facet normal -0.0556264 0.707678 0.704342
    outer loop
      vertex 6.65547 34.8615 5
      vertex 6.32851 36.9259 2.9
      vertex 6.00156 34.8101 5
    endloop
  endfacet
  facet normal -0.46103 -0.539784 0.704332
    outer loop
      vertex 8.96162 41.9638 5
      vertex 8.46285 42.3898 5
      vertex 7.23435 40.6989 2.9
    endloop
  endfacet
  facet normal 0.370885 0.605278 0.704332
    outer loop
      vertex 4.09643 35.2675 5
      vertex 4.76565 37.3011 2.9
      vertex 3.53715 35.6102 5
    endloop
  endfacet
  facet normal 0.605234 0.370962 0.704328
    outer loop
      vertex 4.12889 38.0466 2.9
      vertex 2.26746 37.0964 5
      vertex 4.30106 37.7657 2.9
    endloop
  endfacet
  facet normal 0.612125 0.35853 0.704811
    outer loop
      vertex 2.26746 37.0964 5
      vertex 4.12889 38.0466 2.9
      vertex 2.26664 37.0978 5
    endloop
  endfacet
  facet normal 0.605245 -0.37094 0.704331
    outer loop
      vertex 4.30106 40.2343 2.9
      vertex 2.61018 41.4628 5
      vertex 2.26746 40.9036 5
    endloop
  endfacet
  facet normal -0.690244 -0.165754 0.704336
    outer loop
      vertex 10.1385 39.6555 5
      vertex 9.98534 40.2933 5
      vertex 8.07415 39.3285 2.9
    endloop
  endfacet
  facet normal 0.539805 0.46101 0.704329
    outer loop
      vertex 3.03618 36.0384 5
      vertex 4.51508 37.5151 2.9
      vertex 4.30106 37.7657 2.9
    endloop
  endfacet
  facet normal 0.543266 0.457248 0.704121
    outer loop
      vertex 4.51508 37.5151 2.9
      vertex 3.03618 36.0384 5
      vertex 3.03719 36.0372 5
    endloop
  endfacet
  facet normal -0.137729 -0.697826 0.702901
    outer loop
      vertex 7.29328 42.9853 5
      vertex 6.64894 40.9972 2.9
      vertex 7.2948 42.985 5
    endloop
  endfacet
  facet normal -0.16566 -0.690278 0.704325
    outer loop
      vertex 6.64894 40.9972 2.9
      vertex 7.29328 42.9853 5
      vertex 6.32851 41.0741 2.9
    endloop
  endfacet
  facet normal -0.707686 0.0556278 0.704334
    outer loop
      vertex 10.1385 38.3445 5
      vertex 10.1899 38.9984 5
      vertex 8.07415 38.6715 2.9
    endloop
  endfacet
  facet normal 0.707684 -0.0557034 0.70433
    outer loop
      vertex 3.92585 39.3285 2.9
      vertex 1.86154 39.6555 5
      vertex 1.81007 39.0016 5
    endloop
  endfacet
  facet normal 0.690258 -0.165714 0.704331
    outer loop
      vertex 3.92585 39.3285 2.9
      vertex 2.01466 40.2933 5
      vertex 1.86154 39.6555 5
    endloop
  endfacet
  facet normal -0.605245 0.37094 0.704331
    outer loop
      vertex 9.38982 36.5372 5
      vertex 9.73254 37.0964 5
      vertex 7.69894 37.7657 2.9
    endloop
  endfacet
  facet normal 0.605234 -0.370962 0.704328
    outer loop
      vertex 2.26746 40.9036 5
      vertex 4.12889 39.9534 2.9
      vertex 4.30106 40.2343 2.9
    endloop
  endfacet
  facet normal 0.612125 -0.35853 0.704811
    outer loop
      vertex 4.12889 39.9534 2.9
      vertex 2.26746 40.9036 5
      vertex 2.26664 40.9022 5
    endloop
  endfacet
  facet normal -0.708098 0.0442561 0.704726
    outer loop
      vertex 8.1 39 2.9
      vertex 10.1899 38.9984 5
      vertex 10.19 39 5
    endloop
  endfacet
  facet normal -0.707688 0.0556887 0.704327
    outer loop
      vertex 10.1899 38.9984 5
      vertex 8.1 39 2.9
      vertex 8.07415 38.6715 2.9
    endloop
  endfacet
  facet normal -0.0556264 -0.707678 0.704342
    outer loop
      vertex 6.32851 41.0741 2.9
      vertex 6.65547 43.1385 5
      vertex 6.00156 43.1899 5
    endloop
  endfacet
  facet normal -0.0453886 -0.708062 0.70469
    outer loop
      vertex 6 41.1 2.9
      vertex 6.00156 43.1899 5
      vertex 6 43.19 5
    endloop
  endfacet
  facet normal -0.0557944 -0.707684 0.704322
    outer loop
      vertex 6.00156 43.1899 5
      vertex 6 41.1 2.9
      vertex 6.32851 41.0741 2.9
    endloop
  endfacet
  facet normal 0.370944 0.60525 0.704324
    outer loop
      vertex 4.09643 35.2675 5
      vertex 5.04662 37.1289 2.9
      vertex 4.76565 37.3011 2.9
    endloop
  endfacet
  facet normal 0.398736 0.589243 0.702711
    outer loop
      vertex 5.04662 37.1289 2.9
      vertex 4.09643 35.2675 5
      vertex 4.09776 35.2666 5
    endloop
  endfacet
  facet normal -0.137729 0.697826 0.702901
    outer loop
      vertex 6.64894 37.0028 2.9
      vertex 7.29328 35.0147 5
      vertex 7.2948 35.015 5
    endloop
  endfacet
  facet normal -0.16566 0.690278 0.704325
    outer loop
      vertex 7.29328 35.0147 5
      vertex 6.64894 37.0028 2.9
      vertex 6.32851 36.9259 2.9
    endloop
  endfacet
  facet normal -0.707686 -0.0556278 0.704334
    outer loop
      vertex 10.1899 39.0016 5
      vertex 10.1385 39.6555 5
      vertex 8.07415 39.3285 2.9
    endloop
  endfacet
  facet normal -0.271644 0.655833 0.704338
    outer loop
      vertex 6.95338 37.1289 2.9
      vertex 7.2948 35.015 5
      vertex 7.90224 35.2666 5
    endloop
  endfacet
  facet normal -0.271648 0.655832 0.704338
    outer loop
      vertex 7.2948 35.015 5
      vertex 6.95338 37.1289 2.9
      vertex 6.64894 37.0028 2.9
    endloop
  endfacet
  facet normal -0.690244 0.165754 0.704336
    outer loop
      vertex 9.98534 37.7067 5
      vertex 10.1385 38.3445 5
      vertex 8.07415 38.6715 2.9
    endloop
  endfacet
  facet normal -0.655829 0.271671 0.704332
    outer loop
      vertex 7.99722 38.3511 2.9
      vertex 9.73336 37.0978 5
      vertex 9.98497 37.7052 5
    endloop
  endfacet
  facet normal -0.655855 0.271625 0.704325
    outer loop
      vertex 9.73336 37.0978 5
      vertex 7.99722 38.3511 2.9
      vertex 7.87111 38.0466 2.9
    endloop
  endfacet
  facet normal -0.612125 0.35853 0.704811
    outer loop
      vertex 7.87111 38.0466 2.9
      vertex 9.73254 37.0964 5
      vertex 9.73336 37.0978 5
    endloop
  endfacet
  facet normal -0.605234 0.370962 0.704328
    outer loop
      vertex 9.73254 37.0964 5
      vertex 7.87111 38.0466 2.9
      vertex 7.69894 37.7657 2.9
    endloop
  endfacet
  facet normal -0.165791 -0.690229 0.704341
    outer loop
      vertex 7.29328 42.9853 5
      vertex 6.65547 43.1385 5
      vertex 6.32851 41.0741 2.9
    endloop
  endfacet
  facet normal -0.398736 -0.589243 0.702711
    outer loop
      vertex 6.95338 40.8711 2.9
      vertex 7.90357 42.7325 5
      vertex 7.90224 42.7334 5
    endloop
  endfacet
  facet normal -0.370944 -0.60525 0.704324
    outer loop
      vertex 7.90357 42.7325 5
      vertex 6.95338 40.8711 2.9
      vertex 7.23435 40.6989 2.9
    endloop
  endfacet
  facet normal 0.46103 0.539784 0.704332
    outer loop
      vertex 3.53715 35.6102 5
      vertex 4.76565 37.3011 2.9
      vertex 3.03838 36.0362 5
    endloop
  endfacet
  facet normal 0.539799 0.461016 0.70433
    outer loop
      vertex 3.03618 36.0384 5
      vertex 4.30106 37.7657 2.9
      vertex 2.61018 36.5372 5
    endloop
  endfacet
  facet normal -0.46103 0.539784 0.704332
    outer loop
      vertex 8.46285 35.6102 5
      vertex 8.96162 36.0362 5
      vertex 7.23435 37.3011 2.9
    endloop
  endfacet
  facet normal 0.543266 -0.457248 0.704121
    outer loop
      vertex 3.03618 41.9616 5
      vertex 4.51508 40.4849 2.9
      vertex 3.03719 41.9628 5
    endloop
  endfacet
  facet normal 0.539805 -0.46101 0.704329
    outer loop
      vertex 4.51508 40.4849 2.9
      vertex 3.03618 41.9616 5
      vertex 4.30106 40.2343 2.9
    endloop
  endfacet
  facet normal 0.707684 0.0557034 0.70433
    outer loop
      vertex 1.86154 38.3445 5
      vertex 3.92585 38.6715 2.9
      vertex 1.81007 38.9984 5
    endloop
  endfacet
  facet normal -0.690251 0.165734 0.704334
    outer loop
      vertex 7.99722 38.3511 2.9
      vertex 9.98534 37.7067 5
      vertex 8.07415 38.6715 2.9
    endloop
  endfacet
  facet normal -0.689053 0.169966 0.704498
    outer loop
      vertex 9.98534 37.7067 5
      vertex 7.99722 38.3511 2.9
      vertex 9.98497 37.7052 5
    endloop
  endfacet
  facet normal 0.0557944 -0.707684 0.704322
    outer loop
      vertex 6 41.1 2.9
      vertex 5.99844 43.1899 5
      vertex 5.67149 41.0741 2.9
    endloop
  endfacet
  facet normal 0.0453886 -0.708062 0.70469
    outer loop
      vertex 5.99844 43.1899 5
      vertex 6 41.1 2.9
      vertex 6 43.19 5
    endloop
  endfacet
  facet normal -0.612125 -0.35853 0.704811
    outer loop
      vertex 9.73254 40.9036 5
      vertex 7.87111 39.9534 2.9
      vertex 9.73336 40.9022 5
    endloop
  endfacet
  facet normal -0.605234 -0.370962 0.704328
    outer loop
      vertex 7.87111 39.9534 2.9
      vertex 9.73254 40.9036 5
      vertex 7.69894 40.2343 2.9
    endloop
  endfacet
  facet normal 0.165791 -0.690229 0.704341
    outer loop
      vertex 5.67149 41.0741 2.9
      vertex 5.34453 43.1385 5
      vertex 4.70672 42.9853 5
    endloop
  endfacet
  facet normal 0.707785 0.0530838 0.704431
    outer loop
      vertex 1.81007 38.9984 5
      vertex 3.9 39 2.9
      vertex 1.80995 39 5
    endloop
  endfacet
  facet normal 0.707683 0.0556883 0.704332
    outer loop
      vertex 3.9 39 2.9
      vertex 1.81007 38.9984 5
      vertex 3.92585 38.6715 2.9
    endloop
  endfacet
  facet normal 0.0453886 0.708062 0.70469
    outer loop
      vertex 6 36.9 2.9
      vertex 5.99844 34.8101 5
      vertex 6 34.81 5
    endloop
  endfacet
  facet normal 0.0557944 0.707684 0.704322
    outer loop
      vertex 5.99844 34.8101 5
      vertex 6 36.9 2.9
      vertex 5.67149 36.9259 2.9
    endloop
  endfacet
  facet normal 0.0556264 0.707678 0.704342
    outer loop
      vertex 5.99844 34.8101 5
      vertex 5.67149 36.9259 2.9
      vertex 5.34453 34.8615 5
    endloop
  endfacet
  facet normal 0.539799 -0.461016 0.70433
    outer loop
      vertex 4.30106 40.2343 2.9
      vertex 3.03618 41.9616 5
      vertex 2.61018 41.4628 5
    endloop
  endfacet
  facet normal 0.16566 -0.690278 0.704325
    outer loop
      vertex 4.70672 42.9853 5
      vertex 5.35106 40.9972 2.9
      vertex 5.67149 41.0741 2.9
    endloop
  endfacet
  facet normal 0.137729 -0.697826 0.702901
    outer loop
      vertex 5.35106 40.9972 2.9
      vertex 4.70672 42.9853 5
      vertex 4.7052 42.985 5
    endloop
  endfacet
  facet normal 0.689053 -0.169966 0.704498
    outer loop
      vertex 2.01466 40.2933 5
      vertex 4.00278 39.6489 2.9
      vertex 2.01503 40.2948 5
    endloop
  endfacet
  facet normal 0.690251 -0.165734 0.704334
    outer loop
      vertex 4.00278 39.6489 2.9
      vertex 2.01466 40.2933 5
      vertex 3.92585 39.3285 2.9
    endloop
  endfacet
  facet normal 0.605245 0.37094 0.704331
    outer loop
      vertex 2.61018 36.5372 5
      vertex 4.30106 37.7657 2.9
      vertex 2.26746 37.0964 5
    endloop
  endfacet
  facet normal 0.165791 0.690229 0.704341
    outer loop
      vertex 5.34453 34.8615 5
      vertex 5.67149 36.9259 2.9
      vertex 4.70672 35.0147 5
    endloop
  endfacet
  facet normal -0.605245 -0.37094 0.704331
    outer loop
      vertex 9.73254 40.9036 5
      vertex 9.38982 41.4628 5
      vertex 7.69894 40.2343 2.9
    endloop
  endfacet
  facet normal 0.690258 0.165714 0.704331
    outer loop
      vertex 2.01466 37.7067 5
      vertex 3.92585 38.6715 2.9
      vertex 1.86154 38.3445 5
    endloop
  endfacet
  facet normal 0.707785 -0.0530838 0.704431
    outer loop
      vertex 3.9 39 2.9
      vertex 1.81007 39.0016 5
      vertex 1.80995 39 5
    endloop
  endfacet
  facet normal 0.707683 -0.0556883 0.704332
    outer loop
      vertex 1.81007 39.0016 5
      vertex 3.9 39 2.9
      vertex 3.92585 39.3285 2.9
    endloop
  endfacet
  facet normal -0.655829 -0.271671 0.704332
    outer loop
      vertex 9.73336 40.9022 5
      vertex 7.99722 39.6489 2.9
      vertex 9.98497 40.2948 5
    endloop
  endfacet
  facet normal -0.655855 -0.271625 0.704325
    outer loop
      vertex 7.99722 39.6489 2.9
      vertex 9.73336 40.9022 5
      vertex 7.87111 39.9534 2.9
    endloop
  endfacet
  facet normal 0.271648 -0.655832 0.704338
    outer loop
      vertex 4.7052 42.985 5
      vertex 5.04662 40.8711 2.9
      vertex 5.35106 40.9972 2.9
    endloop
  endfacet
  facet normal 0.271644 -0.655833 0.704338
    outer loop
      vertex 5.04662 40.8711 2.9
      vertex 4.7052 42.985 5
      vertex 4.09776 42.7334 5
    endloop
  endfacet
  facet normal 0.370885 -0.605278 0.704332
    outer loop
      vertex 4.76565 40.6989 2.9
      vertex 4.09643 42.7325 5
      vertex 3.53715 42.3898 5
    endloop
  endfacet
  facet normal -0.539805 0.461009 0.704331
    outer loop
      vertex 8.96383 36.0384 5
      vertex 9.38982 36.5372 5
      vertex 7.69894 37.7657 2.9
    endloop
  endfacet
  facet normal -0.370944 0.60525 0.704324
    outer loop
      vertex 6.95338 37.1289 2.9
      vertex 7.90357 35.2675 5
      vertex 7.23435 37.3011 2.9
    endloop
  endfacet
  facet normal -0.398736 0.589243 0.702711
    outer loop
      vertex 7.90357 35.2675 5
      vertex 6.95338 37.1289 2.9
      vertex 7.90224 35.2666 5
    endloop
  endfacet
  facet normal -0.540929 -0.45979 0.704265
    outer loop
      vertex 7.48492 40.4849 2.9
      vertex 8.96383 41.9616 5
      vertex 8.96281 41.9628 5
    endloop
  endfacet
  facet normal -0.539804 -0.461009 0.704331
    outer loop
      vertex 8.96383 41.9616 5
      vertex 7.48492 40.4849 2.9
      vertex 7.69894 40.2343 2.9
    endloop
  endfacet
  facet normal -0.45684 -0.54364 0.704097
    outer loop
      vertex 8.96162 41.9638 5
      vertex 7.48492 40.4849 2.9
      vertex 8.96281 41.9628 5
    endloop
  endfacet
  facet normal -0.461017 -0.539799 0.70433
    outer loop
      vertex 7.48492 40.4849 2.9
      vertex 8.96162 41.9638 5
      vertex 7.23435 40.6989 2.9
    endloop
  endfacet
  facet normal -0.370885 -0.605278 0.704332
    outer loop
      vertex 8.46285 42.3898 5
      vertex 7.90357 42.7325 5
      vertex 7.23435 40.6989 2.9
    endloop
  endfacet
  facet normal 0.16566 0.690278 0.704325
    outer loop
      vertex 5.35106 37.0028 2.9
      vertex 4.70672 35.0147 5
      vertex 5.67149 36.9259 2.9
    endloop
  endfacet
  facet normal 0.137729 0.697826 0.702901
    outer loop
      vertex 4.70672 35.0147 5
      vertex 5.35106 37.0028 2.9
      vertex 4.7052 35.015 5
    endloop
  endfacet
  facet normal -0.45684 0.54364 0.704097
    outer loop
      vertex 7.48492 37.5151 2.9
      vertex 8.96162 36.0362 5
      vertex 8.96281 36.0372 5
    endloop
  endfacet
  facet normal -0.461017 0.539799 0.70433
    outer loop
      vertex 8.96162 36.0362 5
      vertex 7.48492 37.5151 2.9
      vertex 7.23435 37.3011 2.9
    endloop
  endfacet
  facet normal 0.655855 -0.271625 0.704325
    outer loop
      vertex 2.26664 40.9022 5
      vertex 4.00278 39.6489 2.9
      vertex 4.12889 39.9534 2.9
    endloop
  endfacet
  facet normal 0.655829 -0.271671 0.704332
    outer loop
      vertex 4.00278 39.6489 2.9
      vertex 2.26664 40.9022 5
      vertex 2.01503 40.2948 5
    endloop
  endfacet
  facet normal -0.689053 -0.169966 0.704498
    outer loop
      vertex 7.99722 39.6489 2.9
      vertex 9.98534 40.2933 5
      vertex 9.98497 40.2948 5
    endloop
  endfacet
  facet normal -0.690251 -0.165734 0.704334
    outer loop
      vertex 9.98534 40.2933 5
      vertex 7.99722 39.6489 2.9
      vertex 8.07415 39.3285 2.9
    endloop
  endfacet
  facet normal 0.461017 -0.539799 0.70433
    outer loop
      vertex 3.03838 41.9638 5
      vertex 4.51508 40.4849 2.9
      vertex 4.76565 40.6989 2.9
    endloop
  endfacet
  facet normal 0.45684 -0.54364 0.704097
    outer loop
      vertex 4.51508 40.4849 2.9
      vertex 3.03838 41.9638 5
      vertex 3.03719 41.9628 5
    endloop
  endfacet
  facet normal 0.46103 -0.539784 0.704332
    outer loop
      vertex 4.76565 40.6989 2.9
      vertex 3.53715 42.3898 5
      vertex 3.03838 41.9638 5
    endloop
  endfacet
  facet normal 0.271648 0.655832 0.704338
    outer loop
      vertex 5.04662 37.1289 2.9
      vertex 4.7052 35.015 5
      vertex 5.35106 37.0028 2.9
    endloop
  endfacet
  facet normal 0.271644 0.655833 0.704338
    outer loop
      vertex 4.7052 35.015 5
      vertex 5.04662 37.1289 2.9
      vertex 4.09776 35.2666 5
    endloop
  endfacet
  facet normal 0.655855 0.271625 0.704325
    outer loop
      vertex 4.00278 38.3511 2.9
      vertex 2.26664 37.0978 5
      vertex 4.12889 38.0466 2.9
    endloop
  endfacet
  facet normal 0.655829 0.271671 0.704332
    outer loop
      vertex 2.26664 37.0978 5
      vertex 4.00278 38.3511 2.9
      vertex 2.01503 37.7052 5
    endloop
  endfacet
  facet normal 0.690251 0.165734 0.704334
    outer loop
      vertex 2.01466 37.7067 5
      vertex 4.00278 38.3511 2.9
      vertex 3.92585 38.6715 2.9
    endloop
  endfacet
  facet normal 0.689053 0.169966 0.704498
    outer loop
      vertex 4.00278 38.3511 2.9
      vertex 2.01466 37.7067 5
      vertex 2.01503 37.7052 5
    endloop
  endfacet
  facet normal 0.398736 -0.589243 0.702711
    outer loop
      vertex 4.09643 42.7325 5
      vertex 5.04662 40.8711 2.9
      vertex 4.09776 42.7334 5
    endloop
  endfacet
  facet normal 0.370944 -0.60525 0.704324
    outer loop
      vertex 5.04662 40.8711 2.9
      vertex 4.09643 42.7325 5
      vertex 4.76565 40.6989 2.9
    endloop
  endfacet
  facet normal 0.233384 -0.972385 0
    outer loop
      vertex 55.3511 54.9972 0
      vertex 55.6715 55.0741 2.9
      vertex 55.3511 54.9972 2.9
    endloop
  endfacet
  facet normal 0.233384 -0.972385 0
    outer loop
      vertex 55.6715 55.0741 2.9
      vertex 55.3511 54.9972 0
      vertex 55.6715 55.0741 0
    endloop
  endfacet
  facet normal -0.972385 -0.233384 0
    outer loop
      vertex 58.0741 53.3285 0
      vertex 57.9972 53.6489 2.9
      vertex 57.9972 53.6489 0
    endloop
  endfacet
  facet normal -0.972385 -0.233384 0
    outer loop
      vertex 57.9972 53.6489 2.9
      vertex 58.0741 53.3285 0
      vertex 58.0741 53.3285 2.9
    endloop
  endfacet
  facet normal -0.996906 -0.0785993 0
    outer loop
      vertex 58.1 53 0
      vertex 58.0741 53.3285 2.9
      vertex 58.0741 53.3285 0
    endloop
  endfacet
  facet normal -0.996906 -0.0785993 0
    outer loop
      vertex 58.0741 53.3285 2.9
      vertex 58.1 53 0
      vertex 58.1 53 2.9
    endloop
  endfacet
  facet normal 0.852553 0.52264 0
    outer loop
      vertex 54.3011 51.7657 2.9
      vertex 54.1289 52.0466 0
      vertex 54.1289 52.0466 2.9
    endloop
  endfacet
  facet normal 0.852553 0.52264 0
    outer loop
      vertex 54.1289 52.0466 0
      vertex 54.3011 51.7657 2.9
      vertex 54.3011 51.7657 0
    endloop
  endfacet
  facet normal 0.52264 0.852553 -0
    outer loop
      vertex 55.0466 51.1289 0
      vertex 54.7657 51.3011 2.9
      vertex 55.0466 51.1289 2.9
    endloop
  endfacet
  facet normal 0.52264 0.852553 0
    outer loop
      vertex 54.7657 51.3011 2.9
      vertex 55.0466 51.1289 0
      vertex 54.7657 51.3011 0
    endloop
  endfacet
  facet normal -0.996906 0.0785993 0
    outer loop
      vertex 58.0741 52.6715 0
      vertex 58.1 53 2.9
      vertex 58.1 53 0
    endloop
  endfacet
  facet normal -0.996906 0.0785993 0
    outer loop
      vertex 58.1 53 2.9
      vertex 58.0741 52.6715 0
      vertex 58.0741 52.6715 2.9
    endloop
  endfacet
  facet normal -0.0785993 -0.996906 0
    outer loop
      vertex 56 55.1 0
      vertex 56.3285 55.0741 2.9
      vertex 56 55.1 2.9
    endloop
  endfacet
  facet normal -0.0785993 -0.996906 -0
    outer loop
      vertex 56.3285 55.0741 2.9
      vertex 56 55.1 0
      vertex 56.3285 55.0741 0
    endloop
  endfacet
  facet normal -0.760455 -0.649391 0
    outer loop
      vertex 57.6989 54.2343 0
      vertex 57.4849 54.4849 2.9
      vertex 57.4849 54.4849 0
    endloop
  endfacet
  facet normal -0.760455 -0.649391 0
    outer loop
      vertex 57.4849 54.4849 2.9
      vertex 57.6989 54.2343 0
      vertex 57.6989 54.2343 2.9
    endloop
  endfacet
  facet normal -0.52264 -0.852553 0
    outer loop
      vertex 56.9534 54.8711 0
      vertex 57.2343 54.6989 2.9
      vertex 56.9534 54.8711 2.9
    endloop
  endfacet
  facet normal -0.52264 -0.852553 -0
    outer loop
      vertex 57.2343 54.6989 2.9
      vertex 56.9534 54.8711 0
      vertex 57.2343 54.6989 0
    endloop
  endfacet
  facet normal 0.0785993 0.996906 -0
    outer loop
      vertex 56 50.9 0
      vertex 55.6715 50.9259 2.9
      vertex 56 50.9 2.9
    endloop
  endfacet
  facet normal 0.0785993 0.996906 0
    outer loop
      vertex 55.6715 50.9259 2.9
      vertex 56 50.9 0
      vertex 55.6715 50.9259 0
    endloop
  endfacet
  facet normal 0.649391 0.760455 -0
    outer loop
      vertex 54.7657 51.3011 0
      vertex 54.5151 51.5151 2.9
      vertex 54.7657 51.3011 2.9
    endloop
  endfacet
  facet normal 0.649391 0.760455 0
    outer loop
      vertex 54.5151 51.5151 2.9
      vertex 54.7657 51.3011 0
      vertex 54.5151 51.5151 0
    endloop
  endfacet
  facet normal 0.760455 -0.649391 0
    outer loop
      vertex 54.3011 54.2343 2.9
      vertex 54.5151 54.4849 0
      vertex 54.5151 54.4849 2.9
    endloop
  endfacet
  facet normal 0.760455 -0.649391 0
    outer loop
      vertex 54.5151 54.4849 0
      vertex 54.3011 54.2343 2.9
      vertex 54.3011 54.2343 0
    endloop
  endfacet
  facet normal 0.0785993 -0.996906 0
    outer loop
      vertex 55.6715 55.0741 0
      vertex 56 55.1 2.9
      vertex 55.6715 55.0741 2.9
    endloop
  endfacet
  facet normal 0.0785993 -0.996906 0
    outer loop
      vertex 56 55.1 2.9
      vertex 55.6715 55.0741 0
      vertex 56 55.1 0
    endloop
  endfacet
  facet normal -0.852553 0.52264 0
    outer loop
      vertex 57.6989 51.7657 0
      vertex 57.8711 52.0466 2.9
      vertex 57.8711 52.0466 0
    endloop
  endfacet
  facet normal -0.852553 0.52264 0
    outer loop
      vertex 57.8711 52.0466 2.9
      vertex 57.6989 51.7657 0
      vertex 57.6989 51.7657 2.9
    endloop
  endfacet
  facet normal -0.972385 0.233384 0
    outer loop
      vertex 57.9972 52.3511 0
      vertex 58.0741 52.6715 2.9
      vertex 58.0741 52.6715 0
    endloop
  endfacet
  facet normal -0.972385 0.233384 0
    outer loop
      vertex 58.0741 52.6715 2.9
      vertex 57.9972 52.3511 0
      vertex 57.9972 52.3511 2.9
    endloop
  endfacet
  facet normal -0.852553 -0.52264 0
    outer loop
      vertex 57.8711 53.9534 0
      vertex 57.6989 54.2343 2.9
      vertex 57.6989 54.2343 0
    endloop
  endfacet
  facet normal -0.852553 -0.52264 0
    outer loop
      vertex 57.6989 54.2343 2.9
      vertex 57.8711 53.9534 0
      vertex 57.8711 53.9534 2.9
    endloop
  endfacet
  facet normal 0.996906 0.0785993 0
    outer loop
      vertex 53.9259 52.6715 2.9
      vertex 53.9 53 0
      vertex 53.9 53 2.9
    endloop
  endfacet
  facet normal 0.996906 0.0785993 0
    outer loop
      vertex 53.9 53 0
      vertex 53.9259 52.6715 2.9
      vertex 53.9259 52.6715 0
    endloop
  endfacet
  facet normal -0.52264 0.852553 0
    outer loop
      vertex 57.2343 51.3011 0
      vertex 56.9534 51.1289 2.9
      vertex 57.2343 51.3011 2.9
    endloop
  endfacet
  facet normal -0.52264 0.852553 0
    outer loop
      vertex 56.9534 51.1289 2.9
      vertex 57.2343 51.3011 0
      vertex 56.9534 51.1289 0
    endloop
  endfacet
  facet normal 0.382611 0.92391 -0
    outer loop
      vertex 55.3511 51.0028 0
      vertex 55.0466 51.1289 2.9
      vertex 55.3511 51.0028 2.9
    endloop
  endfacet
  facet normal 0.382611 0.92391 0
    outer loop
      vertex 55.0466 51.1289 2.9
      vertex 55.3511 51.0028 0
      vertex 55.0466 51.1289 0
    endloop
  endfacet
  facet normal 0.649391 -0.760455 0
    outer loop
      vertex 54.5151 54.4849 0
      vertex 54.7657 54.6989 2.9
      vertex 54.5151 54.4849 2.9
    endloop
  endfacet
  facet normal 0.649391 -0.760455 0
    outer loop
      vertex 54.7657 54.6989 2.9
      vertex 54.5151 54.4849 0
      vertex 54.7657 54.6989 0
    endloop
  endfacet
  facet normal -0.382611 0.92391 0
    outer loop
      vertex 56.9534 51.1289 0
      vertex 56.6489 51.0028 2.9
      vertex 56.9534 51.1289 2.9
    endloop
  endfacet
  facet normal -0.382611 0.92391 0
    outer loop
      vertex 56.6489 51.0028 2.9
      vertex 56.9534 51.1289 0
      vertex 56.6489 51.0028 0
    endloop
  endfacet
  facet normal -0.233384 -0.972385 0
    outer loop
      vertex 56.3285 55.0741 0
      vertex 56.6489 54.9972 2.9
      vertex 56.3285 55.0741 2.9
    endloop
  endfacet
  facet normal -0.233384 -0.972385 -0
    outer loop
      vertex 56.6489 54.9972 2.9
      vertex 56.3285 55.0741 0
      vertex 56.6489 54.9972 0
    endloop
  endfacet
  facet normal 0.92391 0.382611 0
    outer loop
      vertex 54.1289 52.0466 2.9
      vertex 54.0028 52.3511 0
      vertex 54.0028 52.3511 2.9
    endloop
  endfacet
  facet normal 0.92391 0.382611 0
    outer loop
      vertex 54.0028 52.3511 0
      vertex 54.1289 52.0466 2.9
      vertex 54.1289 52.0466 0
    endloop
  endfacet
  facet normal -0.760455 0.649391 0
    outer loop
      vertex 57.4849 51.5151 0
      vertex 57.6989 51.7657 2.9
      vertex 57.6989 51.7657 0
    endloop
  endfacet
  facet normal -0.760455 0.649391 0
    outer loop
      vertex 57.6989 51.7657 2.9
      vertex 57.4849 51.5151 0
      vertex 57.4849 51.5151 2.9
    endloop
  endfacet
  facet normal 0.760455 0.649391 0
    outer loop
      vertex 54.5151 51.5151 2.9
      vertex 54.3011 51.7657 0
      vertex 54.3011 51.7657 2.9
    endloop
  endfacet
  facet normal 0.760455 0.649391 0
    outer loop
      vertex 54.3011 51.7657 0
      vertex 54.5151 51.5151 2.9
      vertex 54.5151 51.5151 0
    endloop
  endfacet
  facet normal -0.92391 0.382611 0
    outer loop
      vertex 57.8711 52.0466 0
      vertex 57.9972 52.3511 2.9
      vertex 57.9972 52.3511 0
    endloop
  endfacet
  facet normal -0.92391 0.382611 0
    outer loop
      vertex 57.9972 52.3511 2.9
      vertex 57.8711 52.0466 0
      vertex 57.8711 52.0466 2.9
    endloop
  endfacet
  facet normal -0.649391 -0.760455 0
    outer loop
      vertex 57.2343 54.6989 0
      vertex 57.4849 54.4849 2.9
      vertex 57.2343 54.6989 2.9
    endloop
  endfacet
  facet normal -0.649391 -0.760455 -0
    outer loop
      vertex 57.4849 54.4849 2.9
      vertex 57.2343 54.6989 0
      vertex 57.4849 54.4849 0
    endloop
  endfacet
  facet normal -0.92391 -0.382611 0
    outer loop
      vertex 57.9972 53.6489 0
      vertex 57.8711 53.9534 2.9
      vertex 57.8711 53.9534 0
    endloop
  endfacet
  facet normal -0.92391 -0.382611 0
    outer loop
      vertex 57.8711 53.9534 2.9
      vertex 57.9972 53.6489 0
      vertex 57.9972 53.6489 2.9
    endloop
  endfacet
  facet normal -0.382611 -0.92391 0
    outer loop
      vertex 56.6489 54.9972 0
      vertex 56.9534 54.8711 2.9
      vertex 56.6489 54.9972 2.9
    endloop
  endfacet
  facet normal -0.382611 -0.92391 -0
    outer loop
      vertex 56.9534 54.8711 2.9
      vertex 56.6489 54.9972 0
      vertex 56.9534 54.8711 0
    endloop
  endfacet
  facet normal -0.649391 0.760455 0
    outer loop
      vertex 57.4849 51.5151 0
      vertex 57.2343 51.3011 2.9
      vertex 57.4849 51.5151 2.9
    endloop
  endfacet
  facet normal -0.649391 0.760455 0
    outer loop
      vertex 57.2343 51.3011 2.9
      vertex 57.4849 51.5151 0
      vertex 57.2343 51.3011 0
    endloop
  endfacet
  facet normal -0.233384 0.972385 0
    outer loop
      vertex 56.6489 51.0028 0
      vertex 56.3285 50.9259 2.9
      vertex 56.6489 51.0028 2.9
    endloop
  endfacet
  facet normal -0.233384 0.972385 0
    outer loop
      vertex 56.3285 50.9259 2.9
      vertex 56.6489 51.0028 0
      vertex 56.3285 50.9259 0
    endloop
  endfacet
  facet normal -0.0785993 0.996906 0
    outer loop
      vertex 56.3285 50.9259 0
      vertex 56 50.9 2.9
      vertex 56.3285 50.9259 2.9
    endloop
  endfacet
  facet normal -0.0785993 0.996906 0
    outer loop
      vertex 56 50.9 2.9
      vertex 56.3285 50.9259 0
      vertex 56 50.9 0
    endloop
  endfacet
  facet normal 0.52264 -0.852553 0
    outer loop
      vertex 54.7657 54.6989 0
      vertex 55.0466 54.8711 2.9
      vertex 54.7657 54.6989 2.9
    endloop
  endfacet
  facet normal 0.52264 -0.852553 0
    outer loop
      vertex 55.0466 54.8711 2.9
      vertex 54.7657 54.6989 0
      vertex 55.0466 54.8711 0
    endloop
  endfacet
  facet normal 0.92391 -0.382611 0
    outer loop
      vertex 54.0028 53.6489 2.9
      vertex 54.1289 53.9534 0
      vertex 54.1289 53.9534 2.9
    endloop
  endfacet
  facet normal 0.92391 -0.382611 0
    outer loop
      vertex 54.1289 53.9534 0
      vertex 54.0028 53.6489 2.9
      vertex 54.0028 53.6489 0
    endloop
  endfacet
  facet normal 0.972385 0.233384 0
    outer loop
      vertex 54.0028 52.3511 2.9
      vertex 53.9259 52.6715 0
      vertex 53.9259 52.6715 2.9
    endloop
  endfacet
  facet normal 0.972385 0.233384 0
    outer loop
      vertex 53.9259 52.6715 0
      vertex 54.0028 52.3511 2.9
      vertex 54.0028 52.3511 0
    endloop
  endfacet
  facet normal 0.972385 -0.233384 0
    outer loop
      vertex 53.9259 53.3285 2.9
      vertex 54.0028 53.6489 0
      vertex 54.0028 53.6489 2.9
    endloop
  endfacet
  facet normal 0.972385 -0.233384 0
    outer loop
      vertex 54.0028 53.6489 0
      vertex 53.9259 53.3285 2.9
      vertex 53.9259 53.3285 0
    endloop
  endfacet
  facet normal 0.382611 -0.92391 0
    outer loop
      vertex 55.0466 54.8711 0
      vertex 55.3511 54.9972 2.9
      vertex 55.0466 54.8711 2.9
    endloop
  endfacet
  facet normal 0.382611 -0.92391 0
    outer loop
      vertex 55.3511 54.9972 2.9
      vertex 55.0466 54.8711 0
      vertex 55.3511 54.9972 0
    endloop
  endfacet
  facet normal 0.996906 -0.0785993 0
    outer loop
      vertex 53.9 53 2.9
      vertex 53.9259 53.3285 0
      vertex 53.9259 53.3285 2.9
    endloop
  endfacet
  facet normal 0.996906 -0.0785993 0
    outer loop
      vertex 53.9259 53.3285 0
      vertex 53.9 53 2.9
      vertex 53.9 53 0
    endloop
  endfacet
  facet normal 0.233384 0.972385 -0
    outer loop
      vertex 55.6715 50.9259 0
      vertex 55.3511 51.0028 2.9
      vertex 55.6715 50.9259 2.9
    endloop
  endfacet
  facet normal 0.233384 0.972385 0
    outer loop
      vertex 55.3511 51.0028 2.9
      vertex 55.6715 50.9259 0
      vertex 55.3511 51.0028 0
    endloop
  endfacet
  facet normal 0.852553 -0.52264 0
    outer loop
      vertex 54.1289 53.9534 2.9
      vertex 54.3011 54.2343 0
      vertex 54.3011 54.2343 2.9
    endloop
  endfacet
  facet normal 0.852553 -0.52264 0
    outer loop
      vertex 54.3011 54.2343 0
      vertex 54.1289 53.9534 2.9
      vertex 54.1289 53.9534 0
    endloop
  endfacet
  facet normal -0.707684 -0.0557961 0.704323
    outer loop
      vertex 58.1 53 2.9
      vertex 60.1899 53.0016 5
      vertex 58.0741 53.3285 2.9
    endloop
  endfacet
  facet normal -0.708098 -0.0442561 0.704726
    outer loop
      vertex 60.1899 53.0016 5
      vertex 58.1 53 2.9
      vertex 60.19 53 5
    endloop
  endfacet
  facet normal -0.539828 0.460986 0.704328
    outer loop
      vertex 57.4849 51.5151 2.9
      vertex 58.9638 50.0384 5
      vertex 57.6989 51.7657 2.9
    endloop
  endfacet
  facet normal -0.545615 0.454679 0.703969
    outer loop
      vertex 58.9638 50.0384 5
      vertex 57.4849 51.5151 2.9
      vertex 58.9628 50.0372 5
    endloop
  endfacet
  facet normal -0.370923 0.605253 0.704333
    outer loop
      vertex 57.9036 49.2675 5
      vertex 58.4628 49.6102 5
      vertex 57.2343 51.3011 2.9
    endloop
  endfacet
  facet normal -0.165793 0.690227 0.704343
    outer loop
      vertex 56.6555 48.8615 5
      vertex 57.2933 49.0147 5
      vertex 56.3285 50.9259 2.9
    endloop
  endfacet
  facet normal 0.0556272 -0.707677 0.704343
    outer loop
      vertex 55.6715 55.0741 2.9
      vertex 55.9984 57.1899 5
      vertex 55.3445 57.1385 5
    endloop
  endfacet
  facet normal -0.271661 -0.65583 0.704335
    outer loop
      vertex 57.2948 56.985 5
      vertex 56.9534 54.8711 2.9
      vertex 57.9022 56.7334 5
    endloop
  endfacet
  facet normal -0.2716 -0.655847 0.704342
    outer loop
      vertex 56.9534 54.8711 2.9
      vertex 57.2948 56.985 5
      vertex 56.6489 54.9972 2.9
    endloop
  endfacet
  facet normal -0.539797 -0.461014 0.704333
    outer loop
      vertex 59.3898 55.4628 5
      vertex 58.9638 55.9616 5
      vertex 57.6989 54.2343 2.9
    endloop
  endfacet
  facet normal -0.0557961 0.707684 0.704323
    outer loop
      vertex 56 50.9 2.9
      vertex 56.0016 48.8101 5
      vertex 56.3285 50.9259 2.9
    endloop
  endfacet
  facet normal -0.0442561 0.708098 0.704726
    outer loop
      vertex 56.0016 48.8101 5
      vertex 56 50.9 2.9
      vertex 56 48.81 5
    endloop
  endfacet
  facet normal 0.460986 0.539828 0.704328
    outer loop
      vertex 54.5151 51.5151 2.9
      vertex 53.0384 50.0362 5
      vertex 54.7657 51.3011 2.9
    endloop
  endfacet
  facet normal 0.454679 0.545615 0.703969
    outer loop
      vertex 53.0384 50.0362 5
      vertex 54.5151 51.5151 2.9
      vertex 53.0372 50.0372 5
    endloop
  endfacet
  facet normal -0.0556272 0.707677 0.704343
    outer loop
      vertex 56.6555 48.8615 5
      vertex 56.3285 50.9259 2.9
      vertex 56.0016 48.8101 5
    endloop
  endfacet
  facet normal -0.461014 -0.539797 0.704333
    outer loop
      vertex 58.9616 55.9638 5
      vertex 58.4628 56.3898 5
      vertex 57.2343 54.6989 2.9
    endloop
  endfacet
  facet normal 0.370923 0.605253 0.704333
    outer loop
      vertex 54.0964 49.2675 5
      vertex 54.7657 51.3011 2.9
      vertex 53.5372 49.6102 5
    endloop
  endfacet
  facet normal 0.605211 0.371012 0.704322
    outer loop
      vertex 54.1289 52.0466 2.9
      vertex 52.2675 51.0964 5
      vertex 54.3011 51.7657 2.9
    endloop
  endfacet
  facet normal 0.597699 0.384235 0.703647
    outer loop
      vertex 52.2675 51.0964 5
      vertex 54.1289 52.0466 2.9
      vertex 52.2666 51.0978 5
    endloop
  endfacet
  facet normal 0.605253 -0.370923 0.704333
    outer loop
      vertex 54.3011 54.2343 2.9
      vertex 52.6102 55.4628 5
      vertex 52.2675 54.9036 5
    endloop
  endfacet
  facet normal -0.690227 -0.165793 0.704343
    outer loop
      vertex 60.1385 53.6555 5
      vertex 59.9853 54.2933 5
      vertex 58.0741 53.3285 2.9
    endloop
  endfacet
  facet normal 0.539828 0.460986 0.704328
    outer loop
      vertex 53.0362 50.0384 5
      vertex 54.5151 51.5151 2.9
      vertex 54.3011 51.7657 2.9
    endloop
  endfacet
  facet normal 0.545615 0.454679 0.703969
    outer loop
      vertex 54.5151 51.5151 2.9
      vertex 53.0362 50.0384 5
      vertex 53.0372 50.0372 5
    endloop
  endfacet
  facet normal -0.139474 -0.69737 0.703009
    outer loop
      vertex 57.2933 56.9853 5
      vertex 56.6489 54.9972 2.9
      vertex 57.2948 56.985 5
    endloop
  endfacet
  facet normal -0.165674 -0.690271 0.704328
    outer loop
      vertex 56.6489 54.9972 2.9
      vertex 57.2933 56.9853 5
      vertex 56.3285 55.0741 2.9
    endloop
  endfacet
  facet normal -0.707677 0.0556272 0.704343
    outer loop
      vertex 60.1385 52.3445 5
      vertex 60.1899 52.9984 5
      vertex 58.0741 52.6715 2.9
    endloop
  endfacet
  facet normal 0.707677 -0.0556272 0.704343
    outer loop
      vertex 53.9259 53.3285 2.9
      vertex 51.8615 53.6555 5
      vertex 51.8101 53.0016 5
    endloop
  endfacet
  facet normal 0.690227 -0.165793 0.704343
    outer loop
      vertex 53.9259 53.3285 2.9
      vertex 52.0147 54.2933 5
      vertex 51.8615 53.6555 5
    endloop
  endfacet
  facet normal -0.605253 0.370923 0.704333
    outer loop
      vertex 59.3898 50.5372 5
      vertex 59.7325 51.0964 5
      vertex 57.6989 51.7657 2.9
    endloop
  endfacet
  facet normal 0.605211 -0.371012 0.704322
    outer loop
      vertex 52.2675 54.9036 5
      vertex 54.1289 53.9534 2.9
      vertex 54.3011 54.2343 2.9
    endloop
  endfacet
  facet normal 0.597699 -0.384235 0.703647
    outer loop
      vertex 54.1289 53.9534 2.9
      vertex 52.2675 54.9036 5
      vertex 52.2666 54.9022 5
    endloop
  endfacet
  facet normal -0.708098 0.0442561 0.704726
    outer loop
      vertex 58.1 53 2.9
      vertex 60.1899 52.9984 5
      vertex 60.19 53 5
    endloop
  endfacet
  facet normal -0.707684 0.0557961 0.704323
    outer loop
      vertex 60.1899 52.9984 5
      vertex 58.1 53 2.9
      vertex 58.0741 52.6715 2.9
    endloop
  endfacet
  facet normal -0.0556272 -0.707677 0.704343
    outer loop
      vertex 56.3285 55.0741 2.9
      vertex 56.6555 57.1385 5
      vertex 56.0016 57.1899 5
    endloop
  endfacet
  facet normal -0.0442561 -0.708098 0.704726
    outer loop
      vertex 56 55.1 2.9
      vertex 56.0016 57.1899 5
      vertex 56 57.19 5
    endloop
  endfacet
  facet normal -0.0557961 -0.707684 0.704323
    outer loop
      vertex 56.0016 57.1899 5
      vertex 56 55.1 2.9
      vertex 56.3285 55.0741 2.9
    endloop
  endfacet
  facet normal 0.371012 0.605211 0.704322
    outer loop
      vertex 54.0964 49.2675 5
      vertex 55.0466 51.1289 2.9
      vertex 54.7657 51.3011 2.9
    endloop
  endfacet
  facet normal 0.384235 0.597699 0.703647
    outer loop
      vertex 55.0466 51.1289 2.9
      vertex 54.0964 49.2675 5
      vertex 54.0978 49.2666 5
    endloop
  endfacet
  facet normal -0.139474 0.69737 0.703009
    outer loop
      vertex 56.6489 51.0028 2.9
      vertex 57.2933 49.0147 5
      vertex 57.2948 49.015 5
    endloop
  endfacet
  facet normal -0.165674 0.690271 0.704328
    outer loop
      vertex 57.2933 49.0147 5
      vertex 56.6489 51.0028 2.9
      vertex 56.3285 50.9259 2.9
    endloop
  endfacet
  facet normal -0.707677 -0.0556272 0.704343
    outer loop
      vertex 60.1899 53.0016 5
      vertex 60.1385 53.6555 5
      vertex 58.0741 53.3285 2.9
    endloop
  endfacet
  facet normal -0.271661 0.65583 0.704335
    outer loop
      vertex 56.9534 51.1289 2.9
      vertex 57.2948 49.015 5
      vertex 57.9022 49.2666 5
    endloop
  endfacet
  facet normal -0.2716 0.655847 0.704342
    outer loop
      vertex 57.2948 49.015 5
      vertex 56.9534 51.1289 2.9
      vertex 56.6489 51.0028 2.9
    endloop
  endfacet
  facet normal -0.690227 0.165793 0.704343
    outer loop
      vertex 59.9853 51.7067 5
      vertex 60.1385 52.3445 5
      vertex 58.0741 52.6715 2.9
    endloop
  endfacet
  facet normal -0.655825 0.271659 0.70434
    outer loop
      vertex 57.9972 52.3511 2.9
      vertex 59.7334 51.0978 5
      vertex 59.985 51.7052 5
    endloop
  endfacet
  facet normal -0.655856 0.271604 0.704333
    outer loop
      vertex 59.7334 51.0978 5
      vertex 57.9972 52.3511 2.9
      vertex 57.8711 52.0466 2.9
    endloop
  endfacet
  facet normal -0.597699 0.384235 0.703647
    outer loop
      vertex 57.8711 52.0466 2.9
      vertex 59.7325 51.0964 5
      vertex 59.7334 51.0978 5
    endloop
  endfacet
  facet normal -0.605211 0.371012 0.704322
    outer loop
      vertex 59.7325 51.0964 5
      vertex 57.8711 52.0466 2.9
      vertex 57.6989 51.7657 2.9
    endloop
  endfacet
  facet normal -0.165793 -0.690227 0.704343
    outer loop
      vertex 57.2933 56.9853 5
      vertex 56.6555 57.1385 5
      vertex 56.3285 55.0741 2.9
    endloop
  endfacet
  facet normal -0.384235 -0.597699 0.703647
    outer loop
      vertex 56.9534 54.8711 2.9
      vertex 57.9036 56.7325 5
      vertex 57.9022 56.7334 5
    endloop
  endfacet
  facet normal -0.371012 -0.605211 0.704322
    outer loop
      vertex 57.9036 56.7325 5
      vertex 56.9534 54.8711 2.9
      vertex 57.2343 54.6989 2.9
    endloop
  endfacet
  facet normal 0.461014 0.539797 0.704333
    outer loop
      vertex 53.5372 49.6102 5
      vertex 54.7657 51.3011 2.9
      vertex 53.0384 50.0362 5
    endloop
  endfacet
  facet normal 0.539797 0.461014 0.704333
    outer loop
      vertex 53.0362 50.0384 5
      vertex 54.3011 51.7657 2.9
      vertex 52.6102 50.5372 5
    endloop
  endfacet
  facet normal -0.461014 0.539797 0.704333
    outer loop
      vertex 58.4628 49.6102 5
      vertex 58.9616 50.0362 5
      vertex 57.2343 51.3011 2.9
    endloop
  endfacet
  facet normal 0.545615 -0.454679 0.703969
    outer loop
      vertex 53.0362 55.9616 5
      vertex 54.5151 54.4849 2.9
      vertex 53.0372 55.9628 5
    endloop
  endfacet
  facet normal 0.539828 -0.460986 0.704328
    outer loop
      vertex 54.5151 54.4849 2.9
      vertex 53.0362 55.9616 5
      vertex 54.3011 54.2343 2.9
    endloop
  endfacet
  facet normal 0.707677 0.0556272 0.704343
    outer loop
      vertex 51.8615 52.3445 5
      vertex 53.9259 52.6715 2.9
      vertex 51.8101 52.9984 5
    endloop
  endfacet
  facet normal -0.690271 0.165674 0.704328
    outer loop
      vertex 57.9972 52.3511 2.9
      vertex 59.9853 51.7067 5
      vertex 58.0741 52.6715 2.9
    endloop
  endfacet
  facet normal -0.69737 0.139474 0.703009
    outer loop
      vertex 59.9853 51.7067 5
      vertex 57.9972 52.3511 2.9
      vertex 59.985 51.7052 5
    endloop
  endfacet
  facet normal 0.0557961 -0.707684 0.704323
    outer loop
      vertex 56 55.1 2.9
      vertex 55.9984 57.1899 5
      vertex 55.6715 55.0741 2.9
    endloop
  endfacet
  facet normal 0.0442561 -0.708098 0.704726
    outer loop
      vertex 55.9984 57.1899 5
      vertex 56 55.1 2.9
      vertex 56 57.19 5
    endloop
  endfacet
  facet normal -0.597699 -0.384235 0.703647
    outer loop
      vertex 59.7325 54.9036 5
      vertex 57.8711 53.9534 2.9
      vertex 59.7334 54.9022 5
    endloop
  endfacet
  facet normal -0.605211 -0.371012 0.704322
    outer loop
      vertex 57.8711 53.9534 2.9
      vertex 59.7325 54.9036 5
      vertex 57.6989 54.2343 2.9
    endloop
  endfacet
  facet normal 0.165793 -0.690227 0.704343
    outer loop
      vertex 55.6715 55.0741 2.9
      vertex 55.3445 57.1385 5
      vertex 54.7067 56.9853 5
    endloop
  endfacet
  facet normal 0.708098 0.0442561 0.704726
    outer loop
      vertex 51.8101 52.9984 5
      vertex 53.9 53 2.9
      vertex 51.81 53 5
    endloop
  endfacet
  facet normal 0.707684 0.0557961 0.704323
    outer loop
      vertex 53.9 53 2.9
      vertex 51.8101 52.9984 5
      vertex 53.9259 52.6715 2.9
    endloop
  endfacet
  facet normal 0.0442561 0.708098 0.704726
    outer loop
      vertex 56 50.9 2.9
      vertex 55.9984 48.8101 5
      vertex 56 48.81 5
    endloop
  endfacet
  facet normal 0.0557961 0.707684 0.704323
    outer loop
      vertex 55.9984 48.8101 5
      vertex 56 50.9 2.9
      vertex 55.6715 50.9259 2.9
    endloop
  endfacet
  facet normal 0.0556272 0.707677 0.704343
    outer loop
      vertex 55.9984 48.8101 5
      vertex 55.6715 50.9259 2.9
      vertex 55.3445 48.8615 5
    endloop
  endfacet
  facet normal 0.539797 -0.461014 0.704333
    outer loop
      vertex 54.3011 54.2343 2.9
      vertex 53.0362 55.9616 5
      vertex 52.6102 55.4628 5
    endloop
  endfacet
  facet normal 0.165674 -0.690271 0.704328
    outer loop
      vertex 54.7067 56.9853 5
      vertex 55.3511 54.9972 2.9
      vertex 55.6715 55.0741 2.9
    endloop
  endfacet
  facet normal 0.139474 -0.69737 0.703009
    outer loop
      vertex 55.3511 54.9972 2.9
      vertex 54.7067 56.9853 5
      vertex 54.7052 56.985 5
    endloop
  endfacet
  facet normal 0.69737 -0.139474 0.703009
    outer loop
      vertex 52.0147 54.2933 5
      vertex 54.0028 53.6489 2.9
      vertex 52.015 54.2948 5
    endloop
  endfacet
  facet normal 0.690271 -0.165674 0.704328
    outer loop
      vertex 54.0028 53.6489 2.9
      vertex 52.0147 54.2933 5
      vertex 53.9259 53.3285 2.9
    endloop
  endfacet
  facet normal 0.605253 0.370923 0.704333
    outer loop
      vertex 52.6102 50.5372 5
      vertex 54.3011 51.7657 2.9
      vertex 52.2675 51.0964 5
    endloop
  endfacet
  facet normal 0.165793 0.690227 0.704343
    outer loop
      vertex 55.3445 48.8615 5
      vertex 55.6715 50.9259 2.9
      vertex 54.7067 49.0147 5
    endloop
  endfacet
  facet normal -0.605253 -0.370923 0.704333
    outer loop
      vertex 59.7325 54.9036 5
      vertex 59.3898 55.4628 5
      vertex 57.6989 54.2343 2.9
    endloop
  endfacet
  facet normal 0.690227 0.165793 0.704343
    outer loop
      vertex 52.0147 51.7067 5
      vertex 53.9259 52.6715 2.9
      vertex 51.8615 52.3445 5
    endloop
  endfacet
  facet normal 0.708098 -0.0442561 0.704726
    outer loop
      vertex 53.9 53 2.9
      vertex 51.8101 53.0016 5
      vertex 51.81 53 5
    endloop
  endfacet
  facet normal 0.707684 -0.0557961 0.704323
    outer loop
      vertex 51.8101 53.0016 5
      vertex 53.9 53 2.9
      vertex 53.9259 53.3285 2.9
    endloop
  endfacet
  facet normal -0.655825 -0.271659 0.70434
    outer loop
      vertex 59.7334 54.9022 5
      vertex 57.9972 53.6489 2.9
      vertex 59.985 54.2948 5
    endloop
  endfacet
  facet normal -0.655856 -0.271604 0.704333
    outer loop
      vertex 57.9972 53.6489 2.9
      vertex 59.7334 54.9022 5
      vertex 57.8711 53.9534 2.9
    endloop
  endfacet
  facet normal 0.2716 -0.655847 0.704342
    outer loop
      vertex 54.7052 56.985 5
      vertex 55.0466 54.8711 2.9
      vertex 55.3511 54.9972 2.9
    endloop
  endfacet
  facet normal 0.271661 -0.65583 0.704335
    outer loop
      vertex 55.0466 54.8711 2.9
      vertex 54.7052 56.985 5
      vertex 54.0978 56.7334 5
    endloop
  endfacet
  facet normal 0.370923 -0.605253 0.704333
    outer loop
      vertex 54.7657 54.6989 2.9
      vertex 54.0964 56.7325 5
      vertex 53.5372 56.3898 5
    endloop
  endfacet
  facet normal -0.539797 0.461014 0.704333
    outer loop
      vertex 58.9638 50.0384 5
      vertex 59.3898 50.5372 5
      vertex 57.6989 51.7657 2.9
    endloop
  endfacet
  facet normal -0.371012 0.605211 0.704322
    outer loop
      vertex 56.9534 51.1289 2.9
      vertex 57.9036 49.2675 5
      vertex 57.2343 51.3011 2.9
    endloop
  endfacet
  facet normal -0.384235 0.597699 0.703647
    outer loop
      vertex 57.9036 49.2675 5
      vertex 56.9534 51.1289 2.9
      vertex 57.9022 49.2666 5
    endloop
  endfacet
  facet normal -0.545615 -0.454679 0.703969
    outer loop
      vertex 57.4849 54.4849 2.9
      vertex 58.9638 55.9616 5
      vertex 58.9628 55.9628 5
    endloop
  endfacet
  facet normal -0.539828 -0.460986 0.704328
    outer loop
      vertex 58.9638 55.9616 5
      vertex 57.4849 54.4849 2.9
      vertex 57.6989 54.2343 2.9
    endloop
  endfacet
  facet normal -0.454679 -0.545615 0.703969
    outer loop
      vertex 58.9616 55.9638 5
      vertex 57.4849 54.4849 2.9
      vertex 58.9628 55.9628 5
    endloop
  endfacet
  facet normal -0.460986 -0.539828 0.704328
    outer loop
      vertex 57.4849 54.4849 2.9
      vertex 58.9616 55.9638 5
      vertex 57.2343 54.6989 2.9
    endloop
  endfacet
  facet normal -0.370923 -0.605253 0.704333
    outer loop
      vertex 58.4628 56.3898 5
      vertex 57.9036 56.7325 5
      vertex 57.2343 54.6989 2.9
    endloop
  endfacet
  facet normal 0.165674 0.690271 0.704328
    outer loop
      vertex 55.3511 51.0028 2.9
      vertex 54.7067 49.0147 5
      vertex 55.6715 50.9259 2.9
    endloop
  endfacet
  facet normal 0.139474 0.69737 0.703009
    outer loop
      vertex 54.7067 49.0147 5
      vertex 55.3511 51.0028 2.9
      vertex 54.7052 49.015 5
    endloop
  endfacet
  facet normal -0.454679 0.545615 0.703969
    outer loop
      vertex 57.4849 51.5151 2.9
      vertex 58.9616 50.0362 5
      vertex 58.9628 50.0372 5
    endloop
  endfacet
  facet normal -0.460986 0.539828 0.704328
    outer loop
      vertex 58.9616 50.0362 5
      vertex 57.4849 51.5151 2.9
      vertex 57.2343 51.3011 2.9
    endloop
  endfacet
  facet normal 0.655856 -0.271604 0.704333
    outer loop
      vertex 52.2666 54.9022 5
      vertex 54.0028 53.6489 2.9
      vertex 54.1289 53.9534 2.9
    endloop
  endfacet
  facet normal 0.655825 -0.271659 0.70434
    outer loop
      vertex 54.0028 53.6489 2.9
      vertex 52.2666 54.9022 5
      vertex 52.015 54.2948 5
    endloop
  endfacet
  facet normal -0.69737 -0.139474 0.703009
    outer loop
      vertex 57.9972 53.6489 2.9
      vertex 59.9853 54.2933 5
      vertex 59.985 54.2948 5
    endloop
  endfacet
  facet normal -0.690271 -0.165674 0.704328
    outer loop
      vertex 59.9853 54.2933 5
      vertex 57.9972 53.6489 2.9
      vertex 58.0741 53.3285 2.9
    endloop
  endfacet
  facet normal 0.460986 -0.539828 0.704328
    outer loop
      vertex 53.0384 55.9638 5
      vertex 54.5151 54.4849 2.9
      vertex 54.7657 54.6989 2.9
    endloop
  endfacet
  facet normal 0.454679 -0.545615 0.703969
    outer loop
      vertex 54.5151 54.4849 2.9
      vertex 53.0384 55.9638 5
      vertex 53.0372 55.9628 5
    endloop
  endfacet
  facet normal 0.461014 -0.539797 0.704333
    outer loop
      vertex 54.7657 54.6989 2.9
      vertex 53.5372 56.3898 5
      vertex 53.0384 55.9638 5
    endloop
  endfacet
  facet normal 0.2716 0.655847 0.704342
    outer loop
      vertex 55.0466 51.1289 2.9
      vertex 54.7052 49.015 5
      vertex 55.3511 51.0028 2.9
    endloop
  endfacet
  facet normal 0.271661 0.65583 0.704335
    outer loop
      vertex 54.7052 49.015 5
      vertex 55.0466 51.1289 2.9
      vertex 54.0978 49.2666 5
    endloop
  endfacet
  facet normal 0.655856 0.271604 0.704333
    outer loop
      vertex 54.0028 52.3511 2.9
      vertex 52.2666 51.0978 5
      vertex 54.1289 52.0466 2.9
    endloop
  endfacet
  facet normal 0.655825 0.271659 0.70434
    outer loop
      vertex 52.2666 51.0978 5
      vertex 54.0028 52.3511 2.9
      vertex 52.015 51.7052 5
    endloop
  endfacet
  facet normal 0.690271 0.165674 0.704328
    outer loop
      vertex 52.0147 51.7067 5
      vertex 54.0028 52.3511 2.9
      vertex 53.9259 52.6715 2.9
    endloop
  endfacet
  facet normal 0.69737 0.139474 0.703009
    outer loop
      vertex 54.0028 52.3511 2.9
      vertex 52.0147 51.7067 5
      vertex 52.015 51.7052 5
    endloop
  endfacet
  facet normal 0.384235 -0.597699 0.703647
    outer loop
      vertex 54.0964 56.7325 5
      vertex 55.0466 54.8711 2.9
      vertex 54.0978 56.7334 5
    endloop
  endfacet
  facet normal 0.371012 -0.605211 0.704322
    outer loop
      vertex 55.0466 54.8711 2.9
      vertex 54.0964 56.7325 5
      vertex 54.7657 54.6989 2.9
    endloop
  endfacet
  facet normal 0.233384 -0.972385 0
    outer loop
      vertex 66.3511 54.9972 0
      vertex 66.6715 55.0741 2.9
      vertex 66.3511 54.9972 2.9
    endloop
  endfacet
  facet normal 0.233384 -0.972385 0
    outer loop
      vertex 66.6715 55.0741 2.9
      vertex 66.3511 54.9972 0
      vertex 66.6715 55.0741 0
    endloop
  endfacet
  facet normal -0.972385 -0.233384 0
    outer loop
      vertex 69.0741 53.3285 0
      vertex 68.9972 53.6489 2.9
      vertex 68.9972 53.6489 0
    endloop
  endfacet
  facet normal -0.972385 -0.233384 0
    outer loop
      vertex 68.9972 53.6489 2.9
      vertex 69.0741 53.3285 0
      vertex 69.0741 53.3285 2.9
    endloop
  endfacet
  facet normal -0.996906 -0.0785993 0
    outer loop
      vertex 69.1 53 0
      vertex 69.0741 53.3285 2.9
      vertex 69.0741 53.3285 0
    endloop
  endfacet
  facet normal -0.996906 -0.0785993 0
    outer loop
      vertex 69.0741 53.3285 2.9
      vertex 69.1 53 0
      vertex 69.1 53 2.9
    endloop
  endfacet
  facet normal 0.852553 0.52264 0
    outer loop
      vertex 65.3011 51.7657 2.9
      vertex 65.1289 52.0466 0
      vertex 65.1289 52.0466 2.9
    endloop
  endfacet
  facet normal 0.852553 0.52264 0
    outer loop
      vertex 65.1289 52.0466 0
      vertex 65.3011 51.7657 2.9
      vertex 65.3011 51.7657 0
    endloop
  endfacet
  facet normal 0.52264 0.852553 -0
    outer loop
      vertex 66.0466 51.1289 0
      vertex 65.7657 51.3011 2.9
      vertex 66.0466 51.1289 2.9
    endloop
  endfacet
  facet normal 0.52264 0.852553 0
    outer loop
      vertex 65.7657 51.3011 2.9
      vertex 66.0466 51.1289 0
      vertex 65.7657 51.3011 0
    endloop
  endfacet
  facet normal -0.996906 0.0785993 0
    outer loop
      vertex 69.0741 52.6715 0
      vertex 69.1 53 2.9
      vertex 69.1 53 0
    endloop
  endfacet
  facet normal -0.996906 0.0785993 0
    outer loop
      vertex 69.1 53 2.9
      vertex 69.0741 52.6715 0
      vertex 69.0741 52.6715 2.9
    endloop
  endfacet
  facet normal -0.0785993 -0.996906 0
    outer loop
      vertex 67 55.1 0
      vertex 67.3285 55.0741 2.9
      vertex 67 55.1 2.9
    endloop
  endfacet
  facet normal -0.0785993 -0.996906 -0
    outer loop
      vertex 67.3285 55.0741 2.9
      vertex 67 55.1 0
      vertex 67.3285 55.0741 0
    endloop
  endfacet
  facet normal -0.760455 -0.649391 0
    outer loop
      vertex 68.6989 54.2343 0
      vertex 68.4849 54.4849 2.9
      vertex 68.4849 54.4849 0
    endloop
  endfacet
  facet normal -0.760455 -0.649391 0
    outer loop
      vertex 68.4849 54.4849 2.9
      vertex 68.6989 54.2343 0
      vertex 68.6989 54.2343 2.9
    endloop
  endfacet
  facet normal -0.52264 -0.852553 0
    outer loop
      vertex 67.9534 54.8711 0
      vertex 68.2343 54.6989 2.9
      vertex 67.9534 54.8711 2.9
    endloop
  endfacet
  facet normal -0.52264 -0.852553 -0
    outer loop
      vertex 68.2343 54.6989 2.9
      vertex 67.9534 54.8711 0
      vertex 68.2343 54.6989 0
    endloop
  endfacet
  facet normal 0.0785993 0.996906 -0
    outer loop
      vertex 67 50.9 0
      vertex 66.6715 50.9259 2.9
      vertex 67 50.9 2.9
    endloop
  endfacet
  facet normal 0.0785993 0.996906 0
    outer loop
      vertex 66.6715 50.9259 2.9
      vertex 67 50.9 0
      vertex 66.6715 50.9259 0
    endloop
  endfacet
  facet normal 0.649391 0.760455 -0
    outer loop
      vertex 65.7657 51.3011 0
      vertex 65.5151 51.5151 2.9
      vertex 65.7657 51.3011 2.9
    endloop
  endfacet
  facet normal 0.649391 0.760455 0
    outer loop
      vertex 65.5151 51.5151 2.9
      vertex 65.7657 51.3011 0
      vertex 65.5151 51.5151 0
    endloop
  endfacet
  facet normal 0.760455 -0.649391 0
    outer loop
      vertex 65.3011 54.2343 2.9
      vertex 65.5151 54.4849 0
      vertex 65.5151 54.4849 2.9
    endloop
  endfacet
  facet normal 0.760455 -0.649391 0
    outer loop
      vertex 65.5151 54.4849 0
      vertex 65.3011 54.2343 2.9
      vertex 65.3011 54.2343 0
    endloop
  endfacet
  facet normal 0.0785993 -0.996906 0
    outer loop
      vertex 66.6715 55.0741 0
      vertex 67 55.1 2.9
      vertex 66.6715 55.0741 2.9
    endloop
  endfacet
  facet normal 0.0785993 -0.996906 0
    outer loop
      vertex 67 55.1 2.9
      vertex 66.6715 55.0741 0
      vertex 67 55.1 0
    endloop
  endfacet
  facet normal -0.852553 0.52264 0
    outer loop
      vertex 68.6989 51.7657 0
      vertex 68.8711 52.0466 2.9
      vertex 68.8711 52.0466 0
    endloop
  endfacet
  facet normal -0.852553 0.52264 0
    outer loop
      vertex 68.8711 52.0466 2.9
      vertex 68.6989 51.7657 0
      vertex 68.6989 51.7657 2.9
    endloop
  endfacet
  facet normal -0.972385 0.233384 0
    outer loop
      vertex 68.9972 52.3511 0
      vertex 69.0741 52.6715 2.9
      vertex 69.0741 52.6715 0
    endloop
  endfacet
  facet normal -0.972385 0.233384 0
    outer loop
      vertex 69.0741 52.6715 2.9
      vertex 68.9972 52.3511 0
      vertex 68.9972 52.3511 2.9
    endloop
  endfacet
  facet normal -0.852553 -0.52264 0
    outer loop
      vertex 68.8711 53.9534 0
      vertex 68.6989 54.2343 2.9
      vertex 68.6989 54.2343 0
    endloop
  endfacet
  facet normal -0.852553 -0.52264 0
    outer loop
      vertex 68.6989 54.2343 2.9
      vertex 68.8711 53.9534 0
      vertex 68.8711 53.9534 2.9
    endloop
  endfacet
  facet normal 0.996906 0.0785993 0
    outer loop
      vertex 64.9259 52.6715 2.9
      vertex 64.9 53 0
      vertex 64.9 53 2.9
    endloop
  endfacet
  facet normal 0.996906 0.0785993 0
    outer loop
      vertex 64.9 53 0
      vertex 64.9259 52.6715 2.9
      vertex 64.9259 52.6715 0
    endloop
  endfacet
  facet normal -0.52264 0.852553 0
    outer loop
      vertex 68.2343 51.3011 0
      vertex 67.9534 51.1289 2.9
      vertex 68.2343 51.3011 2.9
    endloop
  endfacet
  facet normal -0.52264 0.852553 0
    outer loop
      vertex 67.9534 51.1289 2.9
      vertex 68.2343 51.3011 0
      vertex 67.9534 51.1289 0
    endloop
  endfacet
  facet normal 0.382611 0.92391 -0
    outer loop
      vertex 66.3511 51.0028 0
      vertex 66.0466 51.1289 2.9
      vertex 66.3511 51.0028 2.9
    endloop
  endfacet
  facet normal 0.382611 0.92391 0
    outer loop
      vertex 66.0466 51.1289 2.9
      vertex 66.3511 51.0028 0
      vertex 66.0466 51.1289 0
    endloop
  endfacet
  facet normal 0.649391 -0.760455 0
    outer loop
      vertex 65.5151 54.4849 0
      vertex 65.7657 54.6989 2.9
      vertex 65.5151 54.4849 2.9
    endloop
  endfacet
  facet normal 0.649391 -0.760455 0
    outer loop
      vertex 65.7657 54.6989 2.9
      vertex 65.5151 54.4849 0
      vertex 65.7657 54.6989 0
    endloop
  endfacet
  facet normal -0.382611 0.92391 0
    outer loop
      vertex 67.9534 51.1289 0
      vertex 67.6489 51.0028 2.9
      vertex 67.9534 51.1289 2.9
    endloop
  endfacet
  facet normal -0.382611 0.92391 0
    outer loop
      vertex 67.6489 51.0028 2.9
      vertex 67.9534 51.1289 0
      vertex 67.6489 51.0028 0
    endloop
  endfacet
  facet normal -0.233384 -0.972385 0
    outer loop
      vertex 67.3285 55.0741 0
      vertex 67.6489 54.9972 2.9
      vertex 67.3285 55.0741 2.9
    endloop
  endfacet
  facet normal -0.233384 -0.972385 -0
    outer loop
      vertex 67.6489 54.9972 2.9
      vertex 67.3285 55.0741 0
      vertex 67.6489 54.9972 0
    endloop
  endfacet
  facet normal 0.92391 0.382611 0
    outer loop
      vertex 65.1289 52.0466 2.9
      vertex 65.0028 52.3511 0
      vertex 65.0028 52.3511 2.9
    endloop
  endfacet
  facet normal 0.92391 0.382611 0
    outer loop
      vertex 65.0028 52.3511 0
      vertex 65.1289 52.0466 2.9
      vertex 65.1289 52.0466 0
    endloop
  endfacet
  facet normal -0.760455 0.649391 0
    outer loop
      vertex 68.4849 51.5151 0
      vertex 68.6989 51.7657 2.9
      vertex 68.6989 51.7657 0
    endloop
  endfacet
  facet normal -0.760455 0.649391 0
    outer loop
      vertex 68.6989 51.7657 2.9
      vertex 68.4849 51.5151 0
      vertex 68.4849 51.5151 2.9
    endloop
  endfacet
  facet normal 0.760455 0.649391 0
    outer loop
      vertex 65.5151 51.5151 2.9
      vertex 65.3011 51.7657 0
      vertex 65.3011 51.7657 2.9
    endloop
  endfacet
  facet normal 0.760455 0.649391 0
    outer loop
      vertex 65.3011 51.7657 0
      vertex 65.5151 51.5151 2.9
      vertex 65.5151 51.5151 0
    endloop
  endfacet
  facet normal -0.92391 0.382611 0
    outer loop
      vertex 68.8711 52.0466 0
      vertex 68.9972 52.3511 2.9
      vertex 68.9972 52.3511 0
    endloop
  endfacet
  facet normal -0.92391 0.382611 0
    outer loop
      vertex 68.9972 52.3511 2.9
      vertex 68.8711 52.0466 0
      vertex 68.8711 52.0466 2.9
    endloop
  endfacet
  facet normal -0.649391 -0.760455 0
    outer loop
      vertex 68.2343 54.6989 0
      vertex 68.4849 54.4849 2.9
      vertex 68.2343 54.6989 2.9
    endloop
  endfacet
  facet normal -0.649391 -0.760455 -0
    outer loop
      vertex 68.4849 54.4849 2.9
      vertex 68.2343 54.6989 0
      vertex 68.4849 54.4849 0
    endloop
  endfacet
  facet normal -0.92391 -0.382611 0
    outer loop
      vertex 68.9972 53.6489 0
      vertex 68.8711 53.9534 2.9
      vertex 68.8711 53.9534 0
    endloop
  endfacet
  facet normal -0.92391 -0.382611 0
    outer loop
      vertex 68.8711 53.9534 2.9
      vertex 68.9972 53.6489 0
      vertex 68.9972 53.6489 2.9
    endloop
  endfacet
  facet normal -0.382611 -0.92391 0
    outer loop
      vertex 67.6489 54.9972 0
      vertex 67.9534 54.8711 2.9
      vertex 67.6489 54.9972 2.9
    endloop
  endfacet
  facet normal -0.382611 -0.92391 -0
    outer loop
      vertex 67.9534 54.8711 2.9
      vertex 67.6489 54.9972 0
      vertex 67.9534 54.8711 0
    endloop
  endfacet
  facet normal -0.649391 0.760455 0
    outer loop
      vertex 68.4849 51.5151 0
      vertex 68.2343 51.3011 2.9
      vertex 68.4849 51.5151 2.9
    endloop
  endfacet
  facet normal -0.649391 0.760455 0
    outer loop
      vertex 68.2343 51.3011 2.9
      vertex 68.4849 51.5151 0
      vertex 68.2343 51.3011 0
    endloop
  endfacet
  facet normal -0.233384 0.972385 0
    outer loop
      vertex 67.6489 51.0028 0
      vertex 67.3285 50.9259 2.9
      vertex 67.6489 51.0028 2.9
    endloop
  endfacet
  facet normal -0.233384 0.972385 0
    outer loop
      vertex 67.3285 50.9259 2.9
      vertex 67.6489 51.0028 0
      vertex 67.3285 50.9259 0
    endloop
  endfacet
  facet normal -0.0785993 0.996906 0
    outer loop
      vertex 67.3285 50.9259 0
      vertex 67 50.9 2.9
      vertex 67.3285 50.9259 2.9
    endloop
  endfacet
  facet normal -0.0785993 0.996906 0
    outer loop
      vertex 67 50.9 2.9
      vertex 67.3285 50.9259 0
      vertex 67 50.9 0
    endloop
  endfacet
  facet normal 0.52264 -0.852553 0
    outer loop
      vertex 65.7657 54.6989 0
      vertex 66.0466 54.8711 2.9
      vertex 65.7657 54.6989 2.9
    endloop
  endfacet
  facet normal 0.52264 -0.852553 0
    outer loop
      vertex 66.0466 54.8711 2.9
      vertex 65.7657 54.6989 0
      vertex 66.0466 54.8711 0
    endloop
  endfacet
  facet normal 0.92391 -0.382611 0
    outer loop
      vertex 65.0028 53.6489 2.9
      vertex 65.1289 53.9534 0
      vertex 65.1289 53.9534 2.9
    endloop
  endfacet
  facet normal 0.92391 -0.382611 0
    outer loop
      vertex 65.1289 53.9534 0
      vertex 65.0028 53.6489 2.9
      vertex 65.0028 53.6489 0
    endloop
  endfacet
  facet normal 0.972385 0.233384 0
    outer loop
      vertex 65.0028 52.3511 2.9
      vertex 64.9259 52.6715 0
      vertex 64.9259 52.6715 2.9
    endloop
  endfacet
  facet normal 0.972385 0.233384 0
    outer loop
      vertex 64.9259 52.6715 0
      vertex 65.0028 52.3511 2.9
      vertex 65.0028 52.3511 0
    endloop
  endfacet
  facet normal 0.972385 -0.233384 0
    outer loop
      vertex 64.9259 53.3285 2.9
      vertex 65.0028 53.6489 0
      vertex 65.0028 53.6489 2.9
    endloop
  endfacet
  facet normal 0.972385 -0.233384 0
    outer loop
      vertex 65.0028 53.6489 0
      vertex 64.9259 53.3285 2.9
      vertex 64.9259 53.3285 0
    endloop
  endfacet
  facet normal 0.382611 -0.92391 0
    outer loop
      vertex 66.0466 54.8711 0
      vertex 66.3511 54.9972 2.9
      vertex 66.0466 54.8711 2.9
    endloop
  endfacet
  facet normal 0.382611 -0.92391 0
    outer loop
      vertex 66.3511 54.9972 2.9
      vertex 66.0466 54.8711 0
      vertex 66.3511 54.9972 0
    endloop
  endfacet
  facet normal 0.996906 -0.0785993 0
    outer loop
      vertex 64.9 53 2.9
      vertex 64.9259 53.3285 0
      vertex 64.9259 53.3285 2.9
    endloop
  endfacet
  facet normal 0.996906 -0.0785993 0
    outer loop
      vertex 64.9259 53.3285 0
      vertex 64.9 53 2.9
      vertex 64.9 53 0
    endloop
  endfacet
  facet normal 0.233384 0.972385 -0
    outer loop
      vertex 66.6715 50.9259 0
      vertex 66.3511 51.0028 2.9
      vertex 66.6715 50.9259 2.9
    endloop
  endfacet
  facet normal 0.233384 0.972385 0
    outer loop
      vertex 66.3511 51.0028 2.9
      vertex 66.6715 50.9259 0
      vertex 66.3511 51.0028 0
    endloop
  endfacet
  facet normal 0.852553 -0.52264 0
    outer loop
      vertex 65.1289 53.9534 2.9
      vertex 65.3011 54.2343 0
      vertex 65.3011 54.2343 2.9
    endloop
  endfacet
  facet normal 0.852553 -0.52264 0
    outer loop
      vertex 65.3011 54.2343 0
      vertex 65.1289 53.9534 2.9
      vertex 65.1289 53.9534 0
    endloop
  endfacet
  facet normal -0.707684 -0.0557961 0.704323
    outer loop
      vertex 69.1 53 2.9
      vertex 71.1899 53.0016 5
      vertex 69.0741 53.3285 2.9
    endloop
  endfacet
  facet normal -0.708098 -0.0442561 0.704726
    outer loop
      vertex 71.1899 53.0016 5
      vertex 69.1 53 2.9
      vertex 71.19 53 5
    endloop
  endfacet
  facet normal -0.539828 0.460986 0.704328
    outer loop
      vertex 68.4849 51.5151 2.9
      vertex 69.9638 50.0384 5
      vertex 68.6989 51.7657 2.9
    endloop
  endfacet
  facet normal -0.545615 0.454679 0.703969
    outer loop
      vertex 69.9638 50.0384 5
      vertex 68.4849 51.5151 2.9
      vertex 69.9628 50.0372 5
    endloop
  endfacet
  facet normal -0.370923 0.605253 0.704333
    outer loop
      vertex 68.9036 49.2675 5
      vertex 69.4628 49.6102 5
      vertex 68.2343 51.3011 2.9
    endloop
  endfacet
  facet normal -0.165793 0.690227 0.704343
    outer loop
      vertex 67.6555 48.8615 5
      vertex 68.2933 49.0147 5
      vertex 67.3285 50.9259 2.9
    endloop
  endfacet
  facet normal 0.0556272 -0.707677 0.704343
    outer loop
      vertex 66.6715 55.0741 2.9
      vertex 66.9984 57.1899 5
      vertex 66.3445 57.1385 5
    endloop
  endfacet
  facet normal -0.271661 -0.65583 0.704335
    outer loop
      vertex 68.2948 56.985 5
      vertex 67.9534 54.8711 2.9
      vertex 68.9022 56.7334 5
    endloop
  endfacet
  facet normal -0.2716 -0.655847 0.704342
    outer loop
      vertex 67.9534 54.8711 2.9
      vertex 68.2948 56.985 5
      vertex 67.6489 54.9972 2.9
    endloop
  endfacet
  facet normal -0.539797 -0.461014 0.704333
    outer loop
      vertex 70.3898 55.4628 5
      vertex 69.9638 55.9616 5
      vertex 68.6989 54.2343 2.9
    endloop
  endfacet
  facet normal -0.0557961 0.707684 0.704323
    outer loop
      vertex 67 50.9 2.9
      vertex 67.0016 48.8101 5
      vertex 67.3285 50.9259 2.9
    endloop
  endfacet
  facet normal -0.0442561 0.708098 0.704726
    outer loop
      vertex 67.0016 48.8101 5
      vertex 67 50.9 2.9
      vertex 67 48.81 5
    endloop
  endfacet
  facet normal 0.460986 0.539828 0.704328
    outer loop
      vertex 65.5151 51.5151 2.9
      vertex 64.0384 50.0362 5
      vertex 65.7657 51.3011 2.9
    endloop
  endfacet
  facet normal 0.454679 0.545615 0.703969
    outer loop
      vertex 64.0384 50.0362 5
      vertex 65.5151 51.5151 2.9
      vertex 64.0372 50.0372 5
    endloop
  endfacet
  facet normal -0.0556272 0.707677 0.704343
    outer loop
      vertex 67.6555 48.8615 5
      vertex 67.3285 50.9259 2.9
      vertex 67.0016 48.8101 5
    endloop
  endfacet
  facet normal -0.461014 -0.539797 0.704333
    outer loop
      vertex 69.9616 55.9638 5
      vertex 69.4628 56.3898 5
      vertex 68.2343 54.6989 2.9
    endloop
  endfacet
  facet normal 0.370923 0.605253 0.704333
    outer loop
      vertex 65.0964 49.2675 5
      vertex 65.7657 51.3011 2.9
      vertex 64.5372 49.6102 5
    endloop
  endfacet
  facet normal 0.605211 0.371012 0.704322
    outer loop
      vertex 65.1289 52.0466 2.9
      vertex 63.2675 51.0964 5
      vertex 65.3011 51.7657 2.9
    endloop
  endfacet
  facet normal 0.597699 0.384235 0.703647
    outer loop
      vertex 63.2675 51.0964 5
      vertex 65.1289 52.0466 2.9
      vertex 63.2666 51.0978 5
    endloop
  endfacet
  facet normal 0.605253 -0.370923 0.704333
    outer loop
      vertex 65.3011 54.2343 2.9
      vertex 63.6102 55.4628 5
      vertex 63.2675 54.9036 5
    endloop
  endfacet
  facet normal -0.690227 -0.165793 0.704343
    outer loop
      vertex 71.1385 53.6555 5
      vertex 70.9853 54.2933 5
      vertex 69.0741 53.3285 2.9
    endloop
  endfacet
  facet normal 0.539828 0.460986 0.704328
    outer loop
      vertex 64.0362 50.0384 5
      vertex 65.5151 51.5151 2.9
      vertex 65.3011 51.7657 2.9
    endloop
  endfacet
  facet normal 0.545615 0.454679 0.703969
    outer loop
      vertex 65.5151 51.5151 2.9
      vertex 64.0362 50.0384 5
      vertex 64.0372 50.0372 5
    endloop
  endfacet
  facet normal -0.139474 -0.69737 0.703009
    outer loop
      vertex 68.2933 56.9853 5
      vertex 67.6489 54.9972 2.9
      vertex 68.2948 56.985 5
    endloop
  endfacet
  facet normal -0.165674 -0.690271 0.704328
    outer loop
      vertex 67.6489 54.9972 2.9
      vertex 68.2933 56.9853 5
      vertex 67.3285 55.0741 2.9
    endloop
  endfacet
  facet normal -0.707677 0.0556272 0.704343
    outer loop
      vertex 71.1385 52.3445 5
      vertex 71.1899 52.9984 5
      vertex 69.0741 52.6715 2.9
    endloop
  endfacet
  facet normal 0.707677 -0.0556272 0.704343
    outer loop
      vertex 64.9259 53.3285 2.9
      vertex 62.8615 53.6555 5
      vertex 62.8101 53.0016 5
    endloop
  endfacet
  facet normal 0.690227 -0.165793 0.704343
    outer loop
      vertex 64.9259 53.3285 2.9
      vertex 63.0147 54.2933 5
      vertex 62.8615 53.6555 5
    endloop
  endfacet
  facet normal -0.605253 0.370923 0.704333
    outer loop
      vertex 70.3898 50.5372 5
      vertex 70.7325 51.0964 5
      vertex 68.6989 51.7657 2.9
    endloop
  endfacet
  facet normal 0.605211 -0.371012 0.704322
    outer loop
      vertex 63.2675 54.9036 5
      vertex 65.1289 53.9534 2.9
      vertex 65.3011 54.2343 2.9
    endloop
  endfacet
  facet normal 0.597699 -0.384235 0.703647
    outer loop
      vertex 65.1289 53.9534 2.9
      vertex 63.2675 54.9036 5
      vertex 63.2666 54.9022 5
    endloop
  endfacet
  facet normal -0.708098 0.0442561 0.704726
    outer loop
      vertex 69.1 53 2.9
      vertex 71.1899 52.9984 5
      vertex 71.19 53 5
    endloop
  endfacet
  facet normal -0.707684 0.0557961 0.704323
    outer loop
      vertex 71.1899 52.9984 5
      vertex 69.1 53 2.9
      vertex 69.0741 52.6715 2.9
    endloop
  endfacet
  facet normal -0.0556272 -0.707677 0.704343
    outer loop
      vertex 67.3285 55.0741 2.9
      vertex 67.6555 57.1385 5
      vertex 67.0016 57.1899 5
    endloop
  endfacet
  facet normal -0.0442561 -0.708098 0.704726
    outer loop
      vertex 67 55.1 2.9
      vertex 67.0016 57.1899 5
      vertex 67 57.19 5
    endloop
  endfacet
  facet normal -0.0557961 -0.707684 0.704323
    outer loop
      vertex 67.0016 57.1899 5
      vertex 67 55.1 2.9
      vertex 67.3285 55.0741 2.9
    endloop
  endfacet
  facet normal 0.371012 0.605211 0.704322
    outer loop
      vertex 65.0964 49.2675 5
      vertex 66.0466 51.1289 2.9
      vertex 65.7657 51.3011 2.9
    endloop
  endfacet
  facet normal 0.384235 0.597699 0.703647
    outer loop
      vertex 66.0466 51.1289 2.9
      vertex 65.0964 49.2675 5
      vertex 65.0978 49.2666 5
    endloop
  endfacet
  facet normal -0.139474 0.69737 0.703009
    outer loop
      vertex 67.6489 51.0028 2.9
      vertex 68.2933 49.0147 5
      vertex 68.2948 49.015 5
    endloop
  endfacet
  facet normal -0.165674 0.690271 0.704328
    outer loop
      vertex 68.2933 49.0147 5
      vertex 67.6489 51.0028 2.9
      vertex 67.3285 50.9259 2.9
    endloop
  endfacet
  facet normal -0.707677 -0.0556272 0.704343
    outer loop
      vertex 71.1899 53.0016 5
      vertex 71.1385 53.6555 5
      vertex 69.0741 53.3285 2.9
    endloop
  endfacet
  facet normal -0.271661 0.65583 0.704335
    outer loop
      vertex 67.9534 51.1289 2.9
      vertex 68.2948 49.015 5
      vertex 68.9022 49.2666 5
    endloop
  endfacet
  facet normal -0.2716 0.655847 0.704342
    outer loop
      vertex 68.2948 49.015 5
      vertex 67.9534 51.1289 2.9
      vertex 67.6489 51.0028 2.9
    endloop
  endfacet
  facet normal -0.690227 0.165793 0.704343
    outer loop
      vertex 70.9853 51.7067 5
      vertex 71.1385 52.3445 5
      vertex 69.0741 52.6715 2.9
    endloop
  endfacet
  facet normal -0.655825 0.271659 0.70434
    outer loop
      vertex 68.9972 52.3511 2.9
      vertex 70.7334 51.0978 5
      vertex 70.985 51.7052 5
    endloop
  endfacet
  facet normal -0.655856 0.271604 0.704333
    outer loop
      vertex 70.7334 51.0978 5
      vertex 68.9972 52.3511 2.9
      vertex 68.8711 52.0466 2.9
    endloop
  endfacet
  facet normal -0.597699 0.384235 0.703647
    outer loop
      vertex 68.8711 52.0466 2.9
      vertex 70.7325 51.0964 5
      vertex 70.7334 51.0978 5
    endloop
  endfacet
  facet normal -0.605211 0.371012 0.704322
    outer loop
      vertex 70.7325 51.0964 5
      vertex 68.8711 52.0466 2.9
      vertex 68.6989 51.7657 2.9
    endloop
  endfacet
  facet normal -0.165793 -0.690227 0.704343
    outer loop
      vertex 68.2933 56.9853 5
      vertex 67.6555 57.1385 5
      vertex 67.3285 55.0741 2.9
    endloop
  endfacet
  facet normal -0.384235 -0.597699 0.703647
    outer loop
      vertex 67.9534 54.8711 2.9
      vertex 68.9036 56.7325 5
      vertex 68.9022 56.7334 5
    endloop
  endfacet
  facet normal -0.371012 -0.605211 0.704322
    outer loop
      vertex 68.9036 56.7325 5
      vertex 67.9534 54.8711 2.9
      vertex 68.2343 54.6989 2.9
    endloop
  endfacet
  facet normal 0.461014 0.539797 0.704333
    outer loop
      vertex 64.5372 49.6102 5
      vertex 65.7657 51.3011 2.9
      vertex 64.0384 50.0362 5
    endloop
  endfacet
  facet normal 0.539797 0.461014 0.704333
    outer loop
      vertex 64.0362 50.0384 5
      vertex 65.3011 51.7657 2.9
      vertex 63.6102 50.5372 5
    endloop
  endfacet
  facet normal -0.461014 0.539797 0.704333
    outer loop
      vertex 69.4628 49.6102 5
      vertex 69.9616 50.0362 5
      vertex 68.2343 51.3011 2.9
    endloop
  endfacet
  facet normal 0.545615 -0.454679 0.703969
    outer loop
      vertex 64.0362 55.9616 5
      vertex 65.5151 54.4849 2.9
      vertex 64.0372 55.9628 5
    endloop
  endfacet
  facet normal 0.539828 -0.460986 0.704328
    outer loop
      vertex 65.5151 54.4849 2.9
      vertex 64.0362 55.9616 5
      vertex 65.3011 54.2343 2.9
    endloop
  endfacet
  facet normal 0.707677 0.0556272 0.704343
    outer loop
      vertex 62.8615 52.3445 5
      vertex 64.9259 52.6715 2.9
      vertex 62.8101 52.9984 5
    endloop
  endfacet
  facet normal -0.690271 0.165674 0.704328
    outer loop
      vertex 68.9972 52.3511 2.9
      vertex 70.9853 51.7067 5
      vertex 69.0741 52.6715 2.9
    endloop
  endfacet
  facet normal -0.69737 0.139474 0.703009
    outer loop
      vertex 70.9853 51.7067 5
      vertex 68.9972 52.3511 2.9
      vertex 70.985 51.7052 5
    endloop
  endfacet
  facet normal 0.0557961 -0.707684 0.704323
    outer loop
      vertex 67 55.1 2.9
      vertex 66.9984 57.1899 5
      vertex 66.6715 55.0741 2.9
    endloop
  endfacet
  facet normal 0.0442561 -0.708098 0.704726
    outer loop
      vertex 66.9984 57.1899 5
      vertex 67 55.1 2.9
      vertex 67 57.19 5
    endloop
  endfacet
  facet normal -0.597699 -0.384235 0.703647
    outer loop
      vertex 70.7325 54.9036 5
      vertex 68.8711 53.9534 2.9
      vertex 70.7334 54.9022 5
    endloop
  endfacet
  facet normal -0.605211 -0.371012 0.704322
    outer loop
      vertex 68.8711 53.9534 2.9
      vertex 70.7325 54.9036 5
      vertex 68.6989 54.2343 2.9
    endloop
  endfacet
  facet normal 0.165793 -0.690227 0.704343
    outer loop
      vertex 66.6715 55.0741 2.9
      vertex 66.3445 57.1385 5
      vertex 65.7067 56.9853 5
    endloop
  endfacet
  facet normal 0.708098 0.0442561 0.704726
    outer loop
      vertex 62.8101 52.9984 5
      vertex 64.9 53 2.9
      vertex 62.81 53 5
    endloop
  endfacet
  facet normal 0.707684 0.0557961 0.704323
    outer loop
      vertex 64.9 53 2.9
      vertex 62.8101 52.9984 5
      vertex 64.9259 52.6715 2.9
    endloop
  endfacet
  facet normal 0.0442561 0.708098 0.704726
    outer loop
      vertex 67 50.9 2.9
      vertex 66.9984 48.8101 5
      vertex 67 48.81 5
    endloop
  endfacet
  facet normal 0.0557961 0.707684 0.704323
    outer loop
      vertex 66.9984 48.8101 5
      vertex 67 50.9 2.9
      vertex 66.6715 50.9259 2.9
    endloop
  endfacet
  facet normal 0.0556272 0.707677 0.704343
    outer loop
      vertex 66.9984 48.8101 5
      vertex 66.6715 50.9259 2.9
      vertex 66.3445 48.8615 5
    endloop
  endfacet
  facet normal 0.539797 -0.461014 0.704333
    outer loop
      vertex 65.3011 54.2343 2.9
      vertex 64.0362 55.9616 5
      vertex 63.6102 55.4628 5
    endloop
  endfacet
  facet normal 0.165674 -0.690271 0.704328
    outer loop
      vertex 65.7067 56.9853 5
      vertex 66.3511 54.9972 2.9
      vertex 66.6715 55.0741 2.9
    endloop
  endfacet
  facet normal 0.139474 -0.69737 0.703009
    outer loop
      vertex 66.3511 54.9972 2.9
      vertex 65.7067 56.9853 5
      vertex 65.7052 56.985 5
    endloop
  endfacet
  facet normal 0.69737 -0.139474 0.703009
    outer loop
      vertex 63.0147 54.2933 5
      vertex 65.0028 53.6489 2.9
      vertex 63.015 54.2948 5
    endloop
  endfacet
  facet normal 0.690271 -0.165674 0.704328
    outer loop
      vertex 65.0028 53.6489 2.9
      vertex 63.0147 54.2933 5
      vertex 64.9259 53.3285 2.9
    endloop
  endfacet
  facet normal 0.605253 0.370923 0.704333
    outer loop
      vertex 63.6102 50.5372 5
      vertex 65.3011 51.7657 2.9
      vertex 63.2675 51.0964 5
    endloop
  endfacet
  facet normal 0.165793 0.690227 0.704343
    outer loop
      vertex 66.3445 48.8615 5
      vertex 66.6715 50.9259 2.9
      vertex 65.7067 49.0147 5
    endloop
  endfacet
  facet normal -0.605253 -0.370923 0.704333
    outer loop
      vertex 70.7325 54.9036 5
      vertex 70.3898 55.4628 5
      vertex 68.6989 54.2343 2.9
    endloop
  endfacet
  facet normal 0.690227 0.165793 0.704343
    outer loop
      vertex 63.0147 51.7067 5
      vertex 64.9259 52.6715 2.9
      vertex 62.8615 52.3445 5
    endloop
  endfacet
  facet normal 0.708098 -0.0442561 0.704726
    outer loop
      vertex 64.9 53 2.9
      vertex 62.8101 53.0016 5
      vertex 62.81 53 5
    endloop
  endfacet
  facet normal 0.707684 -0.0557961 0.704323
    outer loop
      vertex 62.8101 53.0016 5
      vertex 64.9 53 2.9
      vertex 64.9259 53.3285 2.9
    endloop
  endfacet
  facet normal -0.655825 -0.271659 0.70434
    outer loop
      vertex 70.7334 54.9022 5
      vertex 68.9972 53.6489 2.9
      vertex 70.985 54.2948 5
    endloop
  endfacet
  facet normal -0.655856 -0.271604 0.704333
    outer loop
      vertex 68.9972 53.6489 2.9
      vertex 70.7334 54.9022 5
      vertex 68.8711 53.9534 2.9
    endloop
  endfacet
  facet normal 0.2716 -0.655847 0.704342
    outer loop
      vertex 65.7052 56.985 5
      vertex 66.0466 54.8711 2.9
      vertex 66.3511 54.9972 2.9
    endloop
  endfacet
  facet normal 0.271661 -0.65583 0.704335
    outer loop
      vertex 66.0466 54.8711 2.9
      vertex 65.7052 56.985 5
      vertex 65.0978 56.7334 5
    endloop
  endfacet
  facet normal 0.370923 -0.605253 0.704333
    outer loop
      vertex 65.7657 54.6989 2.9
      vertex 65.0964 56.7325 5
      vertex 64.5372 56.3898 5
    endloop
  endfacet
  facet normal -0.539797 0.461014 0.704333
    outer loop
      vertex 69.9638 50.0384 5
      vertex 70.3898 50.5372 5
      vertex 68.6989 51.7657 2.9
    endloop
  endfacet
  facet normal -0.371012 0.605211 0.704322
    outer loop
      vertex 67.9534 51.1289 2.9
      vertex 68.9036 49.2675 5
      vertex 68.2343 51.3011 2.9
    endloop
  endfacet
  facet normal -0.384235 0.597699 0.703647
    outer loop
      vertex 68.9036 49.2675 5
      vertex 67.9534 51.1289 2.9
      vertex 68.9022 49.2666 5
    endloop
  endfacet
  facet normal -0.545615 -0.454679 0.703969
    outer loop
      vertex 68.4849 54.4849 2.9
      vertex 69.9638 55.9616 5
      vertex 69.9628 55.9628 5
    endloop
  endfacet
  facet normal -0.539828 -0.460986 0.704328
    outer loop
      vertex 69.9638 55.9616 5
      vertex 68.4849 54.4849 2.9
      vertex 68.6989 54.2343 2.9
    endloop
  endfacet
  facet normal -0.454679 -0.545615 0.703969
    outer loop
      vertex 69.9616 55.9638 5
      vertex 68.4849 54.4849 2.9
      vertex 69.9628 55.9628 5
    endloop
  endfacet
  facet normal -0.460986 -0.539828 0.704328
    outer loop
      vertex 68.4849 54.4849 2.9
      vertex 69.9616 55.9638 5
      vertex 68.2343 54.6989 2.9
    endloop
  endfacet
  facet normal -0.370923 -0.605253 0.704333
    outer loop
      vertex 69.4628 56.3898 5
      vertex 68.9036 56.7325 5
      vertex 68.2343 54.6989 2.9
    endloop
  endfacet
  facet normal 0.165674 0.690271 0.704328
    outer loop
      vertex 66.3511 51.0028 2.9
      vertex 65.7067 49.0147 5
      vertex 66.6715 50.9259 2.9
    endloop
  endfacet
  facet normal 0.139474 0.69737 0.703009
    outer loop
      vertex 65.7067 49.0147 5
      vertex 66.3511 51.0028 2.9
      vertex 65.7052 49.015 5
    endloop
  endfacet
  facet normal -0.454679 0.545615 0.703969
    outer loop
      vertex 68.4849 51.5151 2.9
      vertex 69.9616 50.0362 5
      vertex 69.9628 50.0372 5
    endloop
  endfacet
  facet normal -0.460986 0.539828 0.704328
    outer loop
      vertex 69.9616 50.0362 5
      vertex 68.4849 51.5151 2.9
      vertex 68.2343 51.3011 2.9
    endloop
  endfacet
  facet normal 0.655856 -0.271604 0.704333
    outer loop
      vertex 63.2666 54.9022 5
      vertex 65.0028 53.6489 2.9
      vertex 65.1289 53.9534 2.9
    endloop
  endfacet
  facet normal 0.655825 -0.271659 0.70434
    outer loop
      vertex 65.0028 53.6489 2.9
      vertex 63.2666 54.9022 5
      vertex 63.015 54.2948 5
    endloop
  endfacet
  facet normal -0.69737 -0.139474 0.703009
    outer loop
      vertex 68.9972 53.6489 2.9
      vertex 70.9853 54.2933 5
      vertex 70.985 54.2948 5
    endloop
  endfacet
  facet normal -0.690271 -0.165674 0.704328
    outer loop
      vertex 70.9853 54.2933 5
      vertex 68.9972 53.6489 2.9
      vertex 69.0741 53.3285 2.9
    endloop
  endfacet
  facet normal 0.460986 -0.539828 0.704328
    outer loop
      vertex 64.0384 55.9638 5
      vertex 65.5151 54.4849 2.9
      vertex 65.7657 54.6989 2.9
    endloop
  endfacet
  facet normal 0.454679 -0.545615 0.703969
    outer loop
      vertex 65.5151 54.4849 2.9
      vertex 64.0384 55.9638 5
      vertex 64.0372 55.9628 5
    endloop
  endfacet
  facet normal 0.461014 -0.539797 0.704333
    outer loop
      vertex 65.7657 54.6989 2.9
      vertex 64.5372 56.3898 5
      vertex 64.0384 55.9638 5
    endloop
  endfacet
  facet normal 0.2716 0.655847 0.704342
    outer loop
      vertex 66.0466 51.1289 2.9
      vertex 65.7052 49.015 5
      vertex 66.3511 51.0028 2.9
    endloop
  endfacet
  facet normal 0.271661 0.65583 0.704335
    outer loop
      vertex 65.7052 49.015 5
      vertex 66.0466 51.1289 2.9
      vertex 65.0978 49.2666 5
    endloop
  endfacet
  facet normal 0.655856 0.271604 0.704333
    outer loop
      vertex 65.0028 52.3511 2.9
      vertex 63.2666 51.0978 5
      vertex 65.1289 52.0466 2.9
    endloop
  endfacet
  facet normal 0.655825 0.271659 0.70434
    outer loop
      vertex 63.2666 51.0978 5
      vertex 65.0028 52.3511 2.9
      vertex 63.015 51.7052 5
    endloop
  endfacet
  facet normal 0.690271 0.165674 0.704328
    outer loop
      vertex 63.0147 51.7067 5
      vertex 65.0028 52.3511 2.9
      vertex 64.9259 52.6715 2.9
    endloop
  endfacet
  facet normal 0.69737 0.139474 0.703009
    outer loop
      vertex 65.0028 52.3511 2.9
      vertex 63.0147 51.7067 5
      vertex 63.015 51.7052 5
    endloop
  endfacet
  facet normal 0.384235 -0.597699 0.703647
    outer loop
      vertex 65.0964 56.7325 5
      vertex 66.0466 54.8711 2.9
      vertex 65.0978 56.7334 5
    endloop
  endfacet
  facet normal 0.371012 -0.605211 0.704322
    outer loop
      vertex 66.0466 54.8711 2.9
      vertex 65.0964 56.7325 5
      vertex 65.7657 54.6989 2.9
    endloop
  endfacet
  facet normal 0 -0.0784473 0.996918
    outer loop
      vertex 28 25.7677 13.0891
      vertex 33 24 12.95
      vertex 33 25.7677 13.0891
    endloop
  endfacet
  facet normal 0 -0.0784473 0.996918
    outer loop
      vertex 33 24 12.95
      vertex 28 25.7677 13.0891
      vertex 28 24 12.95
    endloop
  endfacet
  facet normal 0 0.707107 -0.707107
    outer loop
      vertex 33 16.0097 32.2403
      vertex 28 21.0144 37.245
      vertex 33 21.0144 37.245
    endloop
  endfacet
  facet normal 0 0.707107 -0.707107
    outer loop
      vertex 28 21.0144 37.245
      vertex 33 16.0097 32.2403
      vertex 28 16.0097 32.2403
    endloop
  endfacet
  facet normal 0 -0.972363 0.233475
    outer loop
      vertex 28 34.7469 20.7581
      vertex 33 35.1609 22.4823
      vertex 28 35.1609 22.4823
    endloop
  endfacet
  facet normal 0 -0.972363 0.233475
    outer loop
      vertex 33 35.1609 22.4823
      vertex 28 34.7469 20.7581
      vertex 33 34.7469 20.7581
    endloop
  endfacet
  facet normal 0 -0.996918 0.0784473
    outer loop
      vertex 28 35.1609 22.4823
      vertex 33 35.3 24.25
      vertex 28 35.3 24.25
    endloop
  endfacet
  facet normal 0 -0.996918 0.0784473
    outer loop
      vertex 33 35.3 24.25
      vertex 28 35.1609 22.4823
      vertex 33 35.1609 22.4823
    endloop
  endfacet
  facet normal 0 -0.522501 0.852639
    outer loop
      vertex 28 30.642 15.1081
      vertex 33 29.1301 14.1816
      vertex 33 30.642 15.1081
    endloop
  endfacet
  facet normal 0 -0.522501 0.852639
    outer loop
      vertex 33 29.1301 14.1816
      vertex 28 30.642 15.1081
      vertex 28 29.1301 14.1816
    endloop
  endfacet
  facet normal 0 0 -1
    outer loop
      vertex 28 21.0144 37.245
      vertex 33 26.9856 37.245
      vertex 33 21.0144 37.245
    endloop
  endfacet
  facet normal -0 0 -1
    outer loop
      vertex 33 26.9856 37.245
      vertex 28 21.0144 37.245
      vertex 28 26.9856 37.245
    endloop
  endfacet
  facet normal 0 -0.996918 -0.0784473
    outer loop
      vertex 28 35.3 24.25
      vertex 33 35.1609 26.0177
      vertex 28 35.1609 26.0177
    endloop
  endfacet
  facet normal 0 -0.996918 -0.0784473
    outer loop
      vertex 33 35.1609 26.0177
      vertex 28 35.3 24.25
      vertex 33 35.3 24.25
    endloop
  endfacet
  facet normal 0 -0.972363 -0.233475
    outer loop
      vertex 28 35.1609 26.0177
      vertex 33 34.7469 27.7419
      vertex 28 34.7469 27.7419
    endloop
  endfacet
  facet normal 0 -0.972363 -0.233475
    outer loop
      vertex 33 34.7469 27.7419
      vertex 28 35.1609 26.0177
      vertex 33 35.1609 26.0177
    endloop
  endfacet
  facet normal 0 0.972363 -0.233475
    outer loop
      vertex 33 12.8391 26.0177
      vertex 28 13.2531 27.7419
      vertex 33 13.2531 27.7419
    endloop
  endfacet
  facet normal 0 0.972363 -0.233475
    outer loop
      vertex 28 13.2531 27.7419
      vertex 33 12.8391 26.0177
      vertex 28 12.8391 26.0177
    endloop
  endfacet
  facet normal 0 0.852639 -0.522501
    outer loop
      vertex 33 13.9316 29.3801
      vertex 28 14.8581 30.892
      vertex 33 14.8581 30.892
    endloop
  endfacet
  facet normal 0 0.852639 -0.522501
    outer loop
      vertex 28 14.8581 30.892
      vertex 33 13.9316 29.3801
      vertex 28 13.9316 29.3801
    endloop
  endfacet
  facet normal 0 0.923892 0.382652
    outer loop
      vertex 33 13.9316 19.1199
      vertex 28 13.2531 20.7581
      vertex 33 13.2531 20.7581
    endloop
  endfacet
  facet normal 0 0.923892 0.382652
    outer loop
      vertex 28 13.2531 20.7581
      vertex 33 13.9316 19.1199
      vertex 28 13.9316 19.1199
    endloop
  endfacet
  facet normal 0 0.760394 -0.649462
    outer loop
      vertex 33 14.8581 30.892
      vertex 28 16.0097 32.2403
      vertex 33 16.0097 32.2403
    endloop
  endfacet
  facet normal 0 0.760394 -0.649462
    outer loop
      vertex 28 16.0097 32.2403
      vertex 33 14.8581 30.892
      vertex 28 14.8581 30.892
    endloop
  endfacet
  facet normal 0 -0.923892 0.382652
    outer loop
      vertex 28 34.0684 19.1199
      vertex 33 34.7469 20.7581
      vertex 28 34.7469 20.7581
    endloop
  endfacet
  facet normal 0 -0.923892 0.382652
    outer loop
      vertex 33 34.7469 20.7581
      vertex 28 34.0684 19.1199
      vertex 33 34.0684 19.1199
    endloop
  endfacet
  facet normal 0 -0.852639 0.522501
    outer loop
      vertex 28 33.1419 17.608
      vertex 33 34.0684 19.1199
      vertex 28 34.0684 19.1199
    endloop
  endfacet
  facet normal 0 -0.852639 0.522501
    outer loop
      vertex 33 34.0684 19.1199
      vertex 28 33.1419 17.608
      vertex 33 33.1419 17.608
    endloop
  endfacet
  facet normal -0 0.382652 0.923892
    outer loop
      vertex 28 20.5081 13.5031
      vertex 33 18.8699 14.1816
      vertex 33 20.5081 13.5031
    endloop
  endfacet
  facet normal 0 0.382652 0.923892
    outer loop
      vertex 33 18.8699 14.1816
      vertex 28 20.5081 13.5031
      vertex 28 18.8699 14.1816
    endloop
  endfacet
  facet normal 0 0.760394 0.649462
    outer loop
      vertex 33 16.0097 16.2597
      vertex 28 14.8581 17.608
      vertex 33 14.8581 17.608
    endloop
  endfacet
  facet normal 0 0.760394 0.649462
    outer loop
      vertex 28 14.8581 17.608
      vertex 33 16.0097 16.2597
      vertex 28 16.0097 16.2597
    endloop
  endfacet
  facet normal 0 -0.760394 -0.649462
    outer loop
      vertex 28 33.1419 30.892
      vertex 33 31.9903 32.2403
      vertex 28 31.9903 32.2403
    endloop
  endfacet
  facet normal 0 -0.760394 -0.649462
    outer loop
      vertex 33 31.9903 32.2403
      vertex 28 33.1419 30.892
      vertex 33 33.1419 30.892
    endloop
  endfacet
  facet normal 0 -0.923892 -0.382652
    outer loop
      vertex 28 34.7469 27.7419
      vertex 33 34.0684 29.3801
      vertex 28 34.0684 29.3801
    endloop
  endfacet
  facet normal 0 -0.923892 -0.382652
    outer loop
      vertex 33 34.0684 29.3801
      vertex 28 34.7469 27.7419
      vertex 33 34.7469 27.7419
    endloop
  endfacet
  facet normal 0 -0.233475 0.972363
    outer loop
      vertex 28 27.4919 13.5031
      vertex 33 25.7677 13.0891
      vertex 33 27.4919 13.5031
    endloop
  endfacet
  facet normal 0 -0.233475 0.972363
    outer loop
      vertex 33 25.7677 13.0891
      vertex 28 27.4919 13.5031
      vertex 28 25.7677 13.0891
    endloop
  endfacet
  facet normal 0 0.972363 0.233475
    outer loop
      vertex 33 13.2531 20.7581
      vertex 28 12.8391 22.4823
      vertex 33 12.8391 22.4823
    endloop
  endfacet
  facet normal 0 0.972363 0.233475
    outer loop
      vertex 28 12.8391 22.4823
      vertex 33 13.2531 20.7581
      vertex 28 13.2531 20.7581
    endloop
  endfacet
  facet normal -0 0.233475 0.972363
    outer loop
      vertex 28 22.2323 13.0891
      vertex 33 20.5081 13.5031
      vertex 33 22.2323 13.0891
    endloop
  endfacet
  facet normal 0 0.233475 0.972363
    outer loop
      vertex 33 20.5081 13.5031
      vertex 28 22.2323 13.0891
      vertex 28 20.5081 13.5031
    endloop
  endfacet
  facet normal -0 0.522501 0.852639
    outer loop
      vertex 28 18.8699 14.1816
      vertex 33 17.358 15.1081
      vertex 33 18.8699 14.1816
    endloop
  endfacet
  facet normal 0 0.522501 0.852639
    outer loop
      vertex 33 17.358 15.1081
      vertex 28 18.8699 14.1816
      vertex 28 17.358 15.1081
    endloop
  endfacet
  facet normal 0 -0.649462 0.760394
    outer loop
      vertex 28 31.9903 16.2597
      vertex 33 30.642 15.1081
      vertex 33 31.9903 16.2597
    endloop
  endfacet
  facet normal 0 -0.649462 0.760394
    outer loop
      vertex 33 30.642 15.1081
      vertex 28 31.9903 16.2597
      vertex 28 30.642 15.1081
    endloop
  endfacet
  facet normal 0 -0.760394 0.649462
    outer loop
      vertex 28 31.9903 16.2597
      vertex 33 33.1419 17.608
      vertex 28 33.1419 17.608
    endloop
  endfacet
  facet normal 0 -0.760394 0.649462
    outer loop
      vertex 33 33.1419 17.608
      vertex 28 31.9903 16.2597
      vertex 33 31.9903 16.2597
    endloop
  endfacet
  facet normal -0 0.0784473 0.996918
    outer loop
      vertex 28 24 12.95
      vertex 33 22.2323 13.0891
      vertex 33 24 12.95
    endloop
  endfacet
  facet normal 0 0.0784473 0.996918
    outer loop
      vertex 33 22.2323 13.0891
      vertex 28 24 12.95
      vertex 28 22.2323 13.0891
    endloop
  endfacet
  facet normal 0 -0.707107 -0.707107
    outer loop
      vertex 28 31.9903 32.2403
      vertex 33 26.9856 37.245
      vertex 28 26.9856 37.245
    endloop
  endfacet
  facet normal 0 -0.707107 -0.707107
    outer loop
      vertex 33 26.9856 37.245
      vertex 28 31.9903 32.2403
      vertex 33 31.9903 32.2403
    endloop
  endfacet
  facet normal 0 0.852639 0.522501
    outer loop
      vertex 33 14.8581 17.608
      vertex 28 13.9316 19.1199
      vertex 33 13.9316 19.1199
    endloop
  endfacet
  facet normal 0 0.852639 0.522501
    outer loop
      vertex 28 13.9316 19.1199
      vertex 33 14.8581 17.608
      vertex 28 14.8581 17.608
    endloop
  endfacet
  facet normal -0 0.649462 0.760394
    outer loop
      vertex 28 17.358 15.1081
      vertex 33 16.0097 16.2597
      vertex 33 17.358 15.1081
    endloop
  endfacet
  facet normal 0 0.649462 0.760394
    outer loop
      vertex 33 16.0097 16.2597
      vertex 28 17.358 15.1081
      vertex 28 16.0097 16.2597
    endloop
  endfacet
  facet normal 0 0.923892 -0.382652
    outer loop
      vertex 33 13.2531 27.7419
      vertex 28 13.9316 29.3801
      vertex 33 13.9316 29.3801
    endloop
  endfacet
  facet normal 0 0.923892 -0.382652
    outer loop
      vertex 28 13.9316 29.3801
      vertex 33 13.2531 27.7419
      vertex 28 13.2531 27.7419
    endloop
  endfacet
  facet normal 0 0.996918 -0.0784473
    outer loop
      vertex 33 12.7 24.25
      vertex 28 12.8391 26.0177
      vertex 33 12.8391 26.0177
    endloop
  endfacet
  facet normal 0 0.996918 -0.0784473
    outer loop
      vertex 28 12.8391 26.0177
      vertex 33 12.7 24.25
      vertex 28 12.7 24.25
    endloop
  endfacet
  facet normal 0 -0.852639 -0.522501
    outer loop
      vertex 28 34.0684 29.3801
      vertex 33 33.1419 30.892
      vertex 28 33.1419 30.892
    endloop
  endfacet
  facet normal 0 -0.852639 -0.522501
    outer loop
      vertex 33 33.1419 30.892
      vertex 28 34.0684 29.3801
      vertex 33 34.0684 29.3801
    endloop
  endfacet
  facet normal 0 0.996918 0.0784473
    outer loop
      vertex 33 12.8391 22.4823
      vertex 28 12.7 24.25
      vertex 33 12.7 24.25
    endloop
  endfacet
  facet normal 0 0.996918 0.0784473
    outer loop
      vertex 28 12.7 24.25
      vertex 33 12.8391 22.4823
      vertex 28 12.8391 22.4823
    endloop
  endfacet
  facet normal 0 -0.382652 0.923892
    outer loop
      vertex 28 29.1301 14.1816
      vertex 33 27.4919 13.5031
      vertex 33 29.1301 14.1816
    endloop
  endfacet
  facet normal 0 -0.382652 0.923892
    outer loop
      vertex 33 27.4919 13.5031
      vertex 28 29.1301 14.1816
      vertex 28 27.4919 13.5031
    endloop
  endfacet
endsolid OpenSCAD_Model
